name,datetime,tempmax,tempmin,temp,feelslikemax,feelslikemin,feelslike,dew,humidity,precip,precipprob,precipcover,preciptype,snow,snowdepth,windgust,windspeed,winddir,sealevelpressure,cloudcover,visibility,solarradiation,solarenergy,uvindex,severerisk,sunrise,sunset,moonphase,conditions,description,icon,stations
"Abeokuta, Ogun, Nigeria",2018-01-01,91.4,66.2,78.8,90.7,66.2,78.6,61.6,59.7,0.0,0,0.0,,0,0,5.4,9.2,66.3,1012.5,27.5,2.0,0.0,0.0,0,,2018-01-01T06:58:47,2018-01-01T18:41:41,0.48,Partially cloudy,Partly cloudy throughout the day.,partly-cloudy-day,"DNMM,65201099999"
"Abeokuta, Ogun, Nigeria",2018-01-02,89.7,69.8,79.0,88.3,69.8,78.5,61.4,59.0,0.0,0,0.0,,0,0,13.4,9.2,40.8,1011.9,28.8,0.9,264.5,22.0,9,,2018-01-02T06:59:12,2018-01-02T18:42:12,0.5,Partially cloudy,Partly cloudy throughout the day.,partly-cloudy-day,"DNMM,remote,65201099999,65208099999"
"Abeokuta, Ogun, Nigeria",2018-01-03,91.4,71.2,80.1,90.1,71.2,79.5,59.8,54.6,0.0,0,0.0,,0,0,15.9,15.0,47.8,1012.6,25.0,0.6,258.1,22.4,9,,2018-01-03T06:59:37,2018-01-03T18:42:43,0.55,Partially cloudy,Partly cloudy throughout the day.,fog,"DNMM,65201099999"
"Abeokuta, Ogun, Nigeria",2018-01-04,93.2,69.5,79.7,91.4,69.5,79.0,58.1,51.8,0.0,0,0.0,,0,0,19.5,10.3,65.6,1013.5,28.4,1.5,262.2,22.6,9,,2018-01-04T07:00:01,2018-01-04T18:43:13,0.58,Partially cloudy,Partly cloudy throughout the day.,partly-cloudy-day,"DNIB,65202099999,DNMM,65201099999,65100099999,65208099999"
"Abeokuta, Ogun, Nigeria",2018-01-05,91.4,66.2,78.2,88.7,66.2,77.4,57.6,53.9,0.0,0,0.0,,0,0,17.4,11.4,111.1,1013.6,25.8,3.0,265.1,22.9,9,,2018-01-05T07:00:24,2018-01-05T18:43:44,0.61,Partially cloudy,Partly cloudy throughout the day.,partly-cloudy-day,"DNIB,DNMM,65201099999,65100099999,65208099999"
"Abeokuta, Ogun, Nigeria",2018-01-06,91.4,67.6,77.8,90.1,67.6,77.9,64.0,65.9,0.0,0,0.0,,0,0,16.3,8.1,262.2,1013.2,27.9,2.4,260.7,22.6,9,,2018-01-06T07:00:46,2018-01-06T18:44:15,0.65,Partially cloudy,Partly cloudy throughout the day.,partly-cloudy-day,"DNMM,65201099999"
"Abeokuta, Ogun, Nigeria",2018-01-07,89.6,70.0,79.6,94.9,70.0,82.0,71.6,78.3,0.0,0,0.0,,0,0,18.3,6.9,201.8,1012.7,33.7,1.3,238.5,20.5,9,,2018-01-07T07:01:08,2018-01-07T18:44:45,0.68,Partially cloudy,Partly cloudy throughout the day.,partly-cloudy-day,"65210099999,DNIB,DNMM,remote,65201099999,65100099999,65208099999"
"Abeokuta, Ogun, Nigeria",2018-01-08,93.2,75.2,81.6,102.8,75.2,85.8,74.7,81.1,0.0,0,0.0,,0,0,18.1,8.1,178.9,1013.3,34.3,1.8,246.6,21.2,9,,2018-01-08T07:01:29,2018-01-08T18:45:15,0.75,Partially cloudy,Partly cloudy throughout the day.,partly-cloudy-day,"DNMM,65201099999,65208099999"
"Abeokuta, Ogun, Nigeria",2018-01-09,95.0,75.2,82.6,99.8,75.2,85.6,73.3,77.2,2.142,100,4.17,rain,0,0,20.8,10.3,181.4,1013.0,32.6,3.3,248.6,21.5,9,,2018-01-09T07:01:50,2018-01-09T18:45:45,0.75,"Rain, Partially cloudy",Partly cloudy throughout the day with morning rain.,rain,"DNIB,DNMM,remote,65201099999,65100099999,65208099999"
"Abeokuta, Ogun, Nigeria",2018-01-10,91.3,75.5,82.1,98.2,75.5,85.9,73.6,77.6,0.0,0,0.0,,0,0,18.1,6.9,205.6,1013.1,44.9,4.3,232.3,20.2,8,,2018-01-10T07:02:09,2018-01-10T18:46:14,0.78,Partially cloudy,Partly cloudy throughout the day.,partly-cloudy-day,"DNIB,DNMM,remote,65201099999,65100099999,65208099999"
"Abeokuta, Ogun, Nigeria",2018-01-11,93.2,76.6,82.5,102.8,76.6,87.1,75.0,79.8,0.0,0,0.0,,0,0,16.8,10.3,243.4,1012.4,33.2,3.9,231.9,19.9,8,,2018-01-11T07:02:28,2018-01-11T18:46:43,0.81,Partially cloudy,Partly cloudy throughout the day.,partly-cloudy-day,"DNMM,65201099999,65208099999"
"Abeokuta, Ogun, Nigeria",2018-01-12,95.0,76.5,83.1,106.2,76.5,88.2,75.5,80.0,0.0,0,0.0,,0,0,17.2,8.1,226.5,1012.5,41.0,4.3,230.7,19.8,8,,2018-01-12T07:02:46,2018-01-12T18:47:12,0.85,Partially cloudy,Partly cloudy throughout the day.,partly-cloudy-day,"DNMM,remote,65201099999,65208099999"
"Abeokuta, Ogun, Nigeria",2018-01-13,93.2,75.2,82.9,102.4,75.2,87.9,75.4,80.3,0.0,0,0.0,,0,0,16.6,9.2,235.5,1012.2,35.1,4.6,239.7,20.8,9,,2018-01-13T07:03:03,2018-01-13T18:47:41,0.88,Partially cloudy,Partly cloudy throughout the day.,partly-cloudy-day,"DNMM,65201099999,65208099999"
"Abeokuta, Ogun, Nigeria",2018-01-14,92.2,76.8,82.8,100.5,76.8,85.6,72.4,74.3,0.0,0,0.0,,0,0,15.2,6.9,246.9,1012.0,45.6,4.3,240.6,20.8,9,,2018-01-14T07:03:20,2018-01-14T18:48:09,0.91,Partially cloudy,Partly cloudy throughout the day.,partly-cloudy-day,"DNIB,DNMM,remote,65201099999,65100099999,65208099999"
"Abeokuta, Ogun, Nigeria",2018-01-15,90.9,74.8,81.7,99.3,74.8,84.4,73.1,77.4,0.0,0,0.0,,0,0,21.9,9.0,188.4,1012.1,43.6,3.9,229.0,19.9,8,,2018-01-15T07:03:35,2018-01-15T18:48:36,0.95,Partially cloudy,Partly cloudy throughout the day.,partly-cloudy-day,"DNIB,DNMM,remote,65201099999,65100099999,65208099999"
"Abeokuta, Ogun, Nigeria",2018-01-16,91.4,75.5,82.0,102.7,75.5,86.8,75.7,82.6,0.0,0,0.0,,0,0,19.7,6.9,191.8,1012.7,45.9,4.4,224.9,19.4,8,,2018-01-16T07:03:50,2018-01-16T18:49:03,0.98,Partially cloudy,Partly cloudy throughout the day.,partly-cloudy-day,"DNMM,remote,65201099999"
"Abeokuta, Ogun, Nigeria",2018-01-17,94.7,76.8,82.8,104.0,76.8,87.2,74.4,78.5,0.0,0,0.0,,0,0,19.0,8.1,275.2,1012.0,39.9,4.0,240.1,20.8,9,,2018-01-17T07:04:03,2018-01-17T18:49:30,0.0,Partially cloudy,Partly cloudy throughout the day.,partly-cloudy-day,"DNMM,remote,65201099999"
"Abeokuta, Ogun, Nigeria",2018-01-18,95.0,77.0,83.6,103.2,77.0,88.9,75.5,78.9,0.0,0,0.0,,0,0,20.4,9.2,217.4,1011.9,48.0,4.6,248.4,21.3,9,,2018-01-18T07:04:16,2018-01-18T18:49:56,0.05,Partially cloudy,Partly cloudy throughout the day.,partly-cloudy-day,"DNIB,65202099999,DNMM,65201099999,65100099999,65208099999"
"Abeokuta, Ogun, Nigeria",2018-01-19,93.2,77.0,83.8,100.5,77.0,89.7,75.0,77.0,0.0,0,0.0,,0,0,18.1,11.1,214.4,1011.9,45.8,4.5,227.1,19.7,8,,2018-01-19T07:04:28,2018-01-19T18:50:21,0.08,Partially cloudy,Partly cloudy throughout the day.,partly-cloudy-day,"DNIB,65202099999,DNMM,remote,65201099999,65100099999,65208099999"
"Abeokuta, Ogun, Nigeria",2018-01-20,94.0,76.8,83.6,102.8,76.8,89.2,75.3,78.0,0.0,0,0.0,,0,0,17.9,7.5,235.5,1011.4,51.9,4.6,207.4,18.0,8,,2018-01-20T07:04:39,2018-01-20T18:50:46,0.12,Partially cloudy,Partly cloudy throughout the day.,partly-cloudy-day,"DNIB,DNMM,65201099999,65100099999,65208099999"
"Abeokuta, Ogun, Nigeria",2018-01-21,92.8,77.9,83.8,102.5,77.9,91.1,75.8,78.1,0.0,0,0.0,,0,0,18.3,9.2,187.7,1011.5,48.0,4.8,218.3,18.8,8,,2018-01-21T07:04:49,2018-01-21T18:51:11,0.15,Partially cloudy,Partly cloudy throughout the day.,partly-cloudy-day,"DNMM,remote,65201099999,65208099999"
"Abeokuta, Ogun, Nigeria",2018-01-22,98.9,75.6,84.1,97.0,75.6,86.8,71.9,73.0,0.0,0,0.0,,0,0,18.6,9.2,304.6,1011.1,32.2,4.5,252.1,21.8,9,,2018-01-22T07:04:58,2018-01-22T18:51:35,0.19,Partially cloudy,Partly cloudy throughout the day.,partly-cloudy-day,"DNMM,remote,65201099999"
"Abeokuta, Ogun, Nigeria",2018-01-23,91.4,76.5,81.5,98.7,76.5,84.1,72.5,76.4,0.0,0,0.0,,0,0,19.5,29.9,245.9,1011.6,40.2,4.2,236.8,20.4,9,,2018-01-23T07:05:06,2018-01-23T18:51:58,0.22,Partially cloudy,Partly cloudy throughout the day.,partly-cloudy-day,"DNIB,65202099999,DNMM,65201099999,65100099999,65208099999"
"Abeokuta, Ogun, Nigeria",2018-01-24,92.4,76.6,83.7,100.3,76.6,86.6,72.1,71.5,0.0,0,0.0,,0,0,17.0,24.7,134.9,1011.0,41.9,4.1,229.2,19.7,8,,2018-01-24T07:05:13,2018-01-24T18:52:21,0.25,Partially cloudy,Partly cloudy throughout the day.,partly-cloudy-day,"DNIB,65202099999,DNMM,remote,65201099999,65100099999,65208099999"
"Abeokuta, Ogun, Nigeria",2018-01-25,91.4,73.7,81.6,91.9,73.7,82.6,68.9,69.6,0.0,0,0.0,,0,0,17.0,8.1,229.7,1010.9,40.7,2.4,247.3,21.4,9,,2018-01-25T07:05:19,2018-01-25T18:52:43,0.29,Partially cloudy,Partly cloudy throughout the day.,partly-cloudy-day,"DNMM,remote,65201099999"
"Abeokuta, Ogun, Nigeria",2018-01-26,91.4,71.6,80.6,94.3,71.6,82.9,69.1,70.3,0.0,0,0.0,,0,0,17.9,8.1,184.7,1011.1,28.8,1.7,247.4,21.3,9,,2018-01-26T07:05:24,2018-01-26T18:53:04,0.32,Partially cloudy,Partly cloudy throughout the day.,partly-cloudy-day,"DNMM,65201099999,65208099999"
"Abeokuta, Ogun, Nigeria",2018-01-27,93.2,74.5,82.1,98.9,74.5,85.9,74.1,78.8,0.0,0,0.0,,0,0,16.3,5.8,292.8,1010.6,29.2,2.1,256.5,22.2,9,,2018-01-27T07:05:29,2018-01-27T18:53:25,0.36,Partially cloudy,Partly cloudy throughout the day.,partly-cloudy-day,"65202099999,DNMM,65201099999,65208099999"
"Abeokuta, Ogun, Nigeria",2018-01-28,93.2,75.2,82.9,102.8,75.2,86.9,74.1,77.2,0.0,0,0.0,,0,0,17.4,9.2,216.3,1010.5,34.0,3.1,259.0,22.5,9,,2018-01-28T07:05:32,2018-01-28T18:53:45,0.39,Partially cloudy,Partly cloudy throughout the day.,partly-cloudy-day,"65202099999,DNMM,remote,65201099999,65208099999"
"Abeokuta, Ogun, Nigeria",2018-01-29,93.2,77.0,83.6,105.0,77.0,90.2,75.9,79.6,0.0,0,0.0,,0,0,19.0,9.2,200.6,1011.2,36.2,3.5,259.5,22.6,9,,2018-01-29T07:05:34,2018-01-29T18:54:05,0.43,Partially cloudy,Partly cloudy throughout the day.,partly-cloudy-day,"65202099999,DNMM,65201099999"
"Abeokuta, Ogun, Nigeria",2018-01-30,94.2,75.5,83.7,99.2,75.5,88.4,74.2,76.6,0.0,0,0.0,,0,0,16.6,9.5,229.5,1011.3,36.0,2.9,254.0,22.0,9,,2018-01-30T07:05:36,2018-01-30T18:54:24,0.46,Partially cloudy,Partly cloudy throughout the day.,partly-cloudy-day,"DNIB,65202099999,DNMM,65201099999,65100099999,65208099999"
"Abeokuta, Ogun, Nigeria",2018-01-31,93.5,74.8,83.8,99.2,74.8,86.9,71.0,69.0,0.0,0,0.0,,0,0,16.1,10.3,74.9,1009.8,36.5,2.7,259.7,22.5,9,,2018-01-31T07:05:36,2018-01-31T18:54:42,0.5,Partially cloudy,Partly cloudy throughout the day.,partly-cloudy-day,"DNMM,65201099999,65208099999"
"Abeokuta, Ogun, Nigeria",2018-02-01,95.0,75.6,83.5,103.2,75.6,88.6,74.1,75.6,0.0,0,0.0,,0,0,18.1,9.2,166.8,1009.4,28.8,2.4,257.8,22.2,9,,2018-02-01T07:05:35,2018-02-01T18:54:59,0.53,Partially cloudy,Partly cloudy throughout the day.,partly-cloudy-day,"DNMM,remote,65201099999,65208099999"
"Abeokuta, Ogun, Nigeria",2018-02-02,95.0,76.8,84.2,105.2,76.8,91.4,75.8,77.6,0.0,0,0.0,,0,0,20.4,9.2,189.8,1009.9,44.2,3.6,237.4,20.6,8,,2018-02-02T07:05:34,2018-02-02T18:55:16,0.56,Partially cloudy,Partly cloudy throughout the day.,partly-cloudy-day,"DNMM,65201099999"
"Abeokuta, Ogun, Nigeria",2018-02-03,95.0,78.0,84.5,107.4,78.0,91.3,75.7,76.9,0.0,0,0.0,,0,0,18.1,12.8,180.5,1009.8,36.2,3.6,249.2,21.6,9,,2018-02-03T07:05:31,2018-02-03T18:55:32,0.59,Partially cloudy,Partly cloudy throughout the day.,partly-cloudy-day,"DNIB,DNMM,65201099999,65100099999,65208099999"
"Abeokuta, Ogun, Nigeria",2018-02-04,93.2,78.4,84.6,107.5,78.4,92.9,77.0,79.4,0.0,0,0.0,,0,0,19.9,10.3,197.9,1009.2,44.5,4.2,250.4,21.7,9,,2018-02-04T07:05:28,2018-02-04T18:55:48,0.63,Partially cloudy,Partly cloudy throughout the day.,partly-cloudy-day,"DNMM,65201099999"
"Abeokuta, Ogun, Nigeria",2018-02-05,95.0,80.0,85.2,107.5,80.0,94.9,77.4,79.0,0.0,0,0.0,,0,0,20.8,9.2,206.6,1009.2,49.8,4.9,238.0,20.5,9,,2018-02-05T07:05:24,2018-02-05T18:56:02,0.66,Partially cloudy,Partly cloudy throughout the day.,partly-cloudy-day,"65210099999,DNMM,remote,65201099999"
"Abeokuta, Ogun, Nigeria",2018-02-06,95.0,78.8,85.5,107.5,78.8,94.7,77.4,78.6,0.0,0,0.0,,0,0,23.7,10.3,198.7,1009.5,49.2,4.5,235.2,20.3,9,,2018-02-06T07:05:18,2018-02-06T18:56:16,0.69,Partially cloudy,Partly cloudy throughout the day.,partly-cloudy-day,"DNMM,65201099999,65208099999"
"Abeokuta, Ogun, Nigeria",2018-02-07,95.0,82.0,86.4,110.0,90.9,98.5,78.2,77.6,0.0,0,0.0,,0,0,19.5,13.9,208.6,1009.5,50.6,4.9,205.2,17.6,8,,2018-02-07T07:05:12,2018-02-07T18:56:30,0.75,Partially cloudy,Partly cloudy throughout the day.,partly-cloudy-day,"DNIB,DNMM,65201099999,65100099999,65208099999"
"Abeokuta, Ogun, Nigeria",2018-02-08,93.7,80.6,86.3,110.2,88.1,98.3,78.3,78.5,0.0,0,0.0,,0,0,20.1,10.7,195.2,1009.7,61.6,4.9,215.5,18.7,8,,2018-02-08T07:05:05,2018-02-08T18:56:42,0.76,Partially cloudy,Partly cloudy throughout the day.,partly-cloudy-day,"DNIB,DNMM,65201099999,65100099999"
"Abeokuta, Ogun, Nigeria",2018-02-09,87.8,80.6,83.9,102.4,86.2,95.1,78.8,85.1,0.0,0,0.0,,0,0,19.7,13.9,208.1,1010.2,51.9,4.9,180.7,15.4,8,,2018-02-09T07:04:57,2018-02-09T18:56:54,0.79,Partially cloudy,Partly cloudy throughout the day.,partly-cloudy-day,"DNMM,65201099999,65208099999"
"Abeokuta, Ogun, Nigeria",2018-02-10,94.0,74.8,84.0,107.5,74.8,92.7,77.1,81.5,0.591,100,4.17,rain,0,0,16.8,11.4,199.4,1008.7,59.3,5.5,179.2,15.4,7,,2018-02-10T07:04:48,2018-02-10T18:57:05,0.82,"Rain, Partially cloudy",Partly cloudy throughout the day with morning rain.,rain,"DNIB,DNMM,remote,65201099999,65100099999,65208099999"
"Abeokuta, Ogun, Nigeria",2018-02-11,84.2,75.2,80.1,94.2,75.2,85.3,76.6,89.4,0.276,100,4.17,rain,0,0,22.8,8.1,203.8,1010.0,51.9,5.2,190.4,16.3,7,,2018-02-11T07:04:38,2018-02-11T18:57:16,0.86,"Rain, Partially cloudy",Partly cloudy throughout the day with afternoon rain.,rain,"DNMM,remote,65201099999"
"Abeokuta, Ogun, Nigeria",2018-02-12,93.2,76.8,82.9,107.8,76.8,89.8,76.5,82.3,0.0,0,0.0,,0,0,22.8,11.4,218.6,1010.9,43.5,4.4,204.0,17.7,8,,2018-02-12T07:04:27,2018-02-12T18:57:26,0.89,Partially cloudy,Partly cloudy throughout the day.,partly-cloudy-day,"65210099999,DNIB,65202099999,DNMM,65201099999,65100099999,65208099999"
"Abeokuta, Ogun, Nigeria",2018-02-13,93.7,78.0,84.6,107.2,78.0,90.5,74.3,74.7,0.0,0,0.0,,0,0,20.8,9.2,258.7,1010.8,49.2,5.0,199.6,17.5,7,,2018-02-13T07:04:16,2018-02-13T18:57:35,0.92,Partially cloudy,Partly cloudy throughout the day.,partly-cloudy-day,"DNIB,65202099999,DNMM,65201099999,65100099999,65208099999"
"Abeokuta, Ogun, Nigeria",2018-02-14,95.0,77.8,84.2,107.4,77.8,91.6,76.2,78.5,0.0,0,0.0,,0,0,23.5,7.5,215.9,1011.1,50.3,5.0,239.4,20.8,9,,2018-02-14T07:04:03,2018-02-14T18:57:43,0.95,Partially cloudy,Partly cloudy throughout the day.,partly-cloudy-day,"65210099999,DNIB,DNMM,65201099999,65100099999,65208099999"
"Abeokuta, Ogun, Nigeria",2018-02-15,94.0,78.8,84.8,110.4,78.8,94.2,78.1,81.9,0.0,0,0.0,,0,0,24.2,10.3,203.8,1010.8,58.1,4.9,231.1,20.0,9,,2018-02-15T07:03:50,2018-02-15T18:57:51,0.0,Partially cloudy,Partly cloudy throughout the day.,partly-cloudy-day,"DNIB,DNMM,remote,65201099999,65100099999,65208099999"
"Abeokuta, Ogun, Nigeria",2018-02-16,93.2,79.2,85.0,110.4,79.2,96.2,78.6,82.1,0.0,0,0.0,,0,0,17.2,8.1,211.1,1011.3,53.3,5.6,227.1,19.6,8,,2018-02-16T07:03:36,2018-02-16T18:57:59,0.02,Partially cloudy,Partly cloudy throughout the day.,partly-cloudy-day,"DNIB,DNMM,remote,65201099999,65100099999"
"Abeokuta, Ogun, Nigeria",2018-02-17,93.7,80.5,85.1,105.2,87.3,95.4,77.7,80.0,0.0,0,0.0,,0,0,23.3,15.0,210.0,1010.3,54.4,5.6,235.5,20.3,9,,2018-02-17T07:03:21,2018-02-17T18:58:05,0.06,Partially cloudy,Partly cloudy throughout the day.,partly-cloudy-day,"65210099999,DNIB,DNMM,65201099999,65100099999,65208099999"
"Abeokuta, Ogun, Nigeria",2018-02-18,87.8,75.2,82.5,97.8,75.2,89.5,75.9,81.2,0.012,100,8.33,rain,0,0,20.8,10.3,195.3,1010.7,50.1,6.1,176.2,15.2,8,,2018-02-18T07:03:05,2018-02-18T18:58:11,0.09,"Rain, Partially cloudy",Partly cloudy throughout the day with rain in the morning and afternoon.,rain,"65210099999,DNIB,DNMM,remote,65201099999,65100099999,65208099999"
"Abeokuta, Ogun, Nigeria",2018-02-19,93.2,77.0,84.0,107.8,77.0,91.0,75.7,77.3,0.0,0,0.0,,0,0,17.2,10.8,178.2,1010.1,43.3,5.5,189.2,16.4,6,,2018-02-19T07:02:49,2018-02-19T18:58:16,0.13,Partially cloudy,Partly cloudy throughout the day.,partly-cloudy-day,"DNIB,DNMM,65201099999,65100099999,65208099999"
"Abeokuta, Ogun, Nigeria",2018-02-20,86.0,75.2,80.5,93.5,75.2,84.6,74.8,83.1,0.079,100,4.17,rain,0,0,22.1,11.4,199.7,1009.8,57.4,5.3,185.7,16.1,8,,2018-02-20T07:02:32,2018-02-20T18:58:21,0.16,"Rain, Partially cloudy",Partly cloudy throughout the day with late afternoon rain.,rain,"DNIB,DNMM,remote,65201099999,65100099999,65208099999"
"Abeokuta, Ogun, Nigeria",2018-02-21,91.5,77.3,83.8,105.6,77.3,90.6,76.9,80.9,0.0,0,0.0,,0,0,22.8,10.8,203.2,1009.5,57.4,5.6,233.5,20.2,8,,2018-02-21T07:02:14,2018-02-21T18:58:25,0.2,Partially cloudy,Partly cloudy throughout the day.,partly-cloudy-day,"65201099999,65100099999,65208099999"
"Abeokuta, Ogun, Nigeria",2018-02-22,93.7,77.9,85.2,107.5,77.9,94.1,76.7,77.2,0.0,0,0.0,,0,0,19.2,12.3,198.1,1009.2,55.7,5.9,220.6,19.1,9,,2018-02-22T07:01:55,2018-02-22T18:58:29,0.23,Partially cloudy,Partly cloudy throughout the day.,partly-cloudy-day,"DNIB,DNMM,65201099999,65100099999,65208099999"
"Abeokuta, Ogun, Nigeria",2018-02-23,93.2,78.8,84.8,107.5,78.8,93.1,76.8,78.1,0.0,0,0.0,,0,0,24.6,13.7,188.8,1009.3,47.6,6.1,198.4,17.1,8,,2018-02-23T07:01:36,2018-02-23T18:58:32,0.25,Partially cloudy,Partly cloudy throughout the day.,partly-cloudy-day,"DNIB,DNMM,65201099999,65100099999,65208099999"
"Abeokuta, Ogun, Nigeria",2018-02-24,87.6,71.6,78.6,97.0,71.6,81.6,73.2,84.3,0.394,100,4.17,rain,0,0,13.9,13.9,355.6,1011.1,59.6,5.4,155.5,13.3,6,,2018-02-24T07:01:16,2018-02-24T18:58:34,0.3,"Rain, Partially cloudy",Partly cloudy throughout the day with morning rain.,rain,"DNIB,DNMM,remote,65201099999,65100099999,65208099999"
"Abeokuta, Ogun, Nigeria",2018-02-25,93.2,75.5,83.5,109.3,75.5,90.3,76.1,80.1,0.004,100,4.17,rain,0,0,17.7,11.4,196.3,1011.0,52.7,5.8,180.7,15.7,7,,2018-02-25T07:00:55,2018-02-25T18:58:36,0.34,"Rain, Partially cloudy",Partly cloudy throughout the day with morning rain.,rain,"DNIB,DNMM,remote,65201099999,65100099999,65208099999"
"Abeokuta, Ogun, Nigeria",2018-02-26,82.4,73.4,78.4,92.4,73.4,81.1,74.5,88.2,0.354,100,4.17,rain,0,0,14.5,9.2,224.4,1011.8,61.9,5.7,144.7,12.6,5,,2018-02-26T07:00:34,2018-02-26T18:58:38,0.37,"Rain, Partially cloudy",Partly cloudy throughout the day with morning rain.,rain,"DNIB,65202099999,DNMM,remote,65201099999,65100099999,65208099999"
"Abeokuta, Ogun, Nigeria",2018-02-27,89.7,73.2,80.4,98.5,73.2,84.3,73.6,81.2,0.354,100,4.17,rain,0,0,17.9,13.9,167.7,1012.4,51.9,4.9,192.4,16.6,7,,2018-02-27T07:00:12,2018-02-27T18:58:39,0.41,"Rain, Partially cloudy",Partly cloudy throughout the day with early morning rain.,rain,"DNIB,65202099999,DNMM,65201099999,65100099999,65208099999"
"Abeokuta, Ogun, Nigeria",2018-02-28,91.9,77.0,82.9,100.3,77.0,87.8,75.3,79.1,0.0,0,0.0,,0,0,18.8,11.8,198.9,1012.8,44.8,6.1,187.1,16.1,7,,2018-02-28T06:59:50,2018-02-28T18:58:39,0.44,Partially cloudy,Partly cloudy throughout the day.,partly-cloudy-day,"DNIB,DNMM,65201099999,65100099999,65208099999"
"Abeokuta, Ogun, Nigeria",2018-03-01,90.4,78.7,83.5,100.7,78.7,90.0,76.3,80.2,0.0,0,0.0,,0,0,21.7,13.9,194.7,1013.3,57.2,6.2,202.2,17.3,7,,2018-03-01T06:59:27,2018-03-01T18:58:39,0.48,Partially cloudy,Partly cloudy throughout the day.,partly-cloudy-day,"DNIB,65202099999,DNMM,65201099999,65100099999,65208099999"
"Abeokuta, Ogun, Nigeria",2018-03-02,95.1,77.2,84.3,104.1,77.2,92.0,76.3,78.4,0.004,100,4.17,rain,0,0,19.9,11.1,201.7,1012.1,51.9,5.9,227.4,19.7,9,,2018-03-02T06:59:03,2018-03-02T18:58:38,0.5,"Rain, Partially cloudy",Partly cloudy throughout the day with afternoon rain.,rain,"DNIB,65202099999,DNMM,remote,65201099999,65100099999,65208099999"
"Abeokuta, Ogun, Nigeria",2018-03-03,93.2,78.4,84.4,107.5,78.4,92.7,77.0,79.8,0.0,0,0.0,,0,0,24.2,11.4,201.4,1011.7,53.2,6.1,236.6,20.5,9,,2018-03-03T06:58:39,2018-03-03T18:58:37,0.55,Partially cloudy,Partly cloudy throughout the day.,partly-cloudy-day,"DNIB,DNMM,65201099999,65100099999"
"Abeokuta, Ogun, Nigeria",2018-03-04,93.2,75.3,83.1,107.5,75.3,90.7,76.1,80.4,0.0,0,0.0,,0,0,19.2,12.8,199.1,1011.6,66.0,6.0,241.8,20.9,9,,2018-03-04T06:58:15,2018-03-04T18:58:36,0.58,Partially cloudy,Partly cloudy throughout the day.,partly-cloudy-day,"65213099999,DNIB,65202099999,DNMM,65201099999,65100099999,65208099999"
"Abeokuta, Ogun, Nigeria",2018-03-05,93.2,75.2,82.5,100.9,75.2,86.2,73.1,75.1,0.0,0,0.0,,0,0,19.9,12.8,184.2,1011.2,43.0,5.9,226.4,19.7,9,,2018-03-05T06:57:50,2018-03-05T18:58:34,0.61,Partially cloudy,Partly cloudy throughout the day.,partly-cloudy-day,"DNIB,65202099999,DNMM,65201099999,65100099999,65208099999"
"Abeokuta, Ogun, Nigeria",2018-03-06,93.2,76.2,83.3,102.7,76.2,89.0,75.1,77.9,0.0,0,0.0,,0,0,19.9,12.3,198.9,1011.0,51.8,6.1,231.0,19.8,9,,2018-03-06T06:57:24,2018-03-06T18:58:32,0.64,Partially cloudy,Partly cloudy throughout the day.,partly-cloudy-day,"DNIB,65202099999,DNMM,remote,65201099999,65100099999,65208099999"
"Abeokuta, Ogun, Nigeria",2018-03-07,92.4,77.8,83.8,103.4,77.8,91.2,76.7,80.4,0.0,0,0.0,,0,0,16.3,10.5,192.1,1011.9,56.3,6.0,118.6,10.4,3,,2018-03-07T06:56:58,2018-03-07T18:58:29,0.67,Partially cloudy,Partly cloudy throughout the day.,partly-cloudy-day,"DNIB,65202099999,DNMM,remote,65201099999,65100099999,65208099999"
"Abeokuta, Ogun, Nigeria",2018-03-08,91.4,76.4,83.0,100.5,76.4,88.6,75.3,79.0,0.0,0,0.0,,0,0,24.2,12.8,208.9,1012.3,49.5,6.0,218.9,18.8,8,,2018-03-08T06:56:32,2018-03-08T18:58:26,0.71,Partially cloudy,Partly cloudy throughout the day.,partly-cloudy-day,"DNIB,65202099999,DNMM,remote,65201099999,65100099999,65208099999"
"Abeokuta, Ogun, Nigeria",2018-03-09,92.0,77.8,84.2,105.1,77.8,91.0,75.3,75.9,0.004,100,4.17,rain,0,0,21.5,12.4,202.8,1012.0,55.3,6.0,219.5,19.0,9,,2018-03-09T06:56:05,2018-03-09T18:58:23,0.75,"Rain, Partially cloudy",Partly cloudy throughout the day with afternoon rain.,rain,"DNIB,DNMM,remote,65201099999,65100099999,65208099999"
"Abeokuta, Ogun, Nigeria",2018-03-10,93.2,75.9,83.9,105.0,75.9,91.1,76.0,78.5,0.0,0,0.0,,0,0,23.3,15.0,195.0,1012.0,55.1,6.0,201.0,17.4,7,,2018-03-10T06:55:38,2018-03-10T18:58:20,0.77,Partially cloudy,Partly cloudy throughout the day.,partly-cloudy-day,"DNIB,DNMM,65201099999,65100099999,65208099999"
"Abeokuta, Ogun, Nigeria",2018-03-11,92.4,79.4,84.9,107.8,79.4,94.0,76.5,77.0,0.0,0,0.0,,0,0,22.4,13.9,191.0,1012.2,53.2,6.2,210.3,18.2,8,,2018-03-11T06:55:10,2018-03-11T18:58:16,0.8,Partially cloudy,Partly cloudy throughout the day.,partly-cloudy-day,"DNIB,DNMM,65201099999,65100099999,65208099999"
"Abeokuta, Ogun, Nigeria",2018-03-12,95.0,80.2,85.5,107.4,86.1,95.0,76.5,75.8,0.0,0,0.0,,0,0,24.4,16.1,191.1,1012.9,55.7,6.0,228.2,19.7,9,,2018-03-12T06:54:43,2018-03-12T18:58:11,0.84,Partially cloudy,Partly cloudy throughout the day.,partly-cloudy-day,"65210099999,DNIB,65202099999,DNMM,remote,65201099999,65100099999,65208099999"
"Abeokuta, Ogun, Nigeria",2018-03-13,95.0,78.5,85.1,107.5,78.5,94.2,77.0,78.0,0.004,100,4.17,rain,0,0,22.1,12.8,198.9,1012.5,60.7,6.1,220.7,19.2,9,,2018-03-13T06:54:14,2018-03-13T18:58:07,0.87,"Rain, Partially cloudy",Partly cloudy throughout the day with afternoon rain.,rain,"DNIB,DNMM,remote,65201099999,65100099999,65208099999"
"Abeokuta, Ogun, Nigeria",2018-03-14,94.2,79.7,85.4,107.5,79.7,94.6,77.1,78.1,0.0,0,0.0,,0,0,19.7,11.4,216.2,1011.7,51.8,6.0,256.2,22.2,9,,2018-03-14T06:53:46,2018-03-14T18:58:02,0.9,Partially cloudy,Partly cloudy throughout the day.,partly-cloudy-day,"DNIB,65202099999,DNMM,remote,65201099999,65100099999,65208099999"
"Abeokuta, Ogun, Nigeria",2018-03-15,93.2,79.8,85.0,109.8,79.8,95.4,78.1,81.1,0.0,0,0.0,,0,0,22.8,16.1,200.0,1011.1,50.9,6.0,240.2,20.7,9,,2018-03-15T06:53:17,2018-03-15T18:57:57,0.93,Partially cloudy,Partly cloudy throughout the day.,partly-cloudy-day,"DNIB,DNMM,remote,65201099999,65100099999,65208099999"
"Abeokuta, Ogun, Nigeria",2018-03-16,94.0,78.8,85.3,107.4,78.8,94.0,77.0,78.3,0.0,0,0.0,,0,0,19.9,12.4,208.7,1010.5,54.8,6.2,250.6,21.6,9,,2018-03-16T06:52:48,2018-03-16T18:57:52,0.96,Partially cloudy,Partly cloudy throughout the day.,partly-cloudy-day,"65210099999,DNIB,65202099999,DNMM,remote,65201099999,65100099999,65208099999"
"Abeokuta, Ogun, Nigeria",2018-03-17,95.0,79.1,84.4,107.5,79.1,92.8,77.1,80.3,0.0,0,0.0,,0,0,19.7,12.8,213.1,1010.7,52.7,6.0,248.7,21.6,9,,2018-03-17T06:52:19,2018-03-17T18:57:47,0.0,Partially cloudy,Partly cloudy throughout the day.,partly-cloudy-day,"DNIB,DNMM,65201099999,65100099999,65208099999"
"Abeokuta, Ogun, Nigeria",2018-03-18,95.0,76.6,84.3,103.2,76.6,90.5,75.0,75.4,0.0,0,0.0,,0,0,21.3,13.9,209.9,1010.0,53.4,6.1,204.1,17.5,8,,2018-03-18T06:51:50,2018-03-18T18:57:41,0.03,Partially cloudy,Partly cloudy throughout the day.,partly-cloudy-day,"DNIB,DNMM,65201099999,65100099999,65208099999"
"Abeokuta, Ogun, Nigeria",2018-03-19,95.0,78.2,84.9,110.4,78.2,94.5,77.4,79.5,0.0,0,0.0,,0,0,23.0,13.9,208.9,1010.1,57.9,5.9,244.0,21.1,9,,2018-03-19T06:51:21,2018-03-19T18:57:36,0.07,Partially cloudy,Partly cloudy throughout the day.,partly-cloudy-day,"65213099999,DNIB,65202099999,DNMM,remote,65201099999,65100099999,65208099999"
"Abeokuta, Ogun, Nigeria",2018-03-20,93.2,80.6,85.1,107.5,88.1,95.4,77.5,79.2,0.0,0,0.0,,0,0,19.9,13.9,198.4,1010.5,58.9,6.2,177.8,15.4,8,,2018-03-20T06:50:51,2018-03-20T18:57:30,0.1,Partially cloudy,Partly cloudy throughout the day.,partly-cloudy-day,"DNIB,DNMM,remote,65201099999,65100099999,65208099999"
"Abeokuta, Ogun, Nigeria",2018-03-21,91.4,79.4,83.7,105.1,79.4,92.2,76.9,80.5,0.008,100,4.17,rain,0,0,19.7,11.2,213.7,1011.4,55.2,6.1,148.0,12.8,6,,2018-03-21T06:50:21,2018-03-21T18:57:24,0.14,"Rain, Partially cloudy",Partly cloudy throughout the day with afternoon rain.,rain,"DNIB,65202099999,DNMM,remote,65201099999,65100099999,65208099999"
"Abeokuta, Ogun, Nigeria",2018-03-22,91.9,79.6,83.4,99.9,79.6,91.1,76.6,80.9,0.0,0,0.0,,0,0,21.5,11.4,231.8,1011.9,49.3,6.2,211.7,18.3,8,,2018-03-22T06:49:52,2018-03-22T18:57:18,0.18,Partially cloudy,Partly cloudy throughout the day.,partly-cloudy-day,"65210099999,DNIB,65202099999,DNMM,remote,65201099999,65100099999,65208099999"
"Abeokuta, Ogun, Nigeria",2018-03-23,93.2,75.2,83.1,110.4,75.2,90.8,76.4,81.2,0.0,0,0.0,,0,0,15.7,17.2,232.6,1011.7,72.6,5.8,184.8,16.1,7,,2018-03-23T06:49:22,2018-03-23T18:57:12,0.21,Partially cloudy,Partly cloudy throughout the day.,partly-cloudy-day,"DNIB,65202099999,DNMM,remote,65201099999,65100099999,65208099999"
"Abeokuta, Ogun, Nigeria",2018-03-24,91.4,75.2,81.2,105.1,75.2,86.0,74.6,81.7,0.024,100,8.33,rain,0,0,17.0,6.9,191.4,1010.3,51.3,5.1,146.2,12.6,6,,2018-03-24T06:48:52,2018-03-24T18:57:06,0.25,"Rain, Partially cloudy",Partly cloudy throughout the day with rain.,rain,"DNIB,65202099999,DNMM,remote,65201099999,65100099999,65208099999"
"Abeokuta, Ogun, Nigeria",2018-03-25,90.9,75.8,81.9,97.1,75.8,86.1,74.0,78.6,0.075,100,12.5,rain,0,0,18.6,7.2,206.6,1009.0,93.7,6.2,223.9,19.5,9,,2018-03-25T06:48:22,2018-03-25T18:57:00,0.28,"Rain, Overcast",Cloudy skies throughout the day with rain in the morning and afternoon.,rain,"DNMM,remote,65201099999"
"Abeokuta, Ogun, Nigeria",2018-03-26,93.3,77.1,84.4,107.8,77.1,91.5,76.0,77.3,0.0,0,0.0,,0,0,21.7,11.4,200.9,1010.4,65.4,5.9,257.0,22.0,9,,2018-03-26T06:47:52,2018-03-26T18:56:53,0.32,Partially cloudy,Partly cloudy throughout the day.,partly-cloudy-day,"DNIB,65202099999,DNMM,remote,65201099999,65100099999,65208099999"
"Abeokuta, Ogun, Nigeria",2018-03-27,95.0,79.8,85.7,110.0,79.8,97.0,78.4,80.1,0.0,0,0.0,,0,0,21.3,10.2,203.9,1011.7,66.3,6.0,237.4,20.5,9,,2018-03-27T06:47:22,2018-03-27T18:56:47,0.35,Partially cloudy,Partly cloudy throughout the day.,partly-cloudy-day,"DNIB,65213099999,65202099999,DNMM,remote,65201099999,65100099999,65208099999"
"Abeokuta, Ogun, Nigeria",2018-03-28,91.4,79.1,84.1,105.1,79.1,93.3,77.1,80.4,0.04,100,12.5,rain,0,0,22.6,12.2,202.7,1010.3,69.0,6.0,221.1,19.3,8,,2018-03-28T06:46:52,2018-03-28T18:56:41,0.39,"Rain, Partially cloudy",Partly cloudy throughout the day with rain.,rain,"DNIB,65202099999,DNMM,remote,65201099999,65100099999,65208099999"
"Abeokuta, Ogun, Nigeria",2018-03-29,93.5,76.9,82.5,105.8,76.9,87.7,75.9,81.5,0.083,100,20.83,rain,0,0,19.0,9.5,195.0,1009.9,84.1,6.0,190.4,16.5,8,,2018-03-29T06:46:22,2018-03-29T18:56:35,0.43,"Rain, Partially cloudy",Partly cloudy throughout the day with rain in the morning and afternoon.,rain,"DNIB,65202099999,DNMM,remote,65201099999,65100099999,65208099999"
"Abeokuta, Ogun, Nigeria",2018-03-30,89.6,74.4,81.1,102.6,74.4,86.1,75.0,82.5,0.0,0,0.0,,0,0,17.9,11.4,167.8,1009.6,71.3,5.8,212.2,18.2,8,,2018-03-30T06:45:52,2018-03-30T18:56:29,0.46,Partially cloudy,Partly cloudy throughout the day.,partly-cloudy-day,"DNIB,65202099999,DNMM,remote,65201099999,65100099999,65208099999"
"Abeokuta, Ogun, Nigeria",2018-03-31,90.6,78.4,83.9,106.0,78.4,93.1,77.8,82.6,0.004,100,4.17,rain,0,0,14.3,7.9,208.9,1009.3,56.8,5.8,220.4,18.9,8,,2018-03-31T06:45:22,2018-03-31T18:56:23,0.5,"Rain, Partially cloudy",Partly cloudy throughout the day with afternoon rain.,rain,"DNIB,DNMM,remote,65201099999,65100099999,65208099999"
"Abeokuta, Ogun, Nigeria",2018-04-01,91.5,79.6,84.8,110.9,79.6,96.3,78.8,83.0,0.0,0,0.0,,0,0,17.4,9.7,222.2,1008.5,59.3,5.4,251.7,21.7,9,,2018-04-01T06:44:53,2018-04-01T18:56:17,0.53,Partially cloudy,Partly cloudy throughout the day.,partly-cloudy-day,"DNIB,65202099999,DNMM,remote,65201099999,65100099999,65208099999"
"Abeokuta, Ogun, Nigeria",2018-04-02,89.6,78.8,84.2,108.1,78.8,94.7,78.5,83.6,0.004,100,4.17,rain,0,0,21.7,11.4,212.2,1008.2,56.7,4.5,190.3,16.3,8,,2018-04-02T06:44:23,2018-04-02T18:56:11,0.56,"Rain, Partially cloudy",Partly cloudy throughout the day with morning rain.,rain,"DNIB,DNMM,remote,65201099999,65100099999,65208099999"
"Abeokuta, Ogun, Nigeria",2018-04-03,91.5,80.6,85.1,107.8,87.9,97.0,78.6,81.8,0.02,100,4.17,rain,0,0,22.1,10.3,199.0,1008.5,60.4,4.7,233.1,20.2,9,,2018-04-03T06:43:54,2018-04-03T18:56:05,0.59,"Rain, Partially cloudy",Partly cloudy throughout the day with late afternoon rain.,rain,"DNMM,remote,65201099999"
"Abeokuta, Ogun, Nigeria",2018-04-04,91.4,79.8,84.8,108.0,79.8,95.9,78.7,82.6,0.0,0,0.0,,0,0,21.3,11.4,185.7,1009.9,59.6,5.3,212.5,18.3,8,,2018-04-04T06:43:25,2018-04-04T18:55:59,0.63,Partially cloudy,Partly cloudy throughout the day.,partly-cloudy-day,"65202099999,DNMM,remote,65201099999"
"Abeokuta, Ogun, Nigeria",2018-04-05,91.1,78.0,83.9,105.2,78.0,92.4,77.0,80.6,0.055,100,8.33,rain,0,0,19.2,9.2,197.5,1008.6,56.6,4.8,262.6,22.6,9,,2018-04-05T06:42:56,2018-04-05T18:55:54,0.66,"Rain, Partially cloudy",Partly cloudy throughout the day with afternoon rain.,rain,"DNMM,remote,65201099999"
"Abeokuta, Ogun, Nigeria",2018-04-06,91.4,77.8,83.3,107.8,77.8,91.3,76.6,81.0,0.051,100,8.33,rain,0,0,21.5,10.3,192.3,1007.6,62.4,5.1,233.3,20.2,8,,2018-04-06T06:42:27,2018-04-06T18:55:48,0.69,"Rain, Partially cloudy",Partly cloudy throughout the day with afternoon rain.,rain,"DNMM,remote,65201099999"
"Abeokuta, Ogun, Nigeria",2018-04-07,91.4,74.7,82.0,107.8,74.7,88.7,75.3,81.0,0.012,100,12.5,rain,0,0,23.9,10.3,203.7,1008.7,80.1,5.2,225.8,19.5,9,,2018-04-07T06:41:58,2018-04-07T18:55:43,0.72,"Rain, Partially cloudy",Partly cloudy throughout the day with morning rain.,rain,"DNIB,65213099999,DNMM,remote,65201099999,65100099999"
"Abeokuta, Ogun, Nigeria",2018-04-08,89.6,71.6,81.0,102.6,71.6,88.0,75.7,84.7,0.748,100,4.17,rain,0,0,40.3,23.0,176.9,1010.9,54.3,5.3,214.9,18.6,8,,2018-04-08T06:41:30,2018-04-08T18:55:38,0.75,"Rain, Partially cloudy",Partly cloudy throughout the day with morning rain.,rain,"DNIB,DNMM,65201099999,65100099999"
"Abeokuta, Ogun, Nigeria",2018-04-09,87.8,75.2,81.0,99.9,75.2,85.8,75.8,84.9,0.0,0,0.0,,0,0,26.4,15.0,205.6,1011.5,57.5,5.4,192.0,16.7,8,,2018-04-09T06:41:02,2018-04-09T18:55:33,0.79,Partially cloudy,Partly cloudy throughout the day.,partly-cloudy-day,"DNIB,DNMM,remote,65201099999,65100099999,65208099999"
"Abeokuta, Ogun, Nigeria",2018-04-10,85.2,73.4,79.1,94.2,73.4,82.7,74.3,86.2,0.0,0,0.0,,0,0,15.9,9.5,188.0,1013.0,53.6,5.1,143.8,12.4,6,,2018-04-10T06:40:34,2018-04-10T18:55:29,0.82,Partially cloudy,Partly cloudy throughout the day.,partly-cloudy-day,"DNIB,DNMM,65201099999,65100099999,65208099999"
"Abeokuta, Ogun, Nigeria",2018-04-11,89.4,75.1,81.8,99.9,75.1,86.5,75.6,82.7,0.02,100,16.67,rain,0,0,18.6,10.1,194.5,1010.9,53.9,5.5,237.2,20.5,9,,2018-04-11T06:40:07,2018-04-11T18:55:24,0.85,"Rain, Partially cloudy",Partly cloudy throughout the day with rain.,rain,"DNIB,DNMM,65201099999,65100099999,65208099999"
"Abeokuta, Ogun, Nigeria",2018-04-12,91.4,76.1,83.7,107.8,76.1,92.2,76.8,80.7,0.0,0,0.0,,0,0,19.2,15.0,194.5,1011.5,54.6,6.0,213.3,18.3,7,,2018-04-12T06:39:40,2018-04-12T18:55:20,0.88,Partially cloudy,Partly cloudy throughout the day.,partly-cloudy-day,"DNIB,65202099999,DNMM,remote,65201099999,65100099999,65208099999"
"Abeokuta, Ogun, Nigeria",2018-04-13,91.4,77.4,83.9,107.8,77.4,92.2,77.0,80.7,0.039,100,4.17,rain,0,0,21.7,13.9,204.1,1012.0,49.5,6.1,247.9,21.5,9,,2018-04-13T06:39:13,2018-04-13T18:55:16,0.92,"Rain, Partially cloudy",Partly cloudy throughout the day with afternoon rain.,rain,"DNIB,DNMM,remote,65201099999,65100099999"
"Abeokuta, Ogun, Nigeria",2018-04-14,91.4,79.1,84.8,102.7,79.1,93.6,76.4,77.1,0.0,0,0.0,,0,0,19.0,14.8,208.0,1012.9,56.6,6.1,205.1,17.5,8,,2018-04-14T06:38:47,2018-04-14T18:55:13,0.95,Partially cloudy,Partly cloudy throughout the day.,partly-cloudy-day,"DNIB,65202099999,DNMM,65201099999,65100099999,65208099999"
"Abeokuta, Ogun, Nigeria",2018-04-15,86.3,79.3,82.1,99.4,79.3,90.0,77.2,85.4,0.0,0,0.0,,0,0,21.0,8.6,219.8,1013.9,44.9,5.9,165.6,14.3,6,,2018-04-15T06:38:21,2018-04-15T18:55:10,0.98,Partially cloudy,Partly cloudy throughout the day.,partly-cloudy-day,"DNIB,65202099999,DNMM,65201099999,65100099999,65208099999"
"Abeokuta, Ogun, Nigeria",2018-04-16,91.0,77.0,83.4,107.6,77.0,90.5,76.7,81.2,0.0,0,0.0,,0,0,19.5,11.4,183.0,1013.0,53.9,5.8,188.1,16.3,7,,2018-04-16T06:37:56,2018-04-16T18:55:07,0.0,Partially cloudy,Partly cloudy throughout the day.,partly-cloudy-day,"DNIB,DNMM,65201099999,65100099999,65208099999"
"Abeokuta, Ogun, Nigeria",2018-04-17,91.4,77.3,84.3,106.7,77.3,93.3,77.1,79.6,0.0,0,0.0,,0,0,19.0,10.3,183.5,1013.4,53.2,6.1,206.5,17.8,8,,2018-04-17T06:37:30,2018-04-17T18:55:04,0.05,Partially cloudy,Partly cloudy throughout the day.,partly-cloudy-day,"65202099999,DNMM,remote,65201099999"
"Abeokuta, Ogun, Nigeria",2018-04-18,93.2,79.4,85.4,105.2,79.4,95.6,77.2,77.4,0.004,100,4.17,rain,0,0,22.1,11.4,192.4,1013.6,61.0,6.2,192.2,16.5,7,,2018-04-18T06:37:06,2018-04-18T18:55:02,0.09,"Rain, Partially cloudy",Partly cloudy throughout the day with morning rain.,rain,"65202099999,DNMM,remote,65201099999"
"Abeokuta, Ogun, Nigeria",2018-04-19,91.4,79.6,85.0,105.2,79.6,95.4,77.9,80.4,0.0,0,0.0,,0,0,16.3,12.8,196.6,1012.9,51.1,6.2,149.5,12.9,5,,2018-04-19T06:36:42,2018-04-19T18:55:00,0.12,Partially cloudy,Partly cloudy throughout the day.,partly-cloudy-day,"65202099999,DNMM,remote,65201099999"
"Abeokuta, Ogun, Nigeria",2018-04-20,82.5,73.4,79.0,92.4,73.4,83.3,75.3,88.6,0.315,100,4.17,rain,0,0,33.3,20.8,187.6,1012.2,57.3,5.0,153.7,13.2,6,,2018-04-20T06:36:18,2018-04-20T18:54:58,0.16,"Rain, Partially cloudy",Partly cloudy throughout the day with afternoon rain.,rain,"DNMM,remote,65201099999"
"Abeokuta, Ogun, Nigeria",2018-04-21,88.2,75.5,82.3,100.0,75.5,88.6,76.3,82.6,0.0,0,0.0,,0,0,21.0,13.9,176.7,1012.0,53.8,5.0,197.1,16.9,8,,2018-04-21T06:35:55,2018-04-21T18:54:57,0.19,Partially cloudy,Partly cloudy throughout the day.,partly-cloudy-day,"65213099999,DNMM,65201099999"
"Abeokuta, Ogun, Nigeria",2018-04-22,91.4,77.1,84.0,102.7,77.1,91.9,76.5,79.5,0.0,0,0.0,,0,0,17.2,10.3,183.5,1012.2,52.7,6.2,187.6,16.1,6,,2018-04-22T06:35:32,2018-04-22T18:54:56,0.25,Partially cloudy,Partly cloudy throughout the day.,partly-cloudy-day,"DNMM,remote,65201099999"
"Abeokuta, Ogun, Nigeria",2018-04-23,91.4,78.5,84.3,105.5,78.5,93.6,77.6,81.2,0.0,0,0.0,,0,0,18.3,13.9,194.1,1012.1,55.8,6.1,205.8,17.7,8,,2018-04-23T06:35:10,2018-04-23T18:54:55,0.26,Partially cloudy,Partly cloudy throughout the day.,partly-cloudy-day,"65210099999,65213099999,DNMM,65201099999"
"Abeokuta, Ogun, Nigeria",2018-04-24,93.2,80.6,85.4,110.4,88.0,97.0,78.3,80.2,0.0,0,0.0,,0,0,18.3,15.0,197.7,1012.2,51.6,6.2,215.4,18.7,8,,2018-04-24T06:34:48,2018-04-24T18:54:55,0.3,Partially cloudy,Partly cloudy throughout the day.,partly-cloudy-day,"65202099999,DNMM,remote,65201099999"
"Abeokuta, Ogun, Nigeria",2018-04-25,87.8,78.6,81.7,99.9,78.6,88.5,76.8,85.2,0.039,100,4.17,rain,0,0,20.4,8.1,186.2,1012.4,54.5,5.7,163.7,14.2,6,,2018-04-25T06:34:27,2018-04-25T18:54:55,0.34,"Rain, Partially cloudy",Partly cloudy throughout the day with afternoon rain.,rain,"DNMM,remote,65201099999"
"Abeokuta, Ogun, Nigeria",2018-04-26,91.4,76.6,83.1,105.1,76.6,89.1,74.9,77.2,0.004,100,4.17,rain,0,0,15.9,10.3,191.7,1012.0,50.4,5.0,189.5,16.4,6,,2018-04-26T06:34:07,2018-04-26T18:54:56,0.37,"Rain, Partially cloudy",Partly cloudy throughout the day with morning rain.,rain,"DNMM,remote,65201099999"
"Abeokuta, Ogun, Nigeria",2018-04-27,91.4,77.0,83.2,105.1,77.0,89.8,76.1,80.3,0.0,0,0.0,,0,0,18.3,12.8,165.4,1012.2,51.3,6.1,271.9,23.6,9,,2018-04-27T06:33:47,2018-04-27T18:54:57,0.41,Partially cloudy,Partly cloudy throughout the day.,partly-cloudy-day,"DNMM,65201099999"
"Abeokuta, Ogun, Nigeria",2018-04-28,91.4,78.4,84.2,105.1,78.4,93.0,77.3,80.6,0.008,100,4.17,rain,0,0,17.4,13.9,212.5,1012.3,52.6,6.0,173.7,15.0,6,,2018-04-28T06:33:27,2018-04-28T18:54:59,0.44,"Rain, Partially cloudy",Partly cloudy throughout the day with afternoon rain.,rain,"65210099999,DNMM,remote,65201099999"
"Abeokuta, Ogun, Nigeria",2018-04-29,93.5,79.6,85.7,107.6,79.6,95.9,77.3,77.2,0.0,0,0.0,,0,0,23.5,15.0,185.0,1012.5,50.6,6.2,194.3,16.8,8,,2018-04-29T06:33:08,2018-04-29T18:55:00,0.48,Partially cloudy,Partly cloudy throughout the day.,partly-cloudy-day,"65202099999,DNMM,remote,65201099999"
"Abeokuta, Ogun, Nigeria",2018-04-30,91.4,80.3,84.5,105.1,86.4,94.7,77.5,80.1,0.008,100,8.33,rain,0,0,18.3,9.2,196.1,1012.5,62.9,6.1,160.2,13.7,5,,2018-04-30T06:32:50,2018-04-30T18:55:03,0.5,"Rain, Partially cloudy",Partly cloudy throughout the day with rain in the morning and afternoon.,rain,"DNMM,remote,65201099999"
"Abeokuta, Ogun, Nigeria",2018-05-01,93.2,78.8,85.0,107.5,78.8,94.4,77.1,78.4,0.004,100,4.17,rain,0,0,18.1,10.3,191.3,1012.5,53.9,6.1,214.2,18.6,8,,2018-05-01T06:32:33,2018-05-01T18:55:05,0.55,"Rain, Partially cloudy",Partly cloudy throughout the day with afternoon rain.,rain,"65202099999,DNMM,remote,65201099999"
"Abeokuta, Ogun, Nigeria",2018-05-02,95.0,80.2,85.9,110.0,86.3,97.3,77.8,78.0,0.0,0,0.0,,0,0,19.2,11.4,181.2,1011.6,61.1,6.3,173.0,14.8,6,,2018-05-02T06:32:16,2018-05-02T18:55:09,0.58,Partially cloudy,Partly cloudy throughout the day.,partly-cloudy-day,"65202099999,DNMM,remote,65201099999"
"Abeokuta, Ogun, Nigeria",2018-05-03,89.7,73.4,81.5,100.5,73.4,88.1,75.1,81.8,0.118,100,4.17,rain,0,0,19.0,15.6,148.2,1011.7,55.6,5.7,143.6,12.4,5,,2018-05-03T06:32:00,2018-05-03T18:55:12,0.61,"Rain, Partially cloudy",Partly cloudy throughout the day with afternoon rain.,rain,"65202099999,DNMM,remote,65201099999"
"Abeokuta, Ogun, Nigeria",2018-05-04,87.8,73.0,79.6,99.9,73.0,84.6,74.6,85.2,0.63,100,4.17,rain,0,0,17.4,20.8,194.1,1011.7,56.1,5.4,182.0,15.7,5,,2018-05-04T06:31:44,2018-05-04T18:55:16,0.64,"Rain, Partially cloudy",Partly cloudy throughout the day with morning rain.,rain,"65202099999,DNMM,65201099999"
"Abeokuta, Ogun, Nigeria",2018-05-05,89.3,74.4,80.7,102.4,74.4,85.5,75.4,84.6,0.261,100,29.17,rain,0,0,17.7,9.4,190.8,1011.3,70.5,5.9,159.1,13.9,6,,2018-05-05T06:31:29,2018-05-05T18:55:21,0.68,"Rain, Partially cloudy",Partly cloudy throughout the day with rain.,rain,"65210099999,65213099999,DNMM,remote,65201099999"
"Abeokuta, Ogun, Nigeria",2018-05-06,89.9,74.2,81.0,107.9,74.2,87.6,75.6,84.1,0.0,0,0.0,,0,0,18.1,8.1,202.1,1012.6,68.3,5.0,185.6,16.1,7,,2018-05-06T06:31:15,2018-05-06T18:55:25,0.71,Partially cloudy,Partly cloudy throughout the day.,partly-cloudy-day,"DNMM,remote,65201099999"
"Abeokuta, Ogun, Nigeria",2018-05-07,91.5,77.0,83.7,105.1,77.0,91.9,76.9,81.0,0.004,100,4.17,rain,0,0,16.8,12.8,181.7,1013.2,58.5,6.2,192.0,16.4,6,,2018-05-07T06:31:01,2018-05-07T18:55:31,0.74,"Rain, Partially cloudy",Partly cloudy throughout the day with morning rain.,rain,"DNMM,remote,65201099999"
"Abeokuta, Ogun, Nigeria",2018-05-08,84.2,71.6,79.5,92.5,71.6,83.4,75.3,87.3,1.024,100,4.17,rain,0,0,18.1,57.5,130.7,1011.4,43.0,5.2,175.4,15.1,6,,2018-05-08T06:30:49,2018-05-08T18:55:37,0.75,"Rain, Partially cloudy",Partly cloudy throughout the day with late afternoon rain.,rain,"DNMM,65201099999"
"Abeokuta, Ogun, Nigeria",2018-05-09,89.6,75.2,81.6,102.6,75.2,87.8,75.6,83.1,0.0,0,0.0,,0,0,19.2,13.9,198.8,1011.2,43.3,4.6,195.0,16.6,7,,2018-05-09T06:30:36,2018-05-09T18:55:43,0.8,Partially cloudy,Partly cloudy throughout the day.,partly-cloudy-day,"DNMM,65201099999"
"Abeokuta, Ogun, Nigeria",2018-05-10,87.8,78.8,81.6,102.4,78.8,88.2,76.2,84.1,0.0,0,0.0,,0,0,16.8,13.9,166.5,1012.2,55.7,5.8,153.2,13.3,6,,2018-05-10T06:30:25,2018-05-10T18:55:49,0.84,Partially cloudy,Partly cloudy throughout the day.,partly-cloudy-day,"DNMM,65201099999"
"Abeokuta, Ogun, Nigeria",2018-05-11,84.3,77.0,80.2,93.5,77.0,83.9,75.1,84.8,0.0,0,0.0,,0,0,13.0,8.1,290.7,1013.5,41.7,5.6,86.7,7.5,3,,2018-05-11T06:30:14,2018-05-11T18:55:56,0.87,Partially cloudy,Partly cloudy throughout the day.,partly-cloudy-day,"65210099999,DNMM,65201099999"
"Abeokuta, Ogun, Nigeria",2018-05-12,89.2,74.6,79.8,102.2,74.6,82.4,75.9,88.3,0.197,100,4.17,rain,0,0,15.0,6.9,226.6,1013.4,62.1,4.6,189.1,16.2,7,,2018-05-12T06:30:04,2018-05-12T18:56:04,0.9,"Rain, Partially cloudy",Partly cloudy throughout the day with late afternoon rain.,rain,"DNMM,remote,65201099999"
"Abeokuta, Ogun, Nigeria",2018-05-13,87.8,73.7,80.6,99.9,73.7,85.8,75.5,85.2,1.969,100,4.17,rain,0,0,13.6,9.2,232.7,1012.4,44.5,5.5,185.2,16.0,7,,2018-05-13T06:29:55,2018-05-13T18:56:12,0.93,"Rain, Partially cloudy",Partly cloudy throughout the day with morning rain.,rain,"65202099999,DNMM,remote,65201099999"
"Abeokuta, Ogun, Nigeria",2018-05-14,91.4,77.3,83.4,105.1,77.3,91.1,76.9,81.6,0.0,0,0.0,,0,0,17.9,15.0,179.9,1012.8,57.7,6.0,205.6,17.8,7,,2018-05-14T06:29:46,2018-05-14T18:56:20,0.97,Partially cloudy,Partly cloudy throughout the day.,partly-cloudy-day,"65202099999,DNMM,65201099999"
"Abeokuta, Ogun, Nigeria",2018-05-15,91.4,77.0,83.4,105.1,77.0,91.6,77.1,82.0,0.0,0,0.0,,0,0,15.0,10.3,177.8,1012.5,61.7,5.7,218.8,18.6,8,,2018-05-15T06:29:39,2018-05-15T18:56:29,0.0,Partially cloudy,Partly cloudy throughout the day.,partly-cloudy-day,"65202099999,DNMM,65201099999"
"Abeokuta, Ogun, Nigeria",2018-05-16,89.3,79.9,83.4,104.4,79.9,92.3,77.3,82.4,0.0,0,0.0,,0,0,16.8,10.3,204.8,1012.0,55.5,6.3,186.7,16.2,6,,2018-05-16T06:29:31,2018-05-16T18:56:38,0.03,Partially cloudy,Partly cloudy throughout the day.,partly-cloudy-day,"65213099999,DNIB,65202099999,DNMM,65201099999,65100099999,65208099999"
"Abeokuta, Ogun, Nigeria",2018-05-17,84.2,73.4,80.0,92.5,73.4,84.5,75.3,86.1,0.985,100,8.33,rain,0,0,20.1,27.7,173.5,1012.3,57.8,4.8,195.9,16.8,7,,2018-05-17T06:29:25,2018-05-17T18:56:48,0.07,"Rain, Partially cloudy",Partly cloudy throughout the day with rain in the morning and afternoon.,rain,"65210099999,DNIB,DNMM,remote,65201099999,65100099999,65208099999"
"Abeokuta, Ogun, Nigeria",2018-05-18,88.2,73.1,80.6,100.7,73.1,84.5,74.3,81.9,0.0,0,0.0,,0,0,28.9,18.3,151.0,1012.2,53.1,5.5,206.2,17.8,8,,2018-05-18T06:29:19,2018-05-18T18:56:58,0.11,Partially cloudy,Partly cloudy throughout the day.,partly-cloudy-day,"65210099999,65213099999,DNIB,DNMM,remote,65201099999,65100099999,65208099999"
"Abeokuta, Ogun, Nigeria",2018-05-19,93.2,74.6,82.4,107.5,74.6,89.2,75.6,80.9,0.0,0,0.0,,0,0,18.3,11.4,203.4,1012.2,45.9,5.9,197.0,17.0,7,,2018-05-19T06:29:14,2018-05-19T18:57:08,0.14,Partially cloudy,Partly cloudy throughout the day.,partly-cloudy-day,"DNIB,DNMM,65201099999,65100099999,65208099999"
"Abeokuta, Ogun, Nigeria",2018-05-20,90.7,79.8,84.1,105.2,79.8,92.9,77.1,80.3,0.0,0,0.0,,0,0,19.7,13.4,200.8,1011.7,55.4,6.3,195.8,16.9,6,,2018-05-20T06:29:10,2018-05-20T18:57:19,0.18,Partially cloudy,Partly cloudy throughout the day.,partly-cloudy-day,"DNIB,65213099999,DNMM,65201099999,65100099999,65208099999"
"Abeokuta, Ogun, Nigeria",2018-05-21,89.6,78.7,83.7,105.2,78.7,92.3,77.3,81.8,0.004,100,4.17,rain,0,0,23.3,12.8,205.5,1012.1,61.7,6.1,179.0,15.4,7,,2018-05-21T06:29:07,2018-05-21T18:57:30,0.21,"Rain, Partially cloudy",Partly cloudy throughout the day with morning rain.,rain,"DNIB,DNMM,remote,65201099999,65100099999,65208099999"
"Abeokuta, Ogun, Nigeria",2018-05-22,88.6,73.4,81.1,102.4,73.4,87.8,76.2,86.0,1.378,100,4.17,rain,0,0,17.7,11.4,178.6,1012.9,56.1,5.6,185.9,16.1,6,,2018-05-22T06:29:04,2018-05-22T18:57:41,0.25,"Rain, Partially cloudy",Partly cloudy throughout the day with late afternoon rain.,rain,"DNIB,DNMM,65201099999,65100099999,65208099999"
"Abeokuta, Ogun, Nigeria",2018-05-23,90.4,73.4,81.4,103.0,73.4,87.6,75.3,82.9,0.0,0,0.0,,0,0,19.0,9.4,195.8,1013.1,52.5,5.1,208.5,18.1,7,,2018-05-23T06:29:02,2018-05-23T18:57:53,0.28,Partially cloudy,Partly cloudy throughout the day.,partly-cloudy-day,"DNIB,DNMM,65201099999,65100099999,65208099999"
"Abeokuta, Ogun, Nigeria",2018-05-24,91.4,78.6,84.0,107.8,78.6,92.5,76.7,79.4,0.0,0,0.0,,0,0,19.0,15.0,207.2,1013.0,55.9,6.1,212.3,18.3,8,,2018-05-24T06:29:00,2018-05-24T18:58:05,0.32,Partially cloudy,Partly cloudy throughout the day.,partly-cloudy-day,"DNIB,DNMM,65201099999,65100099999,65208099999"
"Abeokuta, Ogun, Nigeria",2018-05-25,86.8,71.6,79.1,95.8,71.6,82.6,74.9,87.5,1.614,100,4.17,rain,0,0,21.7,7.4,199.7,1011.6,54.5,5.6,196.3,17.0,7,,2018-05-25T06:29:00,2018-05-25T18:58:17,0.35,"Rain, Partially cloudy",Partly cloudy throughout the day with afternoon rain.,rain,"DNIB,65202099999,DNMM,remote,65201099999,65100099999,65208099999"
"Abeokuta, Ogun, Nigeria",2018-05-26,89.6,76.2,81.4,102.6,76.2,87.0,75.8,83.7,0.0,0,0.0,,0,0,16.3,10.5,197.6,1012.0,59.7,6.0,138.6,11.9,6,,2018-05-26T06:29:00,2018-05-26T18:58:30,0.39,Partially cloudy,Partly cloudy throughout the day.,partly-cloudy-day,"DNIB,DNMM,65201099999,65100099999,65208099999"
"Abeokuta, Ogun, Nigeria",2018-05-27,87.8,76.0,80.3,102.4,76.0,85.3,77.0,90.0,0.157,100,4.17,rain,0,0,17.2,8.1,212.8,1013.8,59.2,5.3,174.4,15.2,6,,2018-05-27T06:29:00,2018-05-27T18:58:43,0.42,"Rain, Partially cloudy",Partly cloudy throughout the day with late afternoon rain.,rain,"DNIB,65202099999,DNMM,remote,65201099999,65100099999,65208099999"
"Abeokuta, Ogun, Nigeria",2018-05-28,87.7,77.0,82.5,100.1,77.0,88.8,76.1,81.7,0.512,100,4.17,rain,0,0,18.3,9.7,228.8,1013.9,50.9,6.2,193.1,16.6,7,,2018-05-28T06:29:02,2018-05-28T18:58:56,0.46,"Rain, Partially cloudy",Partly cloudy throughout the day with early morning rain.,rain,"DNIB,65202099999,DNMM,65201099999,65100099999,65208099999"
"Abeokuta, Ogun, Nigeria",2018-05-29,84.2,77.0,79.4,92.5,77.0,81.7,75.5,88.3,0.197,100,4.17,rain,0,0,19.9,14.4,163.8,1014.1,52.9,5.8,139.6,12.2,6,,2018-05-29T06:29:04,2018-05-29T18:59:09,0.5,"Rain, Partially cloudy",Partly cloudy throughout the day with afternoon rain.,rain,"DNIB,DNMM,65201099999,65100099999,65208099999"
"Abeokuta, Ogun, Nigeria",2018-05-30,86.0,75.2,79.2,97.2,75.2,82.7,75.5,88.4,0.14,100,33.33,rain,0,0,15.7,10.3,199.3,1013.6,59.0,5.8,83.3,7.1,3,,2018-05-30T06:29:06,2018-05-30T18:59:23,0.53,"Rain, Partially cloudy",Partly cloudy throughout the day with rain in the morning and afternoon.,rain,"DNIB,DNMM,remote,65201099999,65100099999"
"Abeokuta, Ogun, Nigeria",2018-05-31,86.0,76.2,81.2,97.2,76.2,86.9,76.4,85.8,0.512,100,8.33,rain,0,0,17.0,10.3,222.3,1013.6,54.9,6.0,199.8,17.2,7,,2018-05-31T06:29:09,2018-05-31T18:59:37,0.56,"Rain, Partially cloudy",Partly cloudy throughout the day with rain.,rain,"65210099999,DNIB,65213099999,DNMM,65201099999,65100099999,65208099999"
"Abeokuta, Ogun, Nigeria",2018-06-01,89.6,76.6,82.2,105.2,76.6,89.0,76.9,84.7,0.0,0,0.0,,0,0,19.9,48.3,222.3,1013.5,55.1,6.1,214.3,18.5,7,,2018-06-01T06:29:13,2018-06-01T18:59:51,0.59,Partially cloudy,Partly cloudy throughout the day.,wind,"DNMM,remote,65201099999"
"Abeokuta, Ogun, Nigeria",2018-06-02,84.5,71.6,78.8,93.3,71.6,82.3,74.7,87.6,0.512,100,8.33,rain,0,0,19.9,10.3,185.5,1013.6,55.2,5.5,173.2,15.0,7,,2018-06-02T06:29:18,2018-06-02T19:00:05,0.63,"Rain, Partially cloudy",Partly cloudy throughout the day with rain.,rain,"DNIB,DNMM,remote,65201099999,65100099999,65208099999"
"Abeokuta, Ogun, Nigeria",2018-06-03,88.6,75.5,81.4,99.0,75.5,86.1,75.3,82.7,0.0,0,0.0,,0,0,17.0,14.0,244.3,1014.5,48.1,6.1,161.0,14.0,6,,2018-06-03T06:29:23,2018-06-03T19:00:19,0.66,Partially cloudy,Partly cloudy throughout the day.,partly-cloudy-day,"DNIB,DNMM,65201099999,65100099999,65208099999"
"Abeokuta, Ogun, Nigeria",2018-06-04,90.4,77.5,83.1,102.3,77.5,90.1,76.6,81.6,0.008,100,4.17,rain,0,0,15.2,13.7,183.2,1013.9,61.5,5.9,191.2,16.7,7,,2018-06-04T06:29:29,2018-06-04T19:00:33,0.69,"Rain, Partially cloudy",Partly cloudy throughout the day with afternoon rain.,rain,"65213099999,DNIB,DNMM,remote,65201099999,65100099999,65208099999"
"Abeokuta, Ogun, Nigeria",2018-06-05,89.6,77.0,83.2,102.4,77.0,90.3,76.9,82.1,0.0,0,0.0,,0,0,16.6,22.9,204.1,1013.0,55.7,6.0,204.1,17.6,6,,2018-06-05T06:29:35,2018-06-05T19:00:48,0.73,Partially cloudy,Partly cloudy throughout the day.,partly-cloudy-day,"DNIB,DNMM,65201099999,65100099999,65208099999"
"Abeokuta, Ogun, Nigeria",2018-06-06,86.0,76.6,79.9,99.4,76.6,83.8,75.1,85.6,0.039,100,4.17,rain,0,0,28.9,17.2,221.4,1013.5,48.1,5.6,181.1,15.5,7,,2018-06-06T06:29:42,2018-06-06T19:01:03,0.75,"Rain, Partially cloudy",Partly cloudy throughout the day with afternoon rain.,rain,"DNIB,DNMM,remote,65201099999,65100099999"
"Abeokuta, Ogun, Nigeria",2018-06-07,89.9,73.4,81.9,102.7,73.4,88.7,75.4,81.5,0.0,0,0.0,,0,0,18.3,10.1,200.4,1014.8,46.8,5.4,198.5,17.2,7,,2018-06-07T06:29:49,2018-06-07T19:01:17,0.79,Partially cloudy,Partly cloudy throughout the day.,partly-cloudy-day,"DNIB,DNMM,65201099999,65100099999"
"Abeokuta, Ogun, Nigeria",2018-06-08,91.4,75.2,82.4,110.9,75.2,90.4,77.1,84.8,0.63,100,4.17,rain,0,0,16.3,15.0,215.1,1014.1,57.4,5.5,188.7,16.4,7,,2018-06-08T06:29:57,2018-06-08T19:01:32,0.82,"Rain, Partially cloudy",Partly cloudy throughout the day with early morning rain.,rain,"DNIB,DNMM,65201099999,65100099999,65208099999"
"Abeokuta, Ogun, Nigeria",2018-06-09,83.9,73.4,79.9,92.4,73.4,84.2,75.7,87.4,0.0,0,0.0,,0,0,15.7,20.8,189.0,1014.0,52.0,5.6,116.8,10.2,4,,2018-06-09T06:30:06,2018-06-09T19:01:47,0.86,Partially cloudy,Partly cloudy throughout the day.,partly-cloudy-day,"DNIB,65213099999,DNMM,65201099999,65100099999,65208099999"
"Abeokuta, Ogun, Nigeria",2018-06-10,87.4,72.2,78.0,96.8,72.2,80.0,74.6,89.4,0.079,100,4.17,rain,0,0,18.3,13.2,177.3,1014.6,64.2,4.7,149.3,12.8,6,,2018-06-10T06:30:15,2018-06-10T19:02:02,0.89,"Rain, Partially cloudy",Partly cloudy throughout the day with late afternoon rain.,rain,"DNIB,DNMM,remote,65201099999,65100099999,65208099999"
"Abeokuta, Ogun, Nigeria",2018-06-11,89.6,72.4,80.7,102.6,72.4,87.0,74.8,83.4,0.0,0,0.0,,0,0,11.9,9.2,189.6,1014.4,67.5,5.6,189.5,16.4,6,,2018-06-11T06:30:24,2018-06-11T19:02:16,0.92,Partially cloudy,Partly cloudy throughout the day.,partly-cloudy-day,"DNIB,DNMM,remote,65201099999,65100099999,65208099999"
"Abeokuta, Ogun, Nigeria",2018-06-12,87.8,77.3,82.3,101.9,77.3,89.7,77.1,84.6,0.866,100,4.17,rain,0,0,13.6,11.4,210.4,1015.2,56.2,5.5,220.5,19.2,8,,2018-06-12T06:30:34,2018-06-12T19:02:31,0.96,"Rain, Partially cloudy",Partly cloudy throughout the day with late afternoon rain.,rain,"DNIB,DNMM,remote,65201099999,65100099999,65208099999"
"Abeokuta, Ogun, Nigeria",2018-06-13,87.8,77.0,81.6,102.4,77.0,88.4,77.7,88.2,0.165,100,4.17,rain,0,0,17.7,10.3,201.8,1014.9,54.4,5.4,159.6,13.7,6,,2018-06-13T06:30:44,2018-06-13T19:02:45,0.0,"Rain, Partially cloudy",Partly cloudy throughout the day with afternoon rain.,rain,"DNIB,DNMM,remote,65201099999,65100099999"
"Abeokuta, Ogun, Nigeria",2018-06-14,89.6,77.4,82.4,102.6,77.4,89.4,77.1,84.7,0.118,100,4.17,rain,0,0,18.8,9.2,226.8,1015.0,53.2,6.0,189.8,16.4,7,,2018-06-14T06:30:55,2018-06-14T19:03:00,0.02,"Rain, Partially cloudy",Partly cloudy throughout the day with afternoon rain.,rain,"DNIB,65213099999,DNMM,65201099999,65100099999"
"Abeokuta, Ogun, Nigeria",2018-06-15,89.9,77.0,82.0,104.9,77.0,88.4,76.9,85.1,0.031,100,4.17,rain,0,0,15.7,9.2,237.9,1014.2,60.3,5.5,135.5,11.7,5,,2018-06-15T06:31:06,2018-06-15T19:03:14,0.06,"Rain, Partially cloudy",Partly cloudy throughout the day with afternoon rain.,rain,"65210099999,DNIB,65213099999,DNMM,remote,65201099999,65100099999"
"Abeokuta, Ogun, Nigeria",2018-06-16,82.2,76.4,79.0,90.4,76.4,81.1,74.9,87.6,0.008,100,8.33,rain,0,0,18.1,12.8,186.1,1014.5,68.4,4.8,154.8,13.5,5,,2018-06-16T06:31:17,2018-06-16T19:03:28,0.09,"Rain, Partially cloudy",Partly cloudy throughout the day with late afternoon rain.,rain,"DNIB,DNMM,remote,65201099999,65100099999"
"Abeokuta, Ogun, Nigeria",2018-06-17,83.6,74.7,78.7,91.8,74.7,81.7,74.8,88.2,0.277,100,41.67,rain,0,0,17.0,8.1,204.8,1013.7,91.9,6.2,133.9,11.6,5,,2018-06-17T06:31:29,2018-06-17T19:03:43,0.13,"Rain, Overcast",Cloudy skies throughout the day with rain in the morning and afternoon.,rain,"DNMM,remote,65201099999"
"Abeokuta, Ogun, Nigeria",2018-06-18,82.4,75.2,79.5,89.5,75.2,83.3,74.3,84.4,0.0,0,0.0,,0,0,23.9,17.7,229.7,1015.4,54.3,6.1,109.6,9.3,5,,2018-06-18T06:31:41,2018-06-18T19:03:56,0.16,Partially cloudy,Partly cloudy throughout the day.,partly-cloudy-day,"DNIB,65202099999,DNMM,65201099999,65100099999,65208099999"
"Abeokuta, Ogun, Nigeria",2018-06-19,87.8,73.4,80.3,95.9,73.4,83.7,72.7,78.3,0.0,0,0.0,,0,0,24.2,11.2,212.0,1015.4,51.1,6.1,187.2,16.1,7,,2018-06-19T06:31:53,2018-06-19T19:04:10,0.2,Partially cloudy,Partly cloudy throughout the day.,partly-cloudy-day,"DNIB,DNMM,65201099999,65100099999,65208099999"
"Abeokuta, Ogun, Nigeria",2018-06-20,85.6,73.4,79.3,94.2,73.4,82.3,73.2,82.2,0.0,0,0.0,,0,0,21.5,17.2,229.2,1015.2,64.5,5.5,190.1,16.4,7,,2018-06-20T06:32:06,2018-06-20T19:04:23,0.25,Partially cloudy,Partly cloudy throughout the day.,partly-cloudy-day,"DNIB,DNMM,65201099999,65100099999,65208099999"
"Abeokuta, Ogun, Nigeria",2018-06-21,81.4,73.4,76.8,87.2,73.4,77.8,73.1,89.0,1.024,100,4.17,rain,0,0,18.6,12.8,221.7,1016.1,57.6,5.5,96.8,8.5,5,,2018-06-21T06:32:19,2018-06-21T19:04:36,0.27,"Rain, Partially cloudy",Partly cloudy throughout the day with early morning rain.,rain,"DNIB,DNMM,remote,65201099999,65100099999"
"Abeokuta, Ogun, Nigeria",2018-06-22,84.4,73.4,78.5,92.5,73.4,81.1,73.9,86.4,0.079,100,4.17,rain,0,0,17.9,12.8,200.7,1015.8,70.2,5.6,189.5,16.4,7,,2018-06-22T06:32:32,2018-06-22T19:04:49,0.3,"Rain, Partially cloudy",Partly cloudy throughout the day with early morning rain.,rain,"DNIB,DNMM,remote,65201099999,65100099999,65208099999"
"Abeokuta, Ogun, Nigeria",2018-06-23,77.0,73.4,76.0,77.0,73.4,76.0,74.2,94.1,1.575,100,8.33,rain,0,0,19.0,9.5,225.0,1015.5,52.8,4.4,134.9,11.8,5,,2018-06-23T06:32:45,2018-06-23T19:05:02,0.34,"Rain, Partially cloudy",Partly cloudy throughout the day with rain.,rain,"DNIB,DNMM,65201099999,65100099999,65208099999"
"Abeokuta, Ogun, Nigeria",2018-06-24,86.3,74.1,79.1,94.1,74.1,81.7,73.5,83.7,0.0,0,0.0,,0,0,15.9,14.5,205.3,1014.7,55.1,5.8,170.9,14.7,7,,2018-06-24T06:32:59,2018-06-24T19:05:14,0.37,Partially cloudy,Partly cloudy throughout the day.,partly-cloudy-day,"DNIB,DNMM,remote,65201099999,65100099999,65208099999"
"Abeokuta, Ogun, Nigeria",2018-06-25,84.5,73.7,79.3,90.9,73.7,81.6,73.0,82.1,0.0,0,0.0,,0,0,14.1,8.1,233.4,1013.9,52.8,5.8,206.2,17.9,7,,2018-06-25T06:33:12,2018-06-25T19:05:26,0.4,Partially cloudy,Partly cloudy throughout the day.,partly-cloudy-day,"DNIB,DNMM,65201099999,65100099999,65208099999"
"Abeokuta, Ogun, Nigeria",2018-06-26,85.2,72.6,79.0,92.7,72.6,81.4,73.5,83.9,0.315,100,4.17,rain,0,0,19.9,9.2,214.3,1013.4,57.2,5.9,167.1,14.4,7,,2018-06-26T06:33:26,2018-06-26T19:05:37,0.44,"Rain, Partially cloudy",Partly cloudy throughout the day with late afternoon rain.,rain,"DNIB,DNMM,remote,65201099999,65100099999,65208099999"
"Abeokuta, Ogun, Nigeria",2018-06-27,87.8,74.0,80.0,97.8,74.0,83.2,73.8,82.3,0.0,0,0.0,,0,0,19.7,13.9,212.8,1013.3,60.5,5.4,192.1,16.6,7,,2018-06-27T06:33:40,2018-06-27T19:05:48,0.47,Partially cloudy,Partly cloudy throughout the day.,partly-cloudy-day,"DNIB,65202099999,DNMM,remote,65201099999,65100099999,65208099999"
"Abeokuta, Ogun, Nigeria",2018-06-28,87.8,75.2,79.7,97.8,75.2,83.4,74.5,84.6,0.039,100,4.17,rain,0,0,18.1,10.3,211.9,1013.9,51.8,5.6,207.2,18.0,7,,2018-06-28T06:33:54,2018-06-28T19:05:59,0.5,"Rain, Partially cloudy",Partly cloudy throughout the day with early morning rain.,rain,"DNIB,DNMM,65201099999,65100099999,65208099999"
"Abeokuta, Ogun, Nigeria",2018-06-29,86.0,77.0,79.7,93.7,77.0,82.2,75.0,85.9,0.078,100,8.33,rain,0,0,17.7,11.4,222.8,1013.1,48.0,5.3,139.5,12.2,5,,2018-06-29T06:34:08,2018-06-29T19:06:09,0.54,"Rain, Partially cloudy",Partly cloudy throughout the day with rain.,rain,"DNIB,DNMM,65201099999,65100099999,65208099999"
"Abeokuta, Ogun, Nigeria",2018-06-30,83.1,73.8,77.9,90.2,73.8,79.5,74.9,90.7,0.354,100,8.33,rain,0,0,12.8,19.7,240.4,1011.9,69.6,5.1,74.1,6.4,4,,2018-06-30T06:34:22,2018-06-30T19:06:18,0.58,"Rain, Partially cloudy",Partly cloudy throughout the day with rain in the morning and afternoon.,rain,"DNIB,65202099999,DNMM,65201099999,65100099999,65208099999"
"Abeokuta, Ogun, Nigeria",2018-07-01,77.1,73.4,75.1,77.1,73.4,75.1,73.9,96.1,0.354,100,4.17,rain,0,0,16.6,7.7,226.7,1013.3,50.6,4.0,92.6,8.0,4,,2018-07-01T06:34:36,2018-07-01T19:06:28,0.61,"Rain, Partially cloudy",Partly cloudy throughout the day with afternoon rain.,rain,"DNIB,DNMM,remote,65201099999,65100099999,65208099999"
"Abeokuta, Ogun, Nigeria",2018-07-02,83.9,73.4,77.7,90.8,73.4,79.7,74.1,89.2,0.008,100,8.33,rain,0,0,19.9,10.5,247.8,1012.9,57.8,4.9,182.0,15.9,6,,2018-07-02T06:34:50,2018-07-02T19:06:36,0.64,"Rain, Partially cloudy",Partly cloudy throughout the day with early morning rain.,rain,"DNIB,DNMM,remote,65201099999,65100099999,65208099999"
"Abeokuta, Ogun, Nigeria",2018-07-03,84.2,75.1,78.6,94.2,75.1,81.3,75.1,89.5,0.044,100,29.17,rain,0,0,17.4,9.8,214.0,1012.8,60.7,5.3,165.1,14.3,7,,2018-07-03T06:35:04,2018-07-03T19:06:44,0.68,"Rain, Partially cloudy",Partly cloudy throughout the day with a chance of rain throughout the day.,rain,"DNIB,DNMM,remote,65201099999,65100099999,65208099999"
"Abeokuta, Ogun, Nigeria",2018-07-04,86.0,74.8,79.3,97.2,74.8,82.1,74.7,86.2,0.0,0,0.0,,0,0,19.9,11.4,219.6,1014.4,55.2,5.3,182.0,15.8,8,,2018-07-04T06:35:18,2018-07-04T19:06:52,0.71,Partially cloudy,Partly cloudy throughout the day.,partly-cloudy-day,"DNIB,DNMM,65201099999,65100099999"
"Abeokuta, Ogun, Nigeria",2018-07-05,85.2,74.7,78.8,94.2,74.7,81.5,74.6,87.2,0.079,100,4.17,rain,0,0,17.2,8.2,231.1,1014.9,63.2,5.3,186.1,16.2,7,,2018-07-05T06:35:32,2018-07-05T19:06:59,0.74,"Rain, Partially cloudy",Partly cloudy throughout the day with late afternoon rain.,rain,"DNIB,DNMM,remote,65201099999,65100099999,65208099999"
"Abeokuta, Ogun, Nigeria",2018-07-06,87.0,74.2,80.0,97.0,74.2,83.3,74.8,84.8,0.0,0,0.0,,0,0,13.0,11.4,220.1,1014.6,58.7,5.9,202.2,17.6,8,,2018-07-06T06:35:46,2018-07-06T19:07:05,0.75,Partially cloudy,Partly cloudy throughout the day.,partly-cloudy-day,"DNIB,DNMM,remote,65201099999,65100099999,65208099999"
"Abeokuta, Ogun, Nigeria",2018-07-07,84.2,71.6,77.1,94.2,71.6,78.8,74.2,91.2,1.339,100,4.17,rain,0,0,16.3,12.8,213.4,1015.1,76.4,5.0,173.7,14.9,6,,2018-07-07T06:35:59,2018-07-07T19:07:11,0.81,"Rain, Partially cloudy",Partly cloudy throughout the day with late afternoon rain.,rain,"DNIB,DNMM,remote,65201099999,65100099999,65208099999"
"Abeokuta, Ogun, Nigeria",2018-07-08,86.0,71.6,78.2,95.2,71.6,81.1,73.4,86.1,0.0,0,0.0,,0,0,18.8,11.4,182.6,1015.0,52.0,5.3,183.9,16.0,7,,2018-07-08T06:36:13,2018-07-08T19:07:16,0.84,Partially cloudy,Partly cloudy throughout the day.,partly-cloudy-day,"DNMM,remote,65201099999"
"Abeokuta, Ogun, Nigeria",2018-07-09,88.2,75.2,81.2,97.8,75.2,85.0,74.5,81.1,0.0,0,0.0,,0,0,18.1,9.2,197.7,1015.5,52.8,6.1,186.5,15.9,7,,2018-07-09T06:36:26,2018-07-09T19:07:21,0.88,Partially cloudy,Partly cloudy throughout the day.,partly-cloudy-day,"DNIB,DNMM,65201099999,65100099999"
"Abeokuta, Ogun, Nigeria",2018-07-10,89.9,74.0,79.9,103.3,74.0,82.8,75.4,86.8,1.22,100,4.17,rain,0,0,34.4,18.3,227.9,1016.0,57.4,5.2,215.8,18.8,8,,2018-07-10T06:36:39,2018-07-10T19:07:25,0.91,"Rain, Partially cloudy",Partly cloudy throughout the day with late afternoon rain.,rain,"65213099999,DNMM,remote,65201099999"
"Abeokuta, Ogun, Nigeria",2018-07-11,87.8,75.5,80.1,98.8,75.5,83.5,75.2,85.5,0.0,0,0.0,,0,0,18.1,11.4,197.1,1015.8,50.6,5.2,187.9,16.3,7,,2018-07-11T06:36:52,2018-07-11T19:07:28,0.94,Partially cloudy,Partly cloudy throughout the day.,partly-cloudy-day,"DNMM,remote,65201099999"
"Abeokuta, Ogun, Nigeria",2018-07-12,88.8,76.3,79.8,101.7,76.3,82.5,75.0,86.0,0.004,100,4.17,rain,0,0,18.1,13.9,210.1,1015.7,59.4,6.2,168.0,14.5,6,,2018-07-12T06:37:05,2018-07-12T19:07:31,0.98,"Rain, Partially cloudy",Partly cloudy throughout the day with afternoon rain.,rain,"65210099999,65213099999,DNIB,DNMM,remote,65201099999,65100099999"
"Abeokuta, Ogun, Nigeria",2018-07-13,86.0,74.4,78.2,96.8,74.4,80.0,74.6,89.2,0.0,0,0.0,,0,0,17.0,11.4,213.3,1015.2,70.9,5.7,158.1,13.7,6,,2018-07-13T06:37:17,2018-07-13T19:07:33,0.0,Partially cloudy,Partly cloudy throughout the day.,partly-cloudy-day,"65213099999,DNIB,DNMM,remote,65201099999,65100099999"
"Abeokuta, Ogun, Nigeria",2018-07-14,83.9,77.0,79.2,91.1,77.0,81.8,74.8,86.8,0.0,0,0.0,,0,0,19.5,11.3,207.3,1015.1,59.2,5.5,168.1,14.6,6,,2018-07-14T06:37:29,2018-07-14T19:07:34,0.05,Partially cloudy,Partly cloudy throughout the day.,partly-cloudy-day,"65213099999,DNIB,DNMM,65201099999,65100099999,65208099999"
"Abeokuta, Ogun, Nigeria",2018-07-15,83.8,73.4,79.3,91.9,73.4,82.5,74.3,84.9,0.788,100,8.33,rain,0,0,19.5,15.0,225.2,1014.7,71.1,5.6,174.2,15.0,6,,2018-07-15T06:37:41,2018-07-15T19:07:35,0.08,"Rain, Partially cloudy",Partly cloudy throughout the day with rain clearing later.,rain,"DNIB,DNMM,65201099999,65100099999"
"Abeokuta, Ogun, Nigeria",2018-07-16,84.2,75.2,78.9,94.2,75.2,80.4,74.4,86.3,0.197,100,4.17,rain,0,0,19.2,16.1,234.4,1015.8,67.5,5.9,154.4,13.4,5,,2018-07-16T06:37:53,2018-07-16T19:07:34,0.11,"Rain, Partially cloudy",Partly cloudy throughout the day with afternoon rain.,rain,"65210099999,DNMM,65201099999"
"Abeokuta, Ogun, Nigeria",2018-07-17,84.2,75.2,78.8,92.5,75.2,80.6,75.0,88.5,0.004,100,4.17,rain,0,0,17.4,11.6,205.2,1015.6,70.1,5.7,107.1,9.1,4,,2018-07-17T06:38:04,2018-07-17T19:07:34,0.15,"Rain, Partially cloudy",Partly cloudy throughout the day with morning rain.,rain,"DNIB,DNMM,65201099999,65100099999,65208099999"
"Abeokuta, Ogun, Nigeria",2018-07-18,84.2,76.6,78.8,92.5,76.6,80.7,74.6,87.4,0.157,100,8.33,rain,0,0,17.9,11.4,218.3,1015.8,60.4,5.3,204.1,17.5,8,,2018-07-18T06:38:15,2018-07-18T19:07:32,0.18,"Rain, Partially cloudy",Partly cloudy throughout the day with rain in the morning and afternoon.,rain,"DNIB,65202099999,DNMM,65201099999,65100099999,65208099999"
"Abeokuta, Ogun, Nigeria",2018-07-19,83.6,76.6,78.9,90.8,76.6,80.8,74.0,85.2,0.028,100,16.67,rain,0,0,19.2,8.1,217.2,1014.8,61.5,6.0,207.8,17.9,8,,2018-07-19T06:38:26,2018-07-19T19:07:30,0.25,"Rain, Partially cloudy",Partly cloudy throughout the day with rain.,rain,"DNIB,65213099999,DNMM,remote,65201099999,65100099999"
"Abeokuta, Ogun, Nigeria",2018-07-20,78.8,75.2,77.0,78.8,75.2,77.0,75.1,94.0,1.614,100,4.17,rain,0,0,18.1,12.7,214.3,1014.0,70.5,4.4,133.6,11.5,5,,2018-07-20T06:38:36,2018-07-20T19:07:27,0.25,"Rain, Partially cloudy",Partly cloudy throughout the day with late afternoon rain.,rain,"DNIB,DNMM,65201099999,65100099999"
"Abeokuta, Ogun, Nigeria",2018-07-21,79.1,74.7,76.3,79.1,74.7,76.3,75.0,96.0,0.984,100,8.33,rain,0,0,18.3,22.6,212.2,1014.6,63.4,4.1,134.4,11.6,5,,2018-07-21T06:38:46,2018-07-21T19:07:23,0.28,"Rain, Partially cloudy",Partly cloudy throughout the day with rain.,rain,"DNIB,65202099999,DNMM,remote,65201099999,65100099999,65208099999"
"Abeokuta, Ogun, Nigeria",2018-07-22,85.7,73.4,78.3,97.0,73.4,81.0,74.9,89.8,0.394,100,4.17,rain,0,0,12.8,9.2,209.4,1014.7,63.2,4.7,216.4,18.6,7,,2018-07-22T06:38:55,2018-07-22T19:07:18,0.32,"Rain, Partially cloudy",Partly cloudy throughout the day with morning rain.,rain,"DNIB,65213099999,65202099999,DNMM,remote,65201099999,65100099999,65208099999"
"Abeokuta, Ogun, Nigeria",2018-07-23,84.7,74.4,78.7,94.2,74.4,81.4,74.8,88.3,0.0,0,0.0,,0,0,15.2,9.2,214.1,1014.7,55.3,4.7,168.3,14.4,7,,2018-07-23T06:39:04,2018-07-23T19:07:13,0.35,Partially cloudy,Partly cloudy throughout the day.,partly-cloudy-day,"65210099999,DNIB,65213099999,65202099999,DNMM,65201099999,65100099999,65208099999"
"Abeokuta, Ogun, Nigeria",2018-07-24,84.2,76.6,79.1,93.0,76.6,81.6,75.7,89.6,0.0,0,0.0,,0,0,21.3,10.3,218.4,1014.8,68.9,6.1,183.6,15.9,6,,2018-07-24T06:39:13,2018-07-24T19:07:07,0.38,Partially cloudy,Partly cloudy throughout the day.,partly-cloudy-day,"65213099999,65202099999,DNMM,remote,65201099999"
"Abeokuta, Ogun, Nigeria",2018-07-25,82.4,76.0,79.0,90.9,76.0,81.6,75.2,88.3,0.079,100,4.17,rain,0,0,22.4,13.9,213.8,1015.0,76.0,5.8,135.4,11.8,5,,2018-07-25T06:39:21,2018-07-25T19:07:00,0.42,"Rain, Partially cloudy",Partly cloudy throughout the day with afternoon rain.,rain,"DNIB,DNMM,remote,65201099999,65100099999,65208099999"
"Abeokuta, Ogun, Nigeria",2018-07-26,84.2,75.5,79.2,92.5,75.5,81.3,74.0,84.4,0.051,100,4.17,rain,0,0,17.9,12.8,209.0,1016.6,68.5,6.0,179.6,15.5,7,,2018-07-26T06:39:29,2018-07-26T19:06:52,0.45,"Rain, Partially cloudy",Partly cloudy throughout the day with late afternoon rain.,rain,"DNIB,DNMM,remote,65201099999,65100099999,65208099999"
"Abeokuta, Ogun, Nigeria",2018-07-27,84.9,75.6,79.2,94.0,75.6,81.5,74.9,87.1,0.004,100,4.17,rain,0,0,14.5,8.3,234.3,1016.2,64.4,5.7,135.2,11.6,5,,2018-07-27T06:39:37,2018-07-27T19:06:44,0.5,"Rain, Partially cloudy",Partly cloudy throughout the day with afternoon rain.,rain,"DNIB,65213099999,65202099999,DNMM,65201099999,65100099999,65208099999"
"Abeokuta, Ogun, Nigeria",2018-07-28,85.1,76.0,79.7,94.2,76.0,82.5,74.6,84.8,0.0,0,0.0,,0,0,17.2,15.0,222.6,1015.8,62.4,5.9,138.1,11.9,6,,2018-07-28T06:39:44,2018-07-28T19:06:35,0.52,Partially cloudy,Partly cloudy throughout the day.,partly-cloudy-day,"DNIB,DNMM,65201099999,65100099999,65208099999"
"Abeokuta, Ogun, Nigeria",2018-07-29,80.6,75.5,77.4,85.3,75.5,77.6,74.0,89.4,0.118,100,4.17,rain,0,0,19.2,14.3,208.4,1015.5,59.9,5.8,157.2,13.5,6,,2018-07-29T06:39:50,2018-07-29T19:06:25,0.56,"Rain, Partially cloudy",Partly cloudy throughout the day with afternoon rain.,rain,"DNIB,DNMM,65201099999,65100099999,65208099999"
"Abeokuta, Ogun, Nigeria",2018-07-30,84.2,74.2,78.8,90.9,74.2,80.6,72.8,82.6,0.0,0,0.0,,0,0,19.5,12.0,204.1,1016.1,59.2,6.0,202.9,17.3,7,,2018-07-30T06:39:56,2018-07-30T19:06:14,0.59,Partially cloudy,Partly cloudy throughout the day.,partly-cloudy-day,"DNIB,65202099999,DNMM,65201099999,65100099999,65208099999"
"Abeokuta, Ogun, Nigeria",2018-07-31,81.9,74.7,77.6,85.8,74.7,78.1,71.4,81.5,0.004,100,4.17,rain,0,0,16.6,10.3,224.6,1016.0,58.0,6.1,174.9,15.1,6,,2018-07-31T06:40:02,2018-07-31T19:06:03,0.62,"Rain, Partially cloudy",Partly cloudy throughout the day with afternoon rain.,rain,"DNIB,65202099999,DNMM,remote,65201099999,65100099999,65208099999"
"Abeokuta, Ogun, Nigeria",2018-08-01,84.2,73.0,77.4,92.5,73.0,78.9,72.5,85.4,0.004,100,4.17,rain,0,0,15.9,11.4,203.8,1015.0,57.7,6.1,168.5,14.6,6,,2018-08-01T06:40:07,2018-08-01T19:05:50,0.66,"Rain, Partially cloudy",Partly cloudy throughout the day with morning rain.,rain,"DNIB,65202099999,DNMM,65201099999,65100099999,65208099999"
"Abeokuta, Ogun, Nigeria",2018-08-02,84.2,74.8,77.9,92.5,74.8,79.4,73.5,86.7,0.028,100,4.17,rain,0,0,18.8,11.4,203.9,1014.8,62.9,5.6,147.5,12.7,5,,2018-08-02T06:40:12,2018-08-02T19:05:38,0.69,"Rain, Partially cloudy",Partly cloudy throughout the day with early morning rain.,rain,"DNIB,DNMM,65201099999,65100099999,65208099999"
"Abeokuta, Ogun, Nigeria",2018-08-03,83.4,75.2,78.0,89.3,75.2,78.9,73.6,86.6,0.079,100,4.17,rain,0,0,17.7,11.4,210.2,1015.4,69.7,5.9,154.1,13.2,5,,2018-08-03T06:40:16,2018-08-03T19:05:24,0.73,"Rain, Partially cloudy",Partly cloudy throughout the day with afternoon rain.,rain,"DNIB,65213099999,DNMM,65201099999,65100099999,65208099999"
"Abeokuta, Ogun, Nigeria",2018-08-04,84.5,74.4,79.1,92.3,74.4,81.9,73.4,83.2,0.0,0,0.0,,0,0,15.4,15.0,199.5,1016.5,68.5,6.8,217.1,18.8,7,,2018-08-04T06:40:20,2018-08-04T19:05:09,0.75,Partially cloudy,Partly cloudy throughout the day.,partly-cloudy-day,"65213099999,DNMM,65201099999,65208099999"
"Abeokuta, Ogun, Nigeria",2018-08-05,84.2,73.7,78.5,90.9,73.7,80.0,71.7,80.3,0.0,0,0.0,,0,0,17.0,10.3,217.9,1016.2,48.5,6.1,181.2,15.7,6,,2018-08-05T06:40:23,2018-08-05T19:04:54,0.8,Partially cloudy,Partly cloudy throughout the day.,partly-cloudy-day,"DNIB,65202099999,DNMM,65201099999,65100099999"
"Abeokuta, Ogun, Nigeria",2018-08-06,83.4,73.2,77.5,90.0,73.2,78.9,71.9,83.3,0.0,0,0.0,,0,0,19.7,11.1,198.0,1016.5,55.9,6.4,117.2,10.0,4,,2018-08-06T06:40:26,2018-08-06T19:04:38,0.83,Partially cloudy,Partly cloudy throughout the day.,partly-cloudy-day,"DNIB,65213099999,65202099999,DNMM,65201099999,65100099999,65208099999"
"Abeokuta, Ogun, Nigeria",2018-08-07,83.0,75.2,78.2,88.6,75.2,79.8,72.9,84.1,0.0,0,0.0,,0,0,18.8,14.4,208.3,1016.2,58.4,6.3,114.1,9.8,4,,2018-08-07T06:40:28,2018-08-07T19:04:22,0.86,Partially cloudy,Partly cloudy throughout the day.,partly-cloudy-day,"DNIB,65213099999,65202099999,DNMM,65201099999,65100099999,65208099999"
"Abeokuta, Ogun, Nigeria",2018-08-08,87.5,73.4,79.0,97.7,73.4,81.2,72.4,80.8,0.0,0,0.0,,0,0,17.4,9.5,216.4,1016.2,53.6,6.1,226.3,19.4,8,,2018-08-08T06:40:30,2018-08-08T19:04:05,0.9,Partially cloudy,Partly cloudy throughout the day.,partly-cloudy-day,"DNIB,65213099999,65202099999,DNMM,65201099999,65100099999,65208099999"
"Abeokuta, Ogun, Nigeria",2018-08-09,85.4,73.8,78.9,93.6,73.8,81.4,73.5,84.0,0.0,0,0.0,,0,0,16.3,11.4,227.3,1015.6,60.4,6.2,207.9,17.9,7,,2018-08-09T06:40:31,2018-08-09T19:03:47,0.93,Partially cloudy,Partly cloudy throughout the day.,partly-cloudy-day,"DNIB,65213099999,DNMM,65201099999,65100099999,65208099999"
"Abeokuta, Ogun, Nigeria",2018-08-10,82.4,75.2,77.8,89.5,75.2,79.2,74.1,88.8,0.039,100,4.17,rain,0,0,14.3,9.7,209.8,1015.8,80.9,6.1,158.2,13.7,6,,2018-08-10T06:40:32,2018-08-10T19:03:28,0.97,"Rain, Partially cloudy",Partly cloudy throughout the day with afternoon rain.,rain,"65213099999,DNIB,65202099999,DNMM,remote,65201099999,65100099999,65208099999"
"Abeokuta, Ogun, Nigeria",2018-08-11,87.8,75.2,79.2,97.8,75.2,81.6,74.2,85.2,0.0,0,0.0,,0,0,15.0,12.8,218.0,1015.9,53.4,6.2,202.5,17.7,7,,2018-08-11T06:40:33,2018-08-11T19:03:09,0.0,Partially cloudy,Partly cloudy throughout the day.,partly-cloudy-day,"DNIB,DNMM,65201099999,65100099999,65208099999"
"Abeokuta, Ogun, Nigeria",2018-08-12,86.0,74.8,78.9,95.2,74.8,80.7,73.6,84.3,0.0,0,0.0,,0,0,19.7,9.2,208.2,1015.6,62.6,6.4,190.5,16.5,7,,2018-08-12T06:40:33,2018-08-12T19:02:49,0.03,Partially cloudy,Partly cloudy throughout the day.,partly-cloudy-day,"DNIB,65213099999,DNMM,65201099999,65100099999,65208099999"
"Abeokuta, Ogun, Nigeria",2018-08-13,79.8,73.5,76.4,79.8,73.5,76.4,73.5,90.8,1.614,100,4.17,rain,0,0,18.3,9.2,218.8,1014.9,80.9,5.5,100.8,8.6,4,,2018-08-13T06:40:32,2018-08-13T19:02:28,0.07,"Rain, Partially cloudy",Partly cloudy throughout the day with late afternoon rain.,rain,"DNIB,65213099999,DNMM,remote,65201099999,65100099999"
"Abeokuta, Ogun, Nigeria",2018-08-14,84.2,73.4,77.9,92.5,73.4,80.0,73.7,87.3,0.0,0,0.0,,0,0,16.3,8.1,203.7,1015.5,62.4,5.9,193.3,16.7,7,,2018-08-14T06:40:31,2018-08-14T19:02:07,0.1,Partially cloudy,Partly cloudy throughout the day.,partly-cloudy-day,"DNIB,DNMM,65201099999,65100099999,65208099999"
"Abeokuta, Ogun, Nigeria",2018-08-15,86.0,73.4,78.0,93.5,73.4,80.0,73.4,86.3,0.0,0,0.0,,0,0,14.1,9.6,207.5,1016.2,61.0,5.4,207.4,17.9,8,,2018-08-15T06:40:30,2018-08-15T19:01:45,0.13,Partially cloudy,Partly cloudy throughout the day.,partly-cloudy-day,"65213099999,DNIB,65202099999,DNMM,65201099999,65100099999,65208099999"
"Abeokuta, Ogun, Nigeria",2018-08-16,84.3,75.0,78.7,92.5,75.0,80.8,73.6,85.0,0.0,0,0.0,,0,0,15.9,9.2,213.0,1016.5,58.4,6.2,171.3,14.6,6,,2018-08-16T06:40:28,2018-08-16T19:01:23,0.17,Partially cloudy,Partly cloudy throughout the day.,partly-cloudy-day,"DNIB,65202099999,DNMM,65201099999,65100099999,65208099999"
"Abeokuta, Ogun, Nigeria",2018-08-17,88.1,74.2,78.9,95.8,74.2,80.8,73.0,83.0,0.343,100,33.33,rain,0,0,17.4,7.8,223.7,1014.3,94.1,5.8,161.9,14.2,7,,2018-08-17T06:40:26,2018-08-17T19:00:59,0.2,"Rain, Overcast",Cloudy skies throughout the day with rain.,rain,"remote,65201099999"
"Abeokuta, Ogun, Nigeria",2018-08-18,84.3,74.0,78.1,93.2,74.0,80.2,74.2,88.2,0.276,100,4.17,rain,0,0,19.7,13.9,222.1,1013.8,84.7,6.4,151.2,13.1,5,,2018-08-18T06:40:23,2018-08-18T19:00:36,0.25,"Rain, Partially cloudy",Partly cloudy throughout the day with late afternoon rain.,rain,"DNIB,65213099999,DNMM,remote,65201099999,65100099999,65208099999"
"Abeokuta, Ogun, Nigeria",2018-08-19,86.0,74.9,79.0,95.2,74.9,81.8,74.8,87.3,0.0,0,0.0,,0,0,19.2,10.3,232.5,1015.3,60.6,5.8,179.5,15.5,8,,2018-08-19T06:40:20,2018-08-19T19:00:11,0.27,Partially cloudy,Partly cloudy throughout the day.,partly-cloudy-day,"DNIB,65213099999,DNMM,65201099999,65100099999,65208099999"
"Abeokuta, Ogun, Nigeria",2018-08-20,83.8,69.8,76.5,92.0,69.8,77.8,73.2,89.7,0.433,100,12.5,rain,0,0,18.6,19.8,219.2,1015.0,70.0,4.9,145.0,12.7,7,,2018-08-20T06:40:17,2018-08-20T18:59:47,0.3,"Rain, Partially cloudy",Partly cloudy throughout the day with rain.,rain,"DNIB,65202099999,DNMM,remote,65201099999,65100099999,65208099999"
"Abeokuta, Ogun, Nigeria",2018-08-21,83.2,73.4,77.1,93.1,73.4,78.9,74.1,90.6,0.995,100,41.67,rain,0,0,15.9,13.9,224.1,1013.4,81.7,5.2,55.3,4.7,2,,2018-08-21T06:40:13,2018-08-21T18:59:21,0.33,"Rain, Partially cloudy",Partly cloudy throughout the day with rain.,rain,"65210099999,65213099999,DNMM,remote,65201099999,65100099999,65208099999"
"Abeokuta, Ogun, Nigeria",2018-08-22,80.3,73.8,76.1,85.5,73.8,76.3,73.8,92.5,0.794,100,66.67,rain,0,0,18.3,8.3,211.8,1014.0,91.7,6.0,103.6,9.0,6,,2018-08-22T06:40:08,2018-08-22T18:58:55,0.37,"Rain, Overcast",Cloudy skies throughout the day with a chance of rain throughout the day.,rain,"DNMM,remote,65201099999,65208099999"
"Abeokuta, Ogun, Nigeria",2018-08-23,82.7,74.6,77.9,90.2,74.6,80.0,74.8,90.5,0.008,100,8.33,rain,0,0,19.9,12.5,209.2,1014.4,89.9,6.0,120.7,10.3,4,,2018-08-23T06:40:04,2018-08-23T18:58:29,0.4,"Rain, Partially cloudy",Partly cloudy throughout the day with early morning rain.,rain,"DNIB,65213099999,65202099999,DNMM,remote,65201099999,65100099999,65208099999"
"Abeokuta, Ogun, Nigeria",2018-08-24,82.4,74.2,77.2,88.3,74.2,78.5,73.8,89.8,0.079,100,4.17,rain,0,0,19.7,12.8,226.9,1013.9,73.8,5.5,55.3,4.8,3,,2018-08-24T06:39:59,2018-08-24T18:58:02,0.43,"Rain, Partially cloudy",Partly cloudy throughout the day with morning rain.,rain,"DNIB,DNMM,65201099999,65100099999,65208099999"
"Abeokuta, Ogun, Nigeria",2018-08-25,78.8,73.1,76.3,78.8,73.1,76.3,74.3,93.4,0.669,100,12.5,rain,0,0,21.7,11.0,187.3,1014.0,80.8,4.7,87.3,7.4,3,,2018-08-25T06:39:53,2018-08-25T18:57:35,0.47,"Rain, Partially cloudy",Partly cloudy throughout the day with rain.,rain,"DNIB,DNMM,remote,65201099999,65100099999"
"Abeokuta, Ogun, Nigeria",2018-08-26,84.2,75.2,78.5,92.5,75.2,81.0,74.4,87.8,0.394,100,8.33,rain,0,0,15.4,12.8,182.7,1015.7,63.3,5.7,170.7,14.8,7,,2018-08-26T06:39:48,2018-08-26T18:57:07,0.5,"Rain, Partially cloudy",Partly cloudy throughout the day with rain clearing later.,rain,"DNIB,65202099999,DNMM,remote,65201099999,65100099999,65208099999"
"Abeokuta, Ogun, Nigeria",2018-08-27,84.2,73.2,78.5,92.5,73.2,80.4,73.9,86.2,0.0,0,0.0,,0,0,12.8,11.7,209.5,1015.0,57.4,5.3,183.3,15.9,6,,2018-08-27T06:39:42,2018-08-27T18:56:39,0.53,Partially cloudy,Partly cloudy throughout the day.,partly-cloudy-day,"DNIB,65202099999,DNMM,65201099999,65100099999,65208099999"
"Abeokuta, Ogun, Nigeria",2018-08-28,84.2,74.7,78.6,94.2,74.7,80.8,74.1,86.3,0.079,100,4.17,rain,0,0,13.6,7.4,215.6,1014.0,65.9,6.0,124.0,10.7,4,,2018-08-28T06:39:35,2018-08-28T18:56:10,0.57,"Rain, Partially cloudy",Partly cloudy throughout the day with late afternoon rain.,rain,"DNIB,65213099999,DNMM,remote,65201099999,65100099999,65208099999"
"Abeokuta, Ogun, Nigeria",2018-08-29,84.2,76.2,79.0,94.2,76.2,81.3,74.8,87.3,0.0,0,0.0,,0,0,17.9,9.8,241.4,1013.9,63.7,5.6,173.0,15.0,7,,2018-08-29T06:39:29,2018-08-29T18:55:41,0.6,Partially cloudy,Partly cloudy throughout the day.,partly-cloudy-day,"DNIB,65202099999,DNMM,remote,65201099999,65100099999,65208099999"
"Abeokuta, Ogun, Nigeria",2018-08-30,84.2,75.2,79.5,92.5,75.2,82.3,74.7,85.8,0.0,0,0.0,,0,0,16.3,13.4,225.2,1012.5,63.0,6.1,139.2,12.1,6,,2018-08-30T06:39:22,2018-08-30T18:55:12,0.64,Partially cloudy,Partly cloudy throughout the day.,partly-cloudy-day,"DNIB,65202099999,DNMM,65201099999,65100099999,65208099999"
"Abeokuta, Ogun, Nigeria",2018-08-31,84.5,76.1,79.2,91.9,76.1,81.5,74.9,87.2,0.153,100,20.83,rain,0,0,20.4,13.4,209.2,1011.9,67.3,5.5,136.9,11.9,6,,2018-08-31T06:39:14,2018-08-31T18:54:42,0.67,"Rain, Partially cloudy",Partly cloudy throughout the day with afternoon rain.,rain,"DNIB,65202099999,DNMM,remote,65201099999,65100099999,65208099999"
"Abeokuta, Ogun, Nigeria",2018-09-01,84.2,75.2,79.3,92.5,75.2,81.5,75.3,88.1,0.0,0,0.0,,0,0,17.0,9.2,198.4,1013.5,62.7,5.7,98.4,8.5,4,,2018-09-01T06:39:07,2018-09-01T18:54:11,0.71,Partially cloudy,Partly cloudy throughout the day.,partly-cloudy-day,"DNMM,65201099999,65208099999"
"Abeokuta, Ogun, Nigeria",2018-09-02,84.2,75.9,79.3,92.5,75.9,81.6,75.0,87.0,0.039,100,4.17,rain,0,0,15.7,8.1,206.1,1013.8,56.8,5.8,145.0,12.5,5,,2018-09-02T06:38:59,2018-09-02T18:53:41,0.74,"Rain, Partially cloudy",Partly cloudy throughout the day with late afternoon rain.,rain,"DNIB,DNMM,remote,65201099999,65100099999,65208099999"
"Abeokuta, Ogun, Nigeria",2018-09-03,82.4,76.2,78.7,90.9,76.2,81.2,75.2,89.3,0.048,100,12.5,rain,0,0,14.5,10.3,222.6,1012.4,63.3,5.9,156.9,13.6,6,,2018-09-03T06:38:51,2018-09-03T18:53:10,0.75,"Rain, Partially cloudy",Partly cloudy throughout the day with rain in the morning and afternoon.,rain,"DNIB,DNMM,remote,65201099999,65100099999"
"Abeokuta, Ogun, Nigeria",2018-09-04,82.4,74.6,78.6,89.5,74.6,80.7,75.4,90.0,0.079,100,4.17,rain,0,0,18.6,9.2,198.4,1012.7,70.4,5.9,152.9,13.3,5,,2018-09-04T06:38:43,2018-09-04T18:52:39,0.81,"Rain, Partially cloudy",Partly cloudy throughout the day with afternoon rain.,rain,"65213099999,DNMM,remote,65201099999"
"Abeokuta, Ogun, Nigeria",2018-09-05,84.6,74.7,79.7,94.6,74.7,82.6,75.2,86.5,0.118,100,4.17,rain,0,0,21.9,9.2,224.7,1013.9,67.7,5.8,212.2,18.3,8,,2018-09-05T06:38:34,2018-09-05T18:52:08,0.85,"Rain, Partially cloudy",Partly cloudy throughout the day with morning rain.,rain,"DNMM,remote,65201099999,65208099999"
"Abeokuta, Ogun, Nigeria",2018-09-06,84.3,75.3,77.7,92.4,75.3,78.8,74.9,91.3,0.315,100,8.33,rain,0,0,14.3,9.8,235.6,1012.8,72.3,5.7,102.6,9.0,5,,2018-09-06T06:38:26,2018-09-06T18:51:36,0.88,"Rain, Partially cloudy",Partly cloudy throughout the day with rain in the morning and afternoon.,rain,"DNIB,65213099999,DNMM,remote,65201099999,65100099999,65208099999"
"Abeokuta, Ogun, Nigeria",2018-09-07,78.8,73.0,76.1,78.8,73.0,76.1,74.3,94.2,3.622,100,8.33,rain,0,0,15.4,9.3,232.4,1012.3,82.3,4.6,64.0,5.5,3,,2018-09-07T06:38:17,2018-09-07T18:51:04,0.92,"Rain, Partially cloudy",Partly cloudy throughout the day with rain in the morning and afternoon.,rain,"DNIB,65213099999,65202099999,DNMM,remote,65201099999,65100099999,65208099999"
"Abeokuta, Ogun, Nigeria",2018-09-08,79.1,75.2,76.4,79.1,75.2,76.4,75.1,95.8,0.433,100,4.17,rain,0,0,19.9,8.5,218.4,1013.6,62.8,5.5,144.8,12.5,6,,2018-09-08T06:38:08,2018-09-08T18:50:32,0.95,"Rain, Partially cloudy",Partly cloudy throughout the day with afternoon rain.,rain,"65202099999,DNMM,65201099999"
"Abeokuta, Ogun, Nigeria",2018-09-09,84.2,75.2,77.6,94.2,75.2,79.0,75.0,91.8,0.118,100,8.33,rain,0,0,17.2,6.9,198.0,1014.2,66.2,5.8,120.5,10.4,5,,2018-09-09T06:37:59,2018-09-09T18:50:00,0.0,"Rain, Partially cloudy",Partly cloudy throughout the day with rain.,rain,"65213099999,DNMM,remote,65201099999"
"Abeokuta, Ogun, Nigeria",2018-09-10,82.4,73.3,77.0,90.9,73.3,78.1,75.6,95.7,0.945,100,4.17,rain,0,0,10.1,8.1,171.8,1014.9,69.0,4.6,123.8,10.8,5,,2018-09-10T06:37:49,2018-09-10T18:49:27,0.02,"Rain, Partially cloudy",Partly cloudy throughout the day with late afternoon rain.,rain,"DNMM,remote,65201099999"
"Abeokuta, Ogun, Nigeria",2018-09-11,84.2,73.4,78.2,94.2,73.4,80.8,75.6,91.8,0.039,100,4.17,rain,0,0,13.4,8.1,207.8,1014.8,74.6,4.6,108.2,9.5,5,,2018-09-11T06:37:40,2018-09-11T18:48:55,0.06,"Rain, Partially cloudy",Partly cloudy throughout the day with late afternoon rain.,rain,"DNMM,65201099999"
"Abeokuta, Ogun, Nigeria",2018-09-12,84.2,75.2,79.3,92.5,75.2,82.2,75.2,87.6,0.079,100,4.17,rain,0,0,15.0,9.2,199.7,1014.7,46.2,5.7,203.2,17.4,7,,2018-09-12T06:37:31,2018-09-12T18:48:22,0.09,"Rain, Partially cloudy",Partly cloudy throughout the day with early morning rain.,rain,"DNMM,remote,65201099999"
"Abeokuta, Ogun, Nigeria",2018-09-13,86.1,73.8,78.8,97.3,73.8,80.9,74.4,86.7,0.004,100,4.17,rain,0,0,48.3,32.2,128.3,1013.5,63.0,5.6,174.6,15.3,7,,2018-09-13T06:37:21,2018-09-13T18:47:49,0.12,"Rain, Partially cloudy",Partly cloudy throughout the day with afternoon rain.,rain,"DNMM,remote,65201099999"
"Abeokuta, Ogun, Nigeria",2018-09-14,87.8,73.0,79.7,95.9,73.0,82.8,72.9,80.7,0.0,0,0.0,,0,0,18.8,11.4,179.9,1013.2,52.3,4.8,185.0,16.0,8,,2018-09-14T06:37:11,2018-09-14T18:47:16,0.15,Partially cloudy,Partly cloudy throughout the day.,partly-cloudy-day,"DNIB,DNMM,remote,65201099999,65100099999"
"Abeokuta, Ogun, Nigeria",2018-09-15,84.2,73.7,79.1,94.2,73.7,81.8,75.4,88.7,0.0,0,0.0,,0,0,19.7,9.2,213.3,1014.0,54.3,6.0,216.8,18.6,7,,2018-09-15T06:37:02,2018-09-15T18:46:43,0.19,Partially cloudy,Partly cloudy throughout the day.,partly-cloudy-day,"DNIB,DNMM,65201099999"
"Abeokuta, Ogun, Nigeria",2018-09-16,87.5,75.2,79.3,95.6,75.2,82.1,75.3,88.2,0.079,100,4.17,rain,0,0,19.5,10.7,194.5,1013.5,60.6,5.7,221.4,19.1,8,,2018-09-16T06:36:52,2018-09-16T18:46:10,0.22,"Rain, Partially cloudy",Partly cloudy throughout the day with early morning rain.,rain,"DNMM,remote,65201099999,65208099999"
"Abeokuta, Ogun, Nigeria",2018-09-17,86.0,73.3,80.1,97.2,73.3,84.3,75.3,85.8,0.0,0,0.0,,0,0,10.3,6.9,192.6,1012.5,57.0,5.5,186.5,16.0,7,,2018-09-17T06:36:42,2018-09-17T18:45:37,0.25,Partially cloudy,Partly cloudy throughout the day.,partly-cloudy-day,"DNMM,remote,65201099999"
"Abeokuta, Ogun, Nigeria",2018-09-18,84.2,71.6,77.3,94.2,71.6,78.8,74.8,92.3,0.197,100,4.17,rain,0,0,56.4,15.0,238.4,1012.7,52.9,5.8,88.8,7.5,3,,2018-09-18T06:36:33,2018-09-18T18:45:04,0.28,"Rain, Partially cloudy",Partly cloudy throughout the day with afternoon rain.,rain,"65210099999,DNMM,65201099999"
"Abeokuta, Ogun, Nigeria",2018-09-19,93.2,72.1,80.1,107.5,72.1,84.6,74.4,84.1,0.0,0,0.0,,0,0,17.4,9.2,176.0,1012.5,60.6,6.0,194.9,16.8,7,,2018-09-19T06:36:23,2018-09-19T18:44:30,0.32,Partially cloudy,Partly cloudy throughout the day.,partly-cloudy-day,"DNIB,DNMM,remote,65201099999,65100099999"
"Abeokuta, Ogun, Nigeria",2018-09-20,89.0,74.7,79.6,99.3,74.7,83.5,74.7,85.9,0.118,100,4.17,rain,0,0,16.6,5.4,199.6,1011.1,82.7,5.8,218.6,19.0,8,,2018-09-20T06:36:13,2018-09-20T18:43:57,0.35,"Rain, Partially cloudy",Partly cloudy throughout the day with late afternoon rain.,rain,"remote,65201099999"
"Abeokuta, Ogun, Nigeria",2018-09-21,87.3,73.5,79.2,98.5,73.5,82.3,74.8,87.0,0.343,100,12.5,rain,0,0,18.1,10.3,225.8,1011.1,86.9,5.5,146.7,12.7,6,,2018-09-21T06:36:04,2018-09-21T18:43:24,0.38,"Rain, Partially cloudy",Partly cloudy throughout the day with rain.,rain,"DNMM,remote,65201099999"
"Abeokuta, Ogun, Nigeria",2018-09-22,86.1,75.2,78.2,97.0,75.2,79.7,75.3,91.1,0.35,100,8.33,rain,0,0,13.4,11.4,206.5,1012.3,71.3,6.3,84.5,7.2,3,,2018-09-22T06:35:54,2018-09-22T18:42:51,0.41,"Rain, Partially cloudy",Partly cloudy throughout the day with rain.,rain,"65213099999,DNMM,remote,65201099999"
"Abeokuta, Ogun, Nigeria",2018-09-23,84.2,72.8,77.2,94.2,72.8,79.6,73.6,89.4,2.323,100,4.17,rain,0,0,17.4,8.1,197.4,1012.9,72.4,4.1,172.4,15.0,6,,2018-09-23T06:35:45,2018-09-23T18:42:19,0.45,"Rain, Partially cloudy",Partly cloudy throughout the day with late afternoon rain.,rain,"DNMM,remote,65201099999"
"Abeokuta, Ogun, Nigeria",2018-09-24,84.5,73.4,78.6,94.3,73.4,81.7,74.1,86.4,0.0,0,0.0,,0,0,8.1,10.3,297.5,1013.0,63.3,5.5,112.7,9.8,3,,2018-09-24T06:35:36,2018-09-24T18:41:46,0.48,Partially cloudy,Partly cloudy throughout the day.,partly-cloudy-day,"65213099999,DNMM,65201099999"
"Abeokuta, Ogun, Nigeria",2018-09-25,87.8,76.2,80.5,102.4,76.2,85.1,76.1,87.1,0.13,100,8.33,rain,0,0,17.2,10.3,218.1,1012.5,65.7,5.6,157.0,13.6,7,,2018-09-25T06:35:27,2018-09-25T18:41:13,0.5,"Rain, Partially cloudy",Partly cloudy throughout the day with rain.,rain,"65213099999,DNMM,remote,65201099999,65208099999"
"Abeokuta, Ogun, Nigeria",2018-09-26,83.9,74.7,78.6,93.2,74.7,80.8,75.8,91.3,0.63,100,8.33,rain,0,0,15.7,9.2,176.6,1012.9,67.9,5.8,128.8,11.3,5,,2018-09-26T06:35:18,2018-09-26T18:40:41,0.55,"Rain, Partially cloudy",Partly cloudy throughout the day with rain in the morning and afternoon.,rain,"65210099999,DNIB,DNMM,remote,65201099999,65100099999"
"Abeokuta, Ogun, Nigeria",2018-09-27,87.8,73.7,79.2,99.9,73.7,82.8,75.2,88.2,0.004,100,4.17,rain,0,0,17.2,9.2,215.3,1012.1,61.9,5.8,200.8,17.4,7,,2018-09-27T06:35:09,2018-09-27T18:40:09,0.58,"Rain, Partially cloudy",Partly cloudy throughout the day with afternoon rain.,rain,"DNMM,remote,65201099999,65208099999"
"Abeokuta, Ogun, Nigeria",2018-09-28,82.5,76.4,78.6,91.1,76.4,79.9,75.8,91.1,0.118,100,4.17,rain,0,0,17.4,5.8,222.5,1012.6,56.4,5.7,197.6,17.0,7,,2018-09-28T06:35:00,2018-09-28T18:39:37,0.62,"Rain, Partially cloudy",Partly cloudy throughout the day with afternoon rain.,rain,"DNMM,65201099999,65208099999"
"Abeokuta, Ogun, Nigeria",2018-09-29,88.4,77.0,81.2,105.2,77.0,87.0,76.6,86.5,0.0,0,0.0,,0,0,14.8,13.7,184.4,1012.2,65.6,5.9,202.9,17.7,7,,2018-09-29T06:34:52,2018-09-29T18:39:05,0.65,Partially cloudy,Partly cloudy throughout the day.,partly-cloudy-day,"DNMM,remote,65201099999,65208099999"
"Abeokuta, Ogun, Nigeria",2018-09-30,86.0,74.9,79.8,99.4,74.9,84.2,75.4,86.9,0.016,100,8.33,rain,0,0,19.0,12.8,219.3,1011.7,76.6,6.1,161.7,14.1,7,,2018-09-30T06:34:44,2018-09-30T18:38:33,0.69,"Rain, Partially cloudy",Partly cloudy throughout the day with morning rain.,rain,"DNIB,DNMM,remote,65201099999,65100099999,65208099999"
"Abeokuta, Ogun, Nigeria",2018-10-01,82.7,72.5,77.0,90.4,72.5,77.5,74.0,90.9,0.236,100,4.17,rain,0,0,28.9,17.2,322.1,1012.6,60.9,6.1,99.6,8.7,3,,2018-10-01T06:34:36,2018-10-01T18:38:02,0.73,"Rain, Partially cloudy",Partly cloudy throughout the day with afternoon rain.,rain,"DNIB,65213099999,DNMM,remote,65201099999,65100099999,65208099999"
"Abeokuta, Ogun, Nigeria",2018-10-02,89.6,73.0,80.1,102.6,73.0,84.6,74.7,84.8,0.0,0,0.0,,0,0,16.6,8.1,189.3,1013.1,54.7,6.1,200.8,17.4,8,,2018-10-02T06:34:28,2018-10-02T18:37:31,0.75,Partially cloudy,Partly cloudy throughout the day.,partly-cloudy-day,"65213099999,DNIB,65202099999,DNMM,65201099999,65100099999"
"Abeokuta, Ogun, Nigeria",2018-10-03,88.6,76.6,81.5,102.0,76.6,87.2,76.3,84.8,0.0,0,0.0,,0,0,13.9,11.4,198.8,1012.9,60.2,6.2,231.0,20.1,8,,2018-10-03T06:34:21,2018-10-03T18:37:01,0.8,Partially cloudy,Partly cloudy throughout the day.,partly-cloudy-day,"DNIB,DNMM,65201099999,65100099999"
"Abeokuta, Ogun, Nigeria",2018-10-04,89.6,76.6,80.8,101.9,76.6,85.5,76.5,87.4,0.0,0,0.0,,0,0,17.4,10.3,204.9,1012.9,60.3,6.0,220.3,19.2,9,,2018-10-04T06:34:14,2018-10-04T18:36:31,0.83,Partially cloudy,Partly cloudy throughout the day.,partly-cloudy-day,"DNIB,DNMM,65201099999,65100099999,65208099999"
"Abeokuta, Ogun, Nigeria",2018-10-05,86.0,77.0,79.8,99.4,77.0,83.3,76.4,89.7,0.197,100,4.17,rain,0,0,15.7,10.3,211.1,1013.1,62.3,6.0,170.0,14.6,7,,2018-10-05T06:34:07,2018-10-05T18:36:01,0.87,"Rain, Partially cloudy",Partly cloudy throughout the day with late afternoon rain.,rain,"65213099999,DNIB,DNMM,remote,65201099999,65100099999,65208099999"
"Abeokuta, Ogun, Nigeria",2018-10-06,86.3,75.5,80.0,97.4,75.5,84.5,75.9,87.5,0.394,100,4.17,rain,0,0,13.2,11.4,184.4,1014.0,60.5,5.5,196.4,16.9,7,,2018-10-06T06:34:00,2018-10-06T18:35:31,0.9,"Rain, Partially cloudy",Partly cloudy throughout the day with afternoon rain.,rain,"DNIB,DNMM,65201099999,65100099999"
"Abeokuta, Ogun, Nigeria",2018-10-07,91.4,73.4,81.4,110.9,73.4,87.4,76.4,85.4,0.0,0,0.0,,0,0,28.9,17.2,235.9,1013.2,58.3,5.7,212.5,18.3,7,,2018-10-07T06:33:54,2018-10-07T18:35:02,0.94,Partially cloudy,Partly cloudy throughout the day.,partly-cloudy-day,"DNMM,remote,65201099999"
"Abeokuta, Ogun, Nigeria",2018-10-08,89.6,73.4,80.3,105.2,73.4,84.9,75.1,85.0,0.354,100,4.17,rain,0,0,14.5,11.4,150.6,1012.0,59.6,6.2,118.8,10.3,5,,2018-10-08T06:33:49,2018-10-08T18:34:33,0.98,"Rain, Partially cloudy",Partly cloudy throughout the day with early morning rain.,rain,"DNMM,remote,65201099999"
"Abeokuta, Ogun, Nigeria",2018-10-09,86.4,73.3,79.6,95.6,73.3,83.6,75.1,87.0,0.091,100,20.83,rain,0,0,20.6,7.2,208.0,1011.3,79.4,6.2,177.5,15.2,7,,2018-10-09T06:33:43,2018-10-09T18:34:05,0.0,"Rain, Partially cloudy",Partly cloudy throughout the day with afternoon rain.,rain,"DNMM,remote,65201099999"
"Abeokuta, Ogun, Nigeria",2018-10-10,84.2,69.8,78.1,94.2,69.8,80.6,74.8,89.7,1.22,100,4.17,rain,0,0,16.1,13.9,170.1,1012.4,62.9,5.6,158.4,13.7,6,,2018-10-10T06:33:39,2018-10-10T18:33:38,0.04,"Rain, Partially cloudy",Partly cloudy throughout the day with afternoon rain.,rain,"DNIB,65202099999,DNMM,remote,65201099999,65100099999,65208099999"
"Abeokuta, Ogun, Nigeria",2018-10-11,87.8,75.2,79.9,102.4,75.2,84.0,75.7,87.2,0.0,0,0.0,,0,0,13.6,8.1,203.7,1013.2,64.2,6.2,113.9,9.9,5,,2018-10-11T06:33:34,2018-10-11T18:33:10,0.07,Partially cloudy,Partly cloudy throughout the day.,partly-cloudy-day,"65210099999,DNMM,remote,65201099999"
"Abeokuta, Ogun, Nigeria",2018-10-12,85.4,75.1,78.8,94.3,75.1,81.0,74.8,88.1,0.157,100,4.17,rain,0,0,18.3,8.0,172.6,1012.9,75.5,5.8,162.7,14.1,7,,2018-10-12T06:33:30,2018-10-12T18:32:44,0.11,"Rain, Partially cloudy",Partly cloudy throughout the day with early morning rain.,rain,"65213099999,DNMM,remote,65201099999"
"Abeokuta, Ogun, Nigeria",2018-10-13,84.8,73.7,79.1,92.9,73.7,82.1,73.5,83.5,0.076,100,20.83,rain,0,0,13.4,5.4,213.8,1012.4,92.3,6.2,143.9,12.3,5,,2018-10-13T06:33:27,2018-10-13T18:32:18,0.14,"Rain, Overcast",Cloudy skies throughout the day with afternoon rain.,rain,"DNMM,remote,65201099999"
"Abeokuta, Ogun, Nigeria",2018-10-14,87.8,74.2,79.8,102.4,74.2,83.5,76.1,89.1,0.0,0,0.0,,0,0,17.4,9.2,184.7,1012.7,54.2,5.8,209.8,18.3,8,,2018-10-14T06:33:24,2018-10-14T18:31:52,0.17,Partially cloudy,Partly cloudy throughout the day.,partly-cloudy-day,"DNMM,remote,65201099999"
"Abeokuta, Ogun, Nigeria",2018-10-15,89.6,76.6,81.2,105.2,76.6,86.6,76.5,86.4,0.0,0,0.0,,0,0,17.2,8.1,178.2,1013.7,56.1,5.7,166.3,14.3,7,,2018-10-15T06:33:21,2018-10-15T18:31:27,0.2,Partially cloudy,Partly cloudy throughout the day.,partly-cloudy-day,"DNMM,65201099999,65208099999"
"Abeokuta, Ogun, Nigeria",2018-10-16,84.5,72.6,77.9,96.2,72.6,78.8,74.4,89.2,0.433,100,4.17,rain,0,0,20.1,15.0,32.8,1014.4,52.9,5.7,195.4,16.9,8,,2018-10-16T06:33:19,2018-10-16T18:31:03,0.25,"Rain, Partially cloudy",Partly cloudy throughout the day with afternoon rain.,rain,"DNIB,65213099999,DNMM,remote,65201099999,65100099999,65208099999"
"Abeokuta, Ogun, Nigeria",2018-10-17,91.4,71.6,80.5,106.6,71.6,85.9,75.3,85.4,0.0,0,0.0,,0,0,13.6,10.3,180.1,1013.4,41.0,5.5,230.2,19.8,7,,2018-10-17T06:33:18,2018-10-17T18:30:39,0.27,Partially cloudy,Partly cloudy throughout the day.,partly-cloudy-day,"DNIB,DNMM,65201099999,65100099999"
"Abeokuta, Ogun, Nigeria",2018-10-18,90.8,74.1,80.7,105.6,74.1,85.8,76.4,87.4,0.039,100,4.17,rain,0,0,16.1,10.3,199.3,1012.1,63.1,6.4,193.4,16.7,7,,2018-10-18T06:33:17,2018-10-18T18:30:16,0.3,"Rain, Partially cloudy",Partly cloudy throughout the day with afternoon rain.,rain,"DNIB,65213099999,65202099999,DNMM,65201099999,65100099999,65208099999"
"Abeokuta, Ogun, Nigeria",2018-10-19,92.0,77.3,82.4,107.8,77.3,89.0,76.9,83.9,0.0,0,0.0,,0,0,14.1,9.2,215.5,1011.2,54.3,6.4,230.4,20.0,9,,2018-10-19T06:33:16,2018-10-19T18:29:54,0.33,Partially cloudy,Partly cloudy throughout the day.,partly-cloudy-day,"65213099999,65202099999,DNMM,65201099999"
"Abeokuta, Ogun, Nigeria",2018-10-20,90.6,76.5,82.3,103.4,76.5,88.6,76.9,84.6,0.0,0,0.0,,0,0,18.3,9.2,197.8,1010.6,55.8,6.0,233.0,20.1,8,,2018-10-20T06:33:16,2018-10-20T18:29:32,0.36,Partially cloudy,Partly cloudy throughout the day.,partly-cloudy-day,"DNIB,65213099999,DNMM,65201099999,65100099999,65208099999"
"Abeokuta, Ogun, Nigeria",2018-10-21,91.4,77.0,82.7,107.8,77.0,90.2,77.6,85.2,0.0,0,0.0,,0,0,17.2,13.9,186.2,1010.7,56.6,6.0,202.5,17.3,7,,2018-10-21T06:33:17,2018-10-21T18:29:11,0.4,Partially cloudy,Partly cloudy throughout the day.,partly-cloudy-day,"DNIB,DNMM,65201099999,65100099999"
"Abeokuta, Ogun, Nigeria",2018-10-22,86.0,75.6,81.6,99.4,75.6,88.4,76.6,85.3,0.0,0,0.0,,0,0,14.3,11.4,203.0,1011.0,66.4,6.0,171.3,14.8,6,,2018-10-22T06:33:19,2018-10-22T18:28:51,0.43,Partially cloudy,Partly cloudy throughout the day.,partly-cloudy-day,"DNMM,remote,65201099999,65208099999"
"Abeokuta, Ogun, Nigeria",2018-10-23,91.4,75.6,81.3,110.9,75.6,87.6,76.1,84.9,0.028,100,20.83,rain,0,0,16.6,10.3,217.4,1011.6,86.6,5.6,179.1,15.5,7,,2018-10-23T06:33:21,2018-10-23T18:28:31,0.46,"Rain, Partially cloudy",Partly cloudy throughout the day with rain in the morning and afternoon.,rain,"65210099999,DNMM,remote,65201099999"
"Abeokuta, Ogun, Nigeria",2018-10-24,84.2,77.0,79.9,96.1,77.0,83.2,76.7,90.2,0.039,100,4.17,rain,0,0,17.7,9.2,188.6,1012.7,55.1,5.5,179.1,15.4,7,,2018-10-24T06:33:23,2018-10-24T18:28:12,0.5,"Rain, Partially cloudy",Partly cloudy throughout the day with afternoon rain.,rain,"65210099999,65213099999,DNMM,65201099999"
"Abeokuta, Ogun, Nigeria",2018-10-25,91.4,76.2,82.7,107.8,76.2,89.9,76.8,83.2,0.0,0,0.0,,0,0,15.7,11.4,133.7,1012.7,54.8,5.7,182.1,15.7,8,,2018-10-25T06:33:27,2018-10-25T18:27:54,0.53,Partially cloudy,Partly cloudy throughout the day.,partly-cloudy-day,"65210099999,DNIB,DNMM,65201099999,65100099999"
"Abeokuta, Ogun, Nigeria",2018-10-26,90.2,76.6,82.2,108.1,76.6,89.0,76.5,83.5,0.0,0,0.0,,0,0,19.5,11.0,170.8,1012.6,54.5,5.8,178.5,15.4,6,,2018-10-26T06:33:30,2018-10-26T18:27:37,0.56,Partially cloudy,Partly cloudy throughout the day.,partly-cloudy-day,"DNIB,DNMM,65201099999,65100099999,65208099999"
"Abeokuta, Ogun, Nigeria",2018-10-27,87.8,72.6,80.3,105.2,72.6,85.4,76.7,89.4,0.157,100,4.17,rain,0,0,17.4,10.3,166.9,1013.5,48.9,4.1,180.5,15.7,7,,2018-10-27T06:33:35,2018-10-27T18:27:21,0.6,"Rain, Partially cloudy",Partly cloudy throughout the day with early morning rain.,rain,"65213099999,DNMM,65201099999,65208099999"
"Abeokuta, Ogun, Nigeria",2018-10-28,91.4,74.0,80.3,110.9,74.0,84.6,76.0,87.5,0.252,100,8.33,rain,0,0,18.6,11.4,296.2,1012.9,57.8,5.2,189.9,16.4,8,,2018-10-28T06:33:40,2018-10-28T18:27:05,0.63,"Rain, Partially cloudy",Partly cloudy throughout the day with late afternoon rain.,rain,"DNMM,remote,65201099999"
"Abeokuta, Ogun, Nigeria",2018-10-29,84.2,73.4,77.1,92.5,73.4,78.6,74.1,91.1,2.401,100,12.5,rain,0,0,43.8,26.4,28.5,1013.2,72.6,4.1,113.9,10.0,5,,2018-10-29T06:33:46,2018-10-29T18:26:51,0.67,"Rain, Partially cloudy",Partly cloudy throughout the day with rain.,rain,"DNMM,remote,65201099999"
"Abeokuta, Ogun, Nigeria",2018-10-30,91.4,75.1,82.0,106.6,75.1,88.7,76.1,83.4,0.004,100,4.17,rain,0,0,16.8,8.1,195.6,1012.0,60.0,4.1,224.3,19.2,9,,2018-10-30T06:33:53,2018-10-30T18:26:37,0.71,"Rain, Partially cloudy",Partly cloudy throughout the day with afternoon rain.,rain,"65210099999,DNIB,DNMM,remote,65201099999,65100099999"
"Abeokuta, Ogun, Nigeria",2018-10-31,91.3,75.8,82.4,105.2,75.8,88.4,76.1,81.9,0.008,100,4.17,rain,0,0,13.9,11.8,223.7,1010.4,60.7,5.7,216.8,18.7,8,,2018-10-31T06:34:00,2018-10-31T18:26:24,0.75,"Rain, Partially cloudy",Partly cloudy throughout the day with afternoon rain.,rain,"65210099999,65213099999,DNMM,remote,65201099999,65208099999"
"Abeokuta, Ogun, Nigeria",2018-11-01,89.0,76.4,81.2,102.8,76.4,86.3,76.3,85.7,0.079,100,4.17,rain,0,0,15.2,5.8,217.0,1010.2,82.6,6.2,203.6,17.5,8,,2018-11-01T06:34:08,2018-11-01T18:26:12,0.78,"Rain, Partially cloudy",Partly cloudy throughout the day with late afternoon rain.,rain,"65210099999,DNIB,DNMM,remote,65201099999,65100099999"
"Abeokuta, Ogun, Nigeria",2018-11-02,86.3,77.0,81.4,101.9,77.0,87.9,76.7,85.9,1.024,100,4.17,rain,0,0,16.3,11.4,194.6,1011.5,59.7,5.7,187.5,16.3,7,,2018-11-02T06:34:17,2018-11-02T18:26:01,0.81,"Rain, Partially cloudy",Partly cloudy throughout the day with late afternoon rain.,rain,"65210099999,DNIB,DNMM,remote,65201099999,65100099999"
"Abeokuta, Ogun, Nigeria",2018-11-03,90.8,75.1,80.9,108.1,75.1,85.5,76.4,87.6,0.0,0,0.0,,0,0,16.6,9.2,199.1,1011.5,59.6,5.6,223.5,19.2,8,,2018-11-03T06:34:27,2018-11-03T18:25:51,0.85,Partially cloudy,Partly cloudy throughout the day.,partly-cloudy-day,"65210099999,65213099999,DNMM,remote,65201099999"
"Abeokuta, Ogun, Nigeria",2018-11-04,91.4,74.6,80.8,110.9,74.6,86.6,76.5,87.4,0.039,100,4.17,rain,0,0,18.6,9.2,179.0,1011.2,68.7,5.7,157.5,13.6,6,,2018-11-04T06:34:37,2018-11-04T18:25:42,0.89,"Rain, Partially cloudy",Partly cloudy throughout the day with early morning rain.,rain,"65210099999,DNMM,remote,65201099999"
"Abeokuta, Ogun, Nigeria",2018-11-05,91.4,77.0,82.2,108.1,77.0,88.6,76.7,84.1,0.0,0,0.0,,0,0,15.7,11.4,215.9,1011.0,55.0,5.3,180.0,15.5,6,,2018-11-05T06:34:48,2018-11-05T18:25:34,0.92,Partially cloudy,Partly cloudy throughout the day.,partly-cloudy-day,"65210099999,DNMM,remote,65201099999"
"Abeokuta, Ogun, Nigeria",2018-11-06,84.6,75.8,79.7,96.1,75.8,83.3,76.1,89.1,0.008,100,8.33,rain,0,0,17.0,12.8,182.2,1011.2,48.4,4.8,144.7,12.6,5,,2018-11-06T06:35:00,2018-11-06T18:25:26,0.96,"Rain, Partially cloudy",Partly cloudy throughout the day with afternoon rain.,rain,"DNMM,remote,65201099999"
"Abeokuta, Ogun, Nigeria",2018-11-07,87.8,77.0,80.8,102.4,77.0,85.5,76.8,88.1,0.051,100,12.5,rain,0,0,18.1,16.1,157.9,1012.5,57.7,4.7,182.2,15.5,7,,2018-11-07T06:35:12,2018-11-07T18:25:20,0.0,"Rain, Partially cloudy",Partly cloudy throughout the day with rain in the morning and afternoon.,rain,"DNMM,remote,65201099999"
"Abeokuta, Ogun, Nigeria",2018-11-08,89.6,75.8,81.8,108.1,75.8,88.3,77.1,86.3,0.0,0,0.0,,0,0,17.4,8.1,175.5,1013.1,43.4,4.8,240.5,20.9,8,,2018-11-08T06:35:25,2018-11-08T18:25:15,0.03,Partially cloudy,Partly cloudy throughout the day.,partly-cloudy-day,"DNMM,remote,65201099999"
"Abeokuta, Ogun, Nigeria",2018-11-09,89.6,73.1,80.4,105.2,73.1,85.6,75.3,85.4,0.276,100,4.17,rain,0,0,17.4,13.9,188.9,1012.4,61.0,5.3,212.8,18.3,8,,2018-11-09T06:35:39,2018-11-09T18:25:10,0.06,"Rain, Partially cloudy",Partly cloudy throughout the day with morning rain.,rain,"65210099999,DNMM,remote,65201099999"
"Abeokuta, Ogun, Nigeria",2018-11-10,88.1,75.2,81.1,102.9,75.2,86.5,76.4,86.2,0.276,100,4.17,rain,0,0,14.8,9.2,185.5,1011.4,58.5,5.1,213.6,18.4,8,,2018-11-10T06:35:54,2018-11-10T18:25:07,0.09,"Rain, Partially cloudy",Partly cloudy throughout the day with early morning rain.,rain,"DNMM,remote,65201099999"
"Abeokuta, Ogun, Nigeria",2018-11-11,89.6,74.9,82.6,105.2,74.9,90.8,77.1,84.1,0.004,100,4.17,rain,0,0,15.2,8.1,173.0,1010.7,56.5,4.6,222.4,19.3,8,,2018-11-11T06:36:09,2018-11-11T18:25:05,0.12,"Rain, Partially cloudy",Partly cloudy throughout the day with afternoon rain.,rain,"65210099999,DNMM,remote,65201099999"
"Abeokuta, Ogun, Nigeria",2018-11-12,89.1,74.9,81.0,98.1,74.9,84.6,74.8,82.9,0.016,100,12.5,rain,0,0,15.9,5.8,209.6,1009.1,59.8,,214.3,18.3,8,,2018-11-12T06:36:25,2018-11-12T18:25:03,0.15,"Rain, Partially cloudy",Partly cloudy throughout the day with afternoon rain.,rain,remote
"Abeokuta, Ogun, Nigeria",2018-11-13,93.2,74.6,83.1,117.1,74.6,92.7,77.8,85.0,0.0,0,0.0,,0,0,17.9,9.2,214.8,1009.7,56.3,6.1,235.6,20.3,9,,2018-11-13T06:36:42,2018-11-13T18:25:03,0.19,Partially cloudy,Partly cloudy throughout the day.,partly-cloudy-day,"65210099999,65213099999,DNMM,remote,65201099999"
"Abeokuta, Ogun, Nigeria",2018-11-14,93.2,80.4,84.3,113.5,87.7,96.2,79.5,86.4,0.0,0,0.0,,0,0,17.7,11.4,239.2,1010.0,54.3,5.5,226.0,19.5,9,,2018-11-14T06:36:59,2018-11-14T18:25:04,0.22,Partially cloudy,Partly cloudy throughout the day.,partly-cloudy-day,"65210099999,65202099999,DNMM,remote,65201099999,65208099999"
"Abeokuta, Ogun, Nigeria",2018-11-15,83.4,78.3,80.4,92.0,78.3,85.1,77.2,90.4,0.0,0,0.0,,0,0,16.6,5.8,203.8,1011.5,55.1,4.9,192.8,16.7,7,,2018-11-15T06:37:18,2018-11-15T18:25:05,0.25,Partially cloudy,Partly cloudy throughout the day.,partly-cloudy-day,"65210099999,DNMM,65201099999"
"Abeokuta, Ogun, Nigeria",2018-11-16,91.5,75.1,82.8,110.7,75.1,90.5,77.0,83.6,0.0,0,0.0,,0,0,15.9,10.3,184.6,1012.7,51.5,4.0,228.2,19.7,9,,2018-11-16T06:37:37,2018-11-16T18:25:08,0.28,Partially cloudy,Partly cloudy throughout the day.,partly-cloudy-day,"65210099999,DNIB,DNMM,65201099999,65100099999,65208099999"
"Abeokuta, Ogun, Nigeria",2018-11-17,92.2,77.4,83.4,110.9,77.4,92.3,77.7,83.7,0.0,0,0.0,,0,0,16.6,6.3,200.7,1012.9,58.2,5.7,213.7,18.2,8,,2018-11-17T06:37:56,2018-11-17T18:25:12,0.31,Partially cloudy,Partly cloudy throughout the day.,partly-cloudy-day,"65210099999,DNIB,DNMM,remote,65201099999,65100099999,65208099999"
"Abeokuta, Ogun, Nigeria",2018-11-18,91.4,77.0,82.4,110.9,77.0,90.7,78.1,87.2,3.898,100,4.17,rain,0,0,16.3,8.0,229.1,1012.1,51.9,5.6,195.1,16.8,7,,2018-11-18T06:38:16,2018-11-18T18:25:16,0.35,"Rain, Partially cloudy",Partly cloudy throughout the day with late afternoon rain.,rain,"65210099999,DNIB,DNMM,65201099999,65100099999,65208099999"
"Abeokuta, Ogun, Nigeria",2018-11-19,88.6,76.2,81.8,102.0,76.2,88.4,77.1,86.2,0.0,0,0.0,,0,0,20.8,7.7,210.7,1011.4,55.5,4.4,217.1,18.7,8,,2018-11-19T06:38:37,2018-11-19T18:25:22,0.38,Partially cloudy,Partly cloudy throughout the day.,partly-cloudy-day,"65210099999,DNIB,DNMM,65201099999,65100099999,65208099999"
"Abeokuta, Ogun, Nigeria",2018-11-20,89.0,77.0,82.2,108.3,77.0,90.2,77.8,86.9,0.0,0,0.0,,0,0,17.4,11.4,213.4,1012.5,53.3,5.5,200.7,17.4,8,,2018-11-20T06:38:59,2018-11-20T18:25:29,0.41,Partially cloudy,Partly cloudy throughout the day.,partly-cloudy-day,"65210099999,65213099999,DNMM,65201099999"
"Abeokuta, Ogun, Nigeria",2018-11-21,94.7,77.0,83.4,109.7,77.0,91.8,77.7,84.0,0.0,0,0.0,,0,0,16.1,12.8,214.2,1012.8,55.2,6.1,207.2,18.0,8,,2018-11-21T06:39:21,2018-11-21T18:25:36,0.44,Partially cloudy,Partly cloudy throughout the day.,partly-cloudy-day,"65210099999,65213099999,DNMM,65201099999,65208099999"
"Abeokuta, Ogun, Nigeria",2018-11-22,89.6,76.0,82.7,105.2,76.0,90.7,77.5,84.8,0.039,100,4.17,rain,0,0,17.0,8.1,226.1,1011.9,54.7,5.9,219.5,19.0,8,,2018-11-22T06:39:44,2018-11-22T18:25:45,0.48,"Rain, Partially cloudy",Partly cloudy throughout the day with late afternoon rain.,rain,"65210099999,DNIB,DNMM,remote,65201099999,65100099999,65208099999"
"Abeokuta, Ogun, Nigeria",2018-11-23,93.2,77.3,83.8,110.9,77.3,92.4,77.7,82.8,0.0,0,0.0,,0,0,14.8,9.2,173.5,1011.4,53.4,5.6,201.7,17.6,8,,2018-11-23T06:40:07,2018-11-23T18:25:55,0.5,Partially cloudy,Partly cloudy throughout the day.,partly-cloudy-day,"65210099999,65213099999,DNIB,DNMM,65201099999,65100099999,65208099999"
"Abeokuta, Ogun, Nigeria",2018-11-24,94.2,77.0,84.1,107.8,77.0,91.6,76.3,79.2,0.0,0,0.0,,0,0,14.5,6.9,230.6,1011.7,50.5,5.4,224.1,19.4,8,,2018-11-24T06:40:31,2018-11-24T18:26:05,0.54,Partially cloudy,Partly cloudy throughout the day.,partly-cloudy-day,"65210099999,DNIB,65213099999,DNMM,remote,65201099999,65100099999,65208099999"
"Abeokuta, Ogun, Nigeria",2018-11-25,95.0,78.8,84.7,116.1,78.8,95.6,78.3,82.0,0.0,0,0.0,,0,0,17.9,11.4,210.3,1011.6,52.3,5.9,223.9,19.4,8,,2018-11-25T06:40:56,2018-11-25T18:26:17,0.58,Partially cloudy,Partly cloudy throughout the day.,partly-cloudy-day,"65210099999,DNMM,65201099999"
"Abeokuta, Ogun, Nigeria",2018-11-26,91.4,78.8,84.1,107.8,78.8,93.5,78.2,83.2,0.0,0,0.0,,0,0,17.4,10.3,215.8,1011.2,59.0,5.9,215.7,18.6,8,,2018-11-26T06:41:21,2018-11-26T18:26:29,0.61,Partially cloudy,Partly cloudy throughout the day.,partly-cloudy-day,"65210099999,65213099999,DNIB,DNMM,remote,65201099999,65100099999,65208099999"
"Abeokuta, Ogun, Nigeria",2018-11-27,83.4,77.0,80.2,93.3,77.0,84.9,77.4,91.4,0.0,0,0.0,,0,0,16.1,9.2,243.8,1010.9,44.4,4.3,181.9,15.7,6,,2018-11-27T06:41:47,2018-11-27T18:26:43,0.65,Partially cloudy,Partly cloudy throughout the day.,partly-cloudy-day,"65210099999,DNIB,DNMM,65201099999,65100099999,65208099999"
"Abeokuta, Ogun, Nigeria",2018-11-28,93.2,76.6,83.2,117.1,76.6,91.0,77.0,82.8,0.0,0,0.0,,0,0,20.1,8.9,132.0,1010.3,44.0,4.2,223.7,19.3,8,,2018-11-28T06:42:13,2018-11-28T18:26:57,0.69,Partially cloudy,Partly cloudy throughout the day.,partly-cloudy-day,"65210099999,DNIB,DNMM,65201099999,65100099999"
"Abeokuta, Ogun, Nigeria",2018-11-29,95.0,77.0,84.6,107.8,77.0,93.5,77.4,80.2,0.0,0,0.0,,0,0,17.0,9.8,207.1,1009.9,53.0,4.6,247.8,21.3,9,,2018-11-29T06:42:40,2018-11-29T18:27:12,0.72,Partially cloudy,Partly cloudy throughout the day.,partly-cloudy-day,"65210099999,DNIB,DNMM,65201099999,65100099999,65208099999"
"Abeokuta, Ogun, Nigeria",2018-11-30,93.2,78.6,84.5,110.4,78.6,94.0,78.0,82.4,0.0,0,0.0,,0,0,19.7,10.3,207.5,1010.4,52.3,5.1,224.9,19.3,8,,2018-11-30T06:43:07,2018-11-30T18:27:28,0.75,Partially cloudy,Partly cloudy throughout the day.,partly-cloudy-day,"65210099999,65202099999,DNMM,65201099999,65208099999"
"Abeokuta, Ogun, Nigeria",2018-12-01,93.2,78.4,83.7,110.4,78.4,92.7,78.0,83.8,0.0,0,0.0,,0,0,18.8,8.1,239.6,1011.3,50.9,4.9,190.9,16.4,7,,2018-12-01T06:43:34,2018-12-01T18:27:45,0.79,Partially cloudy,Partly cloudy throughout the day.,partly-cloudy-day,"65210099999,DNMM,65201099999,65208099999"
"Abeokuta, Ogun, Nigeria",2018-12-02,93.2,77.0,83.5,106.3,77.0,91.0,76.5,80.9,0.008,100,8.33,rain,0,0,13.2,6.9,229.7,1011.2,52.5,5.2,182.4,15.8,7,,2018-12-02T06:44:02,2018-12-02T18:28:03,0.83,"Rain, Partially cloudy",Partly cloudy throughout the day with rain in the morning and afternoon.,rain,"65210099999,DNMM,remote,65201099999"
"Abeokuta, Ogun, Nigeria",2018-12-03,94.0,77.4,84.3,107.8,77.4,90.8,75.0,76.5,0.0,0,0.0,,0,0,18.1,8.8,165.3,1010.3,42.5,4.9,207.8,17.9,8,,2018-12-03T06:44:31,2018-12-03T18:28:22,0.86,Partially cloudy,Partly cloudy throughout the day.,partly-cloudy-day,"65210099999,65213099999,DNIB,DNMM,remote,65201099999,65100099999,65208099999"
"Abeokuta, Ogun, Nigeria",2018-12-04,95.0,76.0,83.9,112.9,76.0,91.8,76.9,80.7,0.0,0,0.0,,0,0,19.7,11.1,130.1,1009.7,49.0,4.0,190.4,16.3,7,,2018-12-04T06:45:00,2018-12-04T18:28:42,0.9,Partially cloudy,Partly cloudy throughout the day.,partly-cloudy-day,"65210099999,DNIB,DNMM,65201099999,65100099999,65208099999"
"Abeokuta, Ogun, Nigeria",2018-12-05,95.0,77.0,83.9,105.2,77.0,92.3,77.4,82.4,0.0,0,0.0,,0,0,12.5,10.3,177.9,1010.2,45.4,3.7,216.8,18.7,8,,2018-12-05T06:45:29,2018-12-05T18:29:02,0.93,Partially cloudy,Partly cloudy throughout the day.,partly-cloudy-day,"65210099999,65202099999,DNMM,65201099999"
"Abeokuta, Ogun, Nigeria",2018-12-06,98.6,74.9,84.9,109.6,74.9,92.1,75.5,76.6,0.0,0,0.0,,0,0,12.8,9.2,319.5,1011.0,34.2,3.4,257.3,22.1,9,,2018-12-06T06:45:58,2018-12-06T18:29:23,0.97,Partially cloudy,Partly cloudy throughout the day.,partly-cloudy-day,"65210099999,DNMM,remote,65201099999"
"Abeokuta, Ogun, Nigeria",2018-12-07,95.0,73.4,82.9,99.8,73.4,86.2,71.9,73.2,0.0,0,0.0,,0,0,13.9,6.9,218.0,1012.5,37.8,2.7,248.6,21.3,9,,2018-12-07T06:46:28,2018-12-07T18:29:45,0.0,Partially cloudy,Partly cloudy throughout the day.,partly-cloudy-day,"65210099999,DNMM,65201099999"
"Abeokuta, Ogun, Nigeria",2018-12-08,94.4,73.4,81.6,105.2,73.4,83.8,71.1,73.5,0.0,0,0.0,,0,0,14.3,6.7,180.1,1012.7,58.1,2.2,200.3,17.2,8,,2018-12-08T06:46:57,2018-12-08T18:30:08,0.04,Partially cloudy,Partly cloudy throughout the day.,partly-cloudy-day,"65210099999,DNMM,remote,65201099999,65208099999"
"Abeokuta, Ogun, Nigeria",2018-12-09,95.0,75.5,84.1,110.0,75.5,89.2,73.1,71.6,0.0,0,0.0,,0,0,14.5,7.4,284.0,1013.8,51.7,2.6,215.4,18.5,8,,2018-12-09T06:47:27,2018-12-09T18:30:31,0.07,Partially cloudy,Partly cloudy throughout the day.,partly-cloudy-day,"65210099999,DNIB,DNMM,remote,65201099999,65100099999"
"Abeokuta, Ogun, Nigeria",2018-12-10,95.0,76.9,84.0,107.4,76.9,89.6,74.7,75.8,0.0,0,0.0,,0,0,14.5,8.7,202.0,1014.4,45.9,2.5,225.2,19.5,8,,2018-12-10T06:47:58,2018-12-10T18:30:55,0.1,Partially cloudy,Partly cloudy throughout the day.,partly-cloudy-day,"65210099999,DNIB,DNMM,remote,65201099999,65100099999,65208099999"
"Abeokuta, Ogun, Nigeria",2018-12-11,94.2,74.6,83.6,105.0,74.6,89.2,74.8,77.5,0.0,0,0.0,,0,0,16.6,8.1,313.2,1013.9,44.9,2.5,204.4,17.6,8,,2018-12-11T06:48:28,2018-12-11T18:31:19,0.13,Partially cloudy,Partly cloudy throughout the day.,partly-cloudy-day,"65210099999,DNIB,DNMM,remote,65201099999,65100099999"
"Abeokuta, Ogun, Nigeria",2018-12-12,93.2,78.6,82.7,108.1,78.6,89.1,76.9,84.3,0.433,100,4.17,rain,0,0,21.0,8.1,192.4,1014.2,45.3,3.0,211.1,18.2,8,,2018-12-12T06:48:59,2018-12-12T18:31:45,0.17,"Rain, Partially cloudy",Partly cloudy throughout the day with late afternoon rain.,rain,"DNIB,DNMM,65201099999,65100099999,65208099999"
"Abeokuta, Ogun, Nigeria",2018-12-13,93.2,77.0,83.4,113.5,77.0,91.0,77.5,84.0,0.0,0,0.0,,0,0,16.6,9.8,308.0,1014.3,41.4,3.7,212.2,18.1,8,,2018-12-13T06:49:29,2018-12-13T18:32:11,0.2,Partially cloudy,Partly cloudy throughout the day.,partly-cloudy-day,"65210099999,DNIB,65213099999,DNMM,65201099999,65100099999,65208099999"
"Abeokuta, Ogun, Nigeria",2018-12-14,95.0,76.9,83.7,101.4,76.9,88.5,74.6,77.3,0.0,0,0.0,,0,0,18.6,7.9,320.1,1014.2,40.5,3.8,242.1,20.9,9,,2018-12-14T06:50:00,2018-12-14T18:32:37,0.23,Partially cloudy,Partly cloudy throughout the day.,partly-cloudy-day,"65210099999,DNIB,DNMM,65201099999,65100099999,65208099999"
"Abeokuta, Ogun, Nigeria",2018-12-15,95.0,75.2,83.0,104.8,75.2,88.6,74.7,77.9,0.0,0,0.0,,0,0,17.9,19.5,213.8,1014.6,45.1,4.6,231.5,20.1,8,,2018-12-15T06:50:30,2018-12-15T18:33:04,0.25,Partially cloudy,Partly cloudy throughout the day.,partly-cloudy-day,"65210099999,DNIB,DNMM,remote,65201099999,65100099999,65208099999"
"Abeokuta, Ogun, Nigeria",2018-12-16,93.1,76.7,83.5,107.8,76.7,90.5,76.6,81.0,0.0,0,0.0,,0,0,18.6,9.2,198.0,1014.2,46.7,5.2,230.4,19.8,8,,2018-12-16T06:51:01,2018-12-16T18:33:31,0.3,Partially cloudy,Partly cloudy throughout the day.,partly-cloudy-day,"65210099999,DNIB,DNMM,65201099999,65100099999,65208099999"
"Abeokuta, Ogun, Nigeria",2018-12-17,93.2,76.8,84.4,106.2,76.8,92.8,76.8,79.2,0.0,0,0.0,,0,0,15.7,10.0,195.9,1013.7,51.1,5.0,217.9,18.9,8,,2018-12-17T06:51:32,2018-12-17T18:33:59,0.33,Partially cloudy,Partly cloudy throughout the day.,partly-cloudy-day,"65210099999,DNIB,DNMM,65201099999,65100099999,65208099999"
"Abeokuta, Ogun, Nigeria",2018-12-18,92.3,77.4,84.2,110.9,77.4,94.1,78.4,83.4,0.0,0,0.0,,0,0,17.2,8.1,240.8,1013.4,47.0,4.3,231.6,20.0,9,,2018-12-18T06:52:02,2018-12-18T18:34:28,0.36,Partially cloudy,Partly cloudy throughout the day.,partly-cloudy-day,"65210099999,DNIB,65202099999,DNMM,65201099999,65100099999"
"Abeokuta, Ogun, Nigeria",2018-12-19,95.0,76.9,84.3,111.2,76.9,93.6,77.9,82.3,0.0,0,0.0,,0,0,15.9,8.7,299.5,1013.2,52.7,4.2,226.2,19.6,9,,2018-12-19T06:52:33,2018-12-19T18:34:56,0.39,Partially cloudy,Partly cloudy throughout the day.,partly-cloudy-day,"65210099999,65213099999,65202099999,DNMM,65201099999"
"Abeokuta, Ogun, Nigeria",2018-12-20,93.3,77.0,83.9,108.1,77.0,92.3,77.2,81.1,0.0,0,0.0,,0,0,14.3,8.7,345.4,1013.1,52.5,2.9,227.5,19.7,8,,2018-12-20T06:53:03,2018-12-20T18:35:26,0.43,Partially cloudy,Partly cloudy throughout the day.,partly-cloudy-day,"65202099999,DNMM,65201099999"
"Abeokuta, Ogun, Nigeria",2018-12-21,95.0,75.2,83.4,105.2,75.2,87.9,73.7,75.4,0.0,0,0.0,,0,0,13.2,8.8,97.0,1012.5,34.8,2.1,245.1,21.2,9,,2018-12-21T06:53:33,2018-12-21T18:35:55,0.46,Partially cloudy,Partly cloudy throughout the day.,partly-cloudy-day,"65210099999,DNIB,DNMM,65201099999,65100099999,65208099999"
"Abeokuta, Ogun, Nigeria",2018-12-22,94.0,72.6,82.6,100.5,72.6,84.8,68.7,66.5,0.0,0,0.0,,0,0,14.3,10.1,354.6,1011.3,25.4,1.8,248.9,21.5,9,,2018-12-22T06:54:03,2018-12-22T18:36:25,0.5,Partially cloudy,Partly cloudy throughout the day.,partly-cloudy-day,"65210099999,DNIB,65213099999,DNMM,remote,65201099999,65100099999,65208099999"
"Abeokuta, Ogun, Nigeria",2018-12-23,95.0,72.2,82.3,103.2,72.2,85.0,70.2,69.9,0.0,0,0.0,,0,0,14.1,6.9,14.0,1010.8,16.4,2.1,247.9,21.4,9,,2018-12-23T06:54:32,2018-12-23T18:36:55,0.53,Clear,Clear conditions throughout the day.,clear-day,"65210099999,DNIB,DNMM,remote,65201099999,65100099999,65208099999"
"Abeokuta, Ogun, Nigeria",2018-12-24,95.8,68.6,82.6,101.4,68.6,84.1,67.5,63.7,0.0,0,0.0,,0,0,14.1,10.7,12.7,1011.3,27.1,1.9,250.1,21.6,9,,2018-12-24T06:55:01,2018-12-24T18:37:26,0.56,Partially cloudy,Partly cloudy throughout the day.,partly-cloudy-day,"65210099999,DNIB,65213099999,DNMM,remote,65201099999,65100099999,65208099999"
"Abeokuta, Ogun, Nigeria",2018-12-25,95.0,69.8,81.8,99.9,69.8,83.2,66.4,63.1,0.0,0,0.0,,0,0,15.0,11.4,67.5,1012.1,26.4,1.4,253.2,22.0,9,,2018-12-25T06:55:30,2018-12-25T18:37:56,0.59,Partially cloudy,Partly cloudy throughout the day.,partly-cloudy-day,"65210099999,65213099999,DNMM,65201099999"
"Abeokuta, Ogun, Nigeria",2018-12-26,96.0,71.2,82.8,94.6,71.2,83.4,64.4,58.0,0.0,0,0.0,,0,0,15.9,9.2,256.7,1011.6,25.5,1.2,240.5,20.9,9,,2018-12-26T06:55:59,2018-12-26T18:38:27,0.63,Partially cloudy,Partly cloudy throughout the day.,partly-cloudy-day,"65210099999,DNMM,remote,65201099999"
"Abeokuta, Ogun, Nigeria",2018-12-27,98.7,71.5,83.1,98.5,71.5,83.5,64.4,58.5,0.0,0,0.0,,0,0,19.0,9.2,97.4,1010.7,19.4,1.3,251.7,21.9,9,,2018-12-27T06:56:27,2018-12-27T18:38:58,0.66,Clear,Clear conditions throughout the day.,clear-day,"DNIB,DNMM,remote,65201099999,65100099999"
"Abeokuta, Ogun, Nigeria",2018-12-28,96.7,72.2,83.1,96.5,72.2,84.0,66.9,63.3,0.0,0,0.0,,0,0,15.9,8.1,159.0,1010.3,13.5,,241.6,20.9,9,,2018-12-28T06:56:55,2018-12-28T18:39:29,0.7,Clear,Clear conditions throughout the day.,clear-day,remote
"Abeokuta, Ogun, Nigeria",2018-12-29,92.9,74.2,82.8,97.2,74.2,85.8,71.2,71.9,0.0,0,0.0,,0,0,15.4,6.9,233.8,1010.6,30.8,1.5,231.8,19.9,9,,2018-12-29T06:57:22,2018-12-29T18:40:00,0.75,Partially cloudy,Partly cloudy throughout the day.,partly-cloudy-day,"65210099999,65213099999,DNMM,remote,65201099999,65208099999"
"Abeokuta, Ogun, Nigeria",2018-12-30,95.0,76.6,83.8,112.9,76.6,91.2,76.5,80.1,0.0,0,0.0,,0,0,16.8,8.6,167.7,1011.6,31.7,1.8,249.5,21.6,9,,2018-12-30T06:57:49,2018-12-30T18:40:31,0.77,Partially cloudy,Partly cloudy throughout the day.,partly-cloudy-day,"65210099999,DNMM,remote,65201099999"
"Abeokuta, Ogun, Nigeria",2018-12-31,95.0,78.8,85.0,107.8,78.8,94.4,77.6,80.1,0.0,0,0.0,,0,0,16.1,8.1,187.9,1012.7,35.2,2.5,228.8,20.0,8,,2018-12-31T06:58:16,2018-12-31T18:41:02,0.8,Partially cloudy,Partly cloudy throughout the day.,partly-cloudy-day,"DNMM,65201099999"
