name,datetime,tempmax,tempmin,temp,feelslikemax,feelslikemin,feelslike,dew,humidity,precip,precipprob,precipcover,preciptype,snow,snowdepth,windgust,windspeed,winddir,sealevelpressure,cloudcover,visibility,solarradiation,solarenergy,uvindex,severerisk,sunrise,sunset,moonphase,conditions,description,icon,stations
"Abeokuta, Ogun, Nigeria",2025-01-01,95.0,77.0,83.9,105.1,77.0,89.6,75.3,77.6,0.0,0,0.0,,0,0,20.8,14.8,233.3,1010.5,32.5,3.5,225.0,19.5,9,,2025-01-01T06:58:58,2025-01-01T18:41:53,0.05,Partially cloudy,Partly cloudy throughout the day.,partly-cloudy-day,"DNIB,NII0000DNIB,DNMM,NII0000DNMM,remote,65201099999,NIM00065208,65100099999,65208099999"
"Abeokuta, Ogun, Nigeria",2025-01-02,95.0,77.0,84.3,107.8,77.0,90.3,75.1,76.2,0.0,0,0.0,,0,0,17.0,10.3,216.0,1010.2,33.1,3.9,224.9,19.5,9,,2025-01-02T06:59:23,2025-01-02T18:42:24,0.09,Partially cloudy,Partly cloudy throughout the day.,partly-cloudy-day,"DNIB,NII0000DNIB,DNMM,NII0000DNMM,remote,65201099999,NIM00065208,65100099999,65208099999"
"Abeokuta, Ogun, Nigeria",2025-01-03,93.2,77.0,84.1,105.1,77.0,91.5,76.4,79.4,0.0,0,0.0,,0,0,16.6,10.3,215.3,1011.3,47.7,4.4,206.2,17.8,8,,2025-01-03T06:59:47,2025-01-03T18:42:55,0.13,Partially cloudy,Partly cloudy throughout the day.,partly-cloudy-day,"DNIB,NII0000DNIB,DNMM,NII0000DNMM,65201099999,65100099999,NIM00065208,65208099999"
"Abeokuta, Ogun, Nigeria",2025-01-04,94.0,77.0,84.6,107.6,77.0,92.6,77.0,80.0,0.0,0,0.0,,0,0,18.6,10.3,194.2,1011.5,45.3,4.8,218.6,19.1,8,,2025-01-04T07:00:11,2025-01-04T18:43:26,0.16,Partially cloudy,Partly cloudy throughout the day.,partly-cloudy-day,"DNIB,NII0000DNIB,DNMM,NII0000DNMM,65201099999,65100099999,NIM00065208,65208099999"
"Abeokuta, Ogun, Nigeria",2025-01-05,96.8,78.8,85.3,109.4,78.8,94.5,77.5,80.0,0.0,0,0.0,,0,0,19.2,12.8,211.4,1010.5,37.5,4.1,234.7,20.3,9,,2025-01-05T07:00:34,2025-01-05T18:43:56,0.2,Partially cloudy,Partly cloudy throughout the day.,partly-cloudy-day,"DNIB,NII0000DNIB,DNMM,NII0000DNMM,65201099999,65100099999"
"Abeokuta, Ogun, Nigeria",2025-01-06,95.0,79.2,85.1,105.2,79.2,93.8,77.0,78.9,0.0,0,0.0,,0,0,16.8,10.3,203.4,1010.9,40.5,4.3,226.4,19.6,8,,2025-01-06T07:00:56,2025-01-06T18:44:27,0.23,Partially cloudy,Partly cloudy throughout the day.,partly-cloudy-day,"DNIB,NII0000DNIB,DNMM,NII0000DNMM,remote,65201099999,65100099999,NIM00065208,65208099999"
"Abeokuta, Ogun, Nigeria",2025-01-07,95.0,79.6,85.0,110.1,79.6,94.4,77.4,79.7,0.0,0,0.0,,0,0,14.3,9.2,213.6,1011.2,40.8,3.7,218.2,18.8,8,,2025-01-07T07:01:18,2025-01-07T18:44:57,0.25,Partially cloudy,Partly cloudy throughout the day.,partly-cloudy-day,"DNIB,NII0000DNIB,DNMM,NII0000DNMM,65201099999,65100099999,NIM00065208,65208099999"
"Abeokuta, Ogun, Nigeria",2025-01-08,95.0,78.6,84.6,107.6,78.6,92.6,76.5,78.5,0.0,0,0.0,,0,0,12.3,7.6,227.4,1011.3,38.5,3.8,247.4,21.4,9,,2025-01-08T07:01:39,2025-01-08T18:45:27,0.3,Partially cloudy,Partly cloudy throughout the day.,partly-cloudy-day,"DNIB,NII0000DNIB,DNMM,NII0000DNMM,65201099999,65100099999,NIM00065208,65208099999"
"Abeokuta, Ogun, Nigeria",2025-01-09,95.0,77.2,84.5,101.0,77.2,89.8,73.2,71.7,0.0,0,0.0,,0,0,17.4,10.3,252.6,1011.1,43.5,3.2,250.0,21.5,9,,2025-01-09T07:01:59,2025-01-09T18:45:57,0.34,Partially cloudy,Partly cloudy throughout the day.,partly-cloudy-day,"DNIB,NII0000DNIB,DNMM,NII0000DNMM,remote,65201099999,65100099999,NIM00065208,65208099999"
"Abeokuta, Ogun, Nigeria",2025-01-10,95.2,76.3,84.5,98.5,76.3,86.9,70.1,66.0,0.0,0,0.0,,0,0,15.4,8.1,31.6,1010.9,27.9,2.3,262.3,22.6,9,,2025-01-10T07:02:18,2025-01-10T18:46:26,0.38,Partially cloudy,Partly cloudy throughout the day.,partly-cloudy-day,"DNIB,NII0000DNIB,DNMM,remote,NII0000DNMM,65201099999,NIM00065208,65100099999,65208099999"
"Abeokuta, Ogun, Nigeria",2025-01-11,94.7,73.4,82.3,91.9,73.4,81.4,59.8,53.7,0.0,0,0.0,,0,0,21.9,17.2,97.2,1011.2,23.2,2.8,263.7,22.7,9,,2025-01-11T07:02:37,2025-01-11T18:46:55,0.41,Partially cloudy,Partly cloudy throughout the day.,partly-cloudy-day,"DNIB,NII0000DNIB,DNMM,NII0000DNMM,65201099999,65100099999,NIM00065208,65208099999"
"Abeokuta, Ogun, Nigeria",2025-01-12,95.0,71.4,81.5,92.3,71.4,81.0,60.8,53.4,0.0,0,0.0,,0,0,16.1,13.9,264.2,1011.9,27.1,1.8,263.4,22.7,9,,2025-01-12T07:02:55,2025-01-12T18:47:24,0.45,Partially cloudy,Partly cloudy throughout the day.,partly-cloudy-day,"DNIB,NII0000DNIB,DNMM,NII0000DNMM,65201099999,65100099999,NIM00065208,65208099999"
"Abeokuta, Ogun, Nigeria",2025-01-13,95.0,73.3,82.6,99.3,73.3,85.3,69.0,66.4,0.0,0,0.0,,0,0,19.7,12.8,210.0,1010.5,27.1,1.9,261.2,22.5,9,,2025-01-13T07:03:12,2025-01-13T18:47:52,0.5,Partially cloudy,Partly cloudy throughout the day.,partly-cloudy-day,"DNIB,NII0000DNIB,DNMM,NII0000DNMM,65201099999,65100099999,NIM00065208,65208099999"
"Abeokuta, Ogun, Nigeria",2025-01-14,93.2,77.0,83.1,102.9,77.0,87.8,75.0,79.0,0.0,0,0.0,,0,0,17.0,9.3,225.7,1009.7,43.0,2.1,250.3,21.7,9,,2025-01-14T07:03:28,2025-01-14T18:48:20,0.52,Partially cloudy,Partly cloudy throughout the day.,partly-cloudy-day,"DNIB,NII0000DNIB,DNMM,NII0000DNMM,65201099999,65100099999,NIM00065208,65208099999"
"Abeokuta, Ogun, Nigeria",2025-01-15,93.2,77.0,83.9,107.6,77.0,90.9,76.9,81.2,0.0,0,0.0,,0,0,14.8,12.8,190.6,1009.5,46.6,2.8,240.4,20.9,9,,2025-01-15T07:03:43,2025-01-15T18:48:47,0.55,Partially cloudy,Partly cloudy throughout the day.,partly-cloudy-day,"DNIB,NII0000DNIB,DNMM,NII0000DNMM,65201099999,NIM00065208,65100099999,65208099999"
"Abeokuta, Ogun, Nigeria",2025-01-16,94.6,77.9,84.5,100.6,77.9,90.9,75.6,77.4,0.0,0,0.0,,0,0,17.2,8.1,233.9,1009.8,38.8,3.6,237.8,20.4,9,,2025-01-16T07:03:57,2025-01-16T18:49:14,0.58,Partially cloudy,Partly cloudy throughout the day.,partly-cloudy-day,"DNIB,NII0000DNIB,DNMM,NII0000DNMM,65201099999,NIM00065208,65100099999,65208099999"
"Abeokuta, Ogun, Nigeria",2025-01-17,97.2,80.5,85.9,105.2,88.0,95.0,76.3,76.3,0.0,0,0.0,,0,0,20.6,12.8,215.2,1010.4,37.3,3.4,246.9,21.4,9,,2025-01-17T07:04:10,2025-01-17T18:49:41,0.61,Partially cloudy,Partly cloudy throughout the day.,partly-cloudy-day,"DNIB,NII0000DNIB,DNMM,NII0000DNMM,remote,65201099999,NIM00065208,65100099999,65208099999"
"Abeokuta, Ogun, Nigeria",2025-01-18,91.4,79.9,84.6,100.0,79.9,92.5,75.7,76.5,0.0,0,0.0,,0,0,26.8,13.9,246.6,1011.8,35.4,4.1,221.0,19.2,8,,2025-01-18T07:04:23,2025-01-18T18:50:07,0.65,Partially cloudy,Partly cloudy throughout the day.,partly-cloudy-day,"DNIB,NII0000DNIB,DNMM,NII0000DNMM,65201099999,NIM00065208,65100099999,65208099999"
"Abeokuta, Ogun, Nigeria",2025-01-19,93.2,78.6,83.5,102.9,78.6,88.3,74.5,76.4,0.0,0,0.0,,0,0,23.0,15.0,192.8,1012.5,38.8,4.9,234.9,20.3,9,,2025-01-19T07:04:35,2025-01-19T18:50:32,0.68,Partially cloudy,Partly cloudy throughout the day.,partly-cloudy-day,"DNIB,NII0000DNIB,DNMM,NII0000DNMM,65201099999,NIM00065208,65100099999,65208099999"
"Abeokuta, Ogun, Nigeria",2025-01-20,94.0,76.8,83.5,102.9,76.8,88.5,74.4,76.3,0.0,0,0.0,,0,0,20.4,12.8,199.6,1012.7,43.4,5.3,236.8,20.3,8,,2025-01-20T07:04:45,2025-01-20T18:50:57,0.71,Partially cloudy,Partly cloudy throughout the day.,partly-cloudy-day,"DNIB,NII0000DNIB,DNMM,NII0000DNMM,65201099999,NIM00065208,65100099999,65208099999"
"Abeokuta, Ogun, Nigeria",2025-01-21,93.2,77.2,83.6,102.9,77.2,89.4,75.9,79.6,0.0,0,0.0,,0,0,19.9,13.9,211.7,1012.5,50.5,5.8,220.6,18.9,8,,2025-01-21T07:04:55,2025-01-21T18:51:21,0.75,Partially cloudy,Partly cloudy throughout the day.,partly-cloudy-day,"DNIB,NII0000DNIB,DNMM,NII0000DNMM,65201099999,65100099999,NIM00065208,65208099999"
"Abeokuta, Ogun, Nigeria",2025-01-22,94.2,78.7,84.5,104.5,78.7,92.1,76.5,78.6,0.0,0,0.0,,0,0,20.8,12.8,217.1,1011.9,49.7,4.7,239.6,20.7,9,,2025-01-22T07:05:04,2025-01-22T18:51:45,0.77,Partially cloudy,Partly cloudy throughout the day.,partly-cloudy-day,"DNIB,NII0000DNIB,DNMM,NII0000DNMM,remote,65201099999,65100099999,NIM00065208,65208099999"
"Abeokuta, Ogun, Nigeria",2025-01-23,91.8,78.8,82.9,100.0,78.8,91.1,77.4,84.4,0.039,100,4.17,rain,0,0,17.7,9.2,222.4,1011.8,41.9,4.2,197.1,17.0,7,,2025-01-23T07:05:12,2025-01-23T18:52:08,0.81,"Rain, Partially cloudy",Partly cloudy throughout the day with afternoon rain.,rain,"DNIB,NII0000DNIB,DNMM,NII0000DNMM,remote,65201099999,65100099999,NIM00065208,65208099999"
"Abeokuta, Ogun, Nigeria",2025-01-24,95.0,77.0,84.4,105.1,77.0,88.9,74.1,74.9,0.0,0,0.0,,0,0,20.4,13.9,197.2,1011.1,43.6,3.9,228.2,19.6,9,,2025-01-24T07:05:18,2025-01-24T18:52:31,0.84,Partially cloudy,Partly cloudy throughout the day.,partly-cloudy-day,"DNIB,NII0000DNIB,DNMM,NII0000DNMM,remote,65201099999,NIM00065208,65100099999,65208099999"
"Abeokuta, Ogun, Nigeria",2025-01-25,93.2,78.6,84.0,105.2,78.6,91.7,77.1,81.1,0.0,0,0.0,,0,0,19.7,11.4,209.1,1012.0,50.1,5.1,216.4,18.7,8,,2025-01-25T07:05:24,2025-01-25T18:52:53,0.87,Partially cloudy,Partly cloudy throughout the day.,partly-cloudy-day,"DNMM,NII0000DNMM,remote,65201099999"
"Abeokuta, Ogun, Nigeria",2025-01-26,95.0,78.8,83.8,102.7,78.8,91.6,77.1,82.3,0.276,100,4.17,rain,0,0,20.1,12.8,201.7,1012.3,50.7,5.2,228.0,19.6,9,,2025-01-26T07:05:29,2025-01-26T18:53:14,0.9,"Rain, Partially cloudy",Partly cloudy throughout the day with late afternoon rain.,rain,"DNIB,NII0000DNIB,DNMM,NII0000DNMM,65201099999,65100099999,NIM00065208,65208099999"
"Abeokuta, Ogun, Nigeria",2025-01-27,95.6,77.2,84.7,102.0,77.2,88.9,73.9,74.0,0.0,0,0.0,,0,0,21.3,13.9,217.2,1011.9,52.0,5.1,249.0,21.4,9,,2025-01-27T07:05:33,2025-01-27T18:53:35,0.93,Partially cloudy,Partly cloudy throughout the day.,partly-cloudy-day,"DNIB,NII0000DNIB,DNMM,NII0000DNMM,remote,65201099999,65100099999,NIM00065208,65208099999"
"Abeokuta, Ogun, Nigeria",2025-01-28,95.0,77.6,84.6,104.8,77.6,92.1,76.2,77.9,0.0,0,0.0,,0,0,22.1,9.8,219.6,1011.7,52.4,4.7,221.0,19.0,8,,2025-01-28T07:05:36,2025-01-28T18:53:55,0.97,Partially cloudy,Partly cloudy throughout the day.,partly-cloudy-day,"DNIB,65213099999,NIM00065213,NII0000DNIB,DNMM,NII0000DNMM,remote,65201099999,65100099999,NIM00065208,65208099999"
"Abeokuta, Ogun, Nigeria",2025-01-29,89.6,78.8,83.5,100.0,78.8,89.8,75.1,77.0,0.0,0,0.0,,0,0,23.0,11.4,170.9,1012.3,47.9,5.3,209.4,18.0,8,,2025-01-29T07:05:38,2025-01-29T18:54:14,0.0,Partially cloudy,Partly cloudy throughout the day.,partly-cloudy-day,"DNIB,NII0000DNIB,DNMM,NII0000DNMM,remote,65201099999,65100099999,NIM00065208,65208099999"
"Abeokuta, Ogun, Nigeria",2025-01-30,93.2,76.3,84.5,102.9,76.3,91.1,75.1,75.1,0.008,100,4.17,rain,0,0,16.1,13.9,185.7,1011.5,55.4,5.0,225.2,19.5,8,,2025-01-30T07:05:39,2025-01-30T18:54:32,0.03,"Rain, Partially cloudy",Partly cloudy throughout the day with late afternoon rain.,rain,"DNIB,NII0000DNIB,DNMM,NII0000DNMM,remote,65201099999,NIM00065208,65100099999,65208099999"
"Abeokuta, Ogun, Nigeria",2025-01-31,93.2,78.0,84.5,105.1,78.0,91.1,75.5,76.1,0.0,0,0.0,,0,0,19.5,16.1,186.9,1010.2,48.0,5.5,220.4,19.0,8,,2025-01-31T07:05:39,2025-01-31T18:54:50,0.07,Partially cloudy,Partly cloudy throughout the day.,partly-cloudy-day,"DNMM,remote,NII0000DNMM,65201099999,NIM00065208,65208099999"
"Abeokuta, Ogun, Nigeria",2025-02-01,89.6,78.8,83.6,100.3,78.8,91.3,76.6,80.2,0.512,100,4.17,rain,0,0,19.5,11.4,190.0,1010.4,59.8,4.7,213.8,18.4,7,,2025-02-01T07:05:38,2025-02-01T18:55:08,0.1,"Rain, Partially cloudy",Partly cloudy throughout the day with afternoon rain.,rain,"DNMM,NII0000DNMM,remote,65201099999,NIM00065208,65208099999"
"Abeokuta, Ogun, Nigeria",2025-02-02,94.2,77.0,84.5,103.2,77.0,91.6,75.9,77.6,0.079,100,4.17,rain,0,0,18.6,8.3,207.5,1009.8,55.3,4.2,209.6,18.0,8,,2025-02-02T07:05:37,2025-02-02T18:55:24,0.14,"Rain, Partially cloudy",Partly cloudy throughout the day with morning rain.,rain,"DNMM,NII0000DNMM,remote,65201099999"
"Abeokuta, Ogun, Nigeria",2025-02-03,93.9,77.0,84.5,105.2,77.0,91.0,75.3,75.8,0.276,100,4.17,rain,0,0,16.6,10.3,226.7,1008.6,44.7,4.7,224.6,19.5,8,,2025-02-03T07:05:34,2025-02-03T18:55:40,0.18,"Rain, Partially cloudy",Partly cloudy throughout the day with early morning rain.,rain,"DNMM,NII0000DNMM,remote,65201099999,NIM00065208,65208099999"
"Abeokuta, Ogun, Nigeria",2025-02-04,92.2,78.8,84.2,102.7,78.8,92.8,77.0,80.4,0.0,0,0.0,,0,0,21.0,11.4,221.0,1009.0,45.6,4.6,262.8,22.9,9,,2025-02-04T07:05:30,2025-02-04T18:55:55,0.21,Partially cloudy,Partly cloudy throughout the day.,partly-cloudy-day,"DNMM,remote,NII0000DNMM,65201099999,NIM00065208,65208099999"
"Abeokuta, Ogun, Nigeria",2025-02-05,97.4,78.6,85.4,107.6,78.6,93.1,76.2,76.9,0.0,0,0.0,,0,0,20.6,13.9,199.4,1009.4,41.5,4.5,233.8,20.1,8,,2025-02-05T07:05:25,2025-02-05T18:56:10,0.25,Partially cloudy,Partly cloudy throughout the day.,partly-cloudy-day,"DNMM,NII0000DNMM,remote,65201099999,NIM00065208,65208099999"
"Abeokuta, Ogun, Nigeria",2025-02-06,93.2,80.2,85.2,102.9,86.5,94.1,76.5,76.9,0.0,0,0.0,,0,0,18.6,12.8,196.5,1008.7,52.7,4.2,238.0,20.6,9,,2025-02-06T07:05:20,2025-02-06T18:56:24,0.28,Partially cloudy,Partly cloudy throughout the day.,partly-cloudy-day,"DNIB,NII0000DNIB,DNMM,NII0000DNMM,65201099999,NIM00065208,65100099999,65208099999"
"Abeokuta, Ogun, Nigeria",2025-02-07,93.2,80.4,85.1,105.2,86.6,95.3,77.2,78.2,0.0,0,0.0,,0,0,21.9,11.4,194.1,1008.8,51.6,4.8,224.9,19.5,8,,2025-02-07T07:05:13,2025-02-07T18:56:37,0.32,Partially cloudy,Partly cloudy throughout the day.,partly-cloudy-day,"DNIB,NII0000DNIB,DNMM,NII0000DNMM,65201099999,NIM00065208,65100099999,65208099999"
"Abeokuta, Ogun, Nigeria",2025-02-08,91.1,79.1,84.0,103.6,79.1,93.2,77.1,80.7,0.118,100,8.33,rain,0,0,20.4,8.9,204.8,1009.9,54.0,4.6,211.5,18.3,8,,2025-02-08T07:05:06,2025-02-08T18:56:49,0.35,"Rain, Partially cloudy",Partly cloudy throughout the day with rain.,rain,"DNIB,NII0000DNIB,DNMM,NII0000DNMM,65201099999,NIM00065208,65100099999,65208099999"
"Abeokuta, Ogun, Nigeria",2025-02-09,94.8,78.7,84.4,107.6,78.7,92.5,77.2,80.4,0.0,0,0.0,,0,0,16.3,11.4,214.2,1009.9,50.4,5.1,210.4,18.3,8,,2025-02-09T07:04:57,2025-02-09T18:57:01,0.39,Partially cloudy,Partly cloudy throughout the day.,partly-cloudy-day,"DNIB,NII0000DNIB,DNMM,NII0000DNMM,65201099999,65100099999,NIM00065208,65208099999"
"Abeokuta, Ogun, Nigeria",2025-02-10,96.0,79.1,85.1,109.9,79.1,96.1,78.5,82.2,0.0,0,0.0,,0,0,17.2,11.4,200.0,1007.7,52.1,5.7,243.5,21.1,9,,2025-02-10T07:04:48,2025-02-10T18:57:12,0.42,Partially cloudy,Partly cloudy throughout the day.,partly-cloudy-day,"DNIB,NII0000DNIB,DNMM,NII0000DNMM,remote,65201099999,65100099999"
"Abeokuta, Ogun, Nigeria",2025-02-11,96.0,78.8,85.3,110.5,78.8,95.9,78.4,81.3,0.0,0,0.0,,0,0,25.3,13.9,200.0,1007.9,48.5,5.6,240.7,20.7,8,,2025-02-11T07:04:38,2025-02-11T18:57:22,0.46,Partially cloudy,Partly cloudy throughout the day.,partly-cloudy-day,"DNIB,NII0000DNIB,DNMM,NII0000DNMM,remote,65201099999,65100099999,NIM00065208,65208099999"
"Abeokuta, Ogun, Nigeria",2025-02-12,95.0,80.6,86.3,112.9,88.2,97.7,77.7,76.7,0.004,100,4.17,rain,0,0,19.5,11.4,194.6,1008.9,56.9,5.9,208.9,18.0,8,,2025-02-12T07:04:27,2025-02-12T18:57:32,0.5,"Rain, Partially cloudy",Partly cloudy throughout the day with morning rain.,rain,"DNIB,NII0000DNIB,DNMM,NII0000DNMM,remote,65201099999,NIM00065208,65100099999,65208099999"
"Abeokuta, Ogun, Nigeria",2025-02-13,95.5,80.6,86.2,110.1,88.2,97.3,77.7,77.5,0.0,0,0.0,,0,0,19.7,12.8,212.8,1010.1,56.2,4.9,241.0,20.8,9,,2025-02-13T07:04:15,2025-02-13T18:57:41,0.53,Partially cloudy,Partly cloudy throughout the day.,partly-cloudy-day,"DNIB,NII0000DNIB,DNMM,NII0000DNMM,remote,65201099999,65100099999,NIM00065208,65208099999"
"Abeokuta, Ogun, Nigeria",2025-02-14,95.5,79.1,84.9,107.1,79.1,94.1,77.6,80.3,0.0,0,0.0,,0,0,19.7,10.3,198.6,1010.6,55.0,5.0,239.6,20.7,9,,2025-02-14T07:04:03,2025-02-14T18:57:49,0.56,Partially cloudy,Partly cloudy throughout the day.,partly-cloudy-day,"DNIB,NII0000DNIB,DNMM,remote,NII0000DNMM,65201099999,65100099999"
"Abeokuta, Ogun, Nigeria",2025-02-15,95.0,79.7,85.8,110.1,79.7,96.0,77.6,78.1,0.0,0,0.0,,0,0,19.9,13.9,195.0,1010.2,53.2,5.3,235.2,20.2,9,,2025-02-15T07:03:49,2025-02-15T18:57:57,0.59,Partially cloudy,Partly cloudy throughout the day.,partly-cloudy-day,"DNIB,NII0000DNIB,DNMM,NII0000DNMM,65201099999,NIM00065208,65100099999,65208099999"
"Abeokuta, Ogun, Nigeria",2025-02-16,99.2,78.8,85.9,107.4,78.8,94.8,76.7,76.9,0.0,0,0.0,,0,0,20.6,86.3,149.7,1009.2,51.2,4.5,253.8,21.9,9,,2025-02-16T07:03:35,2025-02-16T18:58:04,0.63,Partially cloudy,Partly cloudy throughout the day.,wind,"DNIB,NII0000DNIB,DNMM,NII0000DNMM,remote,65201099999,65100099999"
"Abeokuta, Ogun, Nigeria",2025-02-17,95.0,80.6,85.9,110.1,88.2,96.9,77.9,78.7,0.0,0,0.0,,0,0,19.5,11.4,206.4,1009.2,53.9,4.3,248.8,21.6,9,,2025-02-17T07:03:20,2025-02-17T18:58:10,0.66,Partially cloudy,Partly cloudy throughout the day.,partly-cloudy-day,"DNMM,NII0000DNMM,65201099999"
"Abeokuta, Ogun, Nigeria",2025-02-18,94.6,80.6,85.9,105.2,88.2,97.2,78.0,79.4,0.004,100,4.17,rain,0,0,20.6,11.4,200.9,1009.6,56.1,4.2,237.6,20.6,9,,2025-02-18T07:03:04,2025-02-18T18:58:16,0.69,"Rain, Partially cloudy",Partly cloudy throughout the day with afternoon rain.,rain,"DNMM,NII0000DNMM,remote,65201099999"
"Abeokuta, Ogun, Nigeria",2025-02-19,94.7,80.6,86.0,107.6,88.2,97.6,78.3,79.6,0.0,0,0.0,,0,0,17.4,12.8,191.2,1010.7,53.8,5.4,196.6,17.1,8,,2025-02-19T07:02:47,2025-02-19T18:58:21,0.72,Partially cloudy,Partly cloudy throughout the day.,partly-cloudy-day,"DNIB,NII0000DNIB,DNMM,NII0000DNMM,65201099999,65100099999,NIM00065208,65208099999"
"Abeokuta, Ogun, Nigeria",2025-02-20,96.6,79.6,86.2,110.1,79.6,97.5,78.1,78.4,0.0,0,0.0,,0,0,21.9,17.2,194.9,1010.6,56.3,5.5,241.1,20.8,9,,2025-02-20T07:02:30,2025-02-20T18:58:26,0.75,Partially cloudy,Partly cloudy throughout the day.,partly-cloudy-day,"DNIB,NII0000DNIB,DNMM,NII0000DNMM,remote,65201099999,65100099999"
"Abeokuta, Ogun, Nigeria",2025-02-21,95.8,81.6,86.3,107.9,90.8,97.4,77.5,76.6,0.0,0,0.0,,0,0,23.0,12.8,207.5,1010.2,59.5,6.0,237.2,20.5,9,,2025-02-21T07:02:12,2025-02-21T18:58:30,0.79,Partially cloudy,Partly cloudy throughout the day.,partly-cloudy-day,"DNIB,NIM00065213,NII0000DNIB,DNMM,NII0000DNMM,65201099999,NIM00065208,65100099999,65208099999"
"Abeokuta, Ogun, Nigeria",2025-02-22,94.7,77.0,84.3,109.2,77.0,93.1,77.0,80.1,0.039,100,4.17,rain,0,0,23.7,15.0,209.0,1010.2,68.3,5.1,231.0,20.1,9,,2025-02-22T07:01:53,2025-02-22T18:58:33,0.82,"Rain, Partially cloudy",Partly cloudy throughout the day with late afternoon rain.,rain,"DNMM,NII0000DNMM,remote,65201099999"
"Abeokuta, Ogun, Nigeria",2025-02-23,89.6,77.0,81.8,102.6,77.0,88.1,76.5,84.6,0.197,100,4.17,rain,0,0,20.1,10.3,250.9,1010.7,44.6,4.4,227.5,19.7,8,,2025-02-23T07:01:33,2025-02-23T18:58:36,0.85,"Rain, Partially cloudy",Partly cloudy throughout the day with morning rain.,rain,"DNMM,NII0000DNMM,65201099999"
"Abeokuta, Ogun, Nigeria",2025-02-24,94.8,79.0,85.3,107.6,79.0,94.9,77.4,79.1,0.0,0,0.0,,0,0,21.7,13.9,208.7,1010.8,48.4,5.6,240.7,20.8,9,,2025-02-24T07:01:13,2025-02-24T18:58:39,0.88,Partially cloudy,Partly cloudy throughout the day.,partly-cloudy-day,"DNIB,NII0000DNIB,DNMM,NII0000DNMM,65201099999,65100099999,NIM00065208,65208099999"
"Abeokuta, Ogun, Nigeria",2025-02-25,94.2,78.8,83.8,107.6,78.8,92.3,77.4,83.0,2.638,100,4.17,rain,0,0,34.4,23.0,198.6,1011.4,49.5,5.5,252.2,21.8,9,,2025-02-25T07:00:52,2025-02-25T18:58:40,0.92,"Rain, Partially cloudy",Partly cloudy throughout the day with late afternoon rain.,rain,"DNIB,NII0000DNIB,DNMM,NII0000DNMM,remote,65201099999,65100099999"
"Abeokuta, Ogun, Nigeria",2025-02-26,87.8,78.8,82.5,97.2,78.8,89.2,76.6,83.6,0.0,0,0.0,,0,0,24.2,11.4,184.6,1011.9,54.5,4.4,245.4,21.3,9,,2025-02-26T07:00:31,2025-02-26T18:58:42,0.95,Partially cloudy,Partly cloudy throughout the day.,partly-cloudy-day,"DNIB,NII0000DNIB,DNMM,NII0000DNMM,65201099999,65100099999,NIM00065208,65208099999"
"Abeokuta, Ogun, Nigeria",2025-02-27,93.2,77.0,83.9,105.1,77.0,91.4,76.8,80.4,0.0,0,0.0,,0,0,19.9,9.2,191.1,1011.4,51.0,4.9,242.4,21.0,9,,2025-02-27T07:00:09,2025-02-27T18:58:42,0.98,Partially cloudy,Partly cloudy throughout the day.,partly-cloudy-day,"DNIB,NII0000DNIB,DNMM,NII0000DNMM,65201099999,65100099999"
"Abeokuta, Ogun, Nigeria",2025-02-28,90.7,80.5,84.5,105.3,86.8,95.0,77.9,81.4,0.055,100,4.17,rain,0,0,24.2,11.4,204.3,1010.6,48.9,4.9,236.7,20.5,9,,2025-02-28T06:59:46,2025-02-28T18:58:43,0.0,"Rain, Partially cloudy",Partly cloudy throughout the day with afternoon rain.,rain,"DNIB,NII0000DNIB,DNMM,NII0000DNMM,65201099999,65100099999"
"Abeokuta, Ogun, Nigeria",2025-03-01,95.5,79.0,85.2,108.0,79.0,96.6,78.5,81.4,0.0,0,0.0,,0,0,20.8,15.0,201.0,1010.0,53.5,4.8,252.6,21.8,9,,2025-03-01T06:59:23,2025-03-01T18:58:42,0.05,Partially cloudy,Partly cloudy throughout the day.,partly-cloudy-day,"65210099999,DNIB,NII0000DNIB,NIM00065210,DNMM,NII0000DNMM,65201099999,65100099999"
"Abeokuta, Ogun, Nigeria",2025-03-02,94.5,80.6,86.1,107.6,88.1,97.4,77.8,77.7,0.0,0,0.0,,0,0,20.8,12.8,200.5,1009.3,49.8,5.6,246.2,21.1,9,,2025-03-02T06:59:00,2025-03-02T18:58:42,0.09,Partially cloudy,Partly cloudy throughout the day.,partly-cloudy-day,"DNIB,NII0000DNIB,DNMM,NII0000DNMM,65201099999,65100099999,NIM00065208,65208099999"
"Abeokuta, Ogun, Nigeria",2025-03-03,95.0,80.6,86.1,110.1,88.2,98.6,78.7,79.6,0.035,100,4.17,rain,0,0,28.2,15.0,199.7,1008.9,57.2,4.8,236.6,20.4,9,,2025-03-03T06:58:35,2025-03-03T18:58:41,0.12,"Rain, Partially cloudy",Partly cloudy throughout the day with late afternoon rain.,rain,"DNMM,NII0000DNMM,65201099999"
"Abeokuta, Ogun, Nigeria",2025-03-04,93.7,82.4,85.9,106.5,92.5,98.0,78.3,79.3,0.0,0,0.0,,0,0,22.8,20.8,199.9,1008.2,60.4,5.7,220.6,19.0,9,,2025-03-04T06:58:11,2025-03-04T18:58:39,0.16,Partially cloudy,Partly cloudy throughout the day.,partly-cloudy-day,"DNIB,NII0000DNIB,DNMM,NII0000DNMM,65201099999,NIM00065208,65100099999,65208099999"
"Abeokuta, Ogun, Nigeria",2025-03-05,93.2,82.4,85.6,110.5,90.9,97.3,78.0,78.7,0.0,0,0.0,,0,0,22.6,13.9,208.1,1008.4,53.9,5.5,213.7,18.4,9,,2025-03-05T06:57:45,2025-03-05T18:58:37,0.19,Partially cloudy,Partly cloudy throughout the day.,partly-cloudy-day,"DNIB,NII0000DNIB,DNMM,NII0000DNMM,65201099999,NIM00065208,65100099999,65208099999"
"Abeokuta, Ogun, Nigeria",2025-03-06,93.3,80.3,85.2,105.2,86.5,95.1,76.9,77.3,0.0,0,0.0,,0,0,19.2,11.4,195.7,1010.3,52.4,5.9,237.8,20.6,8,,2025-03-06T06:57:20,2025-03-06T18:58:35,0.25,Partially cloudy,Partly cloudy throughout the day.,partly-cloudy-day,"DNIB,NII0000DNIB,DNMM,NII0000DNMM,65201099999,65100099999,NIM00065208,65208099999"
"Abeokuta, Ogun, Nigeria",2025-03-07,93.2,80.6,85.8,109.9,88.2,97.5,78.3,79.3,0.0,0,0.0,,0,0,23.0,17.2,208.5,1010.5,59.3,6.2,231.3,20.1,8,,2025-03-07T06:56:54,2025-03-07T18:58:32,0.26,Partially cloudy,Partly cloudy throughout the day.,partly-cloudy-day,"DNIB,NII0000DNIB,DNMM,NII0000DNMM,65201099999,65100099999"
"Abeokuta, Ogun, Nigeria",2025-03-08,94.3,82.3,86.8,107.9,92.2,99.1,78.0,75.9,0.0,0,0.0,,0,0,17.7,11.4,197.3,1009.5,53.3,5.9,226.4,19.6,8,,2025-03-08T06:56:27,2025-03-08T18:58:29,0.3,Partially cloudy,Partly cloudy throughout the day.,partly-cloudy-day,"DNIB,NII0000DNIB,DNMM,NII0000DNMM,65201099999,NIM00065208,65100099999,65208099999"
"Abeokuta, Ogun, Nigeria",2025-03-09,95.0,81.7,86.8,110.1,90.2,99.4,78.3,77.2,0.0,0,0.0,,0,0,17.9,13.9,194.4,1009.2,58.8,6.1,222.8,19.2,8,,2025-03-09T06:56:00,2025-03-09T18:58:26,0.33,Partially cloudy,Partly cloudy throughout the day.,partly-cloudy-day,"DNIB,NII0000DNIB,DNMM,NII0000DNMM,65201099999,65100099999,NIM00065208,65208099999"
"Abeokuta, Ogun, Nigeria",2025-03-10,95.8,82.2,87.1,110.1,92.0,100.3,78.6,77.2,0.0,0,0.0,,0,0,20.6,13.5,196.9,1010.1,57.9,6.2,218.0,19.0,8,,2025-03-10T06:55:33,2025-03-10T18:58:22,0.37,Partially cloudy,Partly cloudy throughout the day.,partly-cloudy-day,"DNIB,NII0000DNIB,DNMM,NII0000DNMM,65201099999,65100099999"
"Abeokuta, Ogun, Nigeria",2025-03-11,94.0,71.6,83.3,110.7,71.6,93.0,76.9,82.3,0.0,0,0.0,,0,0,51.9,28.9,208.9,1010.9,66.1,5.8,197.3,16.9,7,,2025-03-11T06:55:06,2025-03-11T18:58:18,0.4,Partially cloudy,Partly cloudy throughout the day.,partly-cloudy-day,"DNIB,NII0000DNIB,DNMM,NII0000DNMM,65201099999,65100099999,NIM00065208,65208099999"
"Abeokuta, Ogun, Nigeria",2025-03-12,93.2,80.5,85.8,110.5,87.9,97.8,78.6,80.4,0.008,100,4.17,rain,0,0,22.6,15.0,211.1,1010.1,43.8,6.1,247.7,21.5,9,,2025-03-12T06:54:38,2025-03-12T18:58:14,0.44,"Rain, Partially cloudy",Partly cloudy throughout the day with late afternoon rain.,rain,"DNIB,NII0000DNIB,DNMM,NII0000DNMM,65201099999,65100099999"
"Abeokuta, Ogun, Nigeria",2025-03-13,93.3,77.0,84.3,110.5,77.0,92.7,77.0,80.1,0.0,0,0.0,,0,0,21.5,13.9,196.8,1009.5,61.0,5.9,232.8,20.0,9,,2025-03-13T06:54:09,2025-03-13T18:58:09,0.47,Partially cloudy,Partly cloudy throughout the day.,partly-cloudy-day,"DNIB,NII0000DNIB,DNMM,NII0000DNMM,65201099999,65100099999,NIM00065208,65208099999"
"Abeokuta, Ogun, Nigeria",2025-03-14,93.2,80.8,86.2,110.5,88.5,97.8,77.7,76.7,0.0,0,0.0,,0,0,19.9,12.8,185.7,1010.5,59.6,6.1,240.3,20.9,9,,2025-03-14T06:53:41,2025-03-14T18:58:05,0.5,Partially cloudy,Partly cloudy throughout the day.,partly-cloudy-day,"DNIB,NII0000DNIB,DNMM,NII0000DNMM,65201099999,NIM00065208,65100099999,65208099999"
"Abeokuta, Ogun, Nigeria",2025-03-15,95.0,80.6,86.5,110.1,88.2,98.2,77.9,77.0,0.0,0,0.0,,0,0,17.7,9.2,193.0,1011.6,58.6,6.2,240.9,20.8,9,,2025-03-15T06:53:12,2025-03-15T18:58:00,0.54,Partially cloudy,Partly cloudy throughout the day.,partly-cloudy-day,"DNIB,NII0000DNIB,DNMM,NII0000DNMM,65201099999,65100099999,NIM00065208,65208099999"
"Abeokuta, Ogun, Nigeria",2025-03-16,94.8,82.2,86.4,109.0,90.5,98.1,77.9,77.0,0.0,0,0.0,,0,0,20.6,17.2,200.0,1011.8,61.3,6.0,209.8,18.1,8,,2025-03-16T06:52:43,2025-03-16T18:57:54,0.57,Partially cloudy,Partly cloudy throughout the day.,partly-cloudy-day,"DNIB,NII0000DNIB,DNMM,NII0000DNMM,65201099999,65100099999,NIM00065208,65208099999"
"Abeokuta, Ogun, Nigeria",2025-03-17,94.8,80.6,86.3,107.9,87.2,97.4,77.3,75.7,0.0,0,0.0,,0,0,23.7,17.2,199.7,1010.9,57.9,6.2,236.8,20.4,9,,2025-03-17T06:52:14,2025-03-17T18:57:49,0.6,Partially cloudy,Partly cloudy throughout the day.,partly-cloudy-day,"DNIB,NII0000DNIB,DNMM,NII0000DNMM,65201099999,65100099999,NIM00065208,65208099999"
"Abeokuta, Ogun, Nigeria",2025-03-18,94.0,80.9,86.6,106.5,88.8,97.7,77.2,74.8,0.0,0,0.0,,0,0,27.5,14.0,207.5,1010.0,51.4,5.9,242.7,20.8,9,,2025-03-18T06:51:45,2025-03-18T18:57:43,0.64,Partially cloudy,Partly cloudy throughout the day.,partly-cloudy-day,"DNIB,NIM00065213,NII0000DNIB,DNMM,NII0000DNMM,65201099999,NIM00065208,65100099999,65208099999"
"Abeokuta, Ogun, Nigeria",2025-03-19,93.9,80.6,85.5,105.3,87.2,96.9,77.9,79.1,0.787,100,4.17,rain,0,0,21.9,13.9,194.7,1011.0,60.2,5.8,231.2,20.1,9,,2025-03-19T06:51:15,2025-03-19T18:57:38,0.67,"Rain, Partially cloudy",Partly cloudy throughout the day with afternoon rain.,rain,"DNIB,NII0000DNIB,DNMM,NII0000DNMM,65201099999,65100099999,NIM00065208,65208099999"
"Abeokuta, Ogun, Nigeria",2025-03-20,91.4,80.6,85.5,107.9,87.2,96.9,78.0,79.1,0.0,0,0.0,,0,0,23.7,12.8,203.3,1012.7,60.2,6.2,223.5,19.3,9,,2025-03-20T06:50:46,2025-03-20T18:57:32,0.7,Partially cloudy,Partly cloudy throughout the day.,partly-cloudy-day,"DNIB,NII0000DNIB,DNMM,NII0000DNMM,65201099999,65100099999,NIM00065208,65208099999"
"Abeokuta, Ogun, Nigeria",2025-03-21,93.0,73.4,84.7,105.7,73.4,94.6,77.1,79.0,0.0,0,0.0,,0,0,34.4,27.5,191.8,1012.8,60.4,6.1,215.3,18.6,8,,2025-03-21T06:50:16,2025-03-21T18:57:26,0.74,Partially cloudy,Partly cloudy throughout the day.,partly-cloudy-day,"DNIB,NII0000DNIB,DNMM,NII0000DNMM,remote,65201099999,NIM00065208,65100099999,65208099999"
"Abeokuta, Ogun, Nigeria",2025-03-22,92.1,71.6,81.3,107.3,71.6,87.3,75.1,82.6,0.0,0,0.0,,0,0,51.9,12.8,212.0,1011.7,61.1,5.4,207.8,17.9,8,,2025-03-22T06:49:46,2025-03-22T18:57:20,0.75,Partially cloudy,Partly cloudy throughout the day.,partly-cloudy-day,"DNIB,NII0000DNIB,DNMM,NII0000DNMM,65201099999,65100099999,NIM00065208,65208099999"
"Abeokuta, Ogun, Nigeria",2025-03-23,92.2,73.4,81.8,107.1,73.4,88.0,75.0,81.1,0.197,100,4.17,rain,0,0,19.9,10.3,193.2,1011.2,58.7,5.4,216.8,18.5,8,,2025-03-23T06:49:16,2025-03-23T18:57:14,0.8,"Rain, Partially cloudy",Partly cloudy throughout the day with morning rain.,rain,"DNIB,NII0000DNIB,DNMM,NII0000DNMM,65201099999,65100099999,NIM00065208,65208099999"
"Abeokuta, Ogun, Nigeria",2025-03-24,93.2,77.0,83.5,105.2,77.0,90.4,76.9,82.3,0.827,100,4.17,rain,0,0,20.4,13.9,222.6,1011.9,62.5,5.8,240.6,20.8,8,,2025-03-24T06:48:46,2025-03-24T18:57:08,0.84,"Rain, Partially cloudy",Partly cloudy throughout the day with late afternoon rain.,rain,"DNIB,NII0000DNIB,DNMM,NII0000DNMM,65201099999,NIM00065208,65100099999,65208099999"
"Abeokuta, Ogun, Nigeria",2025-03-25,91.4,77.0,84.1,105.3,77.0,92.3,77.8,82.4,0.0,0,0.0,,0,0,19.7,14.6,220.1,1011.6,55.3,4.8,235.2,20.3,8,,2025-03-25T06:48:16,2025-03-25T18:57:02,0.87,Partially cloudy,Partly cloudy throughout the day.,partly-cloudy-day,"DNIB,NII0000DNIB,DNMM,NII0000DNMM,65201099999,65100099999,NIM00065208,65208099999"
"Abeokuta, Ogun, Nigeria",2025-03-26,91.4,80.7,85.1,107.9,87.7,96.5,78.1,80.2,0.016,100,4.17,rain,0,0,27.3,15.0,208.7,1010.4,59.9,6.1,223.8,19.2,8,,2025-03-26T06:47:46,2025-03-26T18:56:55,0.9,"Rain, Partially cloudy",Partly cloudy throughout the day with early morning rain.,rain,"DNIB,NII0000DNIB,DNMM,NII0000DNMM,remote,65201099999,65100099999,NIM00065208,65208099999"
"Abeokuta, Ogun, Nigeria",2025-03-27,95.0,76.9,84.1,112.9,76.9,91.7,76.0,77.8,0.0,0,0.0,,0,0,21.9,12.8,190.0,1009.5,53.2,6.0,234.1,20.2,9,,2025-03-27T06:47:16,2025-03-27T18:56:49,0.93,Partially cloudy,Partly cloudy throughout the day.,partly-cloudy-day,"DNIB,NII0000DNIB,DNMM,NII0000DNMM,65201099999,65100099999,NIM00065208,65208099999"
"Abeokuta, Ogun, Nigeria",2025-03-28,93.2,78.8,85.0,105.5,78.8,94.4,77.0,78.0,0.008,100,8.33,rain,0,0,17.9,12.8,203.9,1009.7,56.1,6.0,238.5,20.5,9,,2025-03-28T06:46:46,2025-03-28T18:56:43,0.97,"Rain, Partially cloudy",Partly cloudy throughout the day with afternoon rain.,rain,"DNIB,NII0000DNIB,DNMM,NII0000DNMM,65201099999,65100099999,NIM00065208,65208099999"
"Abeokuta, Ogun, Nigeria",2025-03-29,93.2,80.5,86.0,105.5,87.0,96.0,76.5,74.4,0.0,0,0.0,,0,0,20.1,11.7,192.6,1009.3,53.8,6.1,225.6,19.2,8,,2025-03-29T06:46:16,2025-03-29T18:56:37,0.0,Partially cloudy,Partly cloudy throughout the day.,partly-cloudy-day,"DNIB,NII0000DNIB,DNMM,NII0000DNMM,65201099999,NIM00065208,65100099999,65208099999"
"Abeokuta, Ogun, Nigeria",2025-03-30,93.1,80.6,85.8,107.7,88.2,97.1,77.8,78.0,0.0,0,0.0,,0,0,22.6,16.1,207.4,1009.3,50.9,6.2,253.7,22.0,9,,2025-03-30T06:45:47,2025-03-30T18:56:31,0.03,Partially cloudy,Partly cloudy throughout the day.,partly-cloudy-day,"DNIB,NII0000DNIB,DNMM,NII0000DNMM,65201099999,NIM00065208,65100099999,65208099999"
"Abeokuta, Ogun, Nigeria",2025-03-31,95.0,78.8,85.5,110.1,78.8,95.9,77.5,78.1,0.0,0,0.0,,0,0,23.0,16.1,215.0,1009.2,62.7,6.1,195.4,16.8,7,,2025-03-31T06:45:17,2025-03-31T18:56:25,0.07,Partially cloudy,Partly cloudy throughout the day.,partly-cloudy-day,"DNIB,NII0000DNIB,DNMM,NII0000DNMM,remote,65201099999,NIM00065208,65100099999,65208099999"
"Abeokuta, Ogun, Nigeria",2025-04-01,92.0,80.0,85.5,107.2,80.0,97.0,78.3,79.8,0.0,0,0.0,,0,0,20.4,13.9,198.6,1009.0,65.5,6.0,191.8,16.6,7,,2025-04-01T06:44:47,2025-04-01T18:56:19,0.1,Partially cloudy,Partly cloudy throughout the day.,partly-cloudy-day,"DNIB,NII0000DNIB,DNMM,NII0000DNMM,remote,65201099999,NIM00065208,65100099999,65208099999"
"Abeokuta, Ogun, Nigeria",2025-04-02,86.8,75.2,82.8,100.1,75.2,93.3,78.4,86.7,0.315,100,4.17,rain,0,0,28.9,16.1,207.0,1009.5,60.7,5.3,179.4,15.2,8,,2025-04-02T06:44:18,2025-04-02T18:56:13,0.14,"Rain, Partially cloudy",Partly cloudy throughout the day with late afternoon rain.,rain,"DNIB,NII0000DNIB,DNMM,NII0000DNMM,65201099999,65100099999,NIM00065208,65208099999"
"Abeokuta, Ogun, Nigeria",2025-04-03,91.5,73.4,82.0,107.8,73.4,88.7,75.9,83.0,1.22,100,8.33,rain,0,0,17.9,13.9,173.6,1010.5,49.3,5.1,185.8,16.1,7,,2025-04-03T06:43:49,2025-04-03T18:56:07,0.17,"Rain, Partially cloudy",Partly cloudy throughout the day with rain clearing later.,rain,"DNIB,NII0000DNIB,DNMM,NII0000DNMM,remote,65201099999,65100099999,NIM00065208,65208099999"
"Abeokuta, Ogun, Nigeria",2025-04-04,93.2,78.8,85.1,109.9,78.8,94.5,77.6,79.6,1.22,100,4.17,rain,0,0,17.0,11.4,198.9,1011.1,51.0,6.0,241.5,21.0,9,,2025-04-04T06:43:20,2025-04-04T18:56:01,0.21,"Rain, Partially cloudy",Partly cloudy throughout the day with early morning rain.,rain,"NII0000DNIB,DNMM,NII0000DNMM,remote,65201099999,NIM00065208,65208099999"
"Abeokuta, Ogun, Nigeria",2025-04-05,93.2,79.2,85.8,105.2,79.2,96.1,77.3,77.1,0.0,0,0.0,,0,0,21.0,12.2,208.1,1010.9,46.7,6.1,256.2,22.3,9,,2025-04-05T06:42:51,2025-04-05T18:55:56,0.25,Partially cloudy,Partly cloudy throughout the day.,partly-cloudy-day,"DNIB,NII0000DNIB,DNMM,remote,NII0000DNMM,65201099999,65100099999,NIM00065208,65208099999"
"Abeokuta, Ogun, Nigeria",2025-04-06,94.0,80.6,86.3,109.1,87.2,97.9,77.8,76.9,0.0,0,0.0,,0,0,18.6,15.0,197.2,1010.4,56.7,6.2,225.9,19.3,9,,2025-04-06T06:42:22,2025-04-06T18:55:51,0.27,Partially cloudy,Partly cloudy throughout the day.,partly-cloudy-day,"DNIB,NII0000DNIB,DNMM,NII0000DNMM,65201099999,65100099999"
"Abeokuta, Ogun, Nigeria",2025-04-07,93.2,80.6,85.8,109.2,88.2,97.9,78.4,79.6,0.004,100,4.17,rain,0,0,19.2,12.8,186.9,1010.4,55.3,6.0,236.0,20.1,9,,2025-04-07T06:41:54,2025-04-07T18:55:46,0.31,"Rain, Partially cloudy",Partly cloudy throughout the day with morning rain.,rain,"DNIB,NII0000DNIB,DNMM,NII0000DNMM,remote,65201099999,65100099999,NIM00065208,65208099999"
"Abeokuta, Ogun, Nigeria",2025-04-08,94.7,80.6,86.3,109.2,88.2,98.1,78.1,78.0,0.0,0,0.0,,0,0,20.6,12.4,194.1,1012.1,58.5,6.0,244.8,21.1,8,,2025-04-08T06:41:25,2025-04-08T18:55:41,0.34,Partially cloudy,Partly cloudy throughout the day.,partly-cloudy-day,"DNIB,NII0000DNIB,DNMM,NII0000DNMM,remote,65201099999,65100099999,NIM00065208,65208099999"
"Abeokuta, Ogun, Nigeria",2025-04-09,91.4,77.1,83.8,100.6,77.1,92.0,76.0,78.5,0.039,100,4.17,rain,0,0,20.8,16.1,218.6,1013.0,55.6,5.8,213.9,18.4,8,,2025-04-09T06:40:57,2025-04-09T18:55:36,0.38,"Rain, Partially cloudy",Partly cloudy throughout the day with morning rain.,rain,"DNIB,NII0000DNIB,DNMM,NII0000DNMM,65201099999,65100099999,NIM00065208,65208099999"
"Abeokuta, Ogun, Nigeria",2025-04-10,90.7,73.4,82.9,103.0,73.4,89.9,76.6,82.4,0.0,0,0.0,,0,0,19.5,14.0,195.8,1011.2,60.6,5.6,197.8,16.9,8,,2025-04-10T06:40:30,2025-04-10T18:55:31,0.41,Partially cloudy,Partly cloudy throughout the day.,partly-cloudy-day,"DNIB,NII0000DNIB,DNMM,NII0000DNMM,65201099999,65100099999,NIM00065208,65208099999"
"Abeokuta, Ogun, Nigeria",2025-04-11,89.9,73.4,80.5,105.7,73.4,86.8,75.6,86.0,0.945,100,4.17,rain,0,0,20.1,13.4,181.5,1010.2,58.3,5.3,152.2,13.1,5,,2025-04-11T06:40:03,2025-04-11T18:55:27,0.45,"Rain, Partially cloudy",Partly cloudy throughout the day with early morning rain.,rain,"DNIB,NII0000DNIB,DNMM,NII0000DNMM,65201099999,NIM00065208,65100099999,65208099999"
"Abeokuta, Ogun, Nigeria",2025-04-12,91.6,75.2,84.0,105.2,75.2,92.4,76.7,79.8,0.0,0,0.0,,0,0,14.3,13.9,197.1,1010.8,54.5,5.8,185.7,16.1,6,,2025-04-12T06:39:36,2025-04-12T18:55:23,0.48,Partially cloudy,Partly cloudy throughout the day.,partly-cloudy-day,"DNIB,NII0000DNIB,DNMM,NII0000DNMM,65201099999,65100099999,NIM00065208,65208099999"
"Abeokuta, Ogun, Nigeria",2025-04-13,93.2,80.5,85.4,110.5,87.8,97.1,78.4,80.6,0.0,0,0.0,,0,0,20.1,10.3,193.9,1011.0,57.2,6.1,246.4,21.4,9,,2025-04-13T06:39:09,2025-04-13T18:55:19,0.5,Partially cloudy,Partly cloudy throughout the day.,partly-cloudy-day,"DNIB,NII0000DNIB,DNMM,NII0000DNMM,65201099999,65100099999"
"Abeokuta, Ogun, Nigeria",2025-04-14,91.7,80.6,84.3,108.4,86.4,95.5,78.6,83.7,1.339,100,4.17,rain,0,0,25.3,12.8,201.6,1010.8,59.3,5.6,216.4,18.6,8,,2025-04-14T06:38:43,2025-04-14T18:55:16,0.55,"Rain, Partially cloudy",Partly cloudy throughout the day with late afternoon rain.,rain,"DNIB,NII0000DNIB,DNMM,NII0000DNMM,remote,65201099999,65100099999"
"Abeokuta, Ogun, Nigeria",2025-04-15,92.5,77.0,84.6,108.2,77.0,94.5,78.1,81.8,0.0,0,0.0,,0,0,18.6,13.9,207.8,1011.3,52.6,5.8,216.1,18.7,8,,2025-04-15T06:38:17,2025-04-15T18:55:13,0.58,Partially cloudy,Partly cloudy throughout the day.,partly-cloudy-day,"DNIB,NII0000DNIB,DNMM,NII0000DNMM,65201099999,NIM00065208,65100099999,65208099999"
"Abeokuta, Ogun, Nigeria",2025-04-16,93.2,80.6,85.8,110.5,88.2,98.3,78.6,80.1,0.0,0,0.0,,0,0,24.2,15.0,206.4,1011.6,59.1,5.9,237.1,20.5,9,,2025-04-16T06:37:52,2025-04-16T18:55:10,0.62,Partially cloudy,Partly cloudy throughout the day.,partly-cloudy-day,"DNMM,NII0000DNMM,65201099999"
"Abeokuta, Ogun, Nigeria",2025-04-17,91.4,80.5,84.7,108.1,87.2,96.1,78.3,81.8,0.078,100,8.33,rain,0,0,26.4,12.8,186.6,1011.9,61.2,5.7,241.5,20.7,8,,2025-04-17T06:37:27,2025-04-17T18:55:07,0.65,"Rain, Partially cloudy",Partly cloudy throughout the day with rain in the morning and afternoon.,rain,"DNIB,NII0000DNIB,DNMM,NII0000DNMM,65201099999,NIM00065208,65100099999,65208099999"
"Abeokuta, Ogun, Nigeria",2025-04-18,93.2,77.0,85.6,113.2,77.0,97.6,78.4,79.7,0.0,0,0.0,,0,0,21.5,19.7,186.6,1010.6,54.9,6.0,248.4,21.6,9,,2025-04-18T06:37:02,2025-04-18T18:55:05,0.68,Partially cloudy,Partly cloudy throughout the day.,partly-cloudy-day,"DNMM,NII0000DNMM,remote,65201099999"
"Abeokuta, Ogun, Nigeria",2025-04-19,93.2,75.2,83.8,110.5,75.2,91.8,76.6,79.9,0.079,100,4.17,rain,0,0,20.8,13.9,193.8,1009.9,67.1,5.7,205.5,17.6,6,,2025-04-19T06:36:38,2025-04-19T18:55:03,0.72,"Rain, Partially cloudy",Partly cloudy throughout the day with early morning rain.,rain,"DNMM,remote,NII0000DNMM,65201099999"
"Abeokuta, Ogun, Nigeria",2025-04-20,92.7,77.3,84.2,108.0,77.3,93.2,78.0,82.6,0.004,100,4.17,rain,0,0,17.7,15.0,207.7,1009.3,60.9,5.5,225.1,19.2,9,,2025-04-20T06:36:15,2025-04-20T18:55:02,0.75,"Rain, Partially cloudy",Partly cloudy throughout the day with morning rain.,rain,"DNIB,NII0000DNIB,DNMM,NII0000DNMM,remote,65201099999,65100099999"
"Abeokuta, Ogun, Nigeria",2025-04-21,94.7,80.5,85.8,112.6,87.9,98.2,78.8,80.8,0.0,0,0.0,,0,0,17.7,15.0,185.4,1008.5,47.8,6.1,233.7,20.2,9,,2025-04-21T06:35:52,2025-04-21T18:55:01,0.75,Partially cloudy,Partly cloudy throughout the day.,partly-cloudy-day,"DNIB,NII0000DNIB,DNMM,NII0000DNMM,remote,65201099999,NIM00065208,65100099999,65208099999"
"Abeokuta, Ogun, Nigeria",2025-04-22,95.6,76.9,86.3,109.4,76.9,97.9,78.0,77.7,0.024,100,4.17,rain,0,0,24.2,16.1,206.2,1008.9,62.4,6.0,239.6,20.7,9,,2025-04-22T06:35:29,2025-04-22T18:55:00,0.82,"Rain, Partially cloudy",Partly cloudy throughout the day with afternoon rain.,rain,"DNIB,NII0000DNIB,NIM00065210,DNMM,NII0000DNMM,remote,65201099999,65100099999"
"Abeokuta, Ogun, Nigeria",2025-04-23,91.4,73.4,80.0,107.9,73.4,84.8,75.2,86.1,0.024,100,4.17,rain,0,0,17.7,11.4,178.7,1009.9,67.8,5.1,176.7,15.3,6,,2025-04-23T06:35:07,2025-04-23T18:55:00,0.85,"Rain, Partially cloudy",Partly cloudy throughout the day with late afternoon rain.,rain,"DNMM,NII0000DNMM,remote,65201099999"
"Abeokuta, Ogun, Nigeria",2025-04-24,90.8,78.7,83.5,102.4,78.7,89.9,76.0,79.1,0.044,100,20.83,rain,0,0,16.8,7.8,194.7,1008.8,88.0,6.2,196.2,16.9,7,,2025-04-24T06:34:46,2025-04-24T18:55:00,0.89,"Rain, Partially cloudy",Partly cloudy throughout the day with rain in the morning and afternoon.,rain,"DNMM,remote,NII0000DNMM,65201099999"
"Abeokuta, Ogun, Nigeria",2025-04-25,91.5,80.6,85.9,107.9,87.2,98.1,78.4,79.3,0.0,0,0.0,,0,0,21.3,17.2,187.1,1009.0,49.2,6.2,267.8,23.1,9,,2025-04-25T06:34:25,2025-04-25T18:55:00,0.92,Partially cloudy,Partly cloudy throughout the day.,partly-cloudy-day,"DNIB,NII0000DNIB,DNMM,NII0000DNMM,65201099999,65100099999"
"Abeokuta, Ogun, Nigeria",2025-04-26,84.3,80.6,82.4,98.4,88.2,91.8,78.1,87.0,0.472,100,4.17,rain,0,0,21.3,16.1,193.8,1009.8,53.8,5.5,179.6,15.4,7,,2025-04-26T06:34:04,2025-04-26T18:55:01,0.95,"Rain, Partially cloudy",Partly cloudy throughout the day with afternoon rain.,rain,"DNMM,NII0000DNMM,65201099999"
"Abeokuta, Ogun, Nigeria",2025-04-27,89.6,78.8,83.3,105.3,78.8,91.4,76.9,81.6,0.0,0,0.0,,0,0,18.3,16.1,237.8,1010.0,51.8,5.2,206.8,17.7,7,,2025-04-27T06:33:45,2025-04-27T18:55:02,0.0,Partially cloudy,Partly cloudy throughout the day.,partly-cloudy-day,"DNMM,NII0000DNMM,65201099999"
"Abeokuta, Ogun, Nigeria",2025-04-28,95.0,75.1,82.9,110.1,75.1,90.1,76.2,81.8,0.276,100,4.17,rain,0,0,58.8,34.4,181.2,1009.9,60.6,5.4,243.8,21.2,9,,2025-04-28T06:33:26,2025-04-28T18:55:03,0.02,"Rain, Partially cloudy",Partly cloudy throughout the day with late afternoon rain.,rain,"DNIB,NII0000DNIB,DNMM,NII0000DNMM,65201099999,NIM00065208,65100099999,65208099999"
"Abeokuta, Ogun, Nigeria",2025-04-29,85.5,73.4,76.9,96.5,73.4,78.1,74.3,92.1,0.0,0,0.0,,0,0,18.6,19.0,122.1,1009.2,49.9,3.1,138.8,11.9,6,,2025-04-29T06:33:07,2025-04-29T18:55:05,0.06,Partially cloudy,Partly cloudy throughout the day.,partly-cloudy-day,"DNIB,NII0000DNIB,DNMM,NII0000DNMM,65201099999,65100099999,NIM00065208,65208099999"
"Abeokuta, Ogun, Nigeria",2025-04-30,89.9,73.4,81.4,101.6,73.4,87.7,75.6,83.9,0.787,100,4.17,rain,0,0,19.7,15.0,170.2,1009.1,46.5,4.6,169.4,14.4,5,,2025-04-30T06:32:49,2025-04-30T18:55:08,0.09,"Rain, Partially cloudy",Partly cloudy throughout the day with early morning rain.,rain,"DNIB,NII0000DNIB,DNMM,NII0000DNMM,65201099999,65100099999,NIM00065208,65208099999"
"Abeokuta, Ogun, Nigeria",2025-05-01,87.8,78.8,82.8,98.2,78.8,90.5,76.6,82.2,0.0,0,0.0,,0,0,17.7,8.1,236.8,1010.4,47.0,5.8,200.1,17.4,8,,2025-05-01T06:32:32,2025-05-01T18:55:11,0.12,Partially cloudy,Partly cloudy throughout the day.,partly-cloudy-day,"DNIB,NII0000DNIB,DNMM,NII0000DNMM,65201099999,65100099999,NIM00065208,65208099999"
"Abeokuta, Ogun, Nigeria",2025-05-02,87.8,77.0,80.5,105.3,77.0,85.0,77.1,89.7,0.079,100,4.17,rain,0,0,18.3,10.3,239.0,1011.7,54.0,4.2,155.5,13.5,6,,2025-05-02T06:32:15,2025-05-02T18:55:14,0.16,"Rain, Partially cloudy",Partly cloudy throughout the day with late afternoon rain.,rain,"NII0000DNIB,DNMM,NII0000DNMM,65201099999,NIM00065208,65208099999"
"Abeokuta, Ogun, Nigeria",2025-05-03,90.4,75.2,82.1,102.3,75.2,87.6,75.2,81.1,0.0,0,0.0,,0,0,15.7,6.9,206.0,1012.3,49.6,5.8,226.8,19.5,8,,2025-05-03T06:31:59,2025-05-03T18:55:18,0.19,Partially cloudy,Partly cloudy throughout the day.,partly-cloudy-day,"DNIB,NII0000DNIB,DNMM,NII0000DNMM,remote,65201099999,NIM00065208,65100099999,65208099999"
"Abeokuta, Ogun, Nigeria",2025-05-04,91.4,78.8,84.5,107.9,78.8,94.6,78.0,81.5,0.0,0,0.0,,0,0,16.3,13.9,194.8,1011.5,55.8,6.1,219.2,19.0,8,,2025-05-04T06:31:44,2025-05-04T18:55:22,0.25,Partially cloudy,Partly cloudy throughout the day.,partly-cloudy-day,"DNMM,NII0000DNMM,65201099999"
"Abeokuta, Ogun, Nigeria",2025-05-05,91.4,80.3,84.9,105.2,86.5,95.2,77.5,79.5,0.008,100,4.17,rain,0,0,23.9,16.1,192.9,1011.6,57.1,6.1,216.9,18.6,9,,2025-05-05T06:31:29,2025-05-05T18:55:27,0.26,"Rain, Partially cloudy",Partly cloudy throughout the day with morning rain.,rain,"DNIB,NII0000DNIB,DNMM,NII0000DNMM,65201099999,65100099999,NIM00065208,65208099999"
"Abeokuta, Ogun, Nigeria",2025-05-06,91.6,79.1,85.3,107.7,79.1,96.5,78.3,80.5,0.0,0,0.0,,0,0,17.0,11.4,189.8,1011.5,57.2,6.1,217.1,18.8,8,,2025-05-06T06:31:15,2025-05-06T18:55:32,0.29,Partially cloudy,Partly cloudy throughout the day.,partly-cloudy-day,"DNIB,NII0000DNIB,DNMM,NII0000DNMM,65201099999,65100099999"
"Abeokuta, Ogun, Nigeria",2025-05-07,92.2,80.4,85.5,106.2,86.7,96.4,77.7,78.6,0.0,0,0.0,,0,0,17.9,15.0,186.9,1011.9,51.7,6.0,208.1,17.9,7,,2025-05-07T06:31:02,2025-05-07T18:55:37,0.32,Partially cloudy,Partly cloudy throughout the day.,partly-cloudy-day,"DNIB,NII0000DNIB,DNMM,NII0000DNMM,65201099999,65100099999,NIM00065208,65208099999"
"Abeokuta, Ogun, Nigeria",2025-05-08,91.4,73.6,83.2,105.2,73.6,90.0,75.5,78.9,0.354,100,4.17,rain,0,0,51.9,40.3,160.1,1011.4,55.3,5.4,258.8,22.3,9,,2025-05-08T06:30:49,2025-05-08T18:55:43,0.36,"Rain, Partially cloudy",Partly cloudy throughout the day with morning rain.,rain,"DNIB,NII0000DNIB,DNMM,NII0000DNMM,65201099999,65100099999,NIM00065208,65208099999"
"Abeokuta, Ogun, Nigeria",2025-05-09,91.4,80.3,84.3,105.2,85.7,93.6,76.7,78.6,0.0,0,0.0,,0,0,21.9,13.9,177.3,1011.1,55.1,6.1,181.3,15.5,6,,2025-05-09T06:30:37,2025-05-09T18:55:49,0.39,Partially cloudy,Partly cloudy throughout the day.,partly-cloudy-day,"DNIB,NII0000DNIB,DNMM,NII0000DNMM,65201099999,65100099999,NIM00065208,65208099999"
"Abeokuta, Ogun, Nigeria",2025-05-10,92.2,79.0,84.8,103.8,79.0,93.2,75.9,75.8,0.0,0,0.0,,0,0,19.7,13.9,180.4,1013.2,54.2,6.2,226.4,19.4,8,,2025-05-10T06:30:26,2025-05-10T18:55:56,0.42,Partially cloudy,Partly cloudy throughout the day.,partly-cloudy-day,"DNIB,NII0000DNIB,DNMM,NII0000DNMM,65201099999,65100099999,NIM00065208,65208099999"
"Abeokuta, Ogun, Nigeria",2025-05-11,93.2,77.0,84.8,105.1,77.0,92.0,75.6,75.4,0.0,0,0.0,,0,0,26.8,13.6,181.2,1013.9,53.4,6.2,246.9,21.3,8,,2025-05-11T06:30:15,2025-05-11T18:56:03,0.46,Partially cloudy,Partly cloudy throughout the day.,partly-cloudy-day,"DNMM,NII0000DNMM,65201099999"
"Abeokuta, Ogun, Nigeria",2025-05-12,93.2,80.5,85.9,107.6,87.0,97.0,77.7,77.9,0.0,0,0.0,,0,0,16.8,13.9,200.6,1012.7,56.9,6.2,216.7,18.7,7,,2025-05-12T06:30:06,2025-05-12T18:56:11,0.5,Partially cloudy,Partly cloudy throughout the day.,partly-cloudy-day,"DNIB,NII0000DNIB,DNMM,NII0000DNMM,65201099999,65100099999"
"Abeokuta, Ogun, Nigeria",2025-05-13,86.2,75.2,80.9,99.5,75.2,87.2,76.6,87.0,0.275,100,12.5,rain,0,0,23.0,21.3,196.5,1011.6,62.0,5.3,185.9,16.1,8,,2025-05-13T06:29:57,2025-05-13T18:56:19,0.53,"Rain, Partially cloudy",Partly cloudy throughout the day with rain.,rain,"DNIB,NII0000DNIB,DNMM,NII0000DNMM,65201099999,65100099999,NIM00065208,65208099999"
"Abeokuta, Ogun, Nigeria",2025-05-14,92.5,75.0,83.1,105.0,75.0,89.9,75.5,79.2,0.012,100,8.33,rain,0,0,16.3,13.9,202.1,1011.0,50.9,5.2,218.8,18.9,7,,2025-05-14T06:29:48,2025-05-14T18:56:27,0.56,"Rain, Partially cloudy",Partly cloudy throughout the day with afternoon rain.,rain,"DNIB,NII0000DNIB,DNMM,NII0000DNMM,remote,65201099999,65100099999,NIM00065208,65208099999"
"Abeokuta, Ogun, Nigeria",2025-05-15,91.4,80.3,84.5,102.5,86.5,93.7,76.4,77.6,0.0,0,0.0,,0,0,18.3,15.0,107.1,1011.0,52.3,6.1,237.1,20.3,8,,2025-05-15T06:29:41,2025-05-15T18:56:36,0.6,Partially cloudy,Partly cloudy throughout the day.,partly-cloudy-day,"DNIB,NII0000DNIB,DNMM,NII0000DNMM,65201099999,65100099999,NIM00065208,65208099999"
"Abeokuta, Ogun, Nigeria",2025-05-16,93.1,80.5,85.4,103.6,87.0,95.0,76.5,75.7,0.028,100,4.17,rain,0,0,16.8,10.3,196.3,1010.0,54.4,6.2,228.9,19.7,9,,2025-05-16T06:29:34,2025-05-16T18:56:46,0.63,"Rain, Partially cloudy",Partly cloudy throughout the day with afternoon rain.,rain,"DNIB,NII0000DNIB,DNMM,NII0000DNMM,remote,65201099999,65100099999,NIM00065208,65208099999"
"Abeokuta, Ogun, Nigeria",2025-05-17,88.6,77.0,81.3,100.1,77.0,86.0,76.3,85.6,0.984,100,4.17,rain,0,0,20.1,11.4,257.0,1010.3,81.7,5.5,135.1,11.6,5,,2025-05-17T06:29:28,2025-05-17T18:56:55,0.66,"Rain, Partially cloudy",Partly cloudy throughout the day with late afternoon rain.,rain,"DNIB,NII0000DNIB,DNMM,remote,NII0000DNMM,65201099999,NIM00065208,65100099999,65208099999"
"Abeokuta, Ogun, Nigeria",2025-05-18,86.0,75.2,80.2,99.5,75.2,84.6,76.1,87.8,0.0,0,0.0,,0,0,14.3,10.3,217.0,1012.0,57.7,4.7,136.4,11.8,6,,2025-05-18T06:29:22,2025-05-18T18:57:05,0.7,Partially cloudy,Partly cloudy throughout the day.,partly-cloudy-day,"DNIB,NII0000DNIB,DNMM,NII0000DNMM,remote,65201099999,65100099999,NIM00065208,65208099999"
"Abeokuta, Ogun, Nigeria",2025-05-19,91.4,75.2,82.6,100.5,75.2,88.4,75.8,81.3,0.0,0,0.0,,0,0,14.8,10.3,229.8,1012.4,48.2,6.1,260.0,22.3,9,,2025-05-19T06:29:17,2025-05-19T18:57:16,0.73,Partially cloudy,Partly cloudy throughout the day.,partly-cloudy-day,"DNIB,NII0000DNIB,DNMM,NII0000DNMM,65201099999,65100099999,NIM00065208,65208099999"
"Abeokuta, Ogun, Nigeria",2025-05-20,86.6,71.6,78.9,99.4,71.6,82.2,74.4,86.3,0.197,100,8.33,rain,0,0,51.9,28.9,23.1,1012.3,54.5,5.2,181.9,15.7,8,,2025-05-20T06:29:13,2025-05-20T18:57:27,0.75,"Rain, Partially cloudy",Partly cloudy throughout the day with rain.,rain,"DNIB,NII0000DNIB,DNMM,NII0000DNMM,remote,65201099999,65100099999,NIM00065208,65208099999"
"Abeokuta, Ogun, Nigeria",2025-05-21,85.5,75.1,79.7,94.5,75.1,83.9,74.5,84.8,0.0,0,0.0,,0,0,16.3,8.6,142.2,1012.6,64.1,5.4,190.5,16.3,6,,2025-05-21T06:29:10,2025-05-21T18:57:38,0.8,Partially cloudy,Partly cloudy throughout the day.,partly-cloudy-day,"DNIB,NII0000DNIB,DNMM,NII0000DNMM,65201099999,65100099999,NIM00065208,65208099999"
"Abeokuta, Ogun, Nigeria",2025-05-22,91.3,78.8,83.7,102.6,78.8,91.0,76.5,80.1,0.118,100,12.5,rain,0,0,17.7,12.8,210.2,1013.1,55.1,6.0,215.6,18.5,7,,2025-05-22T06:29:08,2025-05-22T18:57:49,0.84,"Rain, Partially cloudy",Partly cloudy throughout the day with afternoon rain.,rain,"DNIB,NII0000DNIB,DNMM,NII0000DNMM,remote,65201099999,65100099999,NIM00065208,65208099999"
"Abeokuta, Ogun, Nigeria",2025-05-23,89.5,78.3,82.5,105.1,78.3,89.5,77.6,85.6,0.315,100,4.17,rain,0,0,17.2,10.3,213.4,1012.6,65.2,5.8,170.7,15.0,5,,2025-05-23T06:29:06,2025-05-23T18:58:01,0.87,"Rain, Partially cloudy",Partly cloudy throughout the day with afternoon rain.,rain,"DNIB,NII0000DNIB,DNMM,remote,NII0000DNMM,65201099999,NIM00065208,65100099999,65208099999"
"Abeokuta, Ogun, Nigeria",2025-05-24,86.0,77.6,81.2,99.5,77.6,86.5,76.3,85.4,0.788,100,8.33,rain,0,0,18.3,10.3,215.5,1013.9,60.6,5.8,174.3,15.0,6,,2025-05-24T06:29:04,2025-05-24T18:58:13,0.91,"Rain, Partially cloudy",Partly cloudy throughout the day with rain in the morning and afternoon.,rain,"DNIB,NII0000DNIB,DNMM,remote,NII0000DNMM,65201099999,65100099999,NIM00065208,65208099999"
"Abeokuta, Ogun, Nigeria",2025-05-25,89.8,76.7,83.0,100.4,76.7,88.6,75.2,78.4,0.0,0,0.0,,0,0,17.4,11.4,191.4,1014.6,49.2,6.1,271.8,23.5,9,,2025-05-25T06:29:04,2025-05-25T18:58:26,0.94,Partially cloudy,Partly cloudy throughout the day.,partly-cloudy-day,"DNMM,NII0000DNMM,65201099999"
"Abeokuta, Ogun, Nigeria",2025-05-26,91.4,78.6,83.8,105.2,78.6,91.4,77.1,81.3,0.0,0,0.0,,0,0,19.7,13.9,189.9,1014.3,53.3,6.2,207.2,17.9,7,,2025-05-26T06:29:04,2025-05-26T18:58:38,0.98,Partially cloudy,Partly cloudy throughout the day.,partly-cloudy-day,"DNIB,NII0000DNIB,DNMM,NII0000DNMM,65201099999,65100099999"
"Abeokuta, Ogun, Nigeria",2025-05-27,88.7,78.8,83.4,101.5,78.8,92.6,77.8,84.0,0.984,100,4.17,rain,0,0,18.1,10.3,202.5,1013.3,64.3,5.5,196.9,17.0,7,,2025-05-27T06:29:05,2025-05-27T18:58:51,0.0,"Rain, Partially cloudy",Partly cloudy throughout the day with late afternoon rain.,rain,"DNIB,NII0000DNIB,DNMM,NII0000DNMM,remote,65201099999,65100099999,NIM00065208,65208099999"
"Abeokuta, Ogun, Nigeria",2025-05-28,87.8,77.0,81.6,100.0,77.0,87.8,76.7,85.5,0.157,100,4.17,rain,0,0,15.0,9.2,184.4,1014.1,58.1,5.5,131.9,11.5,5,,2025-05-28T06:29:07,2025-05-28T18:59:05,0.04,"Rain, Partially cloudy",Partly cloudy throughout the day with late afternoon rain.,rain,"DNIB,NII0000DNIB,DNMM,NII0000DNMM,65201099999,NIM00065208,65100099999,65208099999"
"Abeokuta, Ogun, Nigeria",2025-05-29,82.1,76.6,79.0,88.0,76.6,80.6,75.4,89.2,0.016,100,4.17,rain,0,0,12.3,7.8,301.3,1015.3,70.5,4.6,95.2,8.2,4,,2025-05-29T06:29:09,2025-05-29T18:59:18,0.08,"Rain, Partially cloudy",Partly cloudy throughout the day with afternoon rain.,rain,"DNIB,NII0000DNIB,DNMM,NII0000DNMM,remote,65201099999,65100099999,NIM00065208,65208099999"
"Abeokuta, Ogun, Nigeria",2025-05-30,92.1,77.0,83.3,100.6,77.0,88.4,75.4,79.0,0.669,100,4.17,rain,0,0,17.7,15.0,95.1,1014.9,57.9,4.3,212.4,18.3,8,,2025-05-30T06:29:12,2025-05-30T18:59:32,0.11,"Rain, Partially cloudy",Partly cloudy throughout the day with early morning rain.,rain,"DNIB,NII0000DNIB,DNMM,NII0000DNMM,65201099999,65100099999,NIM00065208,65208099999"
"Abeokuta, Ogun, Nigeria",2025-05-31,91.4,77.0,83.7,105.2,77.0,91.4,76.7,80.5,0.0,0,0.0,,0,0,16.1,12.8,203.0,1013.9,52.1,5.8,196.9,17.0,6,,2025-05-31T06:29:15,2025-05-31T18:59:46,0.14,Partially cloudy,Partly cloudy throughout the day.,partly-cloudy-day,"DNIB,NII0000DNIB,DNMM,NII0000DNMM,65201099999,65100099999,NIM00065208,65208099999"
"Abeokuta, Ogun, Nigeria",2025-06-01,91.5,78.6,84.6,105.3,78.6,94.8,78.1,81.8,0.0,0,0.0,,0,0,18.6,11.4,190.2,1014.1,56.4,5.7,196.1,16.8,7,,2025-06-01T06:29:19,2025-06-01T19:00:00,0.18,Partially cloudy,Partly cloudy throughout the day.,partly-cloudy-day,"DNIB,NII0000DNIB,DNMM,NII0000DNMM,65201099999,65100099999"
"Abeokuta, Ogun, Nigeria",2025-06-02,87.8,75.2,81.1,102.5,75.2,87.8,76.6,86.9,0.512,100,8.33,rain,0,0,31.9,17.2,202.8,1014.1,68.8,5.3,202.7,17.3,8,,2025-06-02T06:29:24,2025-06-02T19:00:14,0.21,"Rain, Partially cloudy",Partly cloudy throughout the day with rain clearing later.,rain,"DNIB,NII0000DNIB,DNMM,NII0000DNMM,remote,65201099999,65100099999,NIM00065208,65208099999"
"Abeokuta, Ogun, Nigeria",2025-06-03,89.5,75.3,81.6,109.1,75.3,87.6,76.9,86.1,0.157,100,4.17,rain,0,0,21.9,10.9,224.6,1014.1,69.4,5.2,203.7,17.5,7,,2025-06-03T06:29:29,2025-06-03T19:00:28,0.25,"Rain, Partially cloudy",Partly cloudy throughout the day with late afternoon rain.,rain,"DNIB,NII0000DNIB,DNMM,NII0000DNMM,remote,65201099999,65100099999,NIM00065208,65208099999"
"Abeokuta, Ogun, Nigeria",2025-06-04,85.8,73.7,80.0,95.0,73.7,84.0,74.4,83.9,0.052,100,12.5,rain,0,0,13.2,12.8,232.8,1014.8,69.8,5.0,129.0,11.1,5,,2025-06-04T06:29:35,2025-06-04T19:00:43,0.27,"Rain, Partially cloudy",Partly cloudy throughout the day with rain clearing later.,rain,"DNIB,NII0000DNIB,DNMM,NII0000DNMM,remote,65201099999,65100099999,NIM00065208,65208099999"
"Abeokuta, Ogun, Nigeria",2025-06-05,89.6,77.0,82.9,102.6,77.0,89.4,76.1,80.9,0.0,0,0.0,,0,0,17.0,10.3,200.2,1014.9,51.7,5.9,205.6,17.6,7,,2025-06-05T06:29:42,2025-06-05T19:00:57,0.31,Partially cloudy,Partly cloudy throughout the day.,partly-cloudy-day,"DNMM,NII0000DNMM,65201099999"
"Abeokuta, Ogun, Nigeria",2025-06-06,87.8,77.3,81.1,100.0,77.3,86.9,77.5,89.3,0.591,100,4.17,rain,0,0,16.3,11.4,227.1,1014.6,54.7,5.7,183.4,15.8,7,,2025-06-06T06:29:49,2025-06-06T19:01:12,0.34,"Rain, Partially cloudy",Partly cloudy throughout the day with late afternoon rain.,rain,"DNMM,NII0000DNMM,remote,65201099999"
"Abeokuta, Ogun, Nigeria",2025-06-07,87.1,75.2,79.5,97.2,75.2,82.5,74.6,85.8,0.433,100,8.33,rain,0,0,19.7,15.0,161.7,1014.2,56.5,4.7,188.2,16.4,8,,2025-06-07T06:29:56,2025-06-07T19:01:27,0.37,"Rain, Partially cloudy",Partly cloudy throughout the day with rain in the morning and afternoon.,rain,"DNIB,NII0000DNIB,DNMM,NII0000DNMM,65201099999,65100099999"
"Abeokuta, Ogun, Nigeria",2025-06-08,89.5,75.4,82.6,102.3,75.4,89.2,75.7,80.3,0.0,0,0.0,,0,0,17.0,11.4,184.7,1013.9,57.4,4.7,211.5,18.2,8,,2025-06-08T06:30:04,2025-06-08T19:01:42,0.41,Partially cloudy,Partly cloudy throughout the day.,partly-cloudy-day,"DNMM,NII0000DNMM,65201099999"
"Abeokuta, Ogun, Nigeria",2025-06-09,91.4,77.0,83.6,105.2,77.0,90.5,76.4,80.4,0.0,0,0.0,,0,0,15.4,13.9,178.4,1013.1,53.4,5.5,200.9,17.4,7,,2025-06-09T06:30:13,2025-06-09T19:01:56,0.44,Partially cloudy,Partly cloudy throughout the day.,partly-cloudy-day,"DNIB,NII0000DNIB,DNMM,NII0000DNMM,65201099999,65100099999"
"Abeokuta, Ogun, Nigeria",2025-06-10,89.6,73.4,81.5,102.6,73.4,87.3,75.0,81.5,0.118,100,4.17,rain,0,0,28.9,11.4,198.9,1012.7,63.9,5.5,193.1,16.8,6,,2025-06-10T06:30:22,2025-06-10T19:02:11,0.47,"Rain, Partially cloudy",Partly cloudy throughout the day with early morning rain.,rain,"DNIB,NII0000DNIB,DNMM,NII0000DNMM,65201099999,65100099999,NIM00065208,65208099999"
"Abeokuta, Ogun, Nigeria",2025-06-11,87.8,73.1,80.2,94.3,73.1,83.6,74.5,83.4,0.551,100,4.17,rain,0,0,51.9,13.9,100.5,1012.3,54.0,5.2,151.0,12.9,5,,2025-06-11T06:30:32,2025-06-11T19:02:26,0.5,"Rain, Partially cloudy",Partly cloudy throughout the day with afternoon rain.,rain,"DNIB,NII0000DNIB,DNMM,NII0000DNMM,remote,65201099999,65100099999,NIM00065208,65208099999"
"Abeokuta, Ogun, Nigeria",2025-06-12,89.6,75.1,82.3,99.4,75.1,87.4,74.6,78.7,0.0,0,0.0,,0,0,15.9,10.3,212.5,1012.5,44.4,5.6,204.6,17.7,7,,2025-06-12T06:30:42,2025-06-12T19:02:40,0.54,Partially cloudy,Partly cloudy throughout the day.,partly-cloudy-day,"DNIB,NII0000DNIB,DNMM,NII0000DNMM,65201099999,65100099999,NIM00065208,65208099999"
"Abeokuta, Ogun, Nigeria",2025-06-13,87.8,77.0,82.5,102.5,77.0,90.1,77.4,85.0,0.118,100,4.17,rain,0,0,15.4,11.4,204.4,1013.1,58.9,5.6,199.4,17.1,7,,2025-06-13T06:30:52,2025-06-13T19:02:55,0.58,"Rain, Partially cloudy",Partly cloudy throughout the day with afternoon rain.,rain,"DNIB,NII0000DNIB,DNMM,NII0000DNMM,65201099999,NIM00065208,65100099999,65208099999"
"Abeokuta, Ogun, Nigeria",2025-06-14,82.4,73.4,77.4,92.5,73.4,79.0,75.5,93.9,1.614,100,8.33,rain,0,0,46.1,13.9,291.2,1014.0,67.5,3.8,88.9,7.8,4,,2025-06-14T06:31:03,2025-06-14T19:03:09,0.61,"Rain, Partially cloudy",Partly cloudy throughout the day with rain.,rain,"DNIB,NII0000DNIB,DNMM,NII0000DNMM,remote,65201099999,65100099999"
"Abeokuta, Ogun, Nigeria",2025-06-15,89.9,73.4,80.6,101.0,73.4,85.4,74.4,82.5,0.0,0,0.0,,0,0,18.3,12.8,231.2,1015.4,51.6,5.1,173.2,14.9,7,,2025-06-15T06:31:14,2025-06-15T19:03:24,0.65,Partially cloudy,Partly cloudy throughout the day.,partly-cloudy-day,"DNIB,NII0000DNIB,DNMM,NII0000DNMM,65201099999,NIM00065208,65100099999,65208099999"
"Abeokuta, Ogun, Nigeria",2025-06-16,87.8,75.4,80.9,97.9,75.4,85.2,75.3,83.7,0.0,0,0.0,,0,0,16.3,13.9,241.3,1015.4,53.3,6.2,208.9,18.0,8,,2025-06-16T06:31:25,2025-06-16T19:03:38,0.68,Partially cloudy,Partly cloudy throughout the day.,partly-cloudy-day,"DNIB,NII0000DNIB,DNMM,NII0000DNMM,65201099999,65100099999,NIM00065208,65208099999"
"Abeokuta, Ogun, Nigeria",2025-06-17,86.0,75.2,80.0,95.3,75.2,84.0,75.9,87.5,0.024,100,4.17,rain,0,0,15.4,8.7,186.7,1015.4,55.8,5.8,182.6,15.9,7,,2025-06-17T06:31:37,2025-06-17T19:03:52,0.72,"Rain, Partially cloudy",Partly cloudy throughout the day with late afternoon rain.,rain,"DNIB,NIM00065202,NII0000DNIB,DNMM,NII0000DNMM,65201099999,65100099999,NIM00065208,65208099999"
"Abeokuta, Ogun, Nigeria",2025-06-18,89.6,76.8,81.6,102.6,76.8,87.2,76.8,86.1,0.118,100,4.17,rain,0,0,18.3,7.4,207.5,1015.7,57.8,5.9,173.7,15.0,7,,2025-06-18T06:31:50,2025-06-18T19:04:06,0.75,"Rain, Partially cloudy",Partly cloudy throughout the day with late afternoon rain.,rain,"DNIB,NII0000DNIB,DNMM,NII0000DNMM,65201099999,NIM00065208,65100099999,65208099999"
"Abeokuta, Ogun, Nigeria",2025-06-19,86.3,76.2,80.3,97.3,76.2,84.8,75.8,86.4,3.898,100,4.17,rain,0,0,18.1,9.8,225.8,1014.9,69.6,5.0,182.2,15.9,7,,2025-06-19T06:32:02,2025-06-19T19:04:19,0.79,"Rain, Partially cloudy",Partly cloudy throughout the day with late afternoon rain.,rain,"DNIB,NII0000DNIB,DNMM,NII0000DNMM,remote,65201099999,65100099999,NIM00065208,65208099999"
"Abeokuta, Ogun, Nigeria",2025-06-20,89.4,77.0,80.7,102.4,77.0,84.5,75.9,86.0,0.433,100,8.33,rain,0,0,17.2,11.4,244.7,1014.9,56.5,5.4,206.4,18.1,8,,2025-06-20T06:32:15,2025-06-20T19:04:33,0.82,"Rain, Partially cloudy",Partly cloudy throughout the day with rain.,rain,"DNIB,NII0000DNIB,DNMM,NII0000DNMM,65201099999,65100099999,NIM00065208,65208099999"
"Abeokuta, Ogun, Nigeria",2025-06-21,82.4,75.4,78.4,90.9,75.4,80.0,75.4,90.6,0.315,100,4.17,rain,0,0,17.4,6.9,248.6,1014.3,53.9,4.9,155.7,13.4,6,,2025-06-21T06:32:28,2025-06-21T19:04:46,0.86,"Rain, Partially cloudy",Partly cloudy throughout the day with morning rain.,rain,"DNIB,NII0000DNIB,DNMM,NII0000DNMM,65201099999,65100099999,NIM00065208,65208099999"
"Abeokuta, Ogun, Nigeria",2025-06-22,84.2,75.9,78.9,96.2,75.9,81.2,75.5,89.5,0.039,100,4.17,rain,0,0,15.7,15.0,195.8,1014.2,57.6,4.1,160.7,13.8,6,,2025-06-22T06:32:41,2025-06-22T19:04:58,0.89,"Rain, Partially cloudy",Partly cloudy throughout the day with afternoon rain.,rain,"DNIB,NII0000DNIB,DNMM,NII0000DNMM,65201099999,NIM00065208,65100099999,65208099999"
"Abeokuta, Ogun, Nigeria",2025-06-23,87.8,75.0,80.1,100.0,75.0,84.6,75.4,86.2,0.0,0,0.0,,0,0,15.7,6.9,223.7,1013.7,59.6,5.4,174.6,15.1,7,,2025-06-23T06:32:54,2025-06-23T19:05:11,0.93,Partially cloudy,Partly cloudy throughout the day.,partly-cloudy-day,"DNIB,NII0000DNIB,DNMM,NII0000DNMM,65201099999,65100099999,NIM00065208,65208099999"
"Abeokuta, Ogun, Nigeria",2025-06-24,88.0,77.0,80.9,100.4,77.0,84.6,76.2,86.5,1.969,100,4.17,rain,0,0,16.6,10.3,242.9,1012.5,57.5,4.5,210.0,18.2,7,,2025-06-24T06:33:08,2025-06-24T19:05:23,0.97,"Rain, Partially cloudy",Partly cloudy throughout the day with late afternoon rain.,rain,"DNIB,NII0000DNIB,DNMM,NII0000DNMM,65201099999,65100099999,NIM00065208,65208099999"
"Abeokuta, Ogun, Nigeria",2025-06-25,89.6,75.2,81.8,100.0,75.2,86.6,75.4,81.8,0.02,100,12.5,rain,0,0,15.7,11.4,202.7,1012.9,53.3,5.8,207.6,17.8,8,,2025-06-25T06:33:21,2025-06-25T19:05:34,0.0,"Rain, Partially cloudy",Partly cloudy throughout the day with rain in the morning and afternoon.,rain,"DNIB,NII0000DNIB,DNMM,NII0000DNMM,remote,65201099999,65100099999,NIM00065208,65208099999"
"Abeokuta, Ogun, Nigeria",2025-06-26,80.5,69.8,75.8,85.2,69.8,76.2,73.3,92.1,0.04,100,20.83,rain,0,0,17.0,17.2,230.2,1013.3,70.3,5.6,145.6,12.6,5,,2025-06-26T06:33:35,2025-06-26T19:05:46,0.03,"Rain, Partially cloudy",Partly cloudy throughout the day with rain.,rain,"DNIB,NII0000DNIB,DNMM,remote,NII0000DNMM,65201099999,65100099999,NIM00065208,65208099999"
"Abeokuta, Ogun, Nigeria",2025-06-27,86.0,72.7,78.4,95.3,72.7,81.4,73.8,86.5,4.331,100,4.17,rain,0,0,13.9,8.1,205.8,1014.8,59.9,5.4,151.2,13.2,6,,2025-06-27T06:33:49,2025-06-27T19:05:57,0.07,"Rain, Partially cloudy",Partly cloudy throughout the day with morning rain.,rain,"DNIB,NII0000DNIB,DNMM,remote,NII0000DNMM,65201099999,65100099999,NIM00065208,65208099999"
"Abeokuta, Ogun, Nigeria",2025-06-28,86.3,74.3,79.3,96.0,74.3,82.1,74.9,86.8,0.024,100,4.17,rain,0,0,17.9,9.2,210.0,1014.4,62.9,5.9,189.0,16.3,7,,2025-06-28T06:34:03,2025-06-28T19:06:07,0.1,"Rain, Partially cloudy",Partly cloudy throughout the day with late afternoon rain.,rain,"DNIB,NII0000DNIB,DNMM,NII0000DNMM,65201099999,65100099999,NIM00065208,65208099999"
"Abeokuta, Ogun, Nigeria",2025-06-29,84.2,76.3,79.5,94.3,76.3,82.4,76.0,89.3,0.039,100,4.17,rain,0,0,19.9,15.0,211.5,1013.8,68.2,5.5,190.7,16.6,6,,2025-06-29T06:34:17,2025-06-29T19:06:17,0.13,"Rain, Partially cloudy",Partly cloudy throughout the day with afternoon rain.,rain,"DNIB,NII0000DNIB,DNMM,NII0000DNMM,65201099999,65100099999,NIM00065208,65208099999"
"Abeokuta, Ogun, Nigeria",2025-06-30,84.2,76.3,79.7,96.2,76.3,83.2,76.4,89.9,0.039,100,4.17,rain,0,0,19.7,12.8,215.2,1013.4,51.3,5.3,174.3,15.0,6,,2025-06-30T06:34:31,2025-06-30T19:06:27,0.16,"Rain, Partially cloudy",Partly cloudy throughout the day with afternoon rain.,rain,"DNIB,NII0000DNIB,DNMM,NII0000DNMM,65201099999,NIM00065208,65100099999,65208099999"
"Abeokuta, Ogun, Nigeria",2025-07-01,86.0,77.0,80.7,97.2,77.0,84.5,75.5,84.6,0.0,0,0.0,,0,0,17.9,17.2,234.4,1014.2,63.3,5.8,183.0,15.7,7,,2025-07-01T06:34:45,2025-07-01T19:06:36,0.2,Partially cloudy,Partly cloudy throughout the day.,partly-cloudy-day,"DNIB,NII0000DNIB,DNMM,NII0000DNMM,65201099999,NIM00065208,65100099999,65208099999"
"Abeokuta, Ogun, Nigeria",2025-07-02,86.4,76.2,80.5,97.2,76.2,83.9,74.3,81.9,0.0,0,0.0,,0,0,17.4,11.4,221.6,1014.6,64.2,6.0,184.4,15.8,6,,2025-07-02T06:34:59,2025-07-02T19:06:44,0.25,Partially cloudy,Partly cloudy throughout the day.,partly-cloudy-day,"DNIB,NII0000DNIB,DNMM,NII0000DNMM,65201099999,65100099999,NIM00065208,65208099999"
"Abeokuta, Ogun, Nigeria",2025-07-03,80.6,75.4,78.7,87.2,75.4,80.2,75.0,88.6,0.004,100,4.17,rain,0,0,18.1,11.4,222.8,1014.8,65.2,5.2,159.7,13.8,7,,2025-07-03T06:35:13,2025-07-03T19:06:52,0.26,"Rain, Partially cloudy",Partly cloudy throughout the day with late afternoon rain.,rain,"DNIB,NII0000DNIB,DNMM,NII0000DNMM,remote,65201099999,65100099999,NIM00065208,65208099999"
"Abeokuta, Ogun, Nigeria",2025-07-04,79.3,74.5,77.0,79.3,74.5,77.0,74.8,93.1,0.196,100,8.33,rain,0,0,15.0,11.4,253.3,1015.4,62.7,4.0,91.1,7.9,3,,2025-07-04T06:35:27,2025-07-04T19:06:59,0.29,"Rain, Partially cloudy",Partly cloudy throughout the day with rain.,rain,"DNIB,NII0000DNIB,DNMM,NII0000DNMM,65201099999,65100099999,NIM00065208,65208099999"
"Abeokuta, Ogun, Nigeria",2025-07-05,83.3,74.7,78.7,89.7,74.7,80.9,74.3,86.9,0.079,100,4.17,rain,0,0,17.2,11.4,228.6,1015.4,55.0,5.1,137.0,11.9,5,,2025-07-05T06:35:41,2025-07-05T19:07:06,0.32,"Rain, Partially cloudy",Partly cloudy throughout the day with early morning rain.,rain,"DNIB,NII0000DNIB,DNMM,NII0000DNMM,65201099999,65100099999,NIM00065208,65208099999"
"Abeokuta, Ogun, Nigeria",2025-07-06,84.6,74.3,79.1,92.5,74.3,81.4,74.1,85.1,0.0,0,0.0,,0,0,20.4,15.0,230.8,1015.2,59.7,5.2,183.6,15.7,7,,2025-07-06T06:35:55,2025-07-06T19:07:13,0.36,Partially cloudy,Partly cloudy throughout the day.,partly-cloudy-day,"DNIB,NII0000DNIB,DNMM,NII0000DNMM,remote,65201099999,65100099999"
"Abeokuta, Ogun, Nigeria",2025-07-07,82.4,76.0,78.7,90.9,76.0,80.3,74.9,88.1,0.0,0,0.0,,0,0,19.5,13.9,217.2,1015.5,69.8,5.2,152.4,13.1,6,,2025-07-07T06:36:08,2025-07-07T19:07:18,0.39,Partially cloudy,Partly cloudy throughout the day.,partly-cloudy-day,"DNIB,NII0000DNIB,DNMM,NII0000DNMM,65201099999,NIM00065208,65100099999,65208099999"
"Abeokuta, Ogun, Nigeria",2025-07-08,82.6,75.5,77.9,90.0,75.5,78.7,74.8,90.5,0.035,100,4.17,rain,0,0,19.0,9.5,231.8,1016.1,75.9,4.8,116.9,10.2,6,,2025-07-08T06:36:22,2025-07-08T19:07:23,0.42,"Rain, Partially cloudy",Partly cloudy throughout the day with late afternoon rain.,rain,"DNIB,NII0000DNIB,DNMM,NII0000DNMM,65201099999,65100099999,NIM00065208,65208099999"
"Abeokuta, Ogun, Nigeria",2025-07-09,83.5,72.6,77.9,90.9,72.6,80.2,73.7,87.3,0.594,100,4.17,rain,0,0,20.6,13.9,235.4,1017.0,69.1,5.1,134.9,11.6,5,,2025-07-09T06:36:35,2025-07-09T19:07:28,0.45,"Rain, Partially cloudy",Partly cloudy throughout the day with morning rain.,rain,"DNIB,NII0000DNIB,DNMM,NII0000DNMM,65201099999,65100099999,NIM00065208,65208099999"
"Abeokuta, Ogun, Nigeria",2025-07-10,84.0,74.7,79.0,91.5,74.7,81.1,73.7,84.1,0.035,100,4.17,rain,0,0,19.2,9.9,226.2,1016.5,60.2,6.0,183.2,15.8,7,,2025-07-10T06:36:48,2025-07-10T19:07:31,0.5,"Rain, Partially cloudy",Partly cloudy throughout the day with early morning rain.,rain,"DNIB,NII0000DNIB,DNMM,NII0000DNMM,65201099999,NIM00065208,65100099999,65208099999"
"Abeokuta, Ogun, Nigeria",2025-07-11,84.2,75.8,78.5,92.5,75.8,79.6,74.1,86.5,0.0,0,0.0,,0,0,19.0,16.1,224.7,1015.4,70.8,6.1,171.2,14.8,7,,2025-07-11T06:37:01,2025-07-11T19:07:34,0.52,Partially cloudy,Partly cloudy throughout the day.,partly-cloudy-day,"DNIB,NII0000DNIB,DNMM,NII0000DNMM,65201099999,NIM00065208,65100099999,65208099999"
"Abeokuta, Ogun, Nigeria",2025-07-12,80.9,75.5,78.3,85.5,75.5,79.1,73.0,84.1,0.0,0,0.0,,0,0,25.3,17.2,212.4,1014.6,74.1,5.6,177.1,15.3,7,,2025-07-12T06:37:14,2025-07-12T19:07:37,0.56,Partially cloudy,Partly cloudy throughout the day.,partly-cloudy-day,"DNIB,NII0000DNIB,DNMM,NII0000DNMM,65201099999,65100099999,NIM00065208,65208099999"
"Abeokuta, Ogun, Nigeria",2025-07-13,86.0,75.3,79.4,92.0,75.3,81.4,72.7,80.6,0.0,0,0.0,,0,0,18.3,16.1,202.3,1017.0,59.3,5.7,183.1,15.7,6,,2025-07-13T06:37:26,2025-07-13T19:07:39,0.59,Partially cloudy,Partly cloudy throughout the day.,partly-cloudy-day,"DNIB,NII0000DNIB,DNMM,NII0000DNMM,65201099999,65100099999,NIM00065208,65208099999"
"Abeokuta, Ogun, Nigeria",2025-07-14,86.3,71.6,78.3,92.6,71.6,80.2,71.3,80.1,0.0,0,0.0,,0,0,13.9,10.0,232.0,1017.9,53.1,5.1,246.0,21.2,8,,2025-07-14T06:37:38,2025-07-14T19:07:40,0.63,Partially cloudy,Partly cloudy throughout the day.,partly-cloudy-day,"DNIB,NII0000DNIB,DNMM,NII0000DNMM,65201099999,65100099999,NIM00065208,65208099999"
"Abeokuta, Ogun, Nigeria",2025-07-15,87.8,72.7,78.9,94.3,72.7,80.9,71.3,78.8,0.0,0,0.0,,0,0,17.2,13.9,219.5,1016.5,45.8,5.7,228.1,19.6,8,,2025-07-15T06:37:50,2025-07-15T19:07:40,0.66,Partially cloudy,Partly cloudy throughout the day.,partly-cloudy-day,"DNIB,NII0000DNIB,DNMM,NII0000DNMM,65201099999,65100099999,NIM00065208,65208099999"
"Abeokuta, Ogun, Nigeria",2025-07-16,80.5,74.3,77.6,84.5,74.3,78.0,72.2,83.6,0.004,100,4.17,rain,0,0,18.6,13.9,211.5,1015.5,60.5,5.6,105.8,9.2,4,,2025-07-16T06:38:02,2025-07-16T19:07:40,0.7,"Rain, Partially cloudy",Partly cloudy throughout the day with morning rain.,rain,"DNIB,NII0000DNIB,DNMM,NII0000DNMM,remote,65201099999,NIM00065208,65100099999,65208099999"
"Abeokuta, Ogun, Nigeria",2025-07-17,81.1,73.5,77.6,87.2,73.5,78.8,73.5,87.6,0.118,100,4.17,rain,0,0,20.4,14.5,217.6,1016.3,64.0,5.4,188.9,16.3,7,,2025-07-17T06:38:13,2025-07-17T19:07:38,0.74,"Rain, Partially cloudy",Partly cloudy throughout the day with afternoon rain.,rain,"DNIB,NII0000DNIB,DNMM,NII0000DNMM,remote,65201099999,65100099999,NIM00065208,65208099999"
"Abeokuta, Ogun, Nigeria",2025-07-18,84.2,73.1,79.2,91.0,73.1,81.4,72.8,81.3,0.0,0,0.0,,0,0,14.5,11.4,220.8,1017.2,57.9,5.5,178.3,15.3,6,,2025-07-18T06:38:24,2025-07-18T19:07:37,0.75,Partially cloudy,Partly cloudy throughout the day.,partly-cloudy-day,"DNIB,NII0000DNIB,DNMM,NII0000DNMM,remote,65201099999,NIM00065208,65100099999,65208099999"
"Abeokuta, Ogun, Nigeria",2025-07-19,85.1,72.6,78.3,91.3,72.6,80.0,72.2,82.6,0.0,0,0.0,,0,0,14.5,8.4,216.5,1016.3,52.9,5.5,165.9,14.3,5,,2025-07-19T06:38:34,2025-07-19T19:07:34,0.81,Partially cloudy,Partly cloudy throughout the day.,partly-cloudy-day,"DNIB,NII0000DNIB,DNMM,NII0000DNMM,65201099999,NIM00065208,65100099999,65208099999"
"Abeokuta, Ogun, Nigeria",2025-07-20,83.2,75.2,78.1,88.8,75.2,79.3,72.7,84.0,0.0,0,0.0,,0,0,21.7,13.9,222.8,1014.6,57.1,6.0,140.3,12.2,4,,2025-07-20T06:38:44,2025-07-20T19:07:31,0.84,Partially cloudy,Partly cloudy throughout the day.,partly-cloudy-day,"DNIB,NII0000DNIB,DNMM,NII0000DNMM,65201099999,65100099999,NIM00065208,65208099999"
"Abeokuta, Ogun, Nigeria",2025-07-21,83.2,73.6,78.1,89.5,73.6,79.7,73.2,85.2,0.0,0,0.0,,0,0,19.5,15.0,221.3,1014.1,69.9,5.7,136.4,11.7,5,,2025-07-21T06:38:54,2025-07-21T19:07:27,0.88,Partially cloudy,Partly cloudy throughout the day.,partly-cloudy-day,"DNIB,NII0000DNIB,DNMM,NII0000DNMM,65201099999,NIM00065208,65100099999,65208099999"
"Abeokuta, Ogun, Nigeria",2025-07-22,84.2,75.8,78.3,91.9,75.8,79.5,73.7,86.2,0.236,100,4.17,rain,0,0,20.4,12.8,224.4,1014.6,64.4,5.8,123.7,10.7,4,,2025-07-22T06:39:03,2025-07-22T19:07:22,0.92,"Rain, Partially cloudy",Partly cloudy throughout the day with afternoon rain.,rain,"DNIB,NII0000DNIB,DNMM,NII0000DNMM,65201099999,NIM00065208,65100099999,65208099999"
"Abeokuta, Ogun, Nigeria",2025-07-23,84.2,75.2,78.2,91.0,75.2,80.3,73.7,86.6,0.039,100,4.17,rain,0,0,20.6,15.0,204.5,1014.7,70.4,5.9,184.0,15.9,6,,2025-07-23T06:39:12,2025-07-23T19:07:16,0.95,"Rain, Partially cloudy",Partly cloudy throughout the day with late afternoon rain.,rain,"DNIB,NII0000DNIB,DNMM,NII0000DNMM,65201099999,65100099999,NIM00065208,65208099999"
"Abeokuta, Ogun, Nigeria",2025-07-24,84.3,76.9,79.1,90.9,76.9,81.1,73.2,82.7,0.0,0,0.0,,0,0,20.1,13.0,221.4,1015.3,61.7,6.0,187.8,16.2,6,,2025-07-24T06:39:21,2025-07-24T19:07:10,0.0,Partially cloudy,Partly cloudy throughout the day.,partly-cloudy-day,"DNIB,NII0000DNIB,DNMM,NII0000DNMM,65201099999,65100099999,NIM00065208,65208099999"
"Abeokuta, Ogun, Nigeria",2025-07-25,84.2,74.5,78.0,91.0,74.5,79.4,72.9,84.7,0.0,0,0.0,,0,0,16.1,13.9,237.3,1015.4,59.6,5.8,168.0,14.8,5,,2025-07-25T06:39:29,2025-07-25T19:07:03,0.02,Partially cloudy,Partly cloudy throughout the day.,partly-cloudy-day,"DNIB,NII0000DNIB,DNMM,NII0000DNMM,65201099999,65100099999,NIM00065208,65208099999"
"Abeokuta, Ogun, Nigeria",2025-07-26,84.5,73.6,78.5,91.0,73.6,80.0,72.7,83.1,0.004,100,4.17,rain,0,0,18.3,12.4,261.4,1015.4,59.0,5.8,143.2,12.2,4,,2025-07-26T06:39:37,2025-07-26T19:06:55,0.05,"Rain, Partially cloudy",Partly cloudy throughout the day with afternoon rain.,rain,"DNIB,NII0000DNIB,DNMM,NII0000DNMM,remote,65201099999,65100099999,NIM00065208,65208099999"
"Abeokuta, Ogun, Nigeria",2025-07-27,84.2,74.6,78.2,91.0,74.6,79.7,72.8,83.9,0.0,0,0.0,,0,0,20.8,15.0,252.6,1016.3,69.8,6.2,152.4,13.1,6,,2025-07-27T06:39:44,2025-07-27T19:06:46,0.09,Partially cloudy,Partly cloudy throughout the day.,partly-cloudy-day,"DNIB,NII0000DNIB,DNMM,NII0000DNMM,65201099999,NIM00065208,65100099999,65208099999"
"Abeokuta, Ogun, Nigeria",2025-07-28,78.9,73.4,76.5,78.9,73.4,76.5,72.5,87.6,0.032,100,16.67,rain,0,0,16.6,8.1,225.9,1015.2,74.6,6.2,128.4,11.0,4,,2025-07-28T06:39:51,2025-07-28T19:06:37,0.12,"Rain, Partially cloudy",Partly cloudy throughout the day with rain in the morning and afternoon.,rain,"DNIB,NII0000DNIB,DNMM,NII0000DNMM,remote,65201099999,65100099999,NIM00065208,65208099999"
"Abeokuta, Ogun, Nigeria",2025-07-29,81.7,73.5,77.1,87.1,73.5,78.1,72.6,86.2,0.008,100,4.17,rain,0,0,17.2,10.3,217.8,1015.0,83.6,5.6,167.1,14.3,6,,2025-07-29T06:39:57,2025-07-29T19:06:27,0.15,"Rain, Partially cloudy",Partly cloudy throughout the day with afternoon rain.,rain,"DNIB,NII0000DNIB,DNMM,remote,NII0000DNMM,65201099999,NIM00065208,65100099999,65208099999"
"Abeokuta, Ogun, Nigeria",2025-07-30,82.4,73.6,78.4,88.3,73.6,80.0,73.3,84.6,0.0,0,0.0,,0,0,19.9,10.3,220.6,1016.0,58.1,5.5,142.7,12.4,5,,2025-07-30T06:40:03,2025-07-30T19:06:16,0.18,Partially cloudy,Partly cloudy throughout the day.,partly-cloudy-day,"DNMM,NII0000DNMM,65201099999"
"Abeokuta, Ogun, Nigeria",2025-07-31,80.6,75.2,77.7,85.4,75.2,77.9,73.8,87.9,0.0,0,0.0,,0,0,23.0,16.1,237.5,1016.5,65.7,5.5,163.2,14.0,6,,2025-07-31T06:40:09,2025-07-31T19:06:04,0.21,Partially cloudy,Partly cloudy throughout the day.,partly-cloudy-day,"DNMM,NII0000DNMM,65201099999"
"Abeokuta, Ogun, Nigeria",2025-08-01,86.0,75.4,79.5,95.3,75.4,81.9,73.7,83.0,0.0,0,0.0,,0,0,19.2,13.9,219.7,1016.5,59.0,6.1,162.8,14.0,6,,2025-08-01T06:40:14,2025-08-01T19:05:52,0.25,Partially cloudy,Partly cloudy throughout the day.,partly-cloudy-day,"DNMM,NII0000DNMM,65201099999"
"Abeokuta, Ogun, Nigeria",2025-08-02,87.5,76.7,80.1,96.5,76.7,82.8,73.5,80.7,0.0,0,0.0,,0,0,17.7,11.4,204.8,1015.7,65.2,5.9,221.6,19.0,8,,2025-08-02T06:40:18,2025-08-02T19:05:39,0.28,Partially cloudy,Partly cloudy throughout the day.,partly-cloudy-day,"DNIB,NII0000DNIB,DNMM,NII0000DNMM,remote,65201099999,65100099999,NIM00065208,65208099999"
"Abeokuta, Ogun, Nigeria",2025-08-03,80.9,74.9,77.9,85.9,74.9,78.7,73.1,85.2,0.016,100,4.17,rain,0,0,15.9,9.2,206.7,1014.6,79.6,6.0,151.8,13.0,7,,2025-08-03T06:40:22,2025-08-03T19:05:25,0.31,"Rain, Partially cloudy",Partly cloudy throughout the day with morning rain.,rain,"DNIB,NII0000DNIB,DNMM,remote,NII0000DNMM,65201099999,65100099999,NIM00065208,65208099999"
"Abeokuta, Ogun, Nigeria",2025-08-04,80.3,72.4,75.7,85.9,72.4,75.9,73.8,94.1,3.425,100,8.33,rain,0,0,22.8,11.4,234.8,1014.8,89.7,3.9,41.6,3.7,2,,2025-08-04T06:40:26,2025-08-04T19:05:10,0.34,"Rain, Partially cloudy",Partly cloudy throughout the day with rain.,rain,"DNMM,NII0000DNMM,remote,65201099999"
"Abeokuta, Ogun, Nigeria",2025-08-05,80.8,75.2,76.9,86.6,75.2,77.9,74.4,92.0,0.236,100,8.33,rain,0,0,18.3,13.9,202.5,1016.6,77.9,4.7,143.2,12.3,5,,2025-08-05T06:40:29,2025-08-05T19:04:55,0.38,"Rain, Partially cloudy",Partly cloudy throughout the day with rain.,rain,"DNMM,NII0000DNMM,65201099999"
"Abeokuta, Ogun, Nigeria",2025-08-06,80.6,75.0,76.5,86.2,75.0,77.0,73.7,91.0,0.275,100,8.33,rain,0,0,14.1,9.2,232.6,1015.3,59.0,4.2,123.3,10.6,5,,2025-08-06T06:40:32,2025-08-06T19:04:39,0.41,"Rain, Partially cloudy",Partly cloudy throughout the day with rain.,rain,"DNMM,NII0000DNMM,65201099999"
"Abeokuta, Ogun, Nigeria",2025-08-07,80.6,75.0,76.8,86.2,75.0,77.2,73.6,90.0,0.0,0,0.0,,0,0,17.0,11.4,217.9,1013.8,69.5,4.5,176.2,15.4,7,,2025-08-07T06:40:34,2025-08-07T19:04:22,0.44,Partially cloudy,Partly cloudy throughout the day.,partly-cloudy-day,"DNIB,NII0000DNIB,DNMM,NII0000DNMM,65201099999,65100099999"
"Abeokuta, Ogun, Nigeria",2025-08-08,80.7,75.0,77.7,85.5,75.0,79.3,73.3,86.5,0.0,0,0.0,,0,0,23.5,17.2,219.2,1013.8,71.9,5.7,181.0,15.5,7,,2025-08-08T06:40:36,2025-08-08T19:04:04,0.47,Partially cloudy,Partly cloudy throughout the day.,partly-cloudy-day,"DNMM,NII0000DNMM,65201099999"
"Abeokuta, Ogun, Nigeria",2025-08-09,82.4,75.2,77.9,88.3,75.2,79.2,73.2,85.9,0.039,100,4.17,rain,0,0,18.6,13.9,210.4,1014.6,62.5,5.7,103.8,8.9,4,,2025-08-09T06:40:37,2025-08-09T19:03:46,0.5,"Rain, Partially cloudy",Partly cloudy throughout the day with afternoon rain.,rain,"DNIB,NII0000DNIB,DNMM,NII0000DNMM,65201099999,65100099999"
"Abeokuta, Ogun, Nigeria",2025-08-10,84.4,73.4,78.4,91.3,73.4,80.4,73.4,85.3,0.0,0,0.0,,0,0,15.4,15.0,207.7,1014.0,57.5,5.1,183.6,16.0,7,,2025-08-10T06:40:38,2025-08-10T19:03:27,0.54,Partially cloudy,Partly cloudy throughout the day.,partly-cloudy-day,"DNMM,NII0000DNMM,65201099999"
"Abeokuta, Ogun, Nigeria",2025-08-11,86.1,75.2,79.5,93.8,75.2,81.8,73.4,82.2,0.0,0,0.0,,0,0,15.9,11.4,195.8,1013.9,62.7,6.1,167.9,14.5,6,,2025-08-11T06:40:38,2025-08-11T19:03:08,0.58,Partially cloudy,Partly cloudy throughout the day.,partly-cloudy-day,"DNMM,NII0000DNMM,remote,65201099999"
"Abeokuta, Ogun, Nigeria",2025-08-12,82.4,76.7,78.5,88.3,76.7,79.7,73.5,84.8,0.197,100,4.17,rain,0,0,16.3,10.3,183.6,1014.2,67.8,6.1,162.0,13.8,6,,2025-08-12T06:40:38,2025-08-12T19:02:48,0.61,"Rain, Partially cloudy",Partly cloudy throughout the day with afternoon rain.,rain,"DNMM,NII0000DNMM,65201099999"
"Abeokuta, Ogun, Nigeria",2025-08-13,82.4,75.0,77.3,88.9,75.0,78.4,73.7,88.9,0.236,100,4.17,rain,0,0,16.3,13.9,218.6,1015.5,68.5,5.7,153.0,13.2,6,,2025-08-13T06:40:37,2025-08-13T19:02:27,0.65,"Rain, Partially cloudy",Partly cloudy throughout the day with late afternoon rain.,rain,"DNMM,NII0000DNMM,65201099999"
"Abeokuta, Ogun, Nigeria",2025-08-14,83.2,73.4,77.8,89.0,73.4,79.5,73.0,85.6,0.0,0,0.0,,0,0,17.7,13.9,217.8,1016.4,61.6,6.5,173.7,15.0,6,,2025-08-14T06:40:36,2025-08-14T19:02:05,0.68,Partially cloudy,Partly cloudy throughout the day.,partly-cloudy-day,"DNIB,NII0000DNIB,DNMM,NII0000DNMM,65201099999,65100099999,NIM00065208,65208099999"
"Abeokuta, Ogun, Nigeria",2025-08-15,82.4,72.7,76.9,87.2,72.7,77.6,71.8,84.8,0.0,0,0.0,,0,0,20.1,11.4,221.9,1016.7,67.3,6.0,170.3,14.6,6,,2025-08-15T06:40:34,2025-08-15T19:01:43,0.72,Partially cloudy,Partly cloudy throughout the day.,partly-cloudy-day,"DNIB,NII0000DNIB,DNMM,NII0000DNMM,65201099999,NIM00065208,65100099999,65208099999"
"Abeokuta, Ogun, Nigeria",2025-08-16,79.6,74.2,76.6,79.6,74.2,76.6,72.2,86.4,0.039,100,4.17,rain,0,0,18.1,10.9,217.8,1014.6,74.9,5.8,102.0,8.8,6,,2025-08-16T06:40:32,2025-08-16T19:01:21,0.75,"Rain, Partially cloudy",Partly cloudy throughout the day with afternoon rain.,rain,"DNIB,NII0000DNIB,DNMM,NII0000DNMM,65201099999,NIM00065208,65100099999,65208099999"
"Abeokuta, Ogun, Nigeria",2025-08-17,84.2,74.2,77.6,91.0,74.2,78.5,72.9,86.0,0.079,100,4.17,rain,0,0,21.5,11.4,209.8,1014.4,71.7,5.5,194.1,16.8,7,,2025-08-17T06:40:30,2025-08-17T19:00:57,0.79,"Rain, Partially cloudy",Partly cloudy throughout the day with morning rain.,rain,"DNIB,NII0000DNIB,DNMM,NII0000DNMM,65201099999,NIM00065208,65100099999,65208099999"
"Abeokuta, Ogun, Nigeria",2025-08-18,82.5,74.5,78.2,88.3,74.5,79.7,73.0,84.3,0.039,100,4.17,rain,0,0,19.9,11.4,195.4,1015.5,63.7,5.9,162.3,14.1,7,,2025-08-18T06:40:27,2025-08-18T19:00:33,0.83,"Rain, Partially cloudy",Partly cloudy throughout the day with morning rain.,rain,"DNIB,NII0000DNIB,DNMM,NII0000DNMM,remote,65201099999,65100099999"
"Abeokuta, Ogun, Nigeria",2025-08-19,82.5,73.3,76.8,86.8,73.3,77.7,72.4,86.9,0.079,100,4.17,rain,0,0,15.2,9.4,224.3,1015.9,71.1,5.6,166.1,14.3,6,,2025-08-19T06:40:24,2025-08-19T19:00:09,0.86,"Rain, Partially cloudy",Partly cloudy throughout the day with afternoon rain.,rain,"DNIB,NII0000DNIB,DNMM,remote,NII0000DNMM,65201099999,NIM00065208,65100099999,65208099999"
"Abeokuta, Ogun, Nigeria",2025-08-20,83.9,71.7,77.2,88.3,71.7,78.4,71.8,84.4,0.0,0,0.0,,0,0,15.9,10.3,227.3,1015.5,63.5,6.0,161.7,14.0,5,,2025-08-20T06:40:20,2025-08-20T18:59:44,0.9,Partially cloudy,Partly cloudy throughout the day.,partly-cloudy-day,"DNIB,NII0000DNIB,DNMM,NII0000DNMM,remote,65201099999,65100099999,NIM00065208,65208099999"
"Abeokuta, Ogun, Nigeria",2025-08-21,81.7,73.4,76.6,86.7,73.4,77.0,72.1,86.4,0.0,0,0.0,,0,0,15.4,9.2,222.2,1014.5,62.4,6.2,120.9,10.3,5,,2025-08-21T06:40:16,2025-08-21T18:59:18,0.94,Partially cloudy,Partly cloudy throughout the day.,partly-cloudy-day,"DNIB,NII0000DNIB,DNMM,NII0000DNMM,65201099999,65100099999,NIM00065208,65208099999"
"Abeokuta, Ogun, Nigeria",2025-08-22,84.2,74.2,77.6,91.0,74.2,78.6,72.8,85.4,0.0,0,0.0,,0,0,19.7,12.8,217.5,1014.7,71.7,6.0,166.5,14.3,6,,2025-08-22T06:40:12,2025-08-22T18:58:52,0.97,Partially cloudy,Partly cloudy throughout the day.,partly-cloudy-day,"DNIB,NII0000DNIB,DNMM,NII0000DNMM,65201099999,NIM00065208,65100099999,65208099999"
"Abeokuta, Ogun, Nigeria",2025-08-23,84.2,75.2,78.1,91.0,75.2,79.4,72.8,84.1,0.0,0,0.0,,0,0,18.8,11.4,208.7,1013.8,65.6,6.2,192.1,16.5,7,,2025-08-23T06:40:07,2025-08-23T18:58:26,0.0,Partially cloudy,Partly cloudy throughout the day.,partly-cloudy-day,"DNIB,NII0000DNIB,DNMM,NII0000DNMM,65201099999,65100099999,NIM00065208,65208099999"
"Abeokuta, Ogun, Nigeria",2025-08-24,84.2,74.3,78.3,91.0,74.3,80.2,73.0,84.4,0.0,0,0.0,,0,0,20.1,15.0,207.9,1014.7,63.2,6.2,176.3,15.3,7,,2025-08-24T06:40:02,2025-08-24T18:57:59,0.04,Partially cloudy,Partly cloudy throughout the day.,partly-cloudy-day,"DNIB,NII0000DNIB,DNMM,NII0000DNMM,65201099999,65100099999,NIM00065208,65208099999"
"Abeokuta, Ogun, Nigeria",2025-08-25,80.1,74.4,77.5,83.9,74.4,77.7,72.2,83.9,0.012,100,12.5,rain,0,0,19.2,15.0,222.3,1015.6,56.6,6.2,158.3,13.7,5,,2025-08-25T06:39:57,2025-08-25T18:57:31,0.07,"Rain, Partially cloudy",Partly cloudy throughout the day with rain in the morning and afternoon.,rain,"DNIB,NII0000DNIB,DNMM,NII0000DNMM,NIM00065208"
"Abeokuta, Ogun, Nigeria",2025-08-26,80.1,72.6,76.1,84.0,72.6,76.3,72.3,88.3,0.06,100,41.67,rain,0,0,19.9,11.4,211.4,1015.3,64.2,4.8,152.1,13.2,6,,2025-08-26T06:39:51,2025-08-26T18:57:03,0.1,"Rain, Partially cloudy",Partly cloudy throughout the day with a chance of rain throughout the day.,rain,"DNIB,NII0000DNIB,DNMM,NII0000DNMM,remote,NIM00065208"
"Abeokuta, Ogun, Nigeria",2025-08-27,82.4,74.1,77.5,88.3,74.1,79.0,73.2,87.0,0.072,100,41.67,rain,0,0,18.6,11.4,212.3,1016.7,62.4,5.0,196.2,17.0,7,,2025-08-27T06:39:45,2025-08-27T18:56:35,0.14,"Rain, Partially cloudy",Partly cloudy throughout the day with rain.,rain,"DNIB,NII0000DNIB,DNMM,NII0000DNMM,NIM00065208"
"Abeokuta, Ogun, Nigeria",2025-08-28,83.2,73.4,77.3,87.8,73.4,78.6,72.0,84.2,0.012,100,12.5,rain,0,0,13.9,8.1,228.7,1016.0,52.4,5.5,163.3,14.1,5,,2025-08-28T06:39:38,2025-08-28T18:56:06,0.17,"Rain, Partially cloudy",Partly cloudy throughout the day with afternoon rain.,rain,"DNIB,NII0000DNIB,DNMM,NII0000DNMM,NIM00065208"
"Abeokuta, Ogun, Nigeria",2025-08-29,84.5,72.5,77.5,90.0,72.5,78.9,71.7,83.1,0.04,100,33.33,rain,0,0,17.9,15.0,207.2,1014.5,63.5,6.1,194.9,16.8,7,,2025-08-29T06:39:31,2025-08-29T18:55:37,0.2,"Rain, Partially cloudy",Partly cloudy throughout the day with rain.,rain,"DNIB,NII0000DNIB,DNMM,NII0000DNMM,NIM00065208"
"Abeokuta, Ogun, Nigeria",2025-08-30,82.3,74.4,77.7,88.1,74.4,78.5,72.6,84.5,0.088,100,41.67,rain,0,0,19.7,13.9,201.2,1014.7,63.3,5.3,159.1,13.8,7,,2025-08-30T06:39:24,2025-08-30T18:55:07,0.23,"Rain, Partially cloudy",Partly cloudy throughout the day with rain in the morning and afternoon.,rain,"DNIB,DNMM,NII0000DNMM,remote"
"Abeokuta, Ogun, Nigeria",2025-08-31,83.0,73.8,77.7,88.7,73.8,79.1,72.7,85.1,0.052,100,33.33,rain,0,0,18.6,10.3,212.1,1016.0,55.6,5.7,183.9,15.8,7,,2025-08-31T06:39:17,2025-08-31T18:54:37,0.25,"Rain, Partially cloudy",Partly cloudy throughout the day with rain in the morning and afternoon.,rain,"DNIB,DNMM,remote"
"Abeokuta, Ogun, Nigeria",2025-09-01,85.9,71.5,77.6,91.8,71.5,79.2,71.4,82.4,0.016,100,16.67,rain,0,0,15.4,10.3,219.8,1015.2,52.6,5.2,191.9,16.6,6,,2025-09-01T06:39:09,2025-09-01T18:54:07,0.3,"Rain, Partially cloudy",Partly cloudy throughout the day with afternoon rain.,rain,"DNIB,DNMM,remote"
"Abeokuta, Ogun, Nigeria",2025-09-02,85.9,72.4,78.4,93.3,72.4,80.8,72.4,82.8,0.02,100,16.67,rain,0,0,18.6,16.6,203.5,1014.0,56.0,6.2,206.6,17.7,7,,2025-09-02T06:39:01,2025-09-02T18:53:36,0.33,"Rain, Partially cloudy",Partly cloudy throughout the day with afternoon rain.,rain,"DNIB,NII0000DNIB,DNMM,remote,NII0000DNMM"
"Abeokuta, Ogun, Nigeria",2025-09-03,86.0,74.3,78.9,92.2,74.3,81.0,72.6,81.7,0.088,100,50.0,rain,0,0,25.3,12.8,205.9,1013.9,56.0,6.2,189.3,16.4,7,,2025-09-03T06:38:53,2025-09-03T18:53:05,0.36,"Rain, Partially cloudy",Partly cloudy throughout the day with a chance of rain throughout the day.,rain,"DNIB,NII0000DNIB,DNMM,NII0000DNMM,remote,NIM00065208"
"Abeokuta, Ogun, Nigeria",2025-09-04,86.0,74.3,79.4,93.5,74.3,81.5,72.6,80.4,0.032,100,29.17,rain,0,0,16.6,11.4,200.7,1013.8,56.2,6.0,166.4,14.3,6,,2025-09-04T06:38:45,2025-09-04T18:52:34,0.39,"Rain, Partially cloudy",Partly cloudy throughout the day with rain in the morning and afternoon.,rain,"DNIB,NII0000DNIB,DNMM,NII0000DNMM,NIM00065208"
"Abeokuta, Ogun, Nigeria",2025-09-05,86.4,73.4,78.4,92.3,73.4,80.3,72.6,83.2,0.004,100,4.17,rain,0,0,12.8,11.4,212.8,1014.1,52.1,5.8,219.6,19.0,8,,2025-09-05T06:38:36,2025-09-05T18:52:03,0.43,"Rain, Partially cloudy",Partly cloudy throughout the day with afternoon rain.,rain,"DNIB,NII0000DNIB,DNMM,NII0000DNMM,remote"
"Abeokuta, Ogun, Nigeria",2025-09-06,87.8,73.4,79.4,97.8,73.4,82.3,73.3,82.6,0.024,100,25.0,rain,0,0,14.3,12.8,194.5,1014.4,54.0,5.8,214.3,18.5,7,,2025-09-06T06:38:28,2025-09-06T18:51:31,0.46,"Rain, Partially cloudy",Partly cloudy throughout the day with rain in the morning and afternoon.,rain,"DNIB,NII0000DNIB,DNMM,NII0000DNMM,NIM00065208"
"Abeokuta, Ogun, Nigeria",2025-09-07,86.0,74.4,79.2,93.5,74.4,81.4,73.1,82.4,0.091,100,33.33,rain,0,0,17.4,11.2,219.7,1014.9,50.6,6.1,188.2,16.2,8,,2025-09-07T06:38:19,2025-09-07T18:50:59,0.5,"Rain, Partially cloudy",Partly cloudy throughout the day with rain.,rain,"DNIB,NII0000DNIB,DNMM,NII0000DNMM,NIM00065208"
"Abeokuta, Ogun, Nigeria",2025-09-08,86.0,73.4,77.8,93.5,73.4,79.1,73.3,86.6,0.182,100,33.33,rain,0,0,16.8,9.2,214.9,1014.4,53.3,5.7,162.3,14.1,7,,2025-09-08T06:38:10,2025-09-08T18:50:27,0.52,"Rain, Partially cloudy",Partly cloudy throughout the day with rain.,rain,"DNIB,NII0000DNIB,DNMM,NII0000DNMM,remote,NIM00065208"
"Abeokuta, Ogun, Nigeria",2025-09-09,86.0,74.6,77.3,91.9,74.6,78.5,74.0,90.1,0.249,100,50.0,rain,0,0,18.1,12.0,213.5,1014.7,55.1,4.7,162.6,14.1,5,,2025-09-09T06:38:01,2025-09-09T18:49:54,0.56,"Rain, Partially cloudy",Partly cloudy throughout the day with a chance of rain throughout the day.,rain,"DNIB,NII0000DNIB,DNMM,NII0000DNMM,NIM00065208"
"Abeokuta, Ogun, Nigeria",2025-09-10,86.0,73.4,78.9,95.2,73.4,81.3,74.0,85.5,0.08,100,45.83,rain,0,0,16.8,11.4,203.9,1015.5,53.8,5.6,197.5,17.1,7,,2025-09-10T06:37:51,2025-09-10T18:49:22,0.6,"Rain, Partially cloudy",Partly cloudy throughout the day with rain.,rain,"DNIB,NII0000DNIB,DNMM,NII0000DNMM,NIM00065208"
"Abeokuta, Ogun, Nigeria",2025-09-11,86.8,75.1,79.8,95.2,75.1,82.8,74.8,85.6,0.084,100,41.67,rain,0,0,15.0,11.4,225.5,1015.3,59.2,5.9,190.0,16.4,8,,2025-09-11T06:37:42,2025-09-11T18:48:49,0.63,"Rain, Partially cloudy",Partly cloudy throughout the day with rain in the morning and afternoon.,rain,"DNIB,NII0000DNIB,DNMM,NII0000DNMM,NIM00065208"
"Abeokuta, Ogun, Nigeria",2025-09-12,80.6,74.7,76.9,85.3,74.7,77.3,73.9,90.6,0.442,100,83.33,rain,0,0,16.1,12.8,215.6,1014.2,66.1,5.9,74.0,6.5,4,,2025-09-12T06:37:32,2025-09-12T18:48:16,0.67,"Rain, Partially cloudy",Partly cloudy throughout the day with a chance of rain throughout the day.,rain,"DNIB,NII0000DNIB,DNMM,remote,NII0000DNMM,NIM00065208"
"Abeokuta, Ogun, Nigeria",2025-09-13,82.9,73.4,77.3,89.3,73.4,78.8,73.2,87.8,0.475,100,79.17,rain,0,0,18.6,10.9,211.8,1014.8,69.1,6.0,151.7,13.1,5,,2025-09-13T06:37:23,2025-09-13T18:47:43,0.7,"Rain, Partially cloudy",Partly cloudy throughout the day with a chance of rain throughout the day.,rain,"DNIB,NII0000DNIB,DNMM,NII0000DNMM,remote,NIM00065208"
"Abeokuta, Ogun, Nigeria",2025-09-14,84.8,74.3,78.7,92.9,74.3,80.8,73.8,85.5,0.094,100,20.83,rain,0,0,14.8,15.0,224.2,1014.2,50.1,5.8,199.0,17.2,7,,2025-09-14T06:37:13,2025-09-14T18:47:10,0.75,"Rain, Partially cloudy",Partly cloudy throughout the day with rain in the morning and afternoon.,rain,"DNIB,NII0000DNIB,DNMM,NII0000DNMM,remote,NIM00065208"
"Abeokuta, Ogun, Nigeria",2025-09-15,84.9,74.9,78.4,93.7,74.9,80.5,74.3,87.5,0.076,100,45.83,rain,0,0,14.1,9.8,222.2,1012.9,64.4,5.7,197.6,17.1,8,,2025-09-15T06:37:04,2025-09-15T18:46:37,0.77,"Rain, Partially cloudy",Partly cloudy throughout the day with rain.,rain,"DNIB,NII0000DNIB,DNMM,NII0000DNMM,remote,NIM00065208"
"Abeokuta, Ogun, Nigeria",2025-09-16,82.9,74.9,77.9,89.9,74.9,79.1,74.5,89.5,0.425,100,83.33,rain,0,0,14.5,10.3,204.8,1013.0,77.0,5.0,86.0,7.4,3,,2025-09-16T06:36:54,2025-09-16T18:46:04,0.81,"Rain, Partially cloudy",Partly cloudy throughout the day with a chance of rain throughout the day.,rain,"DNIB,NII0000DNIB,DNMM,NII0000DNMM,remote,NIM00065208"
"Abeokuta, Ogun, Nigeria",2025-09-17,85.0,75.2,79.0,93.3,75.2,81.5,74.5,86.6,0.348,100,37.5,rain,0,0,16.3,12.8,203.5,1012.9,74.6,6.0,168.8,14.6,7,,2025-09-17T06:36:44,2025-09-17T18:45:31,0.84,"Rain, Partially cloudy",Partly cloudy throughout the day with rain in the morning and afternoon.,rain,"DNIB,NII0000DNIB,DNMM,NII0000DNMM,remote,NIM00065208"
"Abeokuta, Ogun, Nigeria",2025-09-18,83.7,74.0,78.0,94.4,74.0,80.3,74.5,89.3,0.256,100,37.5,rain,0,0,17.2,10.3,217.8,1013.3,74.6,5.4,185.4,15.9,8,,2025-09-18T06:36:34,2025-09-18T18:44:58,0.88,"Rain, Partially cloudy",Partly cloudy throughout the day with rain.,rain,"DNIB,NII0000DNIB,DNMM,remote,NII0000DNMM,NIM00065208"
"Abeokuta, Ogun, Nigeria",2025-09-19,86.6,71.9,78.4,96.0,71.9,81.1,73.4,85.4,0.241,100,41.67,rain,0,0,18.3,11.9,212.3,1013.4,70.1,5.8,203.6,17.6,8,,2025-09-19T06:36:25,2025-09-19T18:44:25,0.92,"Rain, Partially cloudy",Partly cloudy throughout the day with a chance of rain throughout the day.,rain,"DNIB,NII0000DNIB,DNMM,NII0000DNMM,remote,NIM00065208"
"Abeokuta, Ogun, Nigeria",2025-09-20,84.2,71.6,78.2,94.2,71.6,80.5,73.6,86.1,0.26,100,25.0,rain,0,0,16.8,10.5,226.2,1013.8,66.7,6.1,178.3,15.3,7,,2025-09-20T06:36:15,2025-09-20T18:43:52,0.95,"Rain, Partially cloudy",Partly cloudy throughout the day with rain.,rain,"DNIB,NII0000DNIB,DNMM,NII0000DNMM,remote,NIM00065208"
"Abeokuta, Ogun, Nigeria",2025-09-21,86.0,74.3,79.6,95.2,74.3,82.4,74.7,85.9,0.232,100,29.17,rain,0,0,15.4,10.6,231.6,1014.0,59.8,5.9,155.8,13.4,7,,2025-09-21T06:36:06,2025-09-21T18:43:19,0.0,"Rain, Partially cloudy",Partly cloudy throughout the day with rain in the morning and afternoon.,rain,"DNIB,NII0000DNIB,DNMM,NII0000DNMM,remote,NIM00065208"
"Abeokuta, Ogun, Nigeria",2025-09-22,84.2,73.2,77.9,92.5,73.2,79.8,74.2,88.9,0.076,100,41.67,rain,0,0,28.9,17.2,209.7,1014.4,49.4,5.6,165.8,14.4,7,,2025-09-22T06:35:56,2025-09-22T18:42:46,0.02,"Rain, Partially cloudy",Partly cloudy throughout the day with a chance of rain throughout the day.,rain,"DNIB,NII0000DNIB,DNMM,NII0000DNMM,NIM00065208"
"Abeokuta, Ogun, Nigeria",2025-09-23,80.3,75.2,77.1,85.6,75.2,77.3,74.5,91.8,0.028,100,20.83,rain,0,0,19.2,8.1,205.5,1014.8,65.3,5.6,161.9,14.1,5,,2025-09-23T06:35:47,2025-09-23T18:42:13,0.05,"Rain, Partially cloudy",Partly cloudy throughout the day with rain.,rain,"DNIB,NII0000DNIB,DNMM,NII0000DNMM,NIM00065208"
"Abeokuta, Ogun, Nigeria",2025-09-24,80.6,74.4,76.5,86.2,74.4,76.8,74.9,94.9,0.716,100,83.33,rain,0,0,14.3,12.8,249.8,1015.6,80.6,4.5,87.1,7.5,4,,2025-09-24T06:35:37,2025-09-24T18:41:40,0.09,"Rain, Partially cloudy",Partly cloudy throughout the day with a chance of rain throughout the day.,rain,"DNIB,NII0000DNIB,DNMM,NII0000DNMM,NIM00065208"
"Abeokuta, Ogun, Nigeria",2025-09-25,85.9,74.0,78.2,94.4,74.0,80.1,73.9,87.3,0.36,100,70.83,rain,0,0,16.1,13.9,231.5,1014.7,57.6,5.6,150.4,13.2,5,,2025-09-25T06:35:28,2025-09-25T18:41:08,0.12,"Rain, Partially cloudy",Partly cloudy throughout the day with a chance of rain throughout the day.,rain,"DNIB,NII0000DNIB,DNMM,remote,NII0000DNMM,NIM00065208"
"Abeokuta, Ogun, Nigeria",2025-09-26,86.0,76.2,79.5,95.2,76.2,82.1,74.6,85.6,0.119,100,37.5,rain,0,0,15.4,13.9,196.9,1013.5,67.4,6.1,223.3,19.3,8,,2025-09-26T06:35:19,2025-09-26T18:40:35,0.15,"Rain, Partially cloudy",Partly cloudy throughout the day with rain.,rain,"DNIB,NII0000DNIB,DNMM,NII0000DNMM,NIM00065208"
"Abeokuta, Ogun, Nigeria",2025-09-27,86.0,76.2,80.0,95.2,76.2,83.3,75.0,85.3,0.335,100,33.33,rain,0,0,15.2,11.4,206.9,1013.6,58.9,6.2,140.2,11.9,5,,2025-09-27T06:35:11,2025-09-27T18:40:03,0.18,"Rain, Partially cloudy",Partly cloudy throughout the day with rain.,rain,"DNIB,NII0000DNIB,DNMM,NIM00065203,NII0000DNMM,NIM00065208"
"Abeokuta, Ogun, Nigeria",2025-09-28,86.0,76.0,79.7,97.2,76.0,82.6,75.2,86.7,0.284,100,33.33,rain,0,0,18.1,11.1,226.2,1014.0,65.0,6.1,183.1,15.6,7,,2025-09-28T06:35:02,2025-09-28T18:39:31,0.22,"Rain, Partially cloudy",Partly cloudy throughout the day with rain in the morning and afternoon.,rain,"DNIB,NII0000DNIB,DNMM,NII0000DNMM,NIM00065208"
"Abeokuta, Ogun, Nigeria",2025-09-29,85.9,77.0,80.2,96.9,77.0,83.6,75.5,85.9,0.394,100,54.17,rain,0,0,14.5,8.1,220.2,1014.0,68.5,6.0,99.4,8.6,4,,2025-09-29T06:34:54,2025-09-29T18:39:00,0.25,"Rain, Partially cloudy",Partly cloudy throughout the day with a chance of rain throughout the day.,rain,"DNIB,NII0000DNIB,DNMM,NII0000DNMM,remote,NIM00065208"
"Abeokuta, Ogun, Nigeria",2025-09-30,86.0,75.3,80.4,96.7,75.3,84.8,76.0,86.9,0.163,100,50.0,rain,0,0,13.4,10.2,191.6,1013.8,73.6,6.0,136.0,11.9,6,,2025-09-30T06:34:46,2025-09-30T18:38:28,0.25,"Rain, Partially cloudy",Partly cloudy throughout the day with a chance of rain throughout the day.,rain,"DNIB,NII0000DNIB,DNMM,NII0000DNMM,remote,NIM00065208"
"Abeokuta, Ogun, Nigeria",2025-10-01,80.6,70.8,77.0,86.2,70.8,77.6,73.3,88.7,0.08,100,41.67,rain,0,0,14.8,12.8,225.2,1014.1,58.7,5.6,153.8,13.2,6,,2025-10-01T06:34:38,2025-10-01T18:37:57,0.31,"Rain, Partially cloudy",Partly cloudy throughout the day with rain.,rain,"DNIB,NII0000DNIB,DNMM,NII0000DNMM,remote,NIM00065208"
"Abeokuta, Ogun, Nigeria",2025-10-02,86.0,74.3,80.1,93.7,74.3,83.1,73.7,81.6,0.056,100,50.0,rain,0,0,12.1,7.1,207.1,1014.2,48.6,6.2,122.9,10.6,4,,2025-10-02T06:34:30,2025-10-02T18:37:26,0.35,"Rain, Partially cloudy",Partly cloudy throughout the day with a chance of rain throughout the day.,rain,"DNIB,NII0000DNIB,DNMM,NII0000DNMM,NIM00065208"
"Abeokuta, Ogun, Nigeria",2025-10-03,87.8,77.0,80.6,99.0,77.0,84.1,75.1,84.1,0.068,100,37.5,rain,0,0,13.6,10.4,211.8,1013.9,61.8,6.1,191.4,16.5,7,,2025-10-03T06:34:23,2025-10-03T18:36:56,0.38,"Rain, Partially cloudy",Partly cloudy throughout the day with rain.,rain,"DNIB,NII0000DNIB,DNMM,NII0000DNMM,NIM00065208"
"Abeokuta, Ogun, Nigeria",2025-10-04,87.8,74.7,81.0,99.9,74.7,85.7,75.2,83.4,0.016,100,16.67,rain,0,0,17.7,10.3,200.9,1013.3,63.3,6.2,201.7,17.2,7,,2025-10-04T06:34:16,2025-10-04T18:36:25,0.41,"Rain, Partially cloudy",Partly cloudy throughout the day with rain in the morning and afternoon.,rain,"DNIB,NII0000DNIB,DNMM,NII0000DNMM,remote,NIM00065208"
"Abeokuta, Ogun, Nigeria",2025-10-05,79.8,73.4,76.5,79.8,73.4,76.5,73.9,91.7,0.162,100,20.83,rain,0,0,18.6,8.6,222.3,1013.4,67.1,5.5,164.3,14.0,6,,2025-10-05T06:34:09,2025-10-05T18:35:56,0.44,"Rain, Partially cloudy",Partly cloudy throughout the day with rain in the morning and afternoon.,rain,"DNIB,NII0000DNIB,DNMM,NII0000DNMM,remote,NIM00065208"
"Abeokuta, Ogun, Nigeria",2025-10-06,87.8,73.2,78.4,97.8,73.2,81.1,73.6,86.1,0.036,100,16.67,rain,0,0,10.3,9.2,206.4,1013.7,58.6,4.9,169.9,14.7,7,,2025-10-06T06:34:03,2025-10-06T18:35:26,0.48,"Rain, Partially cloudy",Partly cloudy throughout the day with morning rain.,rain,"DNIB,NII0000DNIB,DNMM,NII0000DNMM,NIM00065208"
"Abeokuta, Ogun, Nigeria",2025-10-07,78.8,71.6,75.7,78.8,71.6,75.7,73.7,93.7,0.375,100,58.33,rain,0,0,20.1,10.1,210.6,1013.7,63.8,4.6,132.8,11.6,6,,2025-10-07T06:33:57,2025-10-07T18:34:57,0.5,"Rain, Partially cloudy",Partly cloudy throughout the day with rain.,rain,"DNIB,NII0000DNIB,DNMM,NII0000DNMM,remote,NIM00065208"
"Abeokuta, Ogun, Nigeria",2025-10-08,84.2,72.6,78.0,91.8,72.6,80.2,72.9,85.1,0.119,100,41.67,rain,0,0,16.3,10.3,174.1,1013.6,50.8,5.1,161.5,14.0,6,,2025-10-08T06:33:51,2025-10-08T18:34:29,0.55,"Rain, Partially cloudy",Partly cloudy throughout the day with a chance of rain throughout the day.,rain,"DNIB,NII0000DNIB,DNMM,NII0000DNMM,NIM00065208"
"Abeokuta, Ogun, Nigeria",2025-10-09,87.6,71.6,79.6,96.6,71.6,83.2,73.1,81.3,0.008,100,8.33,rain,0,0,12.1,11.4,196.4,1013.7,51.2,5.1,196.9,17.0,7,,2025-10-09T06:33:46,2025-10-09T18:34:01,0.58,"Rain, Partially cloudy",Partly cloudy throughout the day with afternoon rain.,rain,"DNIB,NII0000DNIB,DNMM,NII0000DNMM,NIM00065208"
"Abeokuta, Ogun, Nigeria",2025-10-10,89.6,76.1,80.0,102.6,76.1,82.5,75.0,85.4,0.501,100,50.0,rain,0,0,17.9,11.4,222.1,1013.2,52.9,5.4,190.1,16.4,7,,2025-10-10T06:33:41,2025-10-10T18:33:33,0.61,"Rain, Partially cloudy",Partly cloudy throughout the day with rain.,rain,"DNIB,NII0000DNIB,DNMM,NII0000DNMM,NIM00065208"
"Abeokuta, Ogun, Nigeria",2025-10-11,87.8,75.2,79.9,96.6,75.2,82.5,74.5,84.4,0.564,100,54.17,rain,0,0,12.8,10.7,223.9,1012.2,55.5,4.6,138.2,11.9,5,,2025-10-11T06:33:37,2025-10-11T18:33:06,0.65,"Rain, Partially cloudy",Partly cloudy throughout the day with a chance of rain throughout the day.,rain,"DNIB,NII0000DNIB,DNMM,NII0000DNMM,remote,NIM00065208"
"Abeokuta, Ogun, Nigeria",2025-10-12,82.4,69.8,77.6,89.5,69.8,79.1,73.2,86.6,0.371,100,50.0,rain,0,0,13.9,15.0,96.4,1012.0,60.4,5.8,123.5,10.7,5,,2025-10-12T06:33:33,2025-10-12T18:32:40,0.68,"Rain, Partially cloudy",Partly cloudy throughout the day with a chance of rain throughout the day.,rain,"DNIB,NII0000DNIB,DNMM,NII0000DNMM,remote,NIM00065208"
"Abeokuta, Ogun, Nigeria",2025-10-13,88.8,73.4,80.4,98.4,73.4,83.8,73.7,81.4,0.106,100,12.5,rain,0,0,15.7,10.8,184.7,1011.6,51.1,5.0,191.7,16.6,6,,2025-10-13T06:33:30,2025-10-13T18:32:14,0.75,"Rain, Partially cloudy",Partly cloudy throughout the day with rain.,rain,"DNIB,NII0000DNIB,DNMM,NII0000DNMM,NIM00065208"
"Abeokuta, Ogun, Nigeria",2025-10-14,86.0,75.1,78.4,97.2,75.1,79.6,74.4,87.8,0.044,100,41.67,rain,0,0,13.2,12.8,145.8,1013.0,52.6,5.1,112.2,9.7,4,,2025-10-14T06:33:27,2025-10-14T18:31:48,0.75,"Rain, Partially cloudy",Partly cloudy throughout the day with a chance of rain throughout the day.,rain,"DNIB,NII0000DNIB,DNMM,NII0000DNMM,NIM00065208"
"Abeokuta, Ogun, Nigeria",2025-10-15,87.8,75.1,80.0,95.8,75.1,83.0,74.2,83.6,0.016,100,12.5,rain,0,0,13.6,9.5,191.9,1013.0,54.5,5.5,168.9,14.4,5,,2025-10-15T06:33:24,2025-10-15T18:31:23,0.79,"Rain, Partially cloudy",Partly cloudy throughout the day with rain.,rain,"DNIB,NII0000DNIB,DNMM,NII0000DNMM,NIM00065208"
"Abeokuta, Ogun, Nigeria",2025-10-16,89.6,73.4,81.0,100.3,73.4,85.0,74.4,81.5,0.123,100,25.0,rain,0,0,18.8,13.9,201.4,1012.2,62.0,6.1,184.3,15.9,6,,2025-10-16T06:33:23,2025-10-16T18:30:59,0.82,"Rain, Partially cloudy",Partly cloudy throughout the day with a chance of rain throughout the day.,rain,"DNIB,NII0000DNIB,DNMM,NII0000DNMM,remote,NIM00065208"
"Abeokuta, Ogun, Nigeria",2025-10-17,89.6,73.4,80.4,102.6,73.4,84.9,73.7,81.1,0.008,100,8.33,rain,0,0,14.1,8.2,187.6,1012.1,56.6,5.8,206.2,17.6,7,,2025-10-17T06:33:21,2025-10-17T18:30:36,0.86,"Rain, Partially cloudy",Partly cloudy throughout the day with afternoon rain.,rain,"DNIB,NII0000DNIB,DNMM,NII0000DNMM,NIM00065208"
"Abeokuta, Ogun, Nigeria",2025-10-18,89.7,76.2,81.7,99.6,76.2,86.1,74.9,80.7,0.169,100,25.0,rain,0,0,18.6,10.2,177.2,1012.6,60.0,5.6,212.7,18.3,8,,2025-10-18T06:33:20,2025-10-18T18:30:13,0.89,"Rain, Partially cloudy",Partly cloudy throughout the day with rain in the morning and afternoon.,rain,"DNIB,NII0000DNIB,DNMM,NII0000DNMM,NIM00065208"
"Abeokuta, Ogun, Nigeria",2025-10-19,91.4,76.1,82.2,105.1,76.1,87.8,76.1,82.9,0.099,100,12.5,rain,0,0,19.0,13.9,212.2,1013.5,61.1,5.9,194.0,16.6,8,,2025-10-19T06:33:20,2025-10-19T18:29:51,0.93,"Rain, Partially cloudy",Partly cloudy throughout the day with afternoon rain.,rain,"DNIB,NII0000DNIB,DNMM,NII0000DNMM,NIM00065208"
"Abeokuta, Ogun, Nigeria",2025-10-20,95.0,74.2,82.0,110.0,74.2,87.4,75.2,81.0,0.064,100,29.17,rain,0,0,16.1,11.4,199.5,1013.2,60.6,6.1,210.6,18.2,8,,2025-10-20T06:33:21,2025-10-20T18:29:29,0.96,"Rain, Partially cloudy",Partly cloudy throughout the day with a chance of rain throughout the day.,rain,"DNIB,NII0000DNIB,DNMM,NII0000DNMM,NIM00065208"
"Abeokuta, Ogun, Nigeria",2025-10-21,91.8,76.0,82.9,105.1,76.0,88.8,76.0,81.0,0.0,0,0.0,,0,0,14.1,11.4,189.4,1012.1,48.5,6.2,244.5,21.2,9,,2025-10-21T06:33:21,2025-10-21T18:29:08,0.0,Partially cloudy,Partly cloudy throughout the day.,partly-cloudy-day,"DNIB,NII0000DNIB,DNMM,NII0000DNMM,remote,NIM00065208"
"Abeokuta, Ogun, Nigeria",2025-10-22,89.6,77.0,81.9,102.6,77.0,88.0,76.7,84.9,0.036,100,12.5,rain,0,0,19.0,10.3,205.9,1012.6,57.4,6.0,193.0,16.7,7,,2025-10-22T06:33:23,2025-10-22T18:28:48,0.03,"Rain, Partially cloudy",Partly cloudy throughout the day with rain in the morning and afternoon.,rain,"DNIB,NII0000DNIB,DNMM,NII0000DNMM,remote,NIM00065208"
"Abeokuta, Ogun, Nigeria",2025-10-23,88.6,73.4,81.3,101.1,73.4,86.7,76.2,85.3,0.079,100,16.67,rain,0,0,18.3,9.8,215.4,1013.1,62.8,5.6,189.0,16.2,7,,2025-10-23T06:33:25,2025-10-23T18:28:29,0.06,"Rain, Partially cloudy",Partly cloudy throughout the day with rain in the morning and afternoon.,rain,"DNIB,NII0000DNIB,DNMM,NII0000DNMM,remote,NIM00065208"
"Abeokuta, Ogun, Nigeria",2025-10-24,87.9,73.4,79.9,99.9,73.4,84.3,74.1,83.3,0.052,100,29.17,rain,0,0,17.4,12.8,189.9,1013.7,68.1,6.0,186.3,15.8,6,,2025-10-24T06:33:28,2025-10-24T18:28:11,0.1,"Rain, Partially cloudy",Partly cloudy throughout the day with rain in the morning and afternoon.,rain,"DNIB,NII0000DNIB,DNMM,NII0000DNMM,NIM00065208"
"Abeokuta, Ogun, Nigeria",2025-10-25,89.7,76.9,82.1,102.6,76.9,87.3,75.9,82.2,0.016,100,12.5,rain,0,0,14.5,11.4,208.6,1013.5,57.6,6.0,182.4,15.6,6,,2025-10-25T06:33:32,2025-10-25T18:27:53,0.13,"Rain, Partially cloudy",Partly cloudy throughout the day with rain in the morning and afternoon.,rain,"DNIB,NII0000DNIB,DNMM,NII0000DNMM,remote,NIM00065208"
"Abeokuta, Ogun, Nigeria",2025-10-26,89.6,75.0,82.0,102.6,75.0,87.4,76.0,82.9,0.036,100,16.67,rain,0,0,17.2,6.9,214.2,1012.7,57.9,6.0,184.8,16.0,6,,2025-10-26T06:33:36,2025-10-26T18:27:36,0.16,"Rain, Partially cloudy",Partly cloudy throughout the day with rain in the morning and afternoon.,rain,"DNIB,NII0000DNIB,DNMM,NII0000DNMM,NIM00065208"
"Abeokuta, Ogun, Nigeria",2025-10-27,91.5,76.1,82.4,102.6,76.1,89.0,76.5,83.3,0.052,100,37.5,rain,0,0,16.6,12.7,203.3,1012.4,57.2,5.9,199.2,17.2,7,,2025-10-27T06:33:40,2025-10-27T18:27:20,0.2,"Rain, Partially cloudy",Partly cloudy throughout the day with rain.,rain,"DNIB,NII0000DNIB,DNMM,NIM00065203,NII0000DNMM,remote,NIM00065208"
"Abeokuta, Ogun, Nigeria",2025-10-28,88.6,74.4,79.5,100.0,74.4,83.3,75.3,87.4,0.008,100,8.33,rain,0,0,53.0,19.5,192.0,1012.5,60.6,5.4,211.1,18.1,8,,2025-10-28T06:33:46,2025-10-28T18:27:05,0.23,"Rain, Partially cloudy",Partly cloudy throughout the day with rain in the morning and afternoon.,rain,"DNIB,NII0000DNIB,DNMM,remote,NII0000DNMM,NIM00065208"
"Abeokuta, Ogun, Nigeria",2025-10-29,85.2,74.3,79.3,95.1,74.3,82.9,75.1,87.3,0.028,100,25.0,rain,0,0,13.0,8.1,206.6,1013.2,55.4,5.2,167.2,14.5,6,,2025-10-29T06:33:52,2025-10-29T18:26:50,0.25,"Rain, Partially cloudy",Partly cloudy throughout the day with rain in the morning and afternoon.,rain,"DNIB,NII0000DNIB,DNMM,NII0000DNMM,NIM00065208"
"Abeokuta, Ogun, Nigeria",2025-10-30,88.8,75.2,79.7,101.0,75.2,82.7,75.6,88.0,0.24,100,29.17,rain,0,0,16.1,8.1,195.2,1013.0,65.4,5.4,188.3,16.2,8,,2025-10-30T06:33:59,2025-10-30T18:26:37,0.3,"Rain, Partially cloudy",Partly cloudy throughout the day with rain in the morning and afternoon.,rain,"DNIB,NII0000DNIB,DNMM,remote,NII0000DNMM,NIM00065208"
"Abeokuta, Ogun, Nigeria",2025-10-31,89.6,74.3,80.1,102.6,74.3,84.6,75.6,87.2,0.02,100,16.67,rain,0,0,15.4,6.9,232.9,1013.2,61.6,5.7,191.4,16.5,8,,2025-10-31T06:34:07,2025-10-31T18:26:24,0.33,"Rain, Partially cloudy",Partly cloudy throughout the day with afternoon rain.,rain,"DNIB,NII0000DNIB,DNMM,NII0000DNMM,remote,NIM00065208"
"Abeokuta, Ogun, Nigeria",2025-11-01,88.9,76.7,81.0,100.3,76.7,85.8,76.4,86.6,0.028,100,20.83,rain,0,0,14.8,11.4,209.4,1013.4,58.1,5.7,201.8,17.6,8,,2025-11-01T06:34:15,2025-11-01T18:26:12,0.36,"Rain, Partially cloudy",Partly cloudy throughout the day with rain in the morning and afternoon.,rain,"DNIB,NII0000DNIB,DNMM,NII0000DNMM,NIM00065208"
"Abeokuta, Ogun, Nigeria",2025-11-02,90.6,76.0,80.7,104.3,76.0,85.7,76.5,87.8,0.0,0,0.0,,0,0,34.4,13.9,246.5,1012.7,55.2,5.3,217.8,18.7,8,,2025-11-02T06:34:24,2025-11-02T18:26:02,0.4,Partially cloudy,Partly cloudy throughout the day.,partly-cloudy-day,"DNIB,NII0000DNIB,DNMM,NII0000DNMM,remote"
"Abeokuta, Ogun, Nigeria",2025-11-03,85.7,75.2,79.8,96.7,75.2,82.5,75.8,87.9,0.134,100,20.83,rain,0,0,14.1,10.1,199.1,1013.3,58.2,5.7,205.7,17.7,7,,2025-11-03T06:34:33,2025-11-03T18:25:52,0.43,"Rain, Partially cloudy",Partly cloudy throughout the day with afternoon rain.,rain,"DNIB,NII0000DNIB,DNMM,NII0000DNMM,remote,NIM00065208"
"Abeokuta, Ogun, Nigeria",2025-11-04,90.6,75.8,81.7,103.7,75.8,86.4,75.5,82.4,0.052,100,16.67,rain,0,0,13.9,10.1,180.8,1013.7,55.3,4.9,152.0,13.1,5,,2025-11-04T06:34:44,2025-11-04T18:25:43,0.46,"Rain, Partially cloudy",Partly cloudy throughout the day with rain.,rain,"DNIB,NII0000DNIB,DNMM,remote,NII0000DNMM,NIM00065208"
"Abeokuta, Ogun, Nigeria",2025-11-05,88.6,73.4,80.0,100.1,73.4,83.5,75.0,85.7,0.028,100,12.5,rain,0,0,19.5,7.8,211.5,1013.4,58.3,6.0,173.0,15.0,7,,2025-11-05T06:34:55,2025-11-05T18:25:35,0.5,"Rain, Partially cloudy",Partly cloudy throughout the day with rain.,rain,"DNIB,NII0000DNIB,DNMM,NIM00065203,NII0000DNMM,remote,NIM00065208"
"Abeokuta, Ogun, Nigeria",2025-11-06,88.1,73.4,79.5,99.9,73.4,83.5,75.1,87.1,0.106,100,25.0,rain,0,0,21.0,12.8,179.3,1012.3,61.5,5.3,177.7,15.4,7,,2025-11-06T06:35:07,2025-11-06T18:25:28,0.53,"Rain, Partially cloudy",Partly cloudy throughout the day with rain in the morning and afternoon.,rain,"DNIB,NII0000DNIB,DNMM,NIM00065203,NII0000DNMM,remote,NIM00065208"
"Abeokuta, Ogun, Nigeria",2025-11-07,86.0,73.4,79.9,95.2,73.4,83.9,74.7,85.0,0.016,100,16.67,rain,0,0,12.1,9.2,177.4,1012.1,55.5,5.4,77.0,6.5,3,,2025-11-07T06:35:20,2025-11-07T18:25:22,0.56,"Rain, Partially cloudy",Partly cloudy throughout the day with rain in the morning and afternoon.,rain,"DNIB,NII0000DNIB,DNMM,NIM00065203,NII0000DNMM,remote,NIM00065208"
"Abeokuta, Ogun, Nigeria",2025-11-08,89.6,75.2,81.8,101.6,75.2,86.7,75.1,81.1,0.028,100,8.33,rain,0,0,16.1,8.9,187.6,1012.5,44.4,5.5,219.9,19.0,7,,2025-11-08T06:35:33,2025-11-08T18:25:17,0.6,"Rain, Partially cloudy",Partly cloudy throughout the day with afternoon rain.,rain,"DNIB,NII0000DNIB,DNMM,NIM00065203,NII0000DNMM,remote,NIM00065208"
"Abeokuta, Ogun, Nigeria",2025-11-09,89.6,77.0,82.5,100.6,77.0,87.7,75.9,81.8,0.048,100,33.33,rain,0,0,18.3,10.8,194.4,1012.9,55.9,5.9,207.1,17.8,8,,2025-11-09T06:35:47,2025-11-09T18:25:13,0.63,"Rain, Partially cloudy",Partly cloudy throughout the day with rain in the morning and afternoon.,rain,"DNIB,NII0000DNIB,DNMM,NIM00065203,NII0000DNMM,remote,NIM00065208"
"Abeokuta, Ogun, Nigeria",2025-11-10,91.4,77.0,82.8,107.8,77.0,88.6,76.1,81.5,0.008,100,8.33,rain,0,0,15.0,9.8,178.0,1012.4,49.5,6.0,209.0,18.1,8,,2025-11-10T06:36:02,2025-11-10T18:25:10,0.67,"Rain, Partially cloudy",Partly cloudy throughout the day with afternoon rain.,rain,"DNIB,NII0000DNIB,DNMM,NIM00065203,NII0000DNMM,remote,NIM00065208"
"Abeokuta, Ogun, Nigeria",2025-11-11,88.2,77.0,81.9,99.4,77.0,86.9,75.9,82.9,0.012,100,8.33,rain,0,0,14.8,6.7,238.7,1011.6,54.6,5.6,208.1,18.0,7,,2025-11-11T06:36:18,2025-11-11T18:25:08,0.7,"Rain, Partially cloudy",Partly cloudy throughout the day with rain.,rain,"DNIB,NII0000DNIB,DNMM,NIM00065203,NII0000DNMM,NIM00065208"
"Abeokuta, Ogun, Nigeria",2025-11-12,90.1,77.0,81.8,105.2,77.0,87.1,75.9,83.1,0.052,100,29.17,rain,0,0,17.0,12.1,225.1,1011.7,61.4,5.3,193.3,16.8,8,,2025-11-12T06:36:34,2025-11-12T18:25:07,0.75,"Rain, Partially cloudy",Partly cloudy throughout the day with rain in the morning and afternoon.,rain,"DNIB,NII0000DNIB,DNMM,NIM00065203,NII0000DNMM,remote,NIM00065208"
"Abeokuta, Ogun, Nigeria",2025-11-13,89.9,75.8,82.1,102.6,75.8,87.2,75.9,82.5,0.099,100,29.17,rain,0,0,14.5,8.3,195.8,1013.6,52.8,5.9,189.7,16.3,8,,2025-11-13T06:36:51,2025-11-13T18:25:06,0.77,"Rain, Partially cloudy",Partly cloudy throughout the day with rain.,rain,"DNIB,NII0000DNIB,DNMM,NIM00065203,NII0000DNMM,remote,NIM00065208"
"Abeokuta, Ogun, Nigeria",2025-11-14,92.4,75.2,82.2,104.4,75.2,87.9,75.9,82.7,0.0,0,0.0,,0,0,12.8,9.2,193.7,1013.8,54.6,5.7,223.6,19.3,8,,2025-11-14T06:37:08,2025-11-14T18:25:07,0.8,Partially cloudy,Partly cloudy throughout the day.,partly-cloudy-day,"DNIB,NII0000DNIB,DNMM,NIM00065203,NII0000DNMM,NIM00065208"
"Abeokuta, Ogun, Nigeria",2025-11-15,89.9,78.8,82.4,99.9,78.8,88.1,76.2,82.4,0.0,0,0.0,,0,0,15.7,7.9,234.7,1012.6,52.3,5.7,230.5,19.8,9,,2025-11-15T06:37:27,2025-11-15T18:25:09,0.84,Partially cloudy,Partly cloudy throughout the day.,partly-cloudy-day,"DNIB,NII0000DNIB,DNMM,NIM00065203,NII0000DNMM,remote,NIM00065208"
"Abeokuta, Ogun, Nigeria",2025-11-16,89.6,77.0,82.9,102.6,77.0,90.0,76.0,80.5,0.06,100,54.17,rain,0,0,13.2,11.9,194.5,1012.2,57.6,4.8,185.6,16.1,7,,2025-11-16T06:37:46,2025-11-16T18:25:12,0.87,"Rain, Partially cloudy",Partly cloudy throughout the day with rain.,rain,"DNIB,NII0000DNIB,DNMM,NIM00065203,NII0000DNMM,remote,NIM00065208"
"Abeokuta, Ogun, Nigeria",2025-11-17,89.6,77.0,82.6,102.6,77.0,87.9,75.8,81.3,0.016,100,12.5,rain,0,0,16.1,6.9,200.5,1012.8,49.9,5.4,193.4,16.8,7,,2025-11-17T06:38:06,2025-11-17T18:25:16,0.9,"Rain, Partially cloudy",Partly cloudy throughout the day with rain in the morning and afternoon.,rain,"DNIB,NII0000DNIB,DNMM,NII0000DNMM,remote,NIM00065208"
"Abeokuta, Ogun, Nigeria",2025-11-18,87.8,77.0,82.0,102.4,77.0,88.1,76.4,83.6,0.004,100,4.17,rain,0,0,14.3,8.1,250.9,1011.8,53.0,5.2,209.7,18.1,8,,2025-11-18T06:38:26,2025-11-18T18:25:21,0.94,"Rain, Partially cloudy",Partly cloudy throughout the day with afternoon rain.,rain,"DNIB,NII0000DNIB,DNMM,NIM00065203,NII0000DNMM,remote,NIM00065208"
"Abeokuta, Ogun, Nigeria",2025-11-19,93.2,77.0,83.8,102.6,77.0,90.3,75.8,78.8,0.004,100,4.17,rain,0,0,16.8,7.9,248.7,1011.4,38.8,5.5,220.9,18.9,9,,2025-11-19T06:38:47,2025-11-19T18:25:27,0.97,"Rain, Partially cloudy",Partly cloudy throughout the day with afternoon rain.,rain,"DNIB,NII0000DNIB,DNMM,NIM00065203,NII0000DNMM,NIM00065208"
"Abeokuta, Ogun, Nigeria",2025-11-20,92.2,77.0,83.5,105.4,77.0,90.4,76.5,80.6,0.008,100,8.33,rain,0,0,17.7,10.3,209.9,1011.3,45.3,5.7,219.6,19.0,8,,2025-11-20T06:39:09,2025-11-20T18:25:34,0.0,"Rain, Partially cloudy",Partly cloudy throughout the day with afternoon rain.,rain,"DNIB,NII0000DNIB,DNMM,NIM00065203,NII0000DNMM,NIM00065208"
"Abeokuta, Ogun, Nigeria",2025-11-21,87.9,78.7,82.1,99.9,78.7,87.7,76.4,83.6,0.02,100,12.5,rain,0,0,14.1,12.1,214.8,1011.9,50.9,5.1,198.8,17.2,7,,2025-11-21T06:39:32,2025-11-21T18:25:42,0.04,"Rain, Partially cloudy",Partly cloudy throughout the day with rain.,rain,"DNIB,NII0000DNIB,DNMM,NIM00065203,NII0000DNMM,remote,NIM00065208"
"Abeokuta, Ogun, Nigeria",2025-11-22,92.6,78.0,82.7,108.2,78.0,88.7,76.9,83.4,0.044,100,25.0,rain,0,0,15.7,15.0,203.7,1012.0,60.7,5.4,211.6,18.3,8,,2025-11-22T06:39:55,2025-11-22T18:25:51,0.07,"Rain, Partially cloudy",Partly cloudy throughout the day with rain.,rain,"DNIB,NII0000DNIB,DNMM,NIM00065203,NII0000DNMM,remote,NIM00065208"
"Abeokuta, Ogun, Nigeria",2025-11-23,89.2,75.2,81.5,105.2,75.2,87.6,76.0,84.4,0.06,100,41.67,rain,0,0,14.3,5.8,207.6,1012.6,53.8,5.5,180.6,15.7,7,,2025-11-23T06:40:18,2025-11-23T18:26:01,0.11,"Rain, Partially cloudy",Partly cloudy throughout the day with rain in the morning and afternoon.,rain,"DNIB,NII0000DNIB,DNMM,NIM00065203,NII0000DNMM,remote,NIM00065208"
"Abeokuta, Ogun, Nigeria",2025-11-24,91.4,77.0,83.3,105.2,77.0,90.3,76.7,81.7,0.0,0,0.0,,0,0,14.1,10.3,200.2,1012.1,45.2,5.6,247.3,21.3,9,,2025-11-24T06:40:42,2025-11-24T18:26:12,0.14,Partially cloudy,Partly cloudy throughout the day.,partly-cloudy-day,"DNIB,NII0000DNIB,DNMM,NIM00065203,NII0000DNMM,NIM00065208"
"Abeokuta, Ogun, Nigeria",2025-11-25,94.0,77.0,84.2,105.4,77.0,90.7,76.4,79.2,0.0,0,0.0,,0,0,15.4,9.2,217.3,1010.9,45.7,5.7,225.6,19.4,9,,2025-11-25T06:41:07,2025-11-25T18:26:24,0.18,Partially cloudy,Partly cloudy throughout the day.,partly-cloudy-day,"DNIB,NII0000DNIB,DNMM,NIM00065203,NII0000DNMM,remote,NIM00065208"
"Abeokuta, Ogun, Nigeria",2025-11-26,93.8,78.8,84.1,105.4,78.8,90.5,76.6,79.9,0.004,100,4.17,rain,0,0,18.1,9.2,222.7,1010.6,44.7,5.4,210.9,18.2,8,,2025-11-26T06:41:32,2025-11-26T18:26:36,0.21,"Rain, Partially cloudy",Partly cloudy throughout the day with morning rain.,rain,"DNIB,NII0000DNIB,DNMM,NIM00065203,NII0000DNMM,remote,NIM00065208"
"Abeokuta, Ogun, Nigeria",2025-11-27,89.6,78.8,83.1,101.9,78.8,91.3,77.3,83.2,0.051,100,12.5,rain,0,0,20.1,9.2,219.1,1010.7,52.9,5.6,200.7,17.4,8,,2025-11-27T06:41:58,2025-11-27T18:26:50,0.24,"Rain, Partially cloudy",Partly cloudy throughout the day with rain in the morning and afternoon.,rain,"DNIB,NII0000DNIB,DNMM,NIM00065203,NII0000DNMM,NIM00065208"
"Abeokuta, Ogun, Nigeria",2025-11-28,92.2,75.2,83.3,106.2,75.2,91.1,76.9,82.3,0.048,100,12.5,rain,0,0,16.8,15.2,206.3,1010.7,58.0,5.6,181.1,15.5,7,,2025-11-28T06:42:25,2025-11-28T18:27:05,0.25,"Rain, Partially cloudy",Partly cloudy throughout the day with rain.,rain,"DNIB,NII0000DNIB,DNMM,NII0000DNMM,remote,NIM00065208"
"Abeokuta, Ogun, Nigeria",2025-11-29,91.4,73.4,81.2,107.8,73.4,87.1,75.6,84.2,0.08,100,41.67,rain,0,0,17.0,60.1,201.4,1009.5,52.1,5.7,186.3,15.9,7,,2025-11-29T06:42:51,2025-11-29T18:27:20,0.31,"Rain, Partially cloudy",Partly cloudy throughout the day with rain.,rain,"DNIB,NII0000DNIB,DNMM,NII0000DNMM,NIM00065208"
"Abeokuta, Ogun, Nigeria",2025-11-30,91.4,77.8,83.8,107.8,77.8,92.1,77.3,81.7,0.004,100,4.17,rain,0,0,14.3,7.5,225.7,1008.9,57.0,5.6,188.2,16.2,7,,2025-11-30T06:43:19,2025-11-30T18:27:37,0.35,"Rain, Partially cloudy",Partly cloudy throughout the day with afternoon rain.,rain,"DNIB,NII0000DNIB,DNMM,NIM00065203,NII0000DNMM,remote,NIM00065208"
"Abeokuta, Ogun, Nigeria",2025-12-01,90.6,77.0,82.7,103.7,77.0,90.2,77.3,84.7,0.004,100,4.17,rain,0,0,17.2,7.6,228.5,1008.8,53.9,5.2,196.9,16.9,8,,2025-12-01T06:43:46,2025-12-01T18:27:54,0.38,"Rain, Partially cloudy",Partly cloudy throughout the day with afternoon rain.,rain,"DNIB,NII0000DNIB,DNMM,NII0000DNMM,remote,NIM00065208"
"Abeokuta, Ogun, Nigeria",2025-12-02,93.3,78.8,84.3,107.8,78.8,92.5,77.5,81.6,0.0,0,0.0,,0,0,16.6,9.2,222.8,1008.9,45.0,5.6,210.3,18.2,8,,2025-12-02T06:44:14,2025-12-02T18:28:12,0.41,Partially cloudy,Partly cloudy throughout the day.,partly-cloudy-day,"DNIB,NII0000DNIB,DNMM,NIM00065203,NII0000DNMM,remote,NIM00065208"
"Abeokuta, Ogun, Nigeria",2025-12-03,91.5,79.6,83.9,110.9,79.6,93.6,78.6,84.8,0.02,100,8.33,rain,0,0,21.3,12.8,226.2,1009.6,56.8,5.5,200.5,17.4,8,,2025-12-03T06:44:43,2025-12-03T18:28:31,0.45,"Rain, Partially cloudy",Partly cloudy throughout the day with rain clearing later.,rain,"DNIB,NII0000DNIB,DNMM,NIM00065203,NII0000DNMM,NIM00065208"
"Abeokuta, Ogun, Nigeria",2025-12-04,90.8,79.9,83.9,102.9,79.9,92.7,77.3,81.6,0.079,100,25.0,rain,0,0,16.6,11.4,224.6,1010.5,62.2,6.1,206.9,17.9,8,,2025-12-04T06:45:12,2025-12-04T18:28:51,0.48,"Rain, Partially cloudy",Partly cloudy throughout the day with rain.,rain,"DNIB,NII0000DNIB,DNMM,NIM00065203,NII0000DNMM,remote,NIM00065208"
"Abeokuta, Ogun, Nigeria",2025-12-05,91.6,77.9,82.6,102.7,77.9,89.4,77.1,84.7,0.122,100,37.5,rain,0,0,17.7,5.8,215.5,1011.3,49.6,5.7,182.1,15.8,7,,2025-12-05T06:45:41,2025-12-05T18:29:11,0.5,"Rain, Partially cloudy",Partly cloudy throughout the day with rain in the morning and afternoon.,rain,"DNIB,NII0000DNIB,DNMM,NII0000DNMM,remote,NIM00065208"
"Abeokuta, Ogun, Nigeria",2025-12-06,91.4,77.0,82.7,107.8,77.0,89.9,77.3,84.6,0.004,100,4.17,rain,0,0,18.8,9.2,203.1,1010.9,58.0,5.0,195.5,16.8,8,,2025-12-06T06:46:10,2025-12-06T18:29:33,0.55,"Rain, Partially cloudy",Partly cloudy throughout the day with early morning rain.,rain,"DNIB,NII0000DNIB,DNMM,NII0000DNMM,remote,NIM00065208"
"Abeokuta, Ogun, Nigeria",2025-12-07,92.2,78.8,83.8,105.2,78.8,91.5,77.1,81.8,0.036,100,16.67,rain,0,0,19.2,10.3,226.2,1010.9,53.5,5.8,203.3,17.6,7,,2025-12-07T06:46:40,2025-12-07T18:29:55,0.58,"Rain, Partially cloudy",Partly cloudy throughout the day with a chance of rain throughout the day.,rain,"DNIB,NII0000DNIB,DNMM,NII0000DNMM,remote,NIM00065208"
"Abeokuta, Ogun, Nigeria",2025-12-08,93.2,77.3,83.2,105.1,77.3,90.5,76.9,82.5,0.088,100,41.67,rain,0,0,15.9,10.1,205.9,1011.9,52.6,5.3,190.7,16.4,8,,2025-12-08T06:47:10,2025-12-08T18:30:18,0.62,"Rain, Partially cloudy",Partly cloudy throughout the day with a chance of rain throughout the day.,rain,"DNIB,NII0000DNIB,DNMM,NII0000DNMM,NIM00065208"
"Abeokuta, Ogun, Nigeria",2025-12-09,87.8,77.0,81.6,102.4,77.0,87.6,76.7,85.9,0.004,100,4.17,rain,0,0,18.1,9.2,216.4,1013.0,49.3,4.9,201.5,17.5,8,,2025-12-09T06:47:40,2025-12-09T18:30:41,0.65,"Rain, Partially cloudy",Partly cloudy throughout the day with afternoon rain.,rain,"DNIB,NII0000DNIB,DNMM,NIM00065203,NII0000DNMM,NIM00065208"
"Abeokuta, Ogun, Nigeria",2025-12-10,91.8,77.0,83.1,107.8,77.0,90.1,77.0,83.2,0.0,0,0.0,,0,0,18.1,9.2,204.2,1012.4,54.2,5.1,206.6,17.9,8,,2025-12-10T06:48:10,2025-12-10T18:31:05,0.68,Partially cloudy,Partly cloudy throughout the day.,partly-cloudy-day,"DNIB,NII0000DNIB,DNMM,NIM00065203,NII0000DNMM,remote,NIM00065208"
"Abeokuta, Ogun, Nigeria",2025-12-11,84.5,75.7,79.8,93.8,75.7,82.8,75.2,86.1,0.139,100,37.5,rain,0,0,40.3,25.3,205.2,1011.9,53.1,4.5,182.6,15.8,7,,2025-12-11T06:48:41,2025-12-11T18:31:30,0.75,"Rain, Partially cloudy",Partly cloudy throughout the day with a chance of rain throughout the day.,rain,"DNIB,NII0000DNIB,DNMM,NIM00065203,NII0000DNMM,remote,NIM00065208"
"Abeokuta, Ogun, Nigeria",2025-12-12,91.5,74.6,81.8,102.6,74.6,87.3,75.0,81.1,0.012,100,4.17,rain,0,0,17.9,8.2,191.8,1010.8,52.5,4.6,214.0,18.4,8,,2025-12-12T06:49:11,2025-12-12T18:31:56,0.75,"Rain, Partially cloudy",Partly cloudy throughout the day with afternoon rain.,rain,"DNIB,NII0000DNIB,DNMM,NIM00065203,NII0000DNMM,remote,NIM00065208"
"Abeokuta, Ogun, Nigeria",2025-12-13,91.4,76.2,82.3,105.2,76.2,88.4,76.4,83.2,0.036,100,16.67,rain,0,0,16.6,11.4,195.4,1010.3,59.4,4.5,192.5,16.7,7,,2025-12-13T06:49:42,2025-12-13T18:32:22,0.78,"Rain, Partially cloudy",Partly cloudy throughout the day with rain.,rain,"DNIB,NII0000DNIB,DNMM,NIM00065203,NII0000DNMM,remote"
"Abeokuta, Ogun, Nigeria",2025-12-14,92.2,77.0,83.2,108.8,77.0,90.2,76.8,81.8,0.008,100,4.17,rain,0,0,19.7,11.4,222.9,1010.5,47.0,5.1,194.8,16.9,8,,2025-12-14T06:50:12,2025-12-14T18:32:48,0.81,"Rain, Partially cloudy",Partly cloudy throughout the day with afternoon rain.,rain,"DNIB,NII0000DNIB,DNMM,NIM00065203,NII0000DNMM,NIM00065208"
"Abeokuta, Ogun, Nigeria",2025-12-15,89.6,78.8,83.0,105.2,78.8,90.1,76.7,82.2,0.012,100,8.33,rain,0,0,15.9,8.1,232.9,1010.9,47.6,5.5,215.0,18.5,8,,2025-12-15T06:50:43,2025-12-15T18:33:15,0.85,"Rain, Partially cloudy",Partly cloudy throughout the day with afternoon rain.,rain,"DNIB,NII0000DNIB,DNMM,NIM00065203,NII0000DNMM,remote,NIM00065208"
"Abeokuta, Ogun, Nigeria",2025-12-16,89.6,77.0,82.0,102.6,77.0,86.5,75.5,81.7,0.0,0,0.0,,0,0,19.2,9.2,216.0,1010.9,51.9,4.7,220.4,18.8,8,,2025-12-16T06:51:14,2025-12-16T18:33:43,0.88,Partially cloudy,Partly cloudy throughout the day.,partly-cloudy-day,"DNIB,NII0000DNIB,DNMM,NIM00065203,NII0000DNMM,NIM00065208"
"Abeokuta, Ogun, Nigeria",2025-12-17,91.4,76.9,82.2,105.1,76.9,87.3,75.7,82.3,0.0,0,0.0,,0,0,17.4,9.2,204.7,1010.4,50.7,5.1,218.6,19.0,8,,2025-12-17T06:51:44,2025-12-17T18:34:11,0.91,Partially cloudy,Partly cloudy throughout the day.,partly-cloudy-day,"DNIB,NII0000DNIB,DNMM,NIM00065203,NII0000DNMM,remote,NIM00065208"
"Abeokuta, Ogun, Nigeria",2025-12-18,89.6,75.2,81.6,102.6,75.2,87.2,76.4,85.0,0.099,100,37.5,rain,0,0,14.3,7.2,229.5,1011.5,52.2,5.4,187.8,16.2,7,,2025-12-18T06:52:15,2025-12-18T18:34:40,0.95,"Rain, Partially cloudy",Partly cloudy throughout the day with rain.,rain,"DNIB,NII0000DNIB,DNMM,NIM00065203,NII0000DNMM,NIM00065208"
"Abeokuta, Ogun, Nigeria",2025-12-19,90.4,77.0,82.9,103.0,77.0,89.1,76.3,81.6,0.016,100,8.33,rain,0,0,16.3,7.2,181.4,1011.2,46.3,5.2,197.1,17.0,8,,2025-12-19T06:52:45,2025-12-19T18:35:08,0.98,"Rain, Partially cloudy",Partly cloudy throughout the day with rain.,rain,"DNIB,NII0000DNIB,DNMM,NIM00065203,NII0000DNMM,remote,NIM00065208"
"Abeokuta, Ogun, Nigeria",2025-12-20,91.7,77.0,83.3,110.9,77.0,90.9,77.1,82.4,0.008,100,4.17,rain,0,0,16.3,10.3,229.9,1010.1,44.4,5.6,189.6,16.3,7,,2025-12-20T06:53:15,2025-12-20T18:35:38,0.0,"Rain, Partially cloudy",Partly cloudy throughout the day with afternoon rain.,rain,"DNIB,NII0000DNIB,DNMM,NIM00065203,NII0000DNMM,remote"
"Abeokuta, Ogun, Nigeria",2025-12-21,92.9,77.0,83.8,105.2,77.0,89.7,75.6,78.3,0.0,0,0.0,,0,0,20.4,12.1,215.6,1009.5,46.6,5.4,220.8,19.1,8,,2025-12-21T06:53:45,2025-12-21T18:36:07,0.05,Partially cloudy,Partly cloudy throughout the day.,partly-cloudy-day,"DNIB,NII0000DNIB,DNMM,NII0000DNMM,NIM00065208"
"Abeokuta, Ogun, Nigeria",2025-12-22,92.4,77.0,83.9,105.1,77.0,91.5,76.7,80.4,0.012,100,12.5,rain,0,0,14.5,10.3,224.6,1009.6,46.8,4.8,198.1,17.2,7,,2025-12-22T06:54:15,2025-12-22T18:36:37,0.08,"Rain, Partially cloudy",Partly cloudy throughout the day with morning rain.,rain,"DNIB,NII0000DNIB,DNMM,NIM00065203,NII0000DNMM,remote,NIM00065208"
"Abeokuta, Ogun, Nigeria",2025-12-23,94.0,77.9,84.2,101.4,77.9,90.8,75.5,77.1,0.0,0,0.0,,0,0,19.2,13.9,209.9,1010.1,47.3,5.1,220.1,19.1,8,,2025-12-23T06:54:44,2025-12-23T18:37:07,0.12,Partially cloudy,Partly cloudy throughout the day.,partly-cloudy-day,"DNIB,NII0000DNIB,DNMM,NIM00065203,NII0000DNMM,remote,NIM00065208"
"Abeokuta, Ogun, Nigeria",2025-12-24,93.2,78.5,84.2,107.5,78.5,92.1,76.7,79.1,0.028,100,29.17,rain,0,0,18.1,9.7,214.1,1010.9,61.1,5.6,201.1,17.3,7,,2025-12-24T06:55:14,2025-12-24T18:37:38,0.15,"Rain, Partially cloudy",Partly cloudy throughout the day with a chance of rain throughout the day.,rain,"DNIB,NII0000DNIB,DNMM,NIM00065203,NII0000DNMM,remote,NIM00065208"
"Abeokuta, Ogun, Nigeria",2025-12-25,95.0,77.0,84.2,106.6,77.0,91.8,76.6,79.1,0.016,100,16.67,rain,0,0,17.9,16.1,215.4,1011.1,45.4,5.7,191.3,16.7,7,,2025-12-25T06:55:42,2025-12-25T18:38:09,0.19,"Rain, Partially cloudy",Partly cloudy throughout the day with afternoon rain.,rain,"DNIB,NII0000DNIB,DNMM,NIM00065203,NII0000DNMM,remote,NIM00065208"
"Abeokuta, Ogun, Nigeria",2025-12-26,93.2,78.6,84.3,107.8,78.6,91.7,76.6,79.2,0.012,100,4.17,rain,0,0,21.9,10.3,234.2,1011.5,54.7,5.8,224.6,19.4,8,,2025-12-26T06:56:11,2025-12-26T18:38:39,0.22,"Rain, Partially cloudy",Partly cloudy throughout the day with afternoon rain.,rain,"DNIB,NII0000DNIB,DNMM,NIM00065203,NII0000DNMM,remote,NIM00065208"
"Abeokuta, Ogun, Nigeria",2025-12-27,89.3,78.8,83.7,102.4,78.8,93.0,77.7,82.9,0.012,100,12.5,rain,0,0,21.5,9.9,233.8,1011.6,57.7,5.9,191.8,16.5,7,,2025-12-27T06:56:39,2025-12-27T18:39:10,0.25,"Rain, Partially cloudy",Partly cloudy throughout the day with rain in the morning and afternoon.,rain,"DNIB,NII0000DNIB,DNMM,NIM00065203,NII0000DNMM,NIM00065208"
"Abeokuta, Ogun, Nigeria",2025-12-28,91.4,78.8,83.6,108.1,78.8,93.1,78.6,85.6,0.008,100,8.33,rain,0,0,19.7,12.8,225.6,1011.8,56.7,5.7,196.9,16.9,8,,2025-12-28T06:57:07,2025-12-28T18:39:41,0.29,"Rain, Partially cloudy",Partly cloudy throughout the day with morning rain.,rain,"DNIB,NII0000DNIB,DNMM,NIM00065203,NII0000DNMM"
"Abeokuta, Ogun, Nigeria",2025-12-29,94.0,77.0,84.2,105.8,77.0,92.2,77.1,81.1,0.024,100,20.83,rain,0,0,20.4,12.4,223.4,1012.8,48.8,5.4,195.4,16.9,7,,2025-12-29T06:57:34,2025-12-29T18:40:13,0.33,"Rain, Partially cloudy",Partly cloudy throughout the day with rain in the morning and afternoon.,rain,"DNIB,NII0000DNIB,DNMM,NIM00065203,NII0000DNMM,remote,NIM00065208"
"Abeokuta, Ogun, Nigeria",2025-12-30,94.0,78.7,84.8,106.4,78.7,93.4,77.0,79.0,0.146,100,25.0,rain,0,0,17.0,11.3,225.1,1013.4,56.1,6.0,190.9,16.6,7,,2025-12-30T06:58:01,2025-12-30T18:40:44,0.36,"Rain, Partially cloudy",Partly cloudy throughout the day with rain.,rain,"DNIB,NII0000DNIB,DNMM,NIM00065203,NII0000DNMM,remote,NIM00065208"
"Abeokuta, Ogun, Nigeria",2025-12-31,94.0,78.8,84.3,113.5,78.8,93.4,77.4,80.6,0.0,0,0.0,,0,0,20.4,12.8,244.8,1012.7,53.7,5.6,218.7,19.0,9,,2025-12-31T06:58:27,2025-12-31T18:41:15,0.4,Partially cloudy,Partly cloudy throughout the day.,partly-cloudy-day,"DNIB,NII0000DNIB,DNMM,NIM00065203,NII0000DNMM,NIM00065208"
