name,datetime,tempmax,tempmin,temp,feelslikemax,feelslikemin,feelslike,dew,humidity,precip,precipprob,precipcover,preciptype,snow,snowdepth,windgust,windspeed,winddir,sealevelpressure,cloudcover,visibility,solarradiation,solarenergy,uvindex,severerisk,sunrise,sunset,moonphase,conditions,description,icon,stations
"Abeokuta, Ogun, Nigeria",2022-01-01,93.2,77.0,83.8,107.6,77.0,91.1,76.7,80.7,0.0,0,0.0,,0,0.0,18.1,9.2,193.6,1011.6,26.4,5.0,213.3,18.4,8,,2022-01-01T06:58:50,2022-01-01T18:41:43,0.95,Partially cloudy,Partly cloudy throughout the day.,partly-cloudy-day,"DNIB,NII0000DNIB,DNMM,NII0000DNMM,65201099999,65100099999"
"Abeokuta, Ogun, Nigeria",2022-01-02,95.0,77.0,84.3,110.1,77.0,91.0,76.0,78.3,0.0,0,0.0,,0,0.0,17.7,8.3,229.3,1010.4,25.0,4.4,234.4,20.4,8,,2022-01-02T06:59:15,2022-01-02T18:42:14,0.0,Partially cloudy,Partly cloudy throughout the day.,partly-cloudy-day,"DNIB,NII0000DNIB,DNMM,NII0000DNMM,remote,65201099999,65100099999"
"Abeokuta, Ogun, Nigeria",2022-01-03,95.8,73.4,84.3,93.3,73.4,84.5,66.7,63.9,0.0,0,0.0,,0,0.0,15.0,7.8,159.8,1010.1,48.0,5.3,247.2,21.3,9,,2022-01-03T06:59:39,2022-01-03T18:42:45,0.02,Partially cloudy,Partly cloudy throughout the day.,partly-cloudy-day,"DNIB,NII0000DNIB,remote,65100099999"
"Abeokuta, Ogun, Nigeria",2022-01-04,93.2,76.2,82.8,93.4,76.2,82.5,62.4,56.1,0.008,100,8.33,rain,0,0.0,15.7,9.2,104.3,1011.2,76.2,4.0,232.8,20.2,8,,2022-01-04T07:00:03,2022-01-04T18:43:16,0.06,"Rain, Partially cloudy",Partly cloudy throughout the day with early morning rain.,rain,"65210099999,DNIB,NII0000DNIB,NIM00065210,remote,NII0000DNMM,65201099999,NIM00065208,65100099999,65208099999"
"Abeokuta, Ogun, Nigeria",2022-01-05,94.2,74.9,83.2,92.3,74.9,83.0,64.0,57.4,0.0,0,0.0,,0,0.0,11.6,65.5,180.6,1010.8,67.1,3.1,233.1,20.1,8,,2022-01-05T07:00:26,2022-01-05T18:43:47,0.09,Partially cloudy,Partly cloudy throughout the day.,wind,"DNIB,65213099999,NIM00065213,NII0000DNIB,DNMM,remote,NII0000DNMM,65201099999,65100099999"
"Abeokuta, Ogun, Nigeria",2022-01-06,96.8,73.3,82.7,105.2,73.3,85.2,68.2,63.5,0.0,0,0.0,,0,0.0,16.6,8.5,160.2,1009.9,3.6,1.8,252.9,21.8,9,,2022-01-06T07:00:49,2022-01-06T18:44:17,0.12,Clear,Clear conditions throughout the day.,clear-day,"65210099999,DNIB,NII0000DNIB,NIM00065210,DNMM,remote,NII0000DNMM,65201099999,65100099999"
"Abeokuta, Ogun, Nigeria",2022-01-07,95.0,76.7,84.5,103.7,76.7,88.3,72.1,69.3,0.0,0,0.0,,0,0.0,20.4,7.8,206.2,1010.0,8.8,3.7,236.1,20.4,9,,2022-01-07T07:01:11,2022-01-07T18:44:47,0.15,Clear,Clear conditions throughout the day.,clear-day,"DNIB,NII0000DNIB,DNMM,remote,NII0000DNMM,65201099999,NIM00065208,65100099999,65208099999"
"Abeokuta, Ogun, Nigeria",2022-01-08,94.0,77.4,84.8,98.7,77.4,88.7,72.6,70.3,0.0,0,0.0,,0,0.0,14.8,7.6,214.0,1009.9,16.9,3.8,218.0,18.7,7,,2022-01-08T07:01:32,2022-01-08T18:45:18,0.19,Clear,Clear conditions throughout the day.,clear-day,"NIM00065202,65202099999,remote,NII0000DNMM,65201099999"
"Abeokuta, Ogun, Nigeria",2022-01-09,97.2,75.3,85.5,101.5,75.3,88.2,69.4,65.4,0.0,0,0.0,,0,0.0,13.4,5.8,342.5,1009.9,35.0,4.2,245.5,21.1,9,,2022-01-09T07:01:52,2022-01-09T18:45:47,0.25,Partially cloudy,Partly cloudy throughout the day.,partly-cloudy-day,"DNIB,NIM00065213,NII0000DNIB,DNMM,remote,NII0000DNMM,65201099999,NIM00065208,65100099999,65208099999"
"Abeokuta, Ogun, Nigeria",2022-01-10,95.8,74.6,83.9,100.6,74.6,87.6,71.7,70.3,0.0,0,0.0,,0,0.0,20.4,8.1,185.7,1009.1,24.9,4.2,243.3,20.9,9,,2022-01-10T07:02:12,2022-01-10T18:46:17,0.25,Partially cloudy,Partly cloudy throughout the day.,partly-cloudy-day,"DNIB,NII0000DNIB,DNMM,NII0000DNMM,remote,65201099999,65100099999,NIM00065208,65208099999"
"Abeokuta, Ogun, Nigeria",2022-01-11,93.2,71.5,83.9,107.9,71.5,90.6,74.8,74.6,0.0,0,0.0,,0,0.0,17.4,11.4,195.3,1009.7,30.8,4.2,214.3,18.3,8,,2022-01-11T07:02:30,2022-01-11T18:46:46,0.29,Partially cloudy,Partly cloudy throughout the day.,partly-cloudy-day,"DNIB,NII0000DNIB,DNMM,NII0000DNMM,remote,65201099999,65100099999"
"Abeokuta, Ogun, Nigeria",2022-01-12,92.8,78.8,83.9,106.6,78.8,90.8,76.4,79.4,0.0,0,0.0,,0,0.0,20.8,11.4,195.5,1011.4,30.9,4.6,234.6,20.4,9,,2022-01-12T07:02:48,2022-01-12T18:47:15,0.32,Partially cloudy,Partly cloudy throughout the day.,partly-cloudy-day,"65210099999,DNIB,NII0000DNIB,NIM00065210,DNMM,NII0000DNMM,remote,65201099999,65100099999,NIM00065208,65208099999"
"Abeokuta, Ogun, Nigeria",2022-01-13,92.9,78.8,84.2,103.0,78.8,92.6,76.6,79.3,0.024,100,4.17,rain,0,0.0,22.1,9.5,211.3,1012.4,40.4,4.8,207.2,17.9,8,,2022-01-13T07:03:05,2022-01-13T18:47:43,0.35,"Rain, Partially cloudy",Partly cloudy throughout the day with afternoon rain.,rain,"65210099999,NIM00065210,DNMM,NII0000DNMM,remote,65201099999"
"Abeokuta, Ogun, Nigeria",2022-01-14,96.1,77.0,84.2,110.5,77.0,90.9,75.3,76.5,0.0,0,0.0,,0,0.0,19.9,12.8,192.0,1013.0,28.2,4.4,232.8,20.1,9,,2022-01-14T07:03:22,2022-01-14T18:48:11,0.38,Partially cloudy,Partly cloudy throughout the day.,partly-cloudy-day,"65210099999,DNIB,NII0000DNIB,NIM00065210,DNMM,NII0000DNMM,remote,65201099999,65100099999,NIM00065208,65208099999"
"Abeokuta, Ogun, Nigeria",2022-01-15,96.8,78.2,84.4,105.2,78.2,90.1,74.8,76.3,0.0,0,0.0,,0,0.6,15.4,9.2,210.7,1012.0,25.8,4.7,229.7,19.9,8,,2022-01-15T07:03:37,2022-01-15T18:48:38,0.42,Partially cloudy,Becoming cloudy in the afternoon.,partly-cloudy-day,"65210099999,DNIB,NII0000DNIB,NIM00065210,DNMM,remote,NII0000DNMM,65201099999,65100099999,NIM00065208,65208099999"
"Abeokuta, Ogun, Nigeria",2022-01-16,94.1,74.9,84.3,96.2,74.9,87.2,70.0,68.1,0.0,0,0.0,,0,0.0,16.6,12.0,189.6,1012.5,46.9,5.2,213.9,18.4,8,,2022-01-16T07:03:52,2022-01-16T18:49:06,0.45,Partially cloudy,Partly cloudy throughout the day.,partly-cloudy-day,"DNIB,NIM00065202,NIM00065213,NII0000DNIB,DNMM,NII0000DNMM,remote,65201099999,65100099999,NIM00065208,65208099999"
"Abeokuta, Ogun, Nigeria",2022-01-17,93.2,71.6,82.7,105.1,71.6,87.9,73.6,75.3,0.0,0,0.0,,0,0.0,22.6,11.4,201.1,1013.3,37.5,5.4,247.7,21.5,9,,2022-01-17T07:04:05,2022-01-17T18:49:32,0.48,Partially cloudy,Partly cloudy throughout the day.,partly-cloudy-day,"65210099999,DNIB,NII0000DNIB,NIM00065210,DNMM,NII0000DNMM,remote,65201099999,65100099999,NIM00065208,65208099999"
"Abeokuta, Ogun, Nigeria",2022-01-18,93.2,75.8,83.4,102.9,75.8,86.4,71.0,71.2,0.0,0,0.0,,0,0.0,16.6,9.2,347.6,1013.4,51.0,6.0,247.9,21.4,9,,2022-01-18T07:04:18,2022-01-18T18:49:58,0.5,Partially cloudy,Partly cloudy throughout the day.,partly-cloudy-day,"DNMM,NII0000DNMM,remote,65201099999"
"Abeokuta, Ogun, Nigeria",2022-01-19,95.0,75.9,83.7,103.2,75.9,87.4,70.8,67.6,0.0,0,0.0,,0,0.0,17.4,10.3,8.6,1013.1,23.2,3.4,250.8,21.6,9,,2022-01-19T07:04:30,2022-01-19T18:50:24,0.55,Partially cloudy,Partly cloudy throughout the day.,partly-cloudy-day,"65210099999,DNIB,NII0000DNIB,NIM00065210,DNMM,NII0000DNMM,65201099999,65100099999,NIM00065208,65208099999"
"Abeokuta, Ogun, Nigeria",2022-01-20,95.2,73.4,84.0,110.1,73.4,88.4,66.5,59.4,0.0,0,0.0,,0,0.0,17.7,10.3,30.1,1012.2,17.9,2.8,259.6,22.3,9,,2022-01-20T07:04:41,2022-01-20T18:50:49,0.59,Clear,Clear conditions throughout the day.,clear-day,"65210099999,DNIB,NIM00065213,NII0000DNIB,NIM00065210,DNMM,NII0000DNMM,remote,65201099999,65100099999"
"Abeokuta, Ogun, Nigeria",2022-01-21,94.4,69.8,81.8,97.7,69.8,83.2,66.0,63.0,0.0,0,0.0,,0,0.0,15.4,9.2,99.3,1011.9,11.8,2.2,264.9,23.0,9,,2022-01-21T07:04:51,2022-01-21T18:51:13,0.62,Clear,Clear conditions throughout the day.,clear-day,"DNIB,NII0000DNIB,DNMM,NII0000DNMM,remote,65201099999,65100099999,NIM00065208,65208099999"
"Abeokuta, Ogun, Nigeria",2022-01-22,97.1,71.6,82.6,93.9,71.6,82.0,61.7,55.8,0.0,0,0.0,,0,0.0,17.7,9.2,353.2,1011.9,9.2,1.8,267.5,23.2,9,,2022-01-22T07:05:00,2022-01-22T18:51:37,0.66,Clear,Clear conditions throughout the day.,clear-day,"65210099999,NIM00065210,DNMM,NII0000DNMM,remote,65201099999,NIM00065208,65208099999"
"Abeokuta, Ogun, Nigeria",2022-01-23,96.8,72.8,83.3,95.2,72.8,82.4,60.3,51.7,0.0,0,0.0,,0,0.0,15.4,9.2,79.0,1011.6,4.1,2.3,268.1,23.2,9,,2022-01-23T07:05:08,2022-01-23T18:52:01,0.69,Clear,Clear conditions throughout the day.,clear-day,"NIM00065213,DNMM,NII0000DNMM,remote,65201099999"
"Abeokuta, Ogun, Nigeria",2022-01-24,95.8,72.1,82.8,98.7,72.1,85.9,70.1,69.2,0.0,0,0.0,,0,0.0,15.7,8.4,229.3,1010.8,11.5,2.2,268.8,23.2,9,,2022-01-24T07:05:15,2022-01-24T18:52:23,0.73,Clear,Clear conditions throughout the day.,clear-day,"65210099999,DNIB,NIM00065202,NII0000DNIB,NIM00065210,DNMM,NII0000DNMM,65201099999,65100099999,NIM00065208,65208099999"
"Abeokuta, Ogun, Nigeria",2022-01-25,96.8,74.1,84.0,105.2,74.1,86.2,68.7,65.7,0.0,0,0.0,,0,0.0,15.7,9.2,38.4,1010.2,13.3,2.4,272.9,23.8,9,,2022-01-25T07:05:21,2022-01-25T18:52:45,0.75,Clear,Clear conditions throughout the day.,clear-day,"65210099999,NII0000DNIB,NIM00065210,DNMM,NII0000DNMM,remote,65201099999,NIM00065208,65208099999"
"Abeokuta, Ogun, Nigeria",2022-01-26,93.2,73.4,81.9,94.3,73.4,82.1,60.4,50.0,0.0,0,0.0,,0,0.0,18.3,16.1,98.2,1010.2,11.6,1.9,275.5,23.9,9,,2022-01-26T07:05:26,2022-01-26T18:53:07,0.8,Clear,Clear conditions throughout the day.,clear-day,"65210099999,DNIB,NIM00065202,NII0000DNIB,DNMM,NII0000DNMM,65201099999,65100099999,NIM00065208,65208099999"
"Abeokuta, Ogun, Nigeria",2022-01-27,100.4,72.8,83.0,108.3,72.8,86.6,68.7,64.0,0.0,0,0.0,,0,0.0,16.6,69.1,184.5,1010.9,14.6,1.6,255.1,22.1,9,,2022-01-27T07:05:31,2022-01-27T18:53:28,0.83,Clear,Clear conditions throughout the day.,wind,"65210099999,DNIB,NII0000DNIB,NIM00065210,DNMM,NII0000DNMM,65201099999,65100099999"
"Abeokuta, Ogun, Nigeria",2022-01-28,96.7,76.5,83.7,103.2,76.5,86.6,71.7,71.5,0.0,0,0.0,,0,0.0,13.9,9.9,9.9,1010.8,13.0,1.7,268.0,23.0,9,,2022-01-28T07:05:34,2022-01-28T18:53:48,0.87,Clear,Clear conditions throughout the day.,clear-day,"65210099999,DNIB,NII0000DNIB,NIM00065210,DNMM,NII0000DNMM,remote,65201099999,NIM00065208,65100099999,65208099999"
"Abeokuta, Ogun, Nigeria",2022-01-29,98.4,74.5,83.6,100.2,74.5,84.0,64.6,57.6,0.0,0,0.0,,0,0.0,13.9,12.8,28.3,1011.1,13.1,1.4,274.0,23.7,9,,2022-01-29T07:05:36,2022-01-29T18:54:07,0.9,Clear,Clear conditions throughout the day.,clear-day,"65210099999,DNIB,NII0000DNIB,NIM00065210,DNMM,NII0000DNMM,65201099999,65100099999,NIM00065208,65208099999"
"Abeokuta, Ogun, Nigeria",2022-01-30,95.2,71.6,82.4,95.7,71.6,82.1,57.8,47.8,0.0,0,0.0,,0,0.0,16.1,10.3,67.5,1011.4,13.0,1.3,281.1,24.3,10,,2022-01-30T07:05:38,2022-01-30T18:54:26,0.94,Clear,Clear conditions throughout the day.,clear-day,"65210099999,DNIB,NII0000DNIB,NIM00065210,DNMM,NII0000DNMM,remote,65201099999,65100099999,NIM00065208,65208099999"
"Abeokuta, Ogun, Nigeria",2022-01-31,95.8,68.0,81.0,95.4,68.0,81.2,59.0,51.1,0.0,0,0.0,,0,0.0,17.4,16.1,119.8,1010.6,14.3,1.3,283.4,24.6,10,,2022-01-31T07:05:38,2022-01-31T18:54:44,0.97,Clear,Clear conditions throughout the day.,clear-day,"DNIB,NII0000DNIB,DNMM,NII0000DNMM,65201099999,NIM00065208,65100099999,65208099999"
"Abeokuta, Ogun, Nigeria",2022-02-01,95.0,69.8,81.2,94.1,69.8,80.9,63.1,58.6,0.0,0,0.0,,0,0.0,15.0,10.3,164.7,1011.1,14.1,1.5,281.1,24.3,10,,2022-02-01T07:05:37,2022-02-01T18:55:02,0.0,Clear,Clear conditions throughout the day.,clear-day,"65210099999,DNIB,NII0000DNIB,NIM00065210,DNMM,NII0000DNMM,65201099999,NIM00065208,65100099999,65208099999"
"Abeokuta, Ogun, Nigeria",2022-02-02,96.8,70.4,81.1,95.4,70.4,81.6,65.2,62.6,0.0,0,0.0,,0,0.0,19.2,11.4,259.2,1011.4,11.6,1.5,279.6,24.0,10,,2022-02-02T07:05:36,2022-02-02T18:55:18,0.04,Clear,Clear conditions throughout the day.,clear-day,"65210099999,DNIB,NII0000DNIB,NIM00065210,DNMM,NII0000DNMM,65201099999,65100099999"
"Abeokuta, Ogun, Nigeria",2022-02-03,94.0,69.8,80.9,105.3,69.8,85.2,70.2,71.4,0.0,0,0.0,,0,0.0,18.6,13.9,261.8,1012.4,19.1,1.8,266.1,22.8,9,,2022-02-03T07:05:33,2022-02-03T18:55:34,0.07,Clear,Clear conditions throughout the day.,clear-day,"DNIB,NII0000DNIB,DNMM,NII0000DNMM,65201099999,65100099999,NIM00065208,65208099999"
"Abeokuta, Ogun, Nigeria",2022-02-04,93.3,77.0,84.1,107.6,77.0,91.1,75.9,78.0,0.0,0,0.0,,0,0.0,18.1,10.0,172.8,1012.3,12.7,2.5,238.2,20.5,9,,2022-02-04T07:05:30,2022-02-04T18:55:50,0.1,Clear,Clear conditions throughout the day.,clear-day,"DNIB,NIM00065213,NII0000DNIB,DNMM,NII0000DNMM,65201099999,65100099999,NIM00065208,65208099999"
"Abeokuta, Ogun, Nigeria",2022-02-05,93.6,77.0,83.5,103.1,77.0,88.8,73.6,73.9,0.0,0,0.0,,0,0.0,16.8,9.2,113.1,1011.6,18.5,2.6,272.6,23.7,9,,2022-02-05T07:05:25,2022-02-05T18:56:04,0.14,Clear,Clear conditions throughout the day.,clear-day,"DNIB,NII0000DNIB,DNMM,NII0000DNMM,65201099999,NIM00065208,65100099999,65208099999"
"Abeokuta, Ogun, Nigeria",2022-02-06,95.0,71.3,83.1,103.2,71.3,86.7,72.3,72.8,0.0,0,0.0,,0,0.0,18.6,8.1,178.1,1011.3,18.6,2.8,272.0,23.5,9,,2022-02-06T07:05:20,2022-02-06T18:56:18,0.17,Clear,Clear conditions throughout the day.,clear-day,"65210099999,DNIB,NIM00065213,NIM00065202,NII0000DNIB,NIM00065210,DNMM,NII0000DNMM,65201099999,NIM00065208,65100099999,65208099999"
"Abeokuta, Ogun, Nigeria",2022-02-07,94.7,76.3,83.5,105.2,76.3,90.7,76.2,80.2,0.0,0,0.0,,0,0.0,17.2,10.3,181.1,1011.0,26.6,3.1,257.3,22.2,9,,2022-02-07T07:05:14,2022-02-07T18:56:32,0.2,Partially cloudy,Partly cloudy throughout the day.,partly-cloudy-day,"65210099999,DNIB,NII0000DNIB,DNMM,NII0000DNMM,65201099999,65100099999,NIM00065208,65208099999"
"Abeokuta, Ogun, Nigeria",2022-02-08,97.1,77.0,84.5,107.6,77.0,90.7,74.4,74.1,0.0,0,0.0,,0,0.0,18.3,8.1,209.3,1011.0,24.8,3.4,235.0,20.3,9,,2022-02-08T07:05:06,2022-02-08T18:56:44,0.25,Partially cloudy,Partly cloudy throughout the day.,partly-cloudy-day,"65210099999,DNIB,NIM00065213,NII0000DNIB,DNMM,NII0000DNMM,remote,65201099999,NIM00065208,65100099999,65208099999"
"Abeokuta, Ogun, Nigeria",2022-02-09,94.8,78.8,84.6,109.0,78.8,93.5,77.3,80.6,0.0,0,0.0,,0,0.0,19.9,9.2,198.1,1010.9,25.0,3.3,232.6,20.0,9,,2022-02-09T07:04:58,2022-02-09T18:56:56,0.27,Partially cloudy,Partly cloudy throughout the day.,partly-cloudy-day,"DNIB,NII0000DNIB,DNMM,NII0000DNMM,remote,65201099999,65100099999"
"Abeokuta, Ogun, Nigeria",2022-02-10,95.0,77.3,85.1,116.2,77.3,95.6,77.6,79.2,0.0,0,0.0,,0,0.0,21.3,11.4,184.1,1010.0,22.6,2.9,241.2,20.8,9,,2022-02-10T07:04:49,2022-02-10T18:57:07,0.3,Partially cloudy,Partly cloudy throughout the day.,partly-cloudy-day,"65210099999,DNIB,NII0000DNIB,NIM00065210,DNMM,NII0000DNMM,65201099999,65100099999"
"Abeokuta, Ogun, Nigeria",2022-02-11,95.1,76.4,84.0,112.9,76.4,91.8,76.3,79.1,0.0,0,0.0,,0,0.0,19.2,14.3,192.7,1009.0,23.5,2.7,226.9,19.7,9,,2022-02-11T07:04:39,2022-02-11T18:57:18,0.33,Partially cloudy,Partly cloudy throughout the day.,partly-cloudy-day,"65210099999,DNIB,NII0000DNIB,NIM00065210,DNMM,NII0000DNMM,65201099999,65100099999"
"Abeokuta, Ogun, Nigeria",2022-02-12,95.0,78.7,84.8,107.5,78.7,93.3,76.1,76.5,0.0,0,0.0,,0,0.0,20.4,12.8,192.2,1009.8,29.8,4.2,220.5,19.2,9,,2022-02-12T07:04:29,2022-02-12T18:57:28,0.36,Partially cloudy,Partly cloudy throughout the day.,partly-cloudy-day,"65210099999,65203099999,NIM00065210,DNMM,NII0000DNMM,65201099999,NIM00065208,65208099999"
"Abeokuta, Ogun, Nigeria",2022-02-13,93.3,77.6,84.9,107.2,77.6,93.0,76.2,76.6,0.0,0,0.0,,0,0.0,20.4,10.3,200.8,1010.6,26.8,4.9,231.8,20.0,9,,2022-02-13T07:04:17,2022-02-13T18:57:37,0.39,Partially cloudy,Partly cloudy throughout the day.,partly-cloudy-day,"65210099999,NIM00065202,DNMM,NII0000DNMM,remote,65201099999,NIM00065208,65208099999"
"Abeokuta, Ogun, Nigeria",2022-02-14,95.6,78.8,85.3,108.8,78.8,95.4,77.7,79.7,0.0,0,0.0,,0,0.0,20.1,10.3,182.5,1010.4,28.1,5.3,256.7,22.2,9,,2022-02-14T07:04:05,2022-02-14T18:57:45,0.43,Partially cloudy,Partly cloudy throughout the day.,partly-cloudy-day,"DNIB,NII0000DNIB,DNMM,NII0000DNMM,65201099999,65100099999,NIM00065208,65208099999"
"Abeokuta, Ogun, Nigeria",2022-02-15,96.8,78.0,85.3,112.9,78.0,94.9,77.4,78.9,0.0,0,0.0,,0,0.0,21.7,15.0,197.3,1010.6,33.6,5.2,258.3,22.5,9,,2022-02-15T07:03:51,2022-02-15T18:57:53,0.46,Partially cloudy,Partly cloudy throughout the day.,partly-cloudy-day,"65210099999,DNIB,NII0000DNIB,NIM00065210,DNMM,NII0000DNMM,remote,65201099999,65100099999,NIM00065208,65208099999"
"Abeokuta, Ogun, Nigeria",2022-02-16,93.5,77.0,84.6,110.5,77.0,94.0,77.7,81.2,0.0,0,0.0,,0,0.0,23.7,13.9,214.8,1010.7,32.9,5.9,225.5,19.6,9,,2022-02-16T07:03:37,2022-02-16T18:58:01,0.5,Partially cloudy,Partly cloudy throughout the day.,partly-cloudy-day,"65210099999,NIM00065210,DNMM,NII0000DNMM,remote,65201099999"
"Abeokuta, Ogun, Nigeria",2022-02-17,95.0,80.6,85.7,110.1,87.1,96.6,77.6,78.2,0.0,0,0.0,,0,0.0,20.8,13.9,212.2,1009.1,37.6,6.2,212.4,18.4,8,,2022-02-17T07:03:22,2022-02-17T18:58:07,0.53,Partially cloudy,Partly cloudy throughout the day.,partly-cloudy-day,"DNIB,NII0000DNIB,DNMM,NII0000DNMM,remote,65201099999,65100099999,NIM00065208,65208099999"
"Abeokuta, Ogun, Nigeria",2022-02-18,96.7,78.6,85.3,110.1,78.6,94.7,77.5,79.1,0.0,0,0.0,,0,0.0,21.5,12.8,206.4,1008.8,24.5,5.3,228.7,19.7,9,,2022-02-18T07:03:07,2022-02-18T18:58:13,0.56,Partially cloudy,Partly cloudy throughout the day.,partly-cloudy-day,"65210099999,DNIB,NIM00065202,NIM00065213,NII0000DNIB,NIM00065210,DNMM,NII0000DNMM,remote,NIM00065208,65100099999,65208099999,65201099999"
"Abeokuta, Ogun, Nigeria",2022-02-19,94.8,80.0,85.2,110.3,86.2,96.8,78.6,81.7,0.0,0,0.0,,0,0.0,26.6,13.9,200.5,1010.1,35.6,5.4,244.0,20.9,9,,2022-02-19T07:02:50,2022-02-19T18:58:18,0.6,Partially cloudy,Partly cloudy throughout the day.,partly-cloudy-day,"DNIB,NII0000DNIB,DNMM,NII0000DNMM,65201099999,NIM00065208,65100099999,65208099999"
"Abeokuta, Ogun, Nigeria",2022-02-20,95.0,77.0,84.0,112.9,77.0,92.8,77.1,80.7,0.0,0,0.0,,0,0.0,22.1,13.9,195.5,1011.2,31.7,5.8,225.7,19.4,9,,2022-02-20T07:02:33,2022-02-20T18:58:23,0.63,Partially cloudy,Becoming cloudy in the afternoon.,partly-cloudy-day,"DNMM,NII0000DNMM,remote,65201099999,NIM00065208,65208099999"
"Abeokuta, Ogun, Nigeria",2022-02-21,95.3,77.1,84.4,105.2,77.1,91.7,75.3,77.8,0.0,0,0.0,,0,0.0,20.1,13.9,196.8,1010.8,34.7,5.7,249.8,21.7,9,,2022-02-21T07:02:15,2022-02-21T18:58:27,0.67,Partially cloudy,Partly cloudy throughout the day.,partly-cloudy-day,"NIM00065213,DNMM,NII0000DNMM,remote,65201099999"
"Abeokuta, Ogun, Nigeria",2022-02-22,95.0,78.8,85.1,110.1,78.8,94.3,77.1,78.4,0.0,0,0.0,,0,0.0,22.1,12.8,216.4,1011.1,36.4,6.1,272.6,23.7,9,,2022-02-22T07:01:57,2022-02-22T18:58:31,0.71,Partially cloudy,Partly cloudy throughout the day.,partly-cloudy-day,"DNIB,NII0000DNIB,DNMM,NII0000DNMM,remote,65201099999,65100099999,NIM00065208,65208099999"
"Abeokuta, Ogun, Nigeria",2022-02-23,95.0,78.8,85.2,110.1,78.8,94.8,77.5,79.5,0.0,0,0.0,,0,0.0,19.0,12.8,202.5,1011.8,34.7,5.4,227.4,19.6,8,,2022-02-23T07:01:37,2022-02-23T18:58:34,0.75,Partially cloudy,Partly cloudy throughout the day.,partly-cloudy-day,"DNIB,NII0000DNIB,DNMM,NII0000DNMM,65201099999,65100099999"
"Abeokuta, Ogun, Nigeria",2022-02-24,97.1,79.8,85.5,108.7,79.8,93.7,76.2,76.6,0.0,0,0.0,,0,0.0,20.4,15.0,195.9,1010.8,41.6,5.6,245.9,21.4,9,,2022-02-24T07:01:17,2022-02-24T18:58:36,0.78,Partially cloudy,Partly cloudy throughout the day.,partly-cloudy-day,"DNIB,NII0000DNIB,DNMM,NII0000DNMM,remote,65201099999,65100099999"
"Abeokuta, Ogun, Nigeria",2022-02-25,95.0,80.0,85.0,113.1,80.0,96.2,78.5,82.0,0.0,0,0.0,,0,0.0,21.5,15.0,209.4,1010.4,35.6,4.8,253.8,22.1,9,,2022-02-25T07:00:57,2022-02-25T18:58:38,0.81,Partially cloudy,Partly cloudy throughout the day.,partly-cloudy-day,"DNMM,NII0000DNMM,remote,65201099999"
"Abeokuta, Ogun, Nigeria",2022-02-26,96.8,80.0,85.9,115.4,80.0,97.3,78.4,79.7,0.0,0,0.0,,0,0.0,24.6,12.8,192.7,1009.7,32.0,5.6,265.0,22.8,10,,2022-02-26T07:00:35,2022-02-26T18:58:40,0.85,Partially cloudy,Partly cloudy throughout the day.,partly-cloudy-day,"65210099999,NIM00065210,DNMM,NII0000DNMM,remote,65201099999"
"Abeokuta, Ogun, Nigeria",2022-02-27,95.0,78.8,83.2,110.5,78.8,90.3,75.2,77.9,0.0,0,0.0,,0,0.0,46.1,17.2,209.9,1010.6,34.0,6.1,221.4,19.2,9,,2022-02-27T07:00:14,2022-02-27T18:58:41,0.88,Partially cloudy,Partly cloudy throughout the day.,partly-cloudy-day,"DNIB,NII0000DNIB,DNMM,NII0000DNMM,65201099999,65100099999"
"Abeokuta, Ogun, Nigeria",2022-02-28,96.8,78.8,85.7,112.5,78.8,96.0,77.4,77.7,0.0,0,0.0,,0,0.0,22.6,12.8,199.6,1010.3,30.8,5.5,260.8,22.6,9,,2022-02-28T06:59:51,2022-02-28T18:58:41,0.92,Partially cloudy,Partly cloudy throughout the day.,partly-cloudy-day,"65210099999,DNIB,NII0000DNIB,NIM00065210,DNMM,NII0000DNMM,65201099999,65100099999,NIM00065208,65208099999"
"Abeokuta, Ogun, Nigeria",2022-03-01,95.0,79.9,85.8,110.1,79.9,96.0,77.3,77.1,0.0,0,0.0,,0,0.0,22.1,10.7,205.8,1009.7,31.1,5.7,259.9,22.3,9,,2022-03-01T06:59:28,2022-03-01T18:58:41,0.95,Partially cloudy,Partly cloudy throughout the day.,partly-cloudy-day,"65210099999,NIM00065210,DNMM,NII0000DNMM,65201099999,NIM00065208,65208099999"
"Abeokuta, Ogun, Nigeria",2022-03-02,93.2,80.1,85.5,107.9,84.6,96.6,77.8,78.8,0.0,0,0.0,,0,0.0,19.5,12.8,193.6,1010.0,34.8,6.0,241.6,20.9,9,,2022-03-02T06:59:04,2022-03-02T18:58:40,0.0,Partially cloudy,Partly cloudy throughout the day.,partly-cloudy-day,"DNIB,NII0000DNIB,DNMM,NII0000DNMM,65201099999,65100099999"
"Abeokuta, Ogun, Nigeria",2022-03-03,95.0,77.4,85.6,110.1,77.4,94.5,76.1,74.6,0.02,100,4.17,rain,0,0.0,21.9,107.1,179.9,1010.0,30.7,6.1,248.4,21.4,9,,2022-03-03T06:58:40,2022-03-03T18:58:39,0.02,"Rain, Partially cloudy",Partly cloudy throughout the day with afternoon rain.,rain,"65210099999,DNIB,NII0000DNIB,NIM00065210,DNMM,NII0000DNMM,remote,65201099999,65100099999"
"Abeokuta, Ogun, Nigeria",2022-03-04,93.2,76.4,85.2,108.0,76.4,95.5,77.2,77.7,0.201,100,4.17,rain,0,0.0,24.4,16.1,187.8,1009.5,44.9,6.0,196.9,16.8,8,,2022-03-04T06:58:16,2022-03-04T18:58:38,0.06,"Rain, Partially cloudy",Partly cloudy throughout the day with late afternoon rain.,rain,"NIM00065202,DNMM,NII0000DNMM,remote,65201099999"
"Abeokuta, Ogun, Nigeria",2022-03-05,95.0,75.8,84.2,107.9,75.8,90.8,75.1,75.7,0.047,100,4.17,rain,0,0.0,21.3,12.4,185.6,1008.7,43.6,5.9,229.2,20.0,9,,2022-03-05T06:57:51,2022-03-05T18:58:36,0.09,"Rain, Partially cloudy",Clearing in the afternoon with early morning rain.,rain,"DNIB,NII0000DNIB,DNMM,remote,NII0000DNMM,65201099999,65100099999"
"Abeokuta, Ogun, Nigeria",2022-03-06,87.2,77.0,81.1,96.2,77.0,87.4,76.6,86.4,0.276,100,4.17,rain,0,0.0,19.5,40.3,156.7,1009.3,35.9,5.5,232.1,20.1,8,,2022-03-06T06:57:25,2022-03-06T18:58:34,0.12,"Rain, Partially cloudy",Partly cloudy throughout the day with afternoon rain.,rain,"65210099999,DNIB,NII0000DNIB,NIM00065210,DNMM,NII0000DNMM,65201099999,65100099999"
"Abeokuta, Ogun, Nigeria",2022-03-07,95.0,77.3,84.9,110.1,77.3,92.6,76.9,78.8,0.008,100,8.33,rain,0,0.0,19.0,11.4,198.7,1008.4,31.1,5.9,239.1,20.8,9,,2022-03-07T06:56:59,2022-03-07T18:58:31,0.15,"Rain, Partially cloudy",Partly cloudy throughout the day with afternoon rain.,rain,"DNIB,NII0000DNIB,DNMM,NII0000DNMM,remote,65201099999,65100099999"
"Abeokuta, Ogun, Nigeria",2022-03-08,93.3,80.2,85.8,110.5,86.0,97.7,78.2,79.0,0.0,0,0.0,,0,0.0,20.8,13.9,194.5,1008.0,32.2,6.1,247.8,21.4,9,,2022-03-08T06:56:33,2022-03-08T18:58:28,0.18,Partially cloudy,Partly cloudy throughout the day.,partly-cloudy-day,"DNIB,NII0000DNIB,DNMM,NII0000DNMM,65201099999,65100099999,NIM00065208,65208099999"
"Abeokuta, Ogun, Nigeria",2022-03-09,95.0,80.0,86.4,114.9,86.6,100.0,79.1,79.9,0.0,0,0.0,,0,0.0,22.6,17.2,197.1,1007.6,34.6,6.0,261.9,22.7,9,,2022-03-09T06:56:06,2022-03-09T18:58:25,0.22,Partially cloudy,Partly cloudy throughout the day.,partly-cloudy-day,"DNIB,NII0000DNIB,DNMM,NII0000DNMM,65201099999,65100099999"
"Abeokuta, Ogun, Nigeria",2022-03-10,93.2,81.2,86.6,113.6,89.0,100.7,79.2,79.5,0.0,0,0.0,,0,0.0,21.7,15.0,196.6,1007.8,36.9,6.2,236.2,20.4,10,,2022-03-10T06:55:39,2022-03-10T18:58:21,0.25,Partially cloudy,Partly cloudy throughout the day.,partly-cloudy-day,"DNIB,NIM00065213,NIM00065202,NII0000DNIB,DNMM,NII0000DNMM,remote,65201099999,NIM00065208,65100099999,65208099999"
"Abeokuta, Ogun, Nigeria",2022-03-11,94.8,80.6,85.8,109.7,87.2,96.4,77.2,76.7,0.0,0,0.0,,0,0.0,22.4,15.3,176.2,1008.9,34.9,5.8,221.9,19.1,8,,2022-03-11T06:55:11,2022-03-11T18:58:17,0.28,Partially cloudy,Partly cloudy throughout the day.,partly-cloudy-day,"65210099999,DNIB,NII0000DNIB,NIM00065210,DNMM,NII0000DNMM,remote,65201099999,65100099999"
"Abeokuta, Ogun, Nigeria",2022-03-12,89.6,73.0,80.4,102.6,73.0,86.0,74.9,83.9,1.024,100,4.17,rain,0,0.0,40.3,19.7,239.3,1009.9,28.5,4.5,225.1,19.5,9,,2022-03-12T06:54:44,2022-03-12T18:58:13,0.31,"Rain, Partially cloudy",Partly cloudy throughout the day with late afternoon rain.,rain,"65210099999,DNIB,NII0000DNIB,NIM00065210,DNMM,NII0000DNMM,65201099999,65100099999"
"Abeokuta, Ogun, Nigeria",2022-03-13,93.2,76.4,82.5,110.5,76.4,88.2,76.8,84.2,0.0,0,0.0,,0,0.0,23.0,40.3,195.5,1009.4,35.5,5.4,217.6,18.9,8,,2022-03-13T06:54:16,2022-03-13T18:58:09,0.34,Partially cloudy,Partly cloudy throughout the day.,wind,"DNIB,NII0000DNIB,DNMM,NII0000DNMM,remote,65201099999,65100099999"
"Abeokuta, Ogun, Nigeria",2022-03-14,93.2,75.1,83.1,106.2,75.1,90.7,76.1,81.0,0.079,100,4.17,rain,0,0.0,17.9,15.0,235.6,1009.3,26.8,5.7,267.7,23.1,10,,2022-03-14T06:53:47,2022-03-14T18:58:04,0.38,"Rain, Partially cloudy",Partly cloudy throughout the day with early morning rain.,rain,"DNIB,NII0000DNIB,DNMM,NII0000DNMM,65201099999,65100099999"
"Abeokuta, Ogun, Nigeria",2022-03-15,93.2,78.6,84.0,110.5,78.6,94.9,78.7,84.7,0.472,100,4.17,rain,0,0.0,25.3,9.2,213.1,1010.5,37.3,5.6,253.7,21.9,9,,2022-03-15T06:53:18,2022-03-15T18:57:59,0.41,"Rain, Partially cloudy",Partly cloudy throughout the day with late afternoon rain.,rain,"65210099999,DNIB,NIM00065202,NII0000DNIB,NIM00065210,DNMM,NII0000DNMM,65201099999,65100099999,NIM00065208,65208099999"
"Abeokuta, Ogun, Nigeria",2022-03-16,91.4,80.0,84.6,111.0,85.9,95.6,78.1,81.4,0.0,0,0.0,,0,0.0,19.5,12.8,202.0,1010.3,45.6,5.6,235.0,20.4,8,,2022-03-16T06:52:50,2022-03-16T18:57:54,0.44,Partially cloudy,Partly cloudy throughout the day.,partly-cloudy-day,"65210099999,NIM00065202,NIM00065210,DNMM,NII0000DNMM,remote,65201099999"
"Abeokuta, Ogun, Nigeria",2022-03-17,91.4,78.1,84.5,108.4,78.1,94.3,77.7,80.9,0.0,0,0.0,,0,0.0,20.6,9.2,194.5,1009.4,40.0,5.5,237.2,20.5,9,,2022-03-17T06:52:21,2022-03-17T18:57:49,0.47,Partially cloudy,Partly cloudy throughout the day.,partly-cloudy-day,"65210099999,DNIB,NII0000DNIB,NIM00065210,DNMM,NII0000DNMM,remote,65201099999,65100099999,NIM00065208,65208099999"
"Abeokuta, Ogun, Nigeria",2022-03-18,96.0,80.1,85.3,108.7,86.3,96.2,78.2,80.7,0.0,0,0.0,,0,0.0,20.6,10.7,205.6,1009.1,33.8,5.6,252.0,21.9,9,,2022-03-18T06:51:51,2022-03-18T18:57:43,0.5,Partially cloudy,Partly cloudy throughout the day.,partly-cloudy-day,"DNIB,NII0000DNIB,DNMM,remote,NII0000DNMM,65201099999,65100099999,NIM00065208,65208099999"
"Abeokuta, Ogun, Nigeria",2022-03-19,95.0,80.4,85.7,110.7,87.4,97.6,78.6,80.4,0.0,0,0.0,,0,0.0,21.0,13.9,192.2,1009.8,30.7,5.1,245.1,21.3,9,,2022-03-19T06:51:22,2022-03-19T18:57:38,0.54,Partially cloudy,Partly cloudy throughout the day.,partly-cloudy-day,"65210099999,DNIB,NIM00065202,NII0000DNIB,NIM00065210,DNMM,NII0000DNMM,65201099999,65100099999"
"Abeokuta, Ogun, Nigeria",2022-03-20,94.0,80.6,85.9,110.5,87.4,98.2,78.4,79.0,0.0,0,0.0,,0,0.0,23.3,12.8,210.1,1010.1,37.2,4.7,263.6,22.8,10,,2022-03-20T06:50:52,2022-03-20T18:57:32,0.58,Partially cloudy,Partly cloudy throughout the day.,partly-cloudy-day,"65210099999,DNIB,NII0000DNIB,DNMM,NII0000DNMM,remote,65201099999,65100099999,NIM00065208,65208099999"
"Abeokuta, Ogun, Nigeria",2022-03-21,93.2,80.9,85.9,109.2,88.4,98.3,78.6,79.8,0.0,0,0.0,,0,0.0,20.4,12.3,205.5,1010.1,39.4,5.7,245.8,21.4,9,,2022-03-21T06:50:22,2022-03-21T18:57:26,0.61,Partially cloudy,Partly cloudy throughout the day.,partly-cloudy-day,"65210099999,DNIB,NII0000DNIB,DNMM,NII0000DNMM,remote,65201099999,65100099999,NIM00065208,65208099999"
"Abeokuta, Ogun, Nigeria",2022-03-22,91.4,80.2,85.1,108.4,86.1,96.7,78.1,80.1,0.0,0,0.0,,0,0.0,21.9,12.8,211.4,1010.2,38.7,5.8,235.7,20.4,9,,2022-03-22T06:49:53,2022-03-22T18:57:20,0.65,Partially cloudy,Partly cloudy throughout the day.,partly-cloudy-day,"65210099999,DNIB,NIM00065202,NII0000DNIB,DNMM,NII0000DNMM,65201099999,NIM00065208,65100099999,65208099999"
"Abeokuta, Ogun, Nigeria",2022-03-23,93.0,79.9,85.4,111.0,79.9,96.4,77.8,78.8,0.0,0,0.0,,0,0.0,18.1,13.9,201.0,1010.3,43.8,6.1,201.7,17.5,7,,2022-03-23T06:49:23,2022-03-23T18:57:14,0.68,Partially cloudy,Partly cloudy throughout the day.,partly-cloudy-day,"65210099999,DNIB,NII0000DNIB,NIM00065210,DNMM,NII0000DNMM,remote,65201099999,NIM00065208,65100099999,65208099999"
"Abeokuta, Ogun, Nigeria",2022-03-24,93.8,81.0,85.1,110.0,87.7,95.1,76.6,76.1,0.0,0,0.0,,0,0.0,20.8,13.9,219.4,1009.9,28.3,5.6,195.1,16.9,7,,2022-03-24T06:48:53,2022-03-24T18:57:08,0.72,Partially cloudy,Partly cloudy throughout the day.,partly-cloudy-day,"65210099999,DNIB,NII0000DNIB,NIM00065210,DNMM,NII0000DNMM,65201099999,65100099999,NIM00065208,65208099999"
"Abeokuta, Ogun, Nigeria",2022-03-25,94.0,78.9,85.6,107.9,78.9,95.5,77.2,77.2,0.0,0,0.0,,0,0.0,20.1,12.8,206.5,1009.0,34.5,6.1,235.1,20.3,9,,2022-03-25T06:48:23,2022-03-25T18:57:01,0.75,Partially cloudy,Partly cloudy throughout the day.,partly-cloudy-day,"65210099999,DNIB,NII0000DNIB,NIM00065210,DNMM,NII0000DNMM,remote,65201099999,65100099999,NIM00065208,65208099999"
"Abeokuta, Ogun, Nigeria",2022-03-26,93.1,80.6,85.5,113.0,87.2,98.1,78.6,80.3,0.0,0,0.0,,0,0.0,20.6,13.9,200.7,1009.0,41.0,6.2,252.1,22.0,10,,2022-03-26T06:47:53,2022-03-26T18:56:55,0.79,Partially cloudy,Partly cloudy throughout the day.,partly-cloudy-day,"65210099999,DNIB,NII0000DNIB,NIM00065210,DNMM,NII0000DNMM,65201099999,65100099999,NIM00065208,65208099999"
"Abeokuta, Ogun, Nigeria",2022-03-27,95.4,80.6,86.9,113.6,88.5,100.6,79.3,79.6,0.0,0,0.0,,0,0.0,23.9,10.3,202.9,1010.6,32.2,5.2,253.4,21.9,9,,2022-03-27T06:47:23,2022-03-27T18:56:49,0.83,Partially cloudy,Partly cloudy throughout the day.,partly-cloudy-day,"65210099999,DNIB,NII0000DNIB,NIM00065210,DNMM,NII0000DNMM,65201099999,65100099999,NIM00065208,65208099999"
"Abeokuta, Ogun, Nigeria",2022-03-28,95.8,81.0,86.6,112.9,89.4,100.3,79.4,80.4,0.0,0,0.0,,0,0.0,25.5,13.9,211.9,1010.7,39.9,5.6,258.1,22.3,10,,2022-03-28T06:46:53,2022-03-28T18:56:43,0.86,Partially cloudy,Partly cloudy throughout the day.,partly-cloudy-day,"65210099999,DNIB,NII0000DNIB,NIM00065210,DNMM,NII0000DNMM,remote,65201099999,65100099999"
"Abeokuta, Ogun, Nigeria",2022-03-29,95.8,82.4,86.9,111.7,92.5,100.0,78.5,77.3,0.0,0,0.0,,0,0.0,21.9,96.6,181.2,1009.3,32.1,6.2,236.8,20.5,8,,2022-03-29T06:46:23,2022-03-29T18:56:37,0.9,Partially cloudy,Partly cloudy throughout the day.,wind,"65210099999,DNIB,NII0000DNIB,NIM00065210,DNMM,NII0000DNMM,65201099999,65100099999"
"Abeokuta, Ogun, Nigeria",2022-03-30,95.0,80.6,85.9,110.5,87.1,97.0,77.8,78.1,0.0,0,0.0,,0,0.0,18.6,13.8,192.0,1007.6,39.7,6.2,225.1,19.6,8,,2022-03-30T06:45:53,2022-03-30T18:56:30,0.94,Partially cloudy,Partly cloudy throughout the day.,partly-cloudy-day,"65210099999,DNIB,NII0000DNIB,NIM00065210,DNMM,NII0000DNMM,65201099999,65100099999,NIM00065208,65208099999"
"Abeokuta, Ogun, Nigeria",2022-03-31,95.6,82.1,87.4,110.6,91.1,100.3,78.2,75.3,0.0,0,0.0,,0,0.0,19.5,12.8,200.4,1008.0,39.7,6.2,245.8,21.2,8,,2022-03-31T06:45:23,2022-03-31T18:56:24,0.97,Partially cloudy,Partly cloudy throughout the day.,partly-cloudy-day,"DNIB,NII0000DNIB,DNMM,NII0000DNMM,remote,65201099999,NIM00065208,65100099999,65208099999"
"Abeokuta, Ogun, Nigeria",2022-04-01,96.8,80.6,86.9,112.5,88.2,98.5,77.8,75.8,0.0,0,0.0,,0,0.0,25.9,36.9,207.7,1009.5,32.7,5.8,259.9,22.3,10,,2022-04-01T06:44:54,2022-04-01T18:56:18,0.0,Partially cloudy,Partly cloudy throughout the day.,wind,"65210099999,DNIB,NII0000DNIB,NIM00065210,DNMM,NII0000DNMM,65201099999,65100099999,NIM00065208,65208099999"
"Abeokuta, Ogun, Nigeria",2022-04-02,91.8,74.7,83.1,105.2,74.7,89.9,75.4,78.6,1.378,100,4.17,rain,0,0.0,22.6,13.9,216.1,1010.1,32.9,5.6,238.8,20.5,9,,2022-04-02T06:44:24,2022-04-02T18:56:13,0.04,"Rain, Partially cloudy",Partly cloudy throughout the day with early morning rain.,rain,"65210099999,DNIB,NII0000DNIB,NIM00065210,DNMM,NII0000DNMM,65201099999,65100099999,NIM00065208,65208099999"
"Abeokuta, Ogun, Nigeria",2022-04-03,93.2,79.1,85.0,110.5,79.1,95.1,77.2,78.3,0.0,0,0.0,,0,0.0,21.3,15.0,195.3,1010.0,36.3,6.0,240.4,20.8,9,,2022-04-03T06:43:55,2022-04-03T18:56:07,0.07,Partially cloudy,Partly cloudy throughout the day.,partly-cloudy-day,"DNIB,NII0000DNIB,DNMM,NII0000DNMM,65201099999,65100099999,NIM00065208,65208099999"
"Abeokuta, Ogun, Nigeria",2022-04-04,92.2,80.4,85.1,107.9,86.9,96.2,78.0,80.3,0.0,0,0.0,,0,0.0,20.8,13.9,185.2,1010.5,37.7,6.1,227.5,19.7,9,,2022-04-04T06:43:26,2022-04-04T18:56:01,0.1,Partially cloudy,Partly cloudy throughout the day.,partly-cloudy-day,"65210099999,DNIB,NII0000DNIB,NIM00065210,DNMM,NII0000DNMM,65201099999,65100099999"
"Abeokuta, Ogun, Nigeria",2022-04-05,93.2,81.8,86.2,111.5,90.0,98.5,78.1,77.5,0.0,0,0.0,,0,0.0,21.3,15.0,184.7,1010.4,39.3,6.2,221.8,19.0,8,,2022-04-05T06:42:57,2022-04-05T18:55:56,0.14,Partially cloudy,Partly cloudy throughout the day.,partly-cloudy-day,"DNMM,NII0000DNMM,remote,65201099999"
"Abeokuta, Ogun, Nigeria",2022-04-06,91.4,75.2,83.2,105.2,75.2,91.5,76.7,81.8,0.354,100,4.17,rain,0,0.0,16.8,11.3,178.6,1010.0,33.6,5.9,208.9,18.0,8,,2022-04-06T06:42:28,2022-04-06T18:55:50,0.17,"Rain, Partially cloudy",Clearing in the afternoon with afternoon rain.,rain,"DNIB,NII0000DNIB,DNMM,remote,NII0000DNMM,65201099999,65100099999,NIM00065208,65208099999"
"Abeokuta, Ogun, Nigeria",2022-04-07,91.4,77.1,84.0,107.9,77.1,92.2,76.7,79.4,0.0,0,0.0,,0,0.0,21.0,12.8,187.2,1010.1,33.9,5.7,204.8,17.7,6,,2022-04-07T06:41:59,2022-04-07T18:55:45,0.2,Partially cloudy,Partly cloudy throughout the day.,partly-cloudy-day,"DNIB,NII0000DNIB,DNMM,NII0000DNMM,remote,65201099999,65100099999,NIM00065208,65208099999"
"Abeokuta, Ogun, Nigeria",2022-04-08,91.4,73.3,82.3,105.2,73.3,88.9,75.0,79.4,0.197,100,4.17,rain,0,0.0,22.1,40.3,219.8,1010.5,27.6,5.9,205.5,17.8,6,,2022-04-08T06:41:31,2022-04-08T18:55:40,0.23,"Rain, Partially cloudy",Partly cloudy throughout the day with morning rain.,rain,"65210099999,DNIB,NII0000DNIB,NIM00065210,DNMM,NII0000DNMM,65201099999,65100099999,NIM00065208,65208099999"
"Abeokuta, Ogun, Nigeria",2022-04-09,85.0,74.4,80.2,93.3,74.4,84.6,74.8,84.2,0.0,0,0.0,,0,0.0,19.5,16.3,99.4,1010.3,39.1,5.6,215.1,18.5,8,,2022-04-09T06:41:03,2022-04-09T18:55:35,0.25,Partially cloudy,Partly cloudy throughout the day.,partly-cloudy-day,"65210099999,DNIB,NII0000DNIB,NIM00065210,DNMM,NII0000DNMM,remote,65201099999,NIM00065208,65100099999,65208099999"
"Abeokuta, Ogun, Nigeria",2022-04-10,91.4,75.1,82.9,105.2,75.1,89.2,76.4,81.9,0.0,0,0.0,,0,0.0,19.2,9.2,164.8,1008.9,34.4,5.4,264.0,22.7,9,,2022-04-10T06:40:36,2022-04-10T18:55:31,0.3,Partially cloudy,Partly cloudy throughout the day.,partly-cloudy-day,"DNIB,NII0000DNIB,DNMM,NII0000DNMM,remote,65201099999,NIM00065208,65100099999,65208099999"
"Abeokuta, Ogun, Nigeria",2022-04-11,94.3,78.8,84.8,107.9,78.8,93.4,77.0,78.7,0.0,0,0.0,,0,0.0,19.7,10.0,202.6,1008.9,32.0,6.0,233.7,20.2,8,,2022-04-11T06:40:08,2022-04-11T18:55:26,0.33,Partially cloudy,Partly cloudy throughout the day.,partly-cloudy-day,"65210099999,DNIB,NII0000DNIB,DNMM,NII0000DNMM,65201099999,65100099999,NIM00065208,65208099999"
"Abeokuta, Ogun, Nigeria",2022-04-12,93.1,76.4,82.1,107.3,76.4,87.9,75.7,81.9,0.236,100,4.17,rain,0,0.0,46.1,20.8,174.1,1009.3,38.8,5.7,206.3,17.8,8,,2022-04-12T06:39:41,2022-04-12T18:55:22,0.36,"Rain, Partially cloudy",Partly cloudy throughout the day with late afternoon rain.,rain,"DNIB,NII0000DNIB,DNMM,NII0000DNMM,65201099999,65100099999,NIM00065208,65208099999"
"Abeokuta, Ogun, Nigeria",2022-04-13,87.8,75.1,81.2,102.5,75.1,87.1,75.6,83.5,0.0,0,0.0,,0,0.0,19.2,11.4,185.7,1009.2,33.5,5.3,130.7,11.2,4,,2022-04-13T06:39:15,2022-04-13T18:55:19,0.39,Partially cloudy,Partly cloudy throughout the day.,partly-cloudy-day,"65210099999,DNIB,NII0000DNIB,DNMM,NII0000DNMM,65201099999,NIM00065208,65100099999,65208099999"
"Abeokuta, Ogun, Nigeria",2022-04-14,90.8,77.0,83.5,102.6,77.0,91.2,76.6,80.9,0.0,0,0.0,,0,0.0,20.8,12.8,182.0,1009.8,31.9,5.8,258.1,22.3,9,,2022-04-14T06:38:48,2022-04-14T18:55:15,0.42,Partially cloudy,Partly cloudy throughout the day.,partly-cloudy-day,"65210099999,DNIB,NII0000DNIB,DNMM,NII0000DNMM,65201099999,65100099999,NIM00065208,65208099999"
"Abeokuta, Ogun, Nigeria",2022-04-15,90.4,77.6,83.4,105.3,77.6,91.2,76.5,80.5,0.0,0,0.0,,0,0.0,16.8,10.3,195.4,1010.3,43.2,6.2,186.6,16.2,7,,2022-04-15T06:38:22,2022-04-15T18:55:12,0.46,Partially cloudy,Partly cloudy throughout the day.,partly-cloudy-day,"65210099999,DNIB,NII0000DNIB,NIM00065210,DNMM,NII0000DNMM,remote,65201099999,65100099999,NIM00065208,65208099999"
"Abeokuta, Ogun, Nigeria",2022-04-16,92.0,78.0,83.7,105.6,78.0,91.6,76.6,80.3,0.276,100,4.17,rain,0,0.0,13.9,8.1,229.7,1010.4,51.4,5.7,202.2,17.5,8,,2022-04-16T06:37:57,2022-04-16T18:55:09,0.5,"Rain, Partially cloudy",Partly cloudy throughout the day with late afternoon rain.,rain,"DNMM,remote,NII0000DNMM,65201099999"
"Abeokuta, Ogun, Nigeria",2022-04-17,93.0,77.0,84.3,111.0,77.0,94.1,78.0,82.2,0.0,0,0.0,,0,0.0,19.2,16.9,212.6,1009.3,34.5,6.2,236.1,20.4,9,,2022-04-17T06:37:32,2022-04-17T18:55:06,0.52,Partially cloudy,Partly cloudy throughout the day.,partly-cloudy-day,"65210099999,DNIB,NII0000DNIB,NIM00065210,DNMM,NII0000DNMM,65201099999,65100099999"
"Abeokuta, Ogun, Nigeria",2022-04-18,85.8,73.4,78.4,93.1,73.4,80.9,73.5,85.5,1.417,100,8.33,rain,0,0.0,34.4,17.2,31.8,1010.8,38.0,5.0,148.1,12.6,6,,2022-04-18T06:37:07,2022-04-18T18:55:04,0.56,"Rain, Partially cloudy",Partly cloudy throughout the day with rain clearing later.,rain,"65210099999,DNIB,NII0000DNIB,DNMM,NII0000DNMM,remote,65201099999,65100099999,NIM00065208,65208099999"
"Abeokuta, Ogun, Nigeria",2022-04-19,89.6,77.0,82.6,102.6,77.0,88.6,76.3,82.3,0.095,100,8.33,rain,0,0.0,19.7,8.4,179.9,1011.4,37.5,4.8,219.3,19.0,9,,2022-04-19T06:36:43,2022-04-19T18:55:02,0.59,"Rain, Partially cloudy",Partly cloudy throughout the day with rain in the morning and afternoon.,rain,"65210099999,DNIB,NII0000DNIB,DNMM,NII0000DNMM,remote,65201099999,65100099999,NIM00065208,65208099999"
"Abeokuta, Ogun, Nigeria",2022-04-20,93.2,77.9,84.1,110.5,77.9,92.9,77.7,82.3,0.0,0,0.0,,0,0.0,18.6,13.9,183.6,1010.6,34.5,6.0,258.1,22.2,9,,2022-04-20T06:36:19,2022-04-20T18:55:00,0.63,Partially cloudy,Partly cloudy throughout the day.,partly-cloudy-day,"65210099999,DNIB,NII0000DNIB,NIM00065210,DNMM,NII0000DNMM,remote,65201099999,65100099999,NIM00065208,65208099999"
"Abeokuta, Ogun, Nigeria",2022-04-21,86.4,73.4,79.9,95.9,73.4,84.2,74.5,84.4,0.787,100,4.17,rain,0,0.0,21.7,15.0,295.4,1010.7,37.1,5.4,86.7,7.6,4,,2022-04-21T06:35:56,2022-04-21T18:54:59,0.67,"Rain, Partially cloudy",Partly cloudy throughout the day with early morning rain.,rain,"65210099999,DNIB,NII0000DNIB,NIM00065210,DNMM,remote,NII0000DNMM,65201099999,65100099999"
"Abeokuta, Ogun, Nigeria",2022-04-22,91.4,75.6,83.1,105.2,75.6,90.0,76.3,81.0,0.0,0,0.0,,0,0.0,17.2,11.4,191.9,1010.3,30.6,5.7,282.6,24.3,9,,2022-04-22T06:35:33,2022-04-22T18:54:58,0.7,Partially cloudy,Partly cloudy throughout the day.,partly-cloudy-day,"DNIB,NII0000DNIB,DNMM,NII0000DNMM,65201099999,65100099999"
"Abeokuta, Ogun, Nigeria",2022-04-23,93.2,77.7,84.2,107.6,77.7,92.3,76.9,79.9,0.0,0,0.0,,0,0.0,17.7,12.8,203.4,1009.8,29.2,6.2,274.7,23.8,9,,2022-04-23T06:35:11,2022-04-23T18:54:58,0.75,Partially cloudy,Partly cloudy throughout the day.,partly-cloudy-day,"65210099999,DNIB,NII0000DNIB,NIM00065210,DNMM,NII0000DNMM,65201099999,65100099999,NIM00065208,65208099999"
"Abeokuta, Ogun, Nigeria",2022-04-24,82.4,71.6,77.8,90.9,71.6,80.0,74.9,91.1,1.102,100,4.17,rain,0,0.0,46.1,28.9,153.6,1010.0,41.5,5.6,159.7,13.8,5,,2022-04-24T06:34:50,2022-04-24T18:54:57,0.77,"Rain, Partially cloudy",Partly cloudy throughout the day with afternoon rain.,rain,"65210099999,DNIB,NII0000DNIB,NIM00065210,DNMM,NII0000DNMM,remote,65201099999,65100099999"
"Abeokuta, Ogun, Nigeria",2022-04-25,89.6,72.1,81.5,102.6,72.1,87.9,75.3,82.3,0.0,0,0.0,,0,0.0,18.8,13.9,163.6,1009.6,40.9,5.8,232.9,20.0,8,,2022-04-25T06:34:29,2022-04-25T18:54:58,0.81,Partially cloudy,Partly cloudy throughout the day.,partly-cloudy-day,"DNIB,NII0000DNIB,DNMM,NII0000DNMM,remote,65201099999,65100099999,NIM00065208,65208099999"
"Abeokuta, Ogun, Nigeria",2022-04-26,93.0,74.4,83.0,102.5,74.4,88.9,74.3,76.1,0.0,0,0.0,,0,0.0,50.8,24.2,144.3,1009.8,28.7,6.0,117.7,10.3,4,,2022-04-26T06:34:08,2022-04-26T18:54:58,0.84,Partially cloudy,Partly cloudy throughout the day.,partly-cloudy-day,"65210099999,DNIB,NII0000DNIB,NIM00065210,DNMM,NII0000DNMM,65201099999,65100099999,NIM00065208,65208099999"
"Abeokuta, Ogun, Nigeria",2022-04-27,91.4,73.4,83.1,105.2,73.4,90.5,76.1,80.1,0.063,100,4.17,rain,0,0.0,41.4,20.8,177.0,1010.1,46.7,5.7,208.5,18.1,8,,2022-04-27T06:33:48,2022-04-27T18:54:59,0.88,"Rain, Partially cloudy",Partly cloudy throughout the day with afternoon rain.,rain,"65210099999,NIM00065210,DNMM,NII0000DNMM,remote,65201099999,NIM00065208,65208099999"
"Abeokuta, Ogun, Nigeria",2022-04-28,87.2,72.7,79.6,97.7,72.7,83.9,73.9,83.7,0.945,100,4.17,rain,0,0.0,14.1,11.4,290.3,1011.0,34.8,4.8,126.7,11.1,4,,2022-04-28T06:33:29,2022-04-28T18:55:01,0.91,"Rain, Partially cloudy",Partly cloudy throughout the day with early morning rain.,rain,"DNIB,NII0000DNIB,DNMM,NII0000DNMM,65201099999,65100099999,NIM00065208,65208099999"
"Abeokuta, Ogun, Nigeria",2022-04-29,93.2,75.5,81.3,105.3,75.5,85.6,74.1,79.7,0.0,0,0.0,,0,0.0,18.6,12.8,138.4,1011.0,32.5,5.7,250.2,21.7,9,,2022-04-29T06:33:10,2022-04-29T18:55:03,0.95,Partially cloudy,Partly cloudy throughout the day.,partly-cloudy-day,"65210099999,DNIB,NII0000DNIB,NIM00065210,DNMM,NII0000DNMM,remote,65201099999,NIM00065208,65100099999,65208099999"
"Abeokuta, Ogun, Nigeria",2022-04-30,91.4,73.0,81.5,102.7,73.0,86.6,74.0,79.4,0.0,0,0.0,,0,0.0,15.7,10.3,204.9,1012.5,26.3,5.8,187.7,16.4,7,,2022-04-30T06:32:52,2022-04-30T18:55:05,0.0,Partially cloudy,Partly cloudy throughout the day.,partly-cloudy-day,"65210099999,DNIB,NII0000DNIB,NIM00065210,DNMM,NII0000DNMM,remote,65201099999,65100099999,NIM00065208,65208099999"
"Abeokuta, Ogun, Nigeria",2022-05-01,91.4,78.4,84.0,107.9,78.4,93.1,77.7,82.1,0.0,0,0.0,,0,0.0,16.1,11.4,195.4,1012.8,41.5,6.2,191.0,16.7,7,,2022-05-01T06:32:34,2022-05-01T18:55:08,0.02,Partially cloudy,Partly cloudy throughout the day.,partly-cloudy-day,"65210099999,DNIB,NII0000DNIB,NIM00065210,DNMM,NII0000DNMM,remote,65201099999,NIM00065208,65100099999,65208099999"
"Abeokuta, Ogun, Nigeria",2022-05-02,89.6,77.0,82.9,102.6,77.0,89.0,76.8,82.9,0.0,0,0.0,,0,0.0,18.6,11.6,187.1,1012.4,37.1,6.0,212.3,18.4,7,,2022-05-02T06:32:18,2022-05-02T18:55:11,0.05,Partially cloudy,Partly cloudy throughout the day.,partly-cloudy-day,"65210099999,DNIB,NII0000DNIB,NIM00065210,DNMM,NII0000DNMM,65201099999,65100099999"
"Abeokuta, Ogun, Nigeria",2022-05-03,91.4,76.9,83.2,108.2,76.9,90.4,76.8,82.0,0.0,0,0.0,,0,0.0,17.7,13.9,196.1,1011.0,30.9,5.9,256.4,22.1,9,,2022-05-03T06:32:01,2022-05-03T18:55:15,0.09,Partially cloudy,Partly cloudy throughout the day.,partly-cloudy-day,"65210099999,DNIB,NII0000DNIB,NIM00065210,DNMM,NII0000DNMM,65201099999,NIM00065208,65100099999,65208099999"
"Abeokuta, Ogun, Nigeria",2022-05-04,88.1,72.7,79.4,98.6,72.7,83.2,74.3,84.7,0.512,100,8.33,rain,0,0.0,19.9,9.9,183.7,1011.8,31.4,6.0,202.0,17.4,6,,2022-05-04T06:31:46,2022-05-04T18:55:19,0.12,"Rain, Partially cloudy",Partly cloudy throughout the day with rain.,rain,"DNIB,NII0000DNIB,DNMM,NII0000DNMM,remote,65201099999,65100099999,NIM00065208,65208099999"
"Abeokuta, Ogun, Nigeria",2022-05-05,90.7,73.4,81.5,104.1,73.4,87.9,74.9,81.1,0.0,0,0.0,,0,0.0,19.2,12.8,210.0,1011.9,31.0,6.2,221.5,19.1,8,,2022-05-05T06:31:31,2022-05-05T18:55:23,0.15,Partially cloudy,Partly cloudy throughout the day.,partly-cloudy-day,"DNIB,NII0000DNIB,DNMM,NII0000DNMM,65201099999,NIM00065208,65100099999,65208099999"
"Abeokuta, Ogun, Nigeria",2022-05-06,80.6,71.6,77.2,87.2,71.6,78.0,74.1,90.3,1.89,100,8.33,rain,0,0.0,16.1,12.8,185.9,1012.1,36.9,4.6,141.7,12.2,5,,2022-05-06T06:31:17,2022-05-06T18:55:28,0.18,"Rain, Partially cloudy",Partly cloudy throughout the day with rain in the morning and afternoon.,rain,"65210099999,DNIB,NII0000DNIB,DNMM,NII0000DNMM,remote,65201099999,65100099999,NIM00065208,65208099999"
"Abeokuta, Ogun, Nigeria",2022-05-07,89.9,73.4,81.3,105.3,73.4,87.0,75.3,83.1,0.0,0,0.0,,0,0.0,17.2,15.0,202.8,1011.7,29.9,4.3,188.1,16.3,6,,2022-05-07T06:31:03,2022-05-07T18:55:33,0.22,Partially cloudy,Clearing in the afternoon.,partly-cloudy-day,"DNIB,NII0000DNIB,DNMM,NII0000DNMM,remote,65201099999,65100099999"
"Abeokuta, Ogun, Nigeria",2022-05-08,91.4,77.0,83.0,105.2,77.0,89.9,76.9,82.9,0.0,0,0.0,,0,0.0,19.2,16.1,202.7,1010.5,28.1,4.8,243.1,21.0,8,,2022-05-08T06:30:50,2022-05-08T18:55:39,0.25,Partially cloudy,Partly cloudy throughout the day.,partly-cloudy-day,"65210099999,DNIB,NII0000DNIB,NIM00065210,DNMM,NII0000DNMM,remote,65201099999,65100099999,NIM00065208,65208099999"
"Abeokuta, Ogun, Nigeria",2022-05-09,91.4,75.2,82.1,107.9,75.2,88.4,76.1,82.8,0.193,100,20.83,rain,0,0.0,19.7,11.4,223.3,1010.8,36.9,6.2,176.6,15.1,8,,2022-05-09T06:30:38,2022-05-09T18:55:45,0.25,"Rain, Partially cloudy",Partly cloudy throughout the day with rain.,rain,"DNMM,NII0000DNMM,remote,65201099999"
"Abeokuta, Ogun, Nigeria",2022-05-10,89.7,76.8,82.5,105.3,76.8,89.7,76.8,83.7,0.039,100,4.17,rain,0,0.0,17.0,12.8,207.8,1011.5,42.0,6.0,244.1,20.9,9,,2022-05-10T06:30:27,2022-05-10T18:55:52,0.31,"Rain, Partially cloudy",Partly cloudy throughout the day with early morning rain.,rain,"65210099999,DNIB,NII0000DNIB,NIM00065210,DNMM,NII0000DNMM,remote,65201099999,65100099999"
"Abeokuta, Ogun, Nigeria",2022-05-11,93.2,78.4,84.5,107.9,78.4,94.2,78.2,82.4,0.0,0,0.0,,0,0.0,19.0,8.1,187.0,1011.6,32.8,5.7,217.9,18.8,8,,2022-05-11T06:30:16,2022-05-11T18:55:59,0.35,Partially cloudy,Partly cloudy throughout the day.,partly-cloudy-day,"65210099999,DNIB,NII0000DNIB,NIM00065210,DNMM,NII0000DNMM,remote,65201099999,65100099999,NIM00065208,65208099999"
"Abeokuta, Ogun, Nigeria",2022-05-12,90.4,77.0,82.6,105.2,77.0,90.0,77.3,84.8,0.354,100,8.33,rain,0,0.0,16.8,13.9,192.5,1012.2,35.2,5.8,183.8,15.9,7,,2022-05-12T06:30:06,2022-05-12T18:56:07,0.38,"Rain, Partially cloudy",Partly cloudy throughout the day with rain in the morning and afternoon.,rain,"65210099999,DNIB,NII0000DNIB,DNMM,NII0000DNMM,remote,65201099999,65100099999,NIM00065208,65208099999"
"Abeokuta, Ogun, Nigeria",2022-05-13,90.2,78.1,84.1,105.3,78.1,92.8,77.3,80.9,0.0,0,0.0,,0,0.0,18.8,18.9,218.6,1012.3,37.3,6.1,229.5,19.8,8,,2022-05-13T06:29:57,2022-05-13T18:56:15,0.41,Partially cloudy,Partly cloudy throughout the day.,partly-cloudy-day,"65210099999,DNIB,NII0000DNIB,DNMM,NII0000DNMM,65201099999,65100099999,NIM00065208,65208099999"
"Abeokuta, Ogun, Nigeria",2022-05-14,90.7,73.4,82.0,102.1,73.4,87.8,75.0,80.8,0.035,100,4.17,rain,0,0.0,20.8,17.2,166.9,1012.3,35.6,6.0,218.9,18.7,7,,2022-05-14T06:29:48,2022-05-14T18:56:23,0.44,"Rain, Partially cloudy",Partly cloudy throughout the day with afternoon rain.,rain,"DNIB,NII0000DNIB,DNMM,NII0000DNMM,remote,65201099999,65100099999,NIM00065208,65208099999"
"Abeokuta, Ogun, Nigeria",2022-05-15,91.7,77.0,84.2,111.0,77.0,93.3,77.8,82.2,0.0,0,0.0,,0,0.0,16.6,10.3,199.2,1012.6,32.6,5.8,235.9,20.3,8,,2022-05-15T06:29:41,2022-05-15T18:56:32,0.48,Partially cloudy,Partly cloudy throughout the day.,partly-cloudy-day,"65210099999,DNIB,NII0000DNIB,NIM00065210,DNMM,NII0000DNMM,65201099999,65100099999,NIM00065208,65208099999"
"Abeokuta, Ogun, Nigeria",2022-05-16,93.2,78.1,84.5,107.9,78.1,94.0,77.2,79.6,0.173,100,8.33,rain,0,0.0,20.1,10.3,196.1,1012.6,37.8,6.0,215.7,18.5,8,,2022-05-16T06:29:34,2022-05-16T18:56:41,0.5,"Rain, Partially cloudy",Becoming cloudy in the afternoon with afternoon rain.,rain,"DNIB,NII0000DNIB,DNMM,NII0000DNMM,remote,65201099999,65100099999,NIM00065208,65208099999"
"Abeokuta, Ogun, Nigeria",2022-05-17,85.8,75.2,80.3,95.9,75.2,83.7,75.3,85.0,0.236,100,4.17,rain,0,0.0,21.5,17.5,147.8,1012.1,44.6,5.5,235.4,20.4,8,,2022-05-17T06:29:27,2022-05-17T18:56:50,0.54,"Rain, Partially cloudy",Partly cloudy throughout the day with afternoon rain.,rain,"65210099999,DNIB,NII0000DNIB,NIM00065210,DNMM,remote,NII0000DNMM,65201099999,65100099999,NIM00065208,65208099999"
"Abeokuta, Ogun, Nigeria",2022-05-18,89.6,75.0,82.4,103.4,75.0,89.0,76.3,82.5,0.0,0,0.0,,0,0.0,20.1,13.9,198.0,1010.9,38.7,5.5,213.6,18.3,7,,2022-05-18T06:29:21,2022-05-18T18:57:00,0.58,Partially cloudy,Partly cloudy throughout the day.,partly-cloudy-day,"65210099999,DNIB,NII0000DNIB,NIM00065210,DNMM,NII0000DNMM,remote,65201099999,NIM00065208,65100099999,65208099999"
"Abeokuta, Ogun, Nigeria",2022-05-19,87.8,75.6,81.6,100.0,75.6,87.6,76.5,84.8,0.039,100,4.17,rain,0,0.0,17.7,10.3,163.6,1011.6,49.9,5.8,165.7,14.4,6,,2022-05-19T06:29:17,2022-05-19T18:57:11,0.61,"Rain, Partially cloudy",Partly cloudy throughout the day with morning rain.,rain,"65210099999,DNIB,NII0000DNIB,NIM00065210,DNMM,NII0000DNMM,remote,65201099999,NIM00065208,65100099999,65208099999"
"Abeokuta, Ogun, Nigeria",2022-05-20,88.0,76.8,81.7,100.4,76.8,87.5,76.6,85.1,0.0,0,0.0,,0,0.0,20.8,8.1,166.7,1012.7,52.6,5.7,195.5,16.9,8,,2022-05-20T06:29:12,2022-05-20T18:57:21,0.65,Partially cloudy,Partly cloudy throughout the day.,partly-cloudy-day,"65210099999,DNIB,NII0000DNIB,NIM00065210,DNMM,remote,NII0000DNMM,65201099999,NIM00065208,65100099999,65208099999"
"Abeokuta, Ogun, Nigeria",2022-05-21,86.0,75.2,78.9,98.0,75.2,81.0,75.9,90.9,0.866,100,4.17,rain,0,0.0,14.5,12.8,276.7,1013.8,38.4,4.9,64.8,5.4,3,,2022-05-21T06:29:09,2022-05-21T18:57:32,0.68,"Rain, Partially cloudy",Partly cloudy throughout the day with late afternoon rain.,rain,"65210099999,DNIB,NII0000DNIB,NIM00065210,DNMM,NII0000DNMM,65201099999,65100099999,NIM00065208,65208099999"
"Abeokuta, Ogun, Nigeria",2022-05-22,86.4,73.4,79.3,96.4,73.4,83.3,74.8,86.7,0.039,100,4.17,rain,0,0.0,17.7,17.6,290.2,1014.2,32.9,5.3,196.0,16.8,7,,2022-05-22T06:29:06,2022-05-22T18:57:44,0.75,"Rain, Partially cloudy",Partly cloudy throughout the day with late afternoon rain.,rain,"65210099999,DNIB,NII0000DNIB,NIM00065210,DNMM,NII0000DNMM,65201099999,65100099999,NIM00065208,65208099999"
"Abeokuta, Ogun, Nigeria",2022-05-23,88.6,72.6,80.2,100.0,72.6,84.1,75.1,85.2,0.094,100,4.17,rain,0,0.0,18.3,20.8,1.6,1013.1,35.2,5.8,196.9,17.1,6,,2022-05-23T06:29:04,2022-05-23T18:57:56,0.75,"Rain, Partially cloudy",Partly cloudy throughout the day with late afternoon rain.,rain,"65210099999,DNIB,NII0000DNIB,NIM00065210,DNMM,NII0000DNMM,65201099999,65100099999"
"Abeokuta, Ogun, Nigeria",2022-05-24,88.2,72.7,79.7,100.0,72.7,83.8,74.2,84.0,0.0,0,0.0,,0,0.0,16.3,10.3,183.1,1013.8,36.6,5.5,172.1,14.8,7,,2022-05-24T06:29:03,2022-05-24T18:58:08,0.79,Partially cloudy,Partly cloudy throughout the day.,partly-cloudy-day,"65210099999,DNIB,NII0000DNIB,NIM00065210,DNMM,NII0000DNMM,65201099999,65100099999,NIM00065208,65208099999"
"Abeokuta, Ogun, Nigeria",2022-05-25,88.2,77.0,81.7,101.8,77.0,87.0,76.0,83.7,0.0,0,0.0,,0,0.0,21.5,11.8,196.9,1015.3,35.4,5.9,192.3,16.6,8,,2022-05-25T06:29:02,2022-05-25T18:58:20,0.82,Partially cloudy,Partly cloudy throughout the day.,partly-cloudy-day,"65210099999,DNIB,NII0000DNIB,NIM00065210,DNMM,NII0000DNMM,65201099999,65100099999,NIM00065208,65208099999"
"Abeokuta, Ogun, Nigeria",2022-05-26,87.8,76.3,80.9,100.0,76.3,85.5,76.0,85.8,0.0,0,0.0,,0,0.0,19.0,13.9,180.6,1015.8,38.7,6.0,188.4,16.2,8,,2022-05-26T06:29:02,2022-05-26T18:58:33,0.86,Partially cloudy,Partly cloudy throughout the day.,partly-cloudy-day,"65210099999,DNIB,NII0000DNIB,NIM00065210,DNMM,NII0000DNMM,65201099999,NIM00065208,65100099999,65208099999"
"Abeokuta, Ogun, Nigeria",2022-05-27,87.8,75.2,80.6,97.7,75.2,85.4,75.1,84.2,0.016,100,8.33,rain,0,0.0,18.1,12.8,165.9,1015.4,34.4,5.5,216.0,18.8,7,,2022-05-27T06:29:03,2022-05-27T18:58:46,0.89,"Rain, Partially cloudy",Partly cloudy throughout the day with afternoon rain.,rain,"65210099999,DNIB,NII0000DNIB,NIM00065210,DNMM,NII0000DNMM,65201099999,65100099999"
"Abeokuta, Ogun, Nigeria",2022-05-28,91.4,77.0,83.7,105.2,77.0,90.6,75.9,78.4,0.0,0,0.0,,0,0.0,16.1,11.4,191.2,1013.4,34.8,6.1,239.8,20.7,8,,2022-05-28T06:29:04,2022-05-28T18:58:59,0.93,Partially cloudy,Partly cloudy throughout the day.,partly-cloudy-day,"65210099999,DNIB,NII0000DNIB,NIM00065210,DNMM,NII0000DNMM,65201099999,65100099999,NIM00065208,65208099999"
"Abeokuta, Ogun, Nigeria",2022-05-29,91.4,76.9,83.0,105.2,76.9,89.6,76.1,80.6,0.008,100,8.33,rain,0,0.0,16.3,12.8,184.8,1012.2,34.8,6.2,218.5,18.8,7,,2022-05-29T06:29:06,2022-05-29T18:59:12,0.96,"Rain, Partially cloudy",Clearing in the afternoon with morning rain.,rain,"65210099999,DNIB,NII0000DNIB,NIM00065210,DNMM,NII0000DNMM,remote,65201099999,NIM00065208,65100099999,65208099999"
"Abeokuta, Ogun, Nigeria",2022-05-30,91.4,78.8,83.7,105.2,78.8,92.0,77.3,81.7,0.0,0,0.0,,0,0.0,18.1,12.8,186.5,1012.1,39.2,6.1,223.0,19.2,9,,2022-05-30T06:29:09,2022-05-30T18:59:26,0.0,Partially cloudy,Partly cloudy throughout the day.,partly-cloudy-day,"DNIB,NII0000DNIB,DNMM,NII0000DNMM,65201099999,65100099999"
"Abeokuta, Ogun, Nigeria",2022-05-31,87.9,76.8,81.8,102.5,76.8,88.3,76.5,84.3,0.118,100,4.17,rain,0,0.0,17.9,12.8,177.0,1011.8,56.5,5.8,163.7,14.1,7,,2022-05-31T06:29:12,2022-05-31T18:59:40,0.03,"Rain, Partially cloudy",Partly cloudy throughout the day with morning rain.,rain,"65210099999,DNIB,NII0000DNIB,NIM00065210,DNMM,NII0000DNMM,remote,65201099999,65100099999"
"Abeokuta, Ogun, Nigeria",2022-06-01,91.4,76.6,82.9,105.2,76.6,89.2,75.9,80.3,0.039,100,4.17,rain,0,0.0,14.5,11.4,199.3,1011.1,45.4,5.7,195.9,17.0,6,,2022-06-01T06:29:16,2022-06-01T18:59:54,0.07,"Rain, Partially cloudy",Partly cloudy throughout the day with early morning rain.,rain,"65210099999,DNIB,NII0000DNIB,NIM00065210,DNMM,remote,NII0000DNMM,65201099999,65100099999,NIM00065208,65208099999"
"Abeokuta, Ogun, Nigeria",2022-06-02,91.4,77.0,83.5,105.2,77.0,91.0,76.6,80.7,0.0,0,0.0,,0,0.0,17.7,15.0,196.7,1009.8,31.2,6.1,237.6,20.5,8,,2022-06-02T06:29:21,2022-06-02T19:00:08,0.1,Partially cloudy,Partly cloudy throughout the day.,partly-cloudy-day,"65210099999,DNIB,NII0000DNIB,NIM00065210,DNMM,NII0000DNMM,65201099999,65100099999,NIM00065208,65208099999"
"Abeokuta, Ogun, Nigeria",2022-06-03,82.4,73.4,77.5,90.9,73.4,78.4,74.6,91.0,0.236,100,4.17,rain,0,0.0,19.9,6.9,233.7,1010.1,40.6,5.2,191.9,16.5,7,,2022-06-03T06:29:26,2022-06-03T19:00:22,0.13,"Rain, Partially cloudy",Partly cloudy throughout the day with afternoon rain.,rain,"DNIB,NII0000DNIB,DNMM,NII0000DNMM,remote,65201099999,NIM00065208,65100099999,65208099999"
"Abeokuta, Ogun, Nigeria",2022-06-04,90.4,73.4,80.6,102.7,73.4,85.8,74.7,83.4,0.0,0,0.0,,0,0.0,15.9,11.4,192.4,1011.4,33.2,4.5,186.2,16.0,7,,2022-06-04T06:29:31,2022-06-04T19:00:37,0.17,Partially cloudy,Partly cloudy throughout the day.,partly-cloudy-day,"DNIB,NII0000DNIB,DNMM,NII0000DNMM,65201099999,65100099999,NIM00065208,65208099999"
"Abeokuta, Ogun, Nigeria",2022-06-05,87.8,72.8,79.8,92.8,72.8,82.3,72.1,78.8,0.197,100,8.33,rain,0,0.0,15.9,20.8,95.7,1012.1,41.2,5.6,160.0,14.1,5,,2022-06-05T06:29:38,2022-06-05T19:00:51,0.2,"Rain, Partially cloudy",Clearing in the afternoon with rain.,rain,"DNIB,NII0000DNIB,DNMM,remote,NII0000DNMM,65201099999,65100099999,NIM00065208,65208099999"
"Abeokuta, Ogun, Nigeria",2022-06-06,89.6,74.6,81.5,100.3,74.6,86.3,74.3,79.5,0.118,100,4.17,rain,0,0.0,20.1,9.2,216.9,1013.0,37.5,5.4,163.0,14.1,7,,2022-06-06T06:29:45,2022-06-06T19:01:06,0.23,"Rain, Partially cloudy",Partly cloudy throughout the day with early morning rain.,rain,"65210099999,DNIB,NII0000DNIB,NIM00065210,DNMM,NII0000DNMM,remote,65201099999,65100099999,NIM00065208,65208099999"
"Abeokuta, Ogun, Nigeria",2022-06-07,93.2,75.2,82.5,105.1,75.2,87.7,74.7,78.6,0.0,0,0.0,,0,0.0,15.0,12.8,243.3,1013.1,31.1,6.1,273.2,23.6,9,,2022-06-07T06:29:52,2022-06-07T19:01:21,0.25,Partially cloudy,Partly cloudy throughout the day.,partly-cloudy-day,"65210099999,DNIB,NII0000DNIB,NIM00065210,DNMM,NII0000DNMM,65201099999,65100099999"
"Abeokuta, Ogun, Nigeria",2022-06-08,90.4,77.3,83.5,102.6,77.3,91.7,76.7,80.7,0.0,0,0.0,,0,0.0,18.1,11.4,221.3,1012.7,37.1,5.9,242.3,20.9,8,,2022-06-08T06:30:00,2022-06-08T19:01:35,0.3,Partially cloudy,Partly cloudy throughout the day.,partly-cloudy-day,"65210099999,DNIB,NIM00065202,NII0000DNIB,NIM00065210,DNMM,NII0000DNMM,65201099999,65100099999,NIM00065208,65208099999"
"Abeokuta, Ogun, Nigeria",2022-06-09,92.2,76.4,83.6,105.3,76.4,92.0,77.0,81.5,0.016,100,8.33,rain,0,0.0,20.8,13.9,198.5,1011.2,37.4,6.0,192.0,16.6,8,,2022-06-09T06:30:08,2022-06-09T19:01:50,0.33,"Rain, Partially cloudy",Partly cloudy throughout the day with rain.,rain,"65210099999,DNIB,NII0000DNIB,NIM00065210,DNMM,NII0000DNMM,remote,65201099999,65100099999"
"Abeokuta, Ogun, Nigeria",2022-06-10,87.8,71.6,79.9,99.5,71.6,85.4,75.1,85.9,0.709,100,4.17,rain,0,0.0,62.2,36.9,168.9,1011.7,36.9,5.0,196.7,16.7,8,,2022-06-10T06:30:17,2022-06-10T19:02:05,0.37,"Rain, Partially cloudy",Partly cloudy throughout the day with early morning rain.,rain,"65210099999,DNIB,NII0000DNIB,NIM00065210,DNMM,NII0000DNMM,65201099999,65100099999,NIM00065208,65208099999"
"Abeokuta, Ogun, Nigeria",2022-06-11,80.6,77.0,78.6,87.2,77.0,79.8,75.1,89.0,0.157,100,4.17,rain,0,0.0,14.5,10.3,232.5,1013.3,32.6,5.6,80.2,6.7,3,,2022-06-11T06:30:27,2022-06-11T19:02:19,0.4,"Rain, Partially cloudy",Becoming cloudy in the afternoon with afternoon rain.,rain,"65210099999,NIM00065210,DNMM,NII0000DNMM,remote,65201099999,NIM00065208,65208099999"
"Abeokuta, Ogun, Nigeria",2022-06-12,89.0,75.2,81.1,100.0,75.2,85.9,74.8,81.9,0.0,0,0.0,,0,0.0,15.0,10.3,217.2,1013.7,32.3,6.1,250.9,21.7,8,,2022-06-12T06:30:37,2022-06-12T19:02:34,0.43,Partially cloudy,Partly cloudy throughout the day.,partly-cloudy-day,"65210099999,DNIB,NII0000DNIB,DNMM,NII0000DNMM,65201099999,65100099999,NIM00065208,65208099999"
"Abeokuta, Ogun, Nigeria",2022-06-13,89.6,74.9,82.5,102.6,74.9,88.7,75.8,81.2,0.004,100,4.17,rain,0,0.0,17.2,11.4,224.2,1012.8,30.3,6.2,194.5,16.7,7,,2022-06-13T06:30:47,2022-06-13T19:02:49,0.47,"Rain, Partially cloudy",Partly cloudy throughout the day with afternoon rain.,rain,"DNIB,NII0000DNIB,DNMM,NII0000DNMM,remote,65201099999,65100099999,NIM00065208,65208099999"
"Abeokuta, Ogun, Nigeria",2022-06-14,89.6,78.6,82.6,102.6,78.6,89.1,76.1,81.4,0.0,0,0.0,,0,0.0,19.2,13.9,204.4,1011.5,41.4,6.0,142.3,12.4,5,,2022-06-14T06:30:58,2022-06-14T19:03:03,0.5,Partially cloudy,Partly cloudy throughout the day.,partly-cloudy-day,"DNIB,NII0000DNIB,DNMM,NII0000DNMM,65201099999,NIM00065208,65100099999,65208099999"
"Abeokuta, Ogun, Nigeria",2022-06-15,82.4,75.5,79.3,90.9,75.5,81.9,75.5,88.1,0.079,100,4.17,rain,0,0.0,17.0,10.3,234.5,1012.0,43.0,5.4,120.0,10.3,6,,2022-06-15T06:31:09,2022-06-15T19:03:18,0.53,"Rain, Partially cloudy",Partly cloudy throughout the day with morning rain.,rain,"65210099999,DNIB,NII0000DNIB,NIM00065210,DNMM,NII0000DNMM,remote,65201099999,65100099999,NIM00065208,65208099999"
"Abeokuta, Ogun, Nigeria",2022-06-16,84.2,74.5,77.3,92.5,74.5,78.4,74.1,90.1,0.158,100,8.33,rain,0,0.0,18.1,11.4,253.4,1012.7,35.6,6.2,144.8,12.6,6,,2022-06-16T06:31:20,2022-06-16T19:03:32,0.57,"Rain, Partially cloudy",Partly cloudy throughout the day with rain.,rain,"65210099999,DNIB,NII0000DNIB,NIM00065210,DNMM,NII0000DNMM,65201099999,NIM00065208,65100099999,65208099999"
"Abeokuta, Ogun, Nigeria",2022-06-17,86.1,73.4,76.8,97.4,73.4,78.4,74.2,92.2,0.0,0,0.0,,0,0.0,17.2,13.9,254.0,1013.0,32.1,5.2,170.9,14.8,6,,2022-06-17T06:31:32,2022-06-17T19:03:46,0.6,Partially cloudy,Partly cloudy throughout the day.,partly-cloudy-day,"DNIB,NII0000DNIB,DNMM,NII0000DNMM,65201099999,65100099999,NIM00065208,65208099999"
"Abeokuta, Ogun, Nigeria",2022-06-18,84.2,74.8,77.6,92.5,74.8,79.6,74.5,90.5,4.173,100,12.5,rain,0,0.0,15.2,7.1,255.0,1014.1,35.0,5.3,159.4,13.7,6,,2022-06-18T06:31:44,2022-06-18T19:04:00,0.64,"Rain, Partially cloudy",Partly cloudy throughout the day with rain.,rain,"65210099999,DNIB,NII0000DNIB,NIM00065210,DNMM,NII0000DNMM,65201099999,NIM00065208,65100099999,65208099999"
"Abeokuta, Ogun, Nigeria",2022-06-19,86.0,73.2,78.6,95.3,73.2,81.5,73.9,86.4,0.0,0,0.0,,0,0.0,11.4,9.2,208.0,1014.2,36.9,6.1,199.6,17.4,7,,2022-06-19T06:31:56,2022-06-19T19:04:13,0.67,Partially cloudy,Partly cloudy throughout the day.,partly-cloudy-day,"65210099999,DNIB,NII0000DNIB,NIM00065210,DNMM,NII0000DNMM,remote,65201099999,65100099999,NIM00065208,65208099999"
"Abeokuta, Ogun, Nigeria",2022-06-20,89.6,75.2,82.2,100.3,75.2,87.6,74.8,79.2,0.0,0,0.0,,0,0.0,16.3,9.2,194.0,1014.1,29.2,6.0,216.6,18.7,7,,2022-06-20T06:32:09,2022-06-20T19:04:27,0.7,Partially cloudy,Partly cloudy throughout the day.,partly-cloudy-day,"65210099999,DNIB,NII0000DNIB,NIM00065210,DNMM,NII0000DNMM,65201099999,65100099999"
"Abeokuta, Ogun, Nigeria",2022-06-21,84.2,73.4,79.5,94.3,73.4,83.3,74.9,86.3,0.118,100,8.33,rain,0,0.0,19.7,12.8,207.7,1013.4,44.3,5.6,148.5,12.8,6,,2022-06-21T06:32:22,2022-06-21T19:04:40,0.75,"Rain, Partially cloudy",Partly cloudy throughout the day with rain in the morning and afternoon.,rain,"65210099999,DNIB,NII0000DNIB,NIM00065210,DNMM,NII0000DNMM,65201099999,65100099999,NIM00065208,65208099999"
"Abeokuta, Ogun, Nigeria",2022-06-22,86.7,71.6,78.6,93.9,71.6,81.5,72.4,82.2,0.197,100,4.17,rain,0,0.0,13.9,8.6,218.9,1013.0,27.7,6.1,121.3,10.5,4,,2022-06-22T06:32:35,2022-06-22T19:04:52,0.77,"Rain, Partially cloudy",Partly cloudy throughout the day with early morning rain.,rain,"DNIB,NIM00065213,NII0000DNIB,DNMM,NII0000DNMM,65201099999,NIM00065208,65100099999,65208099999"
"Abeokuta, Ogun, Nigeria",2022-06-23,86.1,75.5,80.8,97.2,75.5,84.7,75.3,84.0,0.0,0,0.0,,0,0.0,13.9,11.0,183.6,1013.2,34.2,6.0,191.1,16.3,6,,2022-06-23T06:32:48,2022-06-23T19:05:05,0.81,Partially cloudy,Partly cloudy throughout the day.,partly-cloudy-day,"65210099999,DNIB,NII0000DNIB,NIM00065210,DNMM,NII0000DNMM,65201099999,65100099999"
"Abeokuta, Ogun, Nigeria",2022-06-24,80.6,71.6,75.6,87.2,71.6,75.9,73.6,93.4,2.874,100,8.33,rain,0,0.0,15.2,8.1,235.7,1012.8,54.3,5.4,136.9,11.8,5,,2022-06-24T06:33:02,2022-06-24T19:05:17,0.84,"Rain, Partially cloudy",Partly cloudy throughout the day with rain.,rain,"DNIB,NII0000DNIB,DNMM,NII0000DNMM,remote,65201099999,65100099999"
"Abeokuta, Ogun, Nigeria",2022-06-25,87.8,71.1,78.5,97.9,71.1,82.5,72.9,83.9,0.02,100,4.17,rain,0,0.0,14.3,8.1,192.5,1012.9,40.3,4.2,172.0,14.8,6,,2022-06-25T06:33:15,2022-06-25T19:05:29,0.87,"Rain, Partially cloudy",Becoming cloudy in the afternoon with afternoon rain.,rain,"65210099999,NIM00065210,DNMM,remote,NII0000DNMM,65201099999"
"Abeokuta, Ogun, Nigeria",2022-06-26,84.2,73.3,78.6,92.5,73.3,80.0,74.6,87.9,0.02,100,4.17,rain,0,0.0,13.9,8.1,211.7,1013.5,34.8,5.6,137.2,11.7,5,,2022-06-26T06:33:29,2022-06-26T19:05:40,0.91,"Rain, Partially cloudy",Partly cloudy throughout the day with afternoon rain.,rain,"65210099999,NIM00065210,DNMM,NII0000DNMM,remote,65201099999"
"Abeokuta, Ogun, Nigeria",2022-06-27,87.8,74.6,80.0,100.0,74.6,84.4,75.6,87.0,0.0,0,0.0,,0,0.0,13.9,11.4,193.1,1013.5,43.3,5.5,156.9,13.6,6,,2022-06-27T06:33:43,2022-06-27T19:05:51,0.94,Partially cloudy,Partly cloudy throughout the day.,partly-cloudy-day,"DNMM,NII0000DNMM,remote,65201099999"
"Abeokuta, Ogun, Nigeria",2022-06-28,89.6,74.9,81.6,103.8,74.9,87.2,76.4,85.3,0.079,100,4.17,rain,0,0.0,16.3,13.9,205.9,1013.4,44.9,5.9,196.7,16.9,8,,2022-06-28T06:33:57,2022-06-28T19:06:02,0.98,"Rain, Partially cloudy",Clearing in the afternoon with morning rain.,rain,"DNMM,remote,NII0000DNMM,65201099999"
"Abeokuta, Ogun, Nigeria",2022-06-29,86.0,77.0,80.3,99.2,77.0,84.8,77.3,90.7,0.0,0,0.0,,0,0.0,16.1,11.4,214.7,1013.6,46.3,5.8,129.9,11.3,4,,2022-06-29T06:34:11,2022-06-29T19:06:12,0.0,Partially cloudy,Partly cloudy throughout the day.,partly-cloudy-day,"65210099999,NIM00065210,DNMM,NII0000DNMM,65201099999"
"Abeokuta, Ogun, Nigeria",2022-06-30,82.4,75.2,77.3,90.9,75.2,78.5,75.5,94.3,2.048,100,8.33,rain,0,0.0,20.4,11.4,190.1,1013.3,55.5,4.1,50.7,4.2,3,,2022-06-30T06:34:25,2022-06-30T19:06:22,0.05,"Rain, Partially cloudy",Partly cloudy throughout the day with rain.,rain,"DNMM,NII0000DNMM,remote,65201099999"
"Abeokuta, Ogun, Nigeria",2022-07-01,85.9,72.7,78.5,93.8,72.7,80.7,74.2,87.6,0.591,100,8.33,rain,0,0.0,22.4,15.0,208.1,1013.6,38.5,5.4,102.8,8.8,4,,2022-07-01T06:34:39,2022-07-01T19:06:31,0.08,"Rain, Partially cloudy",Partly cloudy throughout the day with rain in the morning and afternoon.,rain,"DNIB,NII0000DNIB,DNMM,NII0000DNMM,65201099999,65100099999,NIM00065208,65208099999"
"Abeokuta, Ogun, Nigeria",2022-07-02,86.0,76.8,79.9,95.3,76.8,82.8,74.7,84.7,0.039,100,4.17,rain,0,0.0,17.0,12.8,207.9,1015.2,37.1,6.2,105.6,9.2,3,,2022-07-02T06:34:53,2022-07-02T19:06:39,0.11,"Rain, Partially cloudy",Partly cloudy throughout the day with afternoon rain.,rain,"DNIB,NII0000DNIB,DNMM,NII0000DNMM,remote,65201099999,65100099999"
"Abeokuta, Ogun, Nigeria",2022-07-03,86.4,75.6,80.0,96.5,75.6,83.0,74.6,84.0,0.0,0,0.0,,0,0.0,16.3,13.9,221.9,1015.6,34.6,5.6,243.7,21.0,8,,2022-07-03T06:35:07,2022-07-03T19:06:48,0.15,Partially cloudy,Partly cloudy throughout the day.,partly-cloudy-day,"65210099999,DNIB,NII0000DNIB,NIM00065210,DNMM,NII0000DNMM,65201099999,65100099999"
"Abeokuta, Ogun, Nigeria",2022-07-04,84.6,75.2,78.6,93.2,75.2,80.3,74.7,87.9,0.315,100,4.17,rain,0,0.0,20.8,15.0,213.7,1014.6,37.5,5.5,174.6,15.1,7,,2022-07-04T06:35:21,2022-07-04T19:06:55,0.18,"Rain, Partially cloudy",Partly cloudy throughout the day with late afternoon rain.,rain,"DNIB,NIM00065202,NII0000DNIB,DNMM,NII0000DNMM,65201099999,65100099999,NIM00065208,65208099999"
"Abeokuta, Ogun, Nigeria",2022-07-05,81.1,75.2,77.9,86.7,75.2,79.0,74.7,90.0,1.299,100,8.33,rain,0,0.0,15.0,6.9,206.9,1015.0,38.5,4.6,91.4,7.8,3,,2022-07-05T06:35:35,2022-07-05T19:07:02,0.22,"Rain, Partially cloudy",Partly cloudy throughout the day with rain in the morning and afternoon.,rain,"65210099999,DNIB,NII0000DNIB,NIM00065210,DNMM,NII0000DNMM,65201099999,65100099999,NIM00065208,65208099999"
"Abeokuta, Ogun, Nigeria",2022-07-06,86.0,75.0,79.9,97.2,75.0,83.4,75.1,85.5,0.0,0,0.0,,0,0.0,14.5,12.8,212.9,1014.7,35.3,5.2,177.7,15.4,6,,2022-07-06T06:35:49,2022-07-06T19:07:09,0.25,Partially cloudy,Partly cloudy throughout the day.,partly-cloudy-day,"65210099999,DNIB,NII0000DNIB,NIM00065210,DNMM,NII0000DNMM,65201099999,65100099999"
"Abeokuta, Ogun, Nigeria",2022-07-07,86.0,76.4,80.3,97.2,76.4,84.4,75.2,84.8,0.157,100,4.17,rain,0,0.0,19.7,17.2,215.3,1014.5,38.2,5.5,236.2,20.4,8,,2022-07-07T06:36:02,2022-07-07T19:07:14,0.25,"Rain, Partially cloudy",Partly cloudy throughout the day with early morning rain.,rain,"65210099999,DNIB,NII0000DNIB,DNMM,NII0000DNMM,remote,65201099999,65100099999,NIM00065208,65208099999"
"Abeokuta, Ogun, Nigeria",2022-07-08,79.3,71.2,75.7,79.3,71.2,75.7,73.7,93.6,2.559,100,12.5,rain,0,0.0,16.8,13.2,230.8,1014.9,41.6,4.8,138.5,12.0,5,,2022-07-08T06:36:16,2022-07-08T19:07:20,0.32,"Rain, Partially cloudy",Partly cloudy throughout the day with rain.,rain,"DNIB,NIM00065202,NII0000DNIB,DNMM,NII0000DNMM,65201099999,65100099999,NIM00065208,65208099999"
"Abeokuta, Ogun, Nigeria",2022-07-09,78.3,73.4,75.9,78.3,73.4,75.9,74.5,95.4,2.756,100,12.5,rain,0,0.0,19.9,16.1,229.1,1015.4,43.0,3.3,102.3,8.9,4,,2022-07-09T06:36:29,2022-07-09T19:07:24,0.35,"Rain, Partially cloudy",Partly cloudy throughout the day with rain.,rain,"65210099999,DNIB,NII0000DNIB,NIM00065210,DNMM,NII0000DNMM,65201099999,65100099999"
"Abeokuta, Ogun, Nigeria",2022-07-10,84.2,74.8,79.0,92.5,74.8,82.4,75.1,88.4,0.157,100,4.17,rain,0,0.0,20.6,12.8,216.5,1014.2,43.7,4.9,215.2,18.6,7,,2022-07-10T06:36:42,2022-07-10T19:07:28,0.39,"Rain, Partially cloudy",Partly cloudy throughout the day with early morning rain.,rain,"DNIB,NII0000DNIB,DNMM,NII0000DNMM,65201099999,65100099999"
"Abeokuta, Ogun, Nigeria",2022-07-11,80.7,74.6,77.7,86.2,74.6,78.2,74.6,90.4,0.0,0,0.0,,0,0.0,18.8,11.5,211.4,1013.1,45.4,5.3,184.8,15.9,7,,2022-07-11T06:36:55,2022-07-11T19:07:31,0.42,Partially cloudy,Partly cloudy throughout the day.,partly-cloudy-day,"DNIB,NII0000DNIB,DNMM,NII0000DNMM,remote,65201099999,65100099999,NIM00065208,65208099999"
"Abeokuta, Ogun, Nigeria",2022-07-12,77.5,75.0,75.7,77.5,75.0,75.7,74.9,97.4,0.669,100,8.33,rain,0,0.0,16.3,9.2,202.3,1014.8,37.3,3.6,183.6,16.0,6,,2022-07-12T06:37:08,2022-07-12T19:07:34,0.46,"Rain, Partially cloudy",Partly cloudy throughout the day with rain.,rain,"DNIB,NII0000DNIB,DNMM,NII0000DNMM,65201099999,NIM00065208,65100099999,65208099999"
"Abeokuta, Ogun, Nigeria",2022-07-13,83.2,73.4,77.3,91.5,73.4,78.9,74.1,90.2,0.394,100,4.17,rain,0,0.0,15.0,11.4,196.9,1015.2,37.9,5.5,144.3,12.6,5,,2022-07-13T06:37:20,2022-07-13T19:07:36,0.5,"Rain, Partially cloudy",Partly cloudy throughout the day with early morning rain.,rain,"65210099999,DNIB,NII0000DNIB,NIM00065210,DNMM,NII0000DNMM,65201099999,65100099999,NIM00065208,65208099999"
"Abeokuta, Ogun, Nigeria",2022-07-14,85.2,74.7,78.6,92.7,74.7,80.9,73.9,86.3,0.004,100,4.17,rain,0,0.0,15.4,11.4,216.8,1013.7,40.5,5.8,132.3,11.3,4,,2022-07-14T06:37:33,2022-07-14T19:07:37,0.52,"Rain, Partially cloudy",Partly cloudy throughout the day with afternoon rain.,rain,"65210099999,DNIB,NII0000DNIB,NIM00065210,DNMM,NII0000DNMM,remote,65201099999,NIM00065208,65100099999,65208099999"
"Abeokuta, Ogun, Nigeria",2022-07-15,86.8,73.4,80.4,94.8,73.4,84.2,74.3,82.5,0.012,100,12.5,rain,0,0.0,18.8,11.7,200.8,1012.8,39.3,6.0,195.2,16.8,7,,2022-07-15T06:37:44,2022-07-15T19:07:38,0.56,"Rain, Partially cloudy",Partly cloudy throughout the day with rain.,rain,"65210099999,DNIB,NII0000DNIB,NIM00065210,DNMM,NII0000DNMM,remote,65201099999,65100099999,NIM00065208,65208099999"
"Abeokuta, Ogun, Nigeria",2022-07-16,84.2,75.3,79.2,92.5,75.3,81.0,73.9,84.0,0.012,100,8.33,rain,0,0.0,20.6,18.3,201.8,1013.2,47.6,6.0,164.2,14.2,5,,2022-07-16T06:37:56,2022-07-16T19:07:37,0.59,"Rain, Partially cloudy",Partly cloudy throughout the day with morning rain.,rain,"DNIB,NII0000DNIB,DNMM,NII0000DNMM,remote,65201099999,65100099999"
"Abeokuta, Ogun, Nigeria",2022-07-17,86.0,75.5,79.7,93.8,75.5,82.7,73.9,83.2,0.008,100,4.17,rain,0,0.0,18.3,12.8,186.2,1014.7,45.0,6.2,191.7,16.6,7,,2022-07-17T06:38:07,2022-07-17T19:07:37,0.62,"Rain, Partially cloudy",Partly cloudy throughout the day with morning rain.,rain,"DNIB,NII0000DNIB,DNMM,NII0000DNMM,remote,65201099999,65100099999,NIM00065208,65208099999"
"Abeokuta, Ogun, Nigeria",2022-07-18,85.7,73.5,79.0,91.1,73.5,80.8,72.4,81.1,0.0,0,0.0,,0,0.0,17.7,11.4,210.2,1014.4,37.3,6.1,193.2,16.5,7,,2022-07-18T06:38:18,2022-07-18T19:07:35,0.66,Partially cloudy,Partly cloudy throughout the day.,partly-cloudy-day,"DNIB,NII0000DNIB,DNMM,NII0000DNMM,remote,65201099999,NIM00065208,65100099999,65208099999"
"Abeokuta, Ogun, Nigeria",2022-07-19,85.2,71.5,77.7,89.6,71.5,79.6,70.8,80.7,0.012,100,12.5,rain,0,0.0,17.9,11.4,212.5,1013.7,49.5,6.2,198.4,16.9,6,,2022-07-19T06:38:29,2022-07-19T19:07:32,0.69,"Rain, Partially cloudy",Partly cloudy throughout the day with rain in the morning and afternoon.,rain,"65210099999,NIM00065210,remote,NII0000DNMM,65201099999"
"Abeokuta, Ogun, Nigeria",2022-07-20,85.0,70.4,78.1,91.7,70.4,80.0,71.0,79.8,0.016,100,16.67,rain,0,0.0,17.4,10.8,218.6,1012.9,53.5,6.0,156.5,13.5,5,,2022-07-20T06:38:39,2022-07-20T19:07:29,0.75,"Rain, Partially cloudy",Partly cloudy throughout the day with rain.,rain,"65210099999,NIM00065210,remote,NII0000DNMM,65201099999,NIM00065208,65208099999"
"Abeokuta, Ogun, Nigeria",2022-07-21,85.4,72.1,78.0,92.4,72.1,79.9,71.3,80.7,0.0,0,0.0,,0,0.0,17.2,13.9,227.9,1012.9,64.1,6.1,137.4,11.8,6,,2022-07-21T06:38:49,2022-07-21T19:07:26,0.76,Partially cloudy,Partly cloudy throughout the day.,partly-cloudy-day,"65210099999,NIM00065210,remote,NII0000DNMM,65201099999,NIM00065208,65208099999"
"Abeokuta, Ogun, Nigeria",2022-07-22,85.2,72.2,77.9,91.5,72.2,79.4,72.0,82.8,0.107,100,33.33,rain,0,0.0,16.1,13.9,222.5,1012.6,76.6,6.2,165.8,14.3,6,,2022-07-22T06:38:58,2022-07-22T19:07:21,0.79,"Rain, Partially cloudy",Partly cloudy throughout the day with rain.,rain,"remote,NII0000DNMM,65201099999,NIM00065208,65208099999"
"Abeokuta, Ogun, Nigeria",2022-07-23,84.5,72.8,77.6,90.8,72.8,79.3,72.2,84.0,0.068,100,50.0,rain,0,0.0,14.8,11.4,219.9,1012.9,84.8,6.2,93.6,8.1,3,,2022-07-23T06:39:08,2022-07-23T19:07:16,0.82,"Rain, Partially cloudy",Partly cloudy throughout the day with a chance of rain throughout the day.,rain,"65210099999,NIM00065210,remote,NII0000DNMM,65201099999,NIM00065208,65208099999"
"Abeokuta, Ogun, Nigeria",2022-07-24,82.7,73.8,77.5,88.4,73.8,79.0,73.5,87.9,0.748,100,8.33,rain,0,0.0,14.3,4.9,207.3,1013.4,73.6,4.7,129.6,11.1,4,,2022-07-24T06:39:16,2022-07-24T19:07:09,0.86,"Rain, Partially cloudy",Partly cloudy throughout the day with rain in the morning and afternoon.,rain,"65210099999,NIM00065210,remote,NII0000DNMM,65201099999"
"Abeokuta, Ogun, Nigeria",2022-07-25,85.9,74.0,79.5,93.1,74.0,82.5,73.1,81.8,0.107,100,20.83,rain,0,0.0,15.4,10.3,221.9,1013.2,81.0,5.6,175.6,15.4,6,,2022-07-25T06:39:25,2022-07-25T19:07:02,0.89,"Rain, Partially cloudy",Partly cloudy throughout the day with rain.,rain,"remote,NII0000DNMM,65201099999,NIM00065208,65208099999"
"Abeokuta, Ogun, Nigeria",2022-07-26,83.7,74.0,77.4,92.6,74.0,78.6,73.7,88.6,0.19,100,33.33,rain,0,0.0,16.1,13.9,217.8,1012.6,77.5,6.1,141.1,12.0,6,,2022-07-26T06:39:32,2022-07-26T19:06:55,0.92,"Rain, Partially cloudy",Partly cloudy throughout the day with rain.,rain,"65210099999,NIM00065210,remote,NII0000DNMM,65201099999,NIM00065208,65208099999"
"Abeokuta, Ogun, Nigeria",2022-07-27,82.7,74.2,77.8,89.0,74.2,79.2,73.7,87.4,0.135,100,41.67,rain,0,0.0,20.8,9.2,219.8,1012.3,82.0,6.1,173.5,15.2,6,,2022-07-27T06:39:40,2022-07-27T19:06:46,0.96,"Rain, Partially cloudy",Partly cloudy throughout the day with rain.,rain,"65210099999,NIM00065210,DNMM,remote,NII0000DNMM,65201099999,NIM00065208,65208099999"
"Abeokuta, Ogun, Nigeria",2022-07-28,81.9,74.2,77.5,86.9,74.2,78.4,72.7,85.7,0.02,100,16.67,rain,0,0.0,17.7,11.4,222.6,1012.9,83.8,6.1,113.6,9.7,4,,2022-07-28T06:39:47,2022-07-28T19:06:37,0.0,"Rain, Partially cloudy",Partly cloudy throughout the day with rain in the morning and afternoon.,rain,"DNMM,remote,NII0000DNMM,65201099999,NIM00065208,65208099999"
"Abeokuta, Ogun, Nigeria",2022-07-29,84.8,74.4,78.2,91.2,74.4,79.6,72.0,81.9,0.028,100,16.67,rain,0,0.0,19.2,11.4,214.5,1014.0,67.1,6.2,173.5,15.0,7,,2022-07-29T06:39:53,2022-07-29T19:06:27,0.02,"Rain, Partially cloudy",Partly cloudy throughout the day with rain in the morning and afternoon.,rain,"DNMM,remote,NII0000DNMM,65201099999"
"Abeokuta, Ogun, Nigeria",2022-07-30,87.9,72.9,79.1,97.2,72.9,82.1,72.3,80.4,0.012,100,8.33,rain,0,0.0,16.1,11.4,212.1,1014.3,74.4,5.7,213.8,18.5,7,,2022-07-30T06:39:59,2022-07-30T19:06:17,0.06,"Rain, Partially cloudy",Partly cloudy throughout the day with rain.,rain,"remote,NII0000DNMM,65201099999"
"Abeokuta, Ogun, Nigeria",2022-07-31,81.8,72.4,76.9,87.0,72.4,77.7,72.1,85.6,0.052,100,25.0,rain,0,0.0,21.9,13.5,215.6,1013.9,80.5,6.1,155.3,13.3,6,,2022-07-31T06:40:05,2022-07-31T19:06:05,0.09,"Rain, Partially cloudy",Partly cloudy throughout the day with a chance of rain throughout the day.,rain,"remote,NII0000DNMM,65201099999,NIM00065208,65208099999"
"Abeokuta, Ogun, Nigeria",2022-08-01,79.1,72.9,75.9,79.1,72.9,75.9,71.6,86.7,0.153,100,12.5,rain,0,0.0,23.0,12.8,217.7,1014.2,71.8,5.3,161.9,13.8,7,,2022-08-01T06:40:10,2022-08-01T19:05:53,0.13,"Rain, Partially cloudy",Partly cloudy throughout the day with rain.,rain,"DNIB,NII0000DNIB,DNMM,remote,NII0000DNMM,65201099999,65100099999"
"Abeokuta, Ogun, Nigeria",2022-08-02,81.3,70.1,75.7,84.6,70.1,76.6,69.6,82.2,0.0,0,0.0,,0,0.0,18.3,10.3,230.5,1014.9,61.9,5.9,138.3,11.9,5,,2022-08-02T06:40:15,2022-08-02T19:05:40,0.16,Partially cloudy,Partly cloudy throughout the day.,partly-cloudy-day,"65210099999,NIM00065210,DNMM,remote,NII0000DNMM,65201099999,NIM00065208,65208099999"
"Abeokuta, Ogun, Nigeria",2022-08-03,86.0,69.8,78.0,90.7,69.8,80.0,70.1,77.7,0.0,0,0.0,,0,0.0,16.8,10.3,203.4,1013.9,31.6,6.0,161.6,14.2,5,,2022-08-03T06:40:19,2022-08-03T19:05:26,0.2,Partially cloudy,Partly cloudy throughout the day.,partly-cloudy-day,"65210099999,DNIB,NII0000DNIB,NIM00065210,DNMM,NII0000DNMM,65201099999,NIM00065208,65100099999,65208099999"
"Abeokuta, Ogun, Nigeria",2022-08-04,84.3,71.6,78.8,90.1,71.6,80.8,71.0,77.8,0.0,0,0.0,,0,0.0,17.0,11.4,200.2,1013.8,37.9,5.8,162.7,14.0,5,,2022-08-04T06:40:23,2022-08-04T19:05:12,0.23,Partially cloudy,Partly cloudy throughout the day.,partly-cloudy-day,"DNIB,NII0000DNIB,DNMM,NII0000DNMM,65201099999,65100099999"
"Abeokuta, Ogun, Nigeria",2022-08-05,87.8,69.8,78.4,94.3,69.8,80.3,71.9,81.7,0.004,100,4.17,rain,0,0.0,14.5,9.2,200.1,1014.5,36.3,5.8,181.9,15.5,6,,2022-08-05T06:40:26,2022-08-05T19:04:57,0.25,"Rain, Partially cloudy",Partly cloudy throughout the day with morning rain.,rain,"DNIB,NII0000DNIB,DNMM,NII0000DNMM,remote,65201099999,65100099999,NIM00065208,65208099999"
"Abeokuta, Ogun, Nigeria",2022-08-06,85.3,72.7,77.3,91.0,72.7,78.6,71.5,83.2,0.0,0,0.0,,0,0.0,18.3,12.5,209.9,1014.7,35.5,5.9,152.2,13.2,5,,2022-08-06T06:40:29,2022-08-06T19:04:41,0.3,Partially cloudy,Partly cloudy throughout the day.,partly-cloudy-day,"DNIB,NII0000DNIB,DNMM,NII0000DNMM,65201099999,65100099999,NIM00065208,65208099999"
"Abeokuta, Ogun, Nigeria",2022-08-07,86.0,72.7,78.4,90.7,72.7,80.0,71.4,80.1,0.0,0,0.0,,0,0.0,15.7,10.3,202.8,1013.2,41.7,6.2,210.6,18.1,7,,2022-08-07T06:40:31,2022-08-07T19:04:24,0.34,Partially cloudy,Partly cloudy throughout the day.,partly-cloudy-day,"65210099999,DNIB,NII0000DNIB,NIM00065210,DNMM,NII0000DNMM,remote,65201099999,65100099999,NIM00065208,65208099999"
"Abeokuta, Ogun, Nigeria",2022-08-08,83.0,73.2,77.9,88.3,73.2,79.1,71.9,82.0,0.0,0,0.0,,0,0.0,17.2,10.5,222.7,1013.2,38.1,6.0,142.2,12.3,5,,2022-08-08T06:40:33,2022-08-08T19:04:07,0.37,Partially cloudy,Partly cloudy throughout the day.,partly-cloudy-day,"DNIB,NII0000DNIB,DNMM,NII0000DNMM,65201099999,NIM00065208,65100099999,65208099999"
"Abeokuta, Ogun, Nigeria",2022-08-09,86.0,72.6,78.2,93.3,72.6,80.2,72.2,82.8,0.008,100,4.17,rain,0,0.0,14.5,10.3,212.6,1013.6,41.9,6.0,158.0,13.6,5,,2022-08-09T06:40:34,2022-08-09T19:03:49,0.41,"Rain, Partially cloudy",Partly cloudy throughout the day with afternoon rain.,rain,"65210099999,DNIB,NII0000DNIB,NIM00065210,DNMM,NII0000DNMM,remote,65201099999,NIM00065208,65100099999,65208099999"
"Abeokuta, Ogun, Nigeria",2022-08-10,84.5,72.7,78.3,91.0,72.7,80.2,72.7,83.5,0.0,0,0.0,,0,0.0,18.3,12.8,212.1,1013.9,36.3,6.0,144.6,12.5,5,,2022-08-10T06:40:35,2022-08-10T19:03:30,0.44,Partially cloudy,Partly cloudy throughout the day.,partly-cloudy-day,"DNIB,NII0000DNIB,DNMM,NII0000DNMM,65201099999,65100099999,NIM00065208,65208099999"
"Abeokuta, Ogun, Nigeria",2022-08-11,87.8,75.0,79.5,94.3,75.0,81.3,72.2,79.6,0.0,0,0.0,,0,0.0,19.7,18.3,213.4,1013.6,32.0,6.2,177.7,15.3,6,,2022-08-11T06:40:35,2022-08-11T19:03:11,0.48,Partially cloudy,Partly cloudy throughout the day.,partly-cloudy-day,"65210099999,DNIB,NII0000DNIB,DNMM,NII0000DNMM,65201099999,NIM00065208,65100099999,65208099999"
"Abeokuta, Ogun, Nigeria",2022-08-12,80.6,73.7,77.2,85.4,73.7,77.9,72.5,85.6,0.0,0,0.0,,0,0.0,13.9,11.4,205.0,1013.4,39.0,6.0,98.3,8.5,3,,2022-08-12T06:40:35,2022-08-12T19:02:51,0.5,Partially cloudy,Partly cloudy throughout the day.,partly-cloudy-day,"65210099999,DNIB,NII0000DNIB,NIM00065210,DNMM,NII0000DNMM,65201099999,65100099999"
"Abeokuta, Ogun, Nigeria",2022-08-13,84.2,75.2,78.4,92.5,75.2,79.9,73.3,84.7,0.0,0,0.0,,0,0.0,19.7,38.4,212.2,1013.8,46.9,6.0,157.4,13.5,6,,2022-08-13T06:40:35,2022-08-13T19:02:30,0.55,Partially cloudy,Partly cloudy throughout the day.,wind,"65210099999,DNIB,NII0000DNIB,NIM00065210,DNMM,NII0000DNMM,65201099999,65100099999,NIM00065208,65208099999"
"Abeokuta, Ogun, Nigeria",2022-08-14,80.6,75.3,78.3,85.4,75.3,79.5,73.0,84.0,0.0,0,0.0,,0,0.0,28.9,19.7,208.1,1012.3,55.7,5.7,63.4,5.6,3,,2022-08-14T06:40:34,2022-08-14T19:02:09,0.58,Partially cloudy,Partly cloudy throughout the day.,partly-cloudy-day,"DNIB,NII0000DNIB,DNMM,NII0000DNMM,65201099999,NIM00065208,65100099999,65208099999"
"Abeokuta, Ogun, Nigeria",2022-08-15,82.5,74.5,76.8,87.4,74.5,77.2,73.4,89.4,0.196,100,12.5,rain,0,0.0,21.5,18.3,203.5,1012.1,50.1,5.2,102.7,9.1,5,,2022-08-15T06:40:33,2022-08-15T19:01:47,0.61,"Rain, Partially cloudy",Partly cloudy throughout the day with rain.,rain,"65210099999,DNIB,NII0000DNIB,NIM00065210,DNMM,NII0000DNMM,65201099999,65100099999,NIM00065208,65208099999"
"Abeokuta, Ogun, Nigeria",2022-08-16,83.0,74.5,77.4,88.0,74.5,78.6,72.8,86.3,0.196,100,8.33,rain,0,0.0,20.8,11.4,190.7,1013.7,52.0,5.4,162.4,13.9,5,,2022-08-16T06:40:31,2022-08-16T19:01:25,0.64,"Rain, Partially cloudy",Partly cloudy throughout the day with rain.,rain,"DNIB,NII0000DNIB,DNMM,NII0000DNMM,remote,65201099999,NIM00065208,65100099999,65208099999"
"Abeokuta, Ogun, Nigeria",2022-08-17,84.2,73.1,77.2,89.9,73.1,78.3,71.9,84.2,0.0,0,0.0,,0,0.0,11.4,7.2,234.2,1014.0,38.4,5.3,174.0,14.9,6,,2022-08-17T06:40:28,2022-08-17T19:01:01,0.68,Partially cloudy,Partly cloudy throughout the day.,partly-cloudy-day,"65210099999,DNIB,NII0000DNIB,DNMM,NII0000DNMM,65201099999,65100099999,NIM00065208,65208099999"
"Abeokuta, Ogun, Nigeria",2022-08-18,89.6,72.7,79.0,98.3,72.7,81.8,72.3,80.9,0.0,0,0.0,,0,0.0,17.4,13.9,193.6,1013.2,39.8,5.3,211.7,18.3,8,,2022-08-18T06:40:26,2022-08-18T19:00:38,0.71,Partially cloudy,Partly cloudy throughout the day.,partly-cloudy-day,"65210099999,DNIB,NII0000DNIB,NIM00065210,DNMM,NII0000DNMM,remote,65201099999,65100099999,NIM00065208,65208099999"
"Abeokuta, Ogun, Nigeria",2022-08-19,80.6,75.2,77.5,85.4,75.2,77.9,73.5,87.5,0.354,100,8.33,rain,0,0.0,16.3,27.8,198.7,1013.4,51.5,5.3,122.0,10.4,5,,2022-08-19T06:40:23,2022-08-19T19:00:13,0.75,"Rain, Partially cloudy",Partly cloudy throughout the day with rain.,rain,"DNIB,NII0000DNIB,DNMM,NII0000DNMM,remote,65201099999,65100099999,NIM00065208,65208099999"
"Abeokuta, Ogun, Nigeria",2022-08-20,86.0,73.4,78.5,93.5,73.4,80.4,73.4,85.1,0.118,100,4.17,rain,0,0.0,22.4,15.0,193.6,1014.9,42.0,5.8,197.7,17.1,7,,2022-08-20T06:40:19,2022-08-20T18:59:49,0.77,"Rain, Partially cloudy",Partly cloudy throughout the day with early morning rain.,rain,"DNIB,NII0000DNIB,DNMM,NII0000DNMM,remote,65201099999,65100099999"
"Abeokuta, Ogun, Nigeria",2022-08-21,87.4,71.6,78.5,93.5,71.6,80.8,72.2,82.3,0.0,0,0.0,,0,0.0,12.8,9.3,231.4,1014.2,37.7,5.3,182.4,15.8,6,,2022-08-21T06:40:15,2022-08-21T18:59:23,0.81,Partially cloudy,Partly cloudy throughout the day.,partly-cloudy-day,"65210099999,DNIB,NII0000DNIB,NIM00065210,DNMM,NII0000DNMM,remote,65201099999,65100099999,NIM00065208,65208099999"
"Abeokuta, Ogun, Nigeria",2022-08-22,82.4,73.8,77.8,89.0,73.8,79.2,73.3,86.6,0.0,0,0.0,,0,0.0,23.7,13.3,197.3,1011.9,43.8,6.0,181.4,15.6,7,,2022-08-22T06:40:11,2022-08-22T18:58:57,0.84,Partially cloudy,Partly cloudy throughout the day.,partly-cloudy-day,"DNIB,NIM00065202,NII0000DNIB,DNMM,NII0000DNMM,remote,65201099999,65100099999,NIM00065208,65208099999"
"Abeokuta, Ogun, Nigeria",2022-08-23,84.2,73.4,78.3,91.0,73.4,80.0,73.4,85.5,0.551,100,8.33,rain,0,0.0,25.3,20.2,187.1,1012.7,48.7,6.0,102.5,8.7,4,,2022-08-23T06:40:06,2022-08-23T18:58:31,0.87,"Rain, Partially cloudy",Partly cloudy throughout the day with rain clearing later.,rain,"DNIB,NII0000DNIB,DNMM,NII0000DNMM,remote,65201099999,65100099999,NIM00065208,65208099999"
"Abeokuta, Ogun, Nigeria",2022-08-24,84.9,72.9,79.2,90.8,72.9,81.6,72.3,80.0,0.0,0,0.0,,0,0.0,15.7,11.4,189.1,1015.2,39.1,5.8,170.0,14.6,5,,2022-08-24T06:40:01,2022-08-24T18:58:04,0.91,Partially cloudy,Partly cloudy throughout the day.,partly-cloudy-day,"DNIB,NIM00065213,NII0000DNIB,DNMM,NII0000DNMM,remote,65201099999,65100099999,NIM00065208,65208099999"
"Abeokuta, Ogun, Nigeria",2022-08-25,84.6,73.4,79.5,91.0,73.4,81.6,72.7,80.7,0.0,0,0.0,,0,0.0,13.9,11.4,228.5,1014.7,32.4,5.6,172.8,14.8,6,,2022-08-25T06:39:56,2022-08-25T18:57:37,0.94,Partially cloudy,Partly cloudy throughout the day.,partly-cloudy-day,"65210099999,DNIB,NII0000DNIB,NIM00065210,DNMM,NII0000DNMM,65201099999,65100099999,NIM00065208,65208099999"
"Abeokuta, Ogun, Nigeria",2022-08-26,82.4,75.5,77.9,88.3,75.5,78.8,72.7,84.1,0.0,0,0.0,,0,0.0,21.9,18.3,204.6,1012.9,44.1,5.9,136.3,11.8,6,,2022-08-26T06:39:50,2022-08-26T18:57:09,0.97,Partially cloudy,Partly cloudy throughout the day.,partly-cloudy-day,"DNIB,NII0000DNIB,DNMM,NII0000DNMM,65201099999,65100099999,NIM00065208,65208099999"
"Abeokuta, Ogun, Nigeria",2022-08-27,80.9,73.4,76.9,85.9,73.4,77.3,73.3,88.9,0.866,100,12.5,rain,0,0.0,25.1,17.2,193.9,1011.7,51.3,5.6,93.5,8.1,5,,2022-08-27T06:39:44,2022-08-27T18:56:41,0.0,"Rain, Partially cloudy",Partly cloudy throughout the day with a chance of rain throughout the day.,rain,"65210099999,DNIB,NII0000DNIB,NIM00065210,DNMM,NII0000DNMM,65201099999,NIM00065208,65100099999,65208099999"
"Abeokuta, Ogun, Nigeria",2022-08-28,82.4,74.5,78.1,89.6,74.5,79.9,72.9,84.4,0.039,100,4.17,rain,0,0.0,17.4,12.8,192.4,1013.5,42.5,6.0,178.4,15.3,7,,2022-08-28T06:39:38,2022-08-28T18:56:12,0.04,"Rain, Partially cloudy",Partly cloudy throughout the day with afternoon rain.,rain,"DNIB,NII0000DNIB,DNMM,NII0000DNMM,65201099999,NIM00065208,65100099999,65208099999"
"Abeokuta, Ogun, Nigeria",2022-08-29,84.3,71.6,77.8,92.0,71.6,80.1,73.0,85.7,0.004,100,4.17,rain,0,0.0,16.3,9.2,209.9,1013.5,44.1,6.1,195.2,16.8,7,,2022-08-29T06:39:31,2022-08-29T18:55:43,0.08,"Rain, Partially cloudy",Partly cloudy throughout the day with morning rain.,rain,"DNIB,NII0000DNIB,DNMM,NII0000DNMM,remote,65201099999,65100099999,NIM00065208,65208099999"
"Abeokuta, Ogun, Nigeria",2022-08-30,81.0,74.1,77.2,86.9,74.1,77.9,74.3,91.1,0.512,100,8.33,rain,0,0.0,18.3,16.1,198.5,1012.3,46.3,5.5,33.8,2.9,1,,2022-08-30T06:39:24,2022-08-30T18:55:13,0.11,"Rain, Partially cloudy",Partly cloudy throughout the day with rain.,rain,"DNIB,NII0000DNIB,DNMM,NII0000DNMM,65201099999,65100099999,NIM00065208,65208099999"
"Abeokuta, Ogun, Nigeria",2022-08-31,84.2,74.8,78.2,92.5,74.8,80.2,74.4,88.6,0.039,100,4.17,rain,0,0.0,20.8,16.1,200.1,1013.1,50.9,5.4,135.6,11.8,5,,2022-08-31T06:39:17,2022-08-31T18:54:43,0.15,"Rain, Partially cloudy",Partly cloudy throughout the day with late afternoon rain.,rain,"65210099999,NIM00065210,DNMM,NII0000DNMM,65201099999,NIM00065208,65208099999"
"Abeokuta, Ogun, Nigeria",2022-09-01,81.7,75.1,77.4,87.3,75.1,78.3,73.9,89.3,0.078,100,8.33,rain,0,0.0,19.0,11.1,202.6,1014.1,40.0,6.0,176.2,15.3,7,,2022-09-01T06:39:09,2022-09-01T18:54:13,0.18,"Rain, Partially cloudy",Partly cloudy throughout the day with rain.,rain,"65210099999,DNIB,NII0000DNIB,NIM00065210,DNMM,NII0000DNMM,65201099999,65100099999,NIM00065208,65208099999"
"Abeokuta, Ogun, Nigeria",2022-09-02,84.2,74.9,78.3,91.0,74.9,80.0,73.7,86.2,0.0,0,0.0,,0,0.0,16.8,10.3,211.5,1015.3,38.7,6.1,177.0,15.3,6,,2022-09-02T06:39:01,2022-09-02T18:53:43,0.22,Partially cloudy,Partly cloudy throughout the day.,partly-cloudy-day,"65210099999,DNIB,NII0000DNIB,NIM00065210,DNMM,NII0000DNMM,65201099999,65100099999,NIM00065208,65208099999"
"Abeokuta, Ogun, Nigeria",2022-09-03,87.6,75.6,80.2,96.1,75.6,83.8,74.9,84.2,0.157,100,4.17,rain,0,0.0,16.1,11.4,193.6,1014.9,45.9,5.9,154.4,13.5,7,,2022-09-03T06:38:53,2022-09-03T18:53:12,0.25,"Rain, Partially cloudy",Partly cloudy throughout the day with afternoon rain.,rain,"DNIB,NII0000DNIB,DNMM,NII0000DNMM,65201099999,65100099999,NIM00065208,65208099999"
"Abeokuta, Ogun, Nigeria",2022-09-04,78.8,73.5,76.0,78.8,73.5,76.0,74.0,93.6,0.512,100,8.33,rain,0,0.0,22.4,11.4,210.3,1015.6,54.3,5.2,86.4,7.5,4,,2022-09-04T06:38:45,2022-09-04T18:52:41,0.29,"Rain, Partially cloudy",Partly cloudy throughout the day with rain in the morning and afternoon.,rain,"65210099999,DNMM,NII0000DNMM,remote,65201099999,NIM00065208,65208099999"
"Abeokuta, Ogun, Nigeria",2022-09-05,86.0,74.8,79.0,94.7,74.8,81.6,74.3,86.5,0.236,100,4.17,rain,0,0.0,17.0,12.8,190.6,1015.5,39.4,6.1,216.0,18.6,7,,2022-09-05T06:38:37,2022-09-05T18:52:09,0.32,"Rain, Partially cloudy",Partly cloudy throughout the day with early morning rain.,rain,"65210099999,DNIB,NII0000DNIB,DNMM,NII0000DNMM,65201099999,65100099999,NIM00065208,65208099999"
"Abeokuta, Ogun, Nigeria",2022-09-06,84.0,75.2,78.0,90.0,75.2,79.3,73.4,86.3,0.0,0,0.0,,0,0.0,17.7,9.5,198.0,1014.9,35.8,6.1,212.8,18.3,8,,2022-09-06T06:38:28,2022-09-06T18:51:38,0.36,Partially cloudy,Partly cloudy throughout the day.,partly-cloudy-day,"DNIB,NII0000DNIB,DNMM,NII0000DNMM,65201099999,65100099999,NIM00065208,65208099999"
"Abeokuta, Ogun, Nigeria",2022-09-07,84.7,73.4,78.7,92.5,73.4,81.6,73.5,84.8,0.0,0,0.0,,0,0.0,17.0,11.4,211.2,1013.8,43.9,5.9,180.3,15.6,6,,2022-09-07T06:38:19,2022-09-07T18:51:06,0.39,Partially cloudy,Partly cloudy throughout the day.,partly-cloudy-day,"65210099999,DNIB,NII0000DNIB,NIM00065210,DNMM,NII0000DNMM,65201099999,65100099999,NIM00065208,65208099999"
"Abeokuta, Ogun, Nigeria",2022-09-08,82.4,75.2,78.2,90.1,75.2,79.3,74.9,89.8,0.551,100,4.17,rain,0,0.0,16.1,11.4,186.2,1012.8,47.6,5.1,126.5,11.0,4,,2022-09-08T06:38:10,2022-09-08T18:50:33,0.43,"Rain, Partially cloudy",Partly cloudy throughout the day with afternoon rain.,rain,"65210099999,DNIB,NII0000DNIB,NIM00065210,DNMM,NII0000DNMM,remote,65201099999,65100099999,NIM00065208,65208099999"
"Abeokuta, Ogun, Nigeria",2022-09-09,85.0,73.4,78.8,93.8,73.4,81.6,74.3,86.6,0.079,100,4.17,rain,0,0.0,17.2,13.9,196.5,1013.6,39.1,5.8,166.1,14.3,7,,2022-09-09T06:38:01,2022-09-09T18:50:01,0.47,"Rain, Partially cloudy",Partly cloudy throughout the day with afternoon rain.,rain,"65210099999,DNIB,NII0000DNIB,NIM00065210,DNMM,NII0000DNMM,65201099999,65100099999"
"Abeokuta, Ogun, Nigeria",2022-09-10,87.0,75.0,79.4,95.1,75.0,81.8,73.1,81.7,0.032,100,20.83,rain,0,0.0,15.2,12.8,216.8,1014.4,57.9,6.2,159.9,13.7,6,,2022-09-10T06:37:52,2022-09-10T18:49:29,0.5,"Rain, Partially cloudy",Partly cloudy throughout the day with rain.,rain,"DNIB,NII0000DNIB,DNMM,NII0000DNMM,remote,65201099999,65100099999,NIM00065208,65208099999"
"Abeokuta, Ogun, Nigeria",2022-09-11,84.8,74.4,77.7,94.6,74.4,79.0,73.5,87.0,0.507,100,8.33,rain,0,0.0,12.8,6.9,202.0,1013.4,84.2,4.0,84.3,7.3,4,,2022-09-11T06:37:42,2022-09-11T18:48:56,0.53,"Rain, Partially cloudy",Partly cloudy throughout the day with rain.,rain,"remote,NII0000DNMM,65201099999,NIM00065208,65208099999"
"Abeokuta, Ogun, Nigeria",2022-09-12,81.4,72.2,76.3,87.5,72.2,77.4,73.4,91.0,0.079,100,4.17,rain,0,0.0,12.8,12.8,202.8,1012.8,73.3,5.2,89.5,7.8,4,,2022-09-12T06:37:33,2022-09-12T18:48:23,0.57,"Rain, Partially cloudy",Partly cloudy throughout the day with afternoon rain.,rain,"65210099999,DNIB,NII0000DNIB,NIM00065210,DNMM,remote,NII0000DNMM,65201099999,NIM00065208,65100099999,65208099999"
"Abeokuta, Ogun, Nigeria",2022-09-13,83.0,73.7,78.5,90.7,73.7,80.9,74.4,87.7,0.114,100,8.33,rain,0,0.0,17.7,9.2,192.6,1013.2,46.2,5.6,171.8,14.9,6,,2022-09-13T06:37:23,2022-09-13T18:47:50,0.6,"Rain, Partially cloudy",Partly cloudy throughout the day with rain in the morning and afternoon.,rain,"65210099999,NIM00065210,DNMM,NII0000DNMM,remote,65201099999,NIM00065208,65208099999"
"Abeokuta, Ogun, Nigeria",2022-09-14,86.1,74.2,79.2,94.5,74.2,81.8,74.5,86.3,0.004,100,4.17,rain,0,0.0,16.1,10.3,204.8,1012.4,36.1,5.6,211.3,18.2,8,,2022-09-14T06:37:14,2022-09-14T18:47:17,0.63,"Rain, Partially cloudy",Partly cloudy throughout the day with morning rain.,rain,"65210099999,DNIB,NII0000DNIB,NIM00065210,DNMM,NII0000DNMM,65201099999,65100099999,NIM00065208,65208099999"
"Abeokuta, Ogun, Nigeria",2022-09-15,83.6,76.3,78.0,90.4,76.3,79.0,74.8,90.1,0.118,100,4.17,rain,0,0.0,15.9,12.8,213.7,1013.3,47.7,5.9,145.2,12.6,7,,2022-09-15T06:37:04,2022-09-15T18:46:44,0.66,"Rain, Partially cloudy",Partly cloudy throughout the day with afternoon rain.,rain,"65210099999,DNIB,NII0000DNIB,NIM00065210,DNMM,NII0000DNMM,remote,65201099999,65100099999,NIM00065208,65208099999"
"Abeokuta, Ogun, Nigeria",2022-09-16,86.1,72.6,79.3,93.3,72.6,82.5,73.7,83.9,0.024,100,16.67,rain,0,0.0,18.3,11.4,193.2,1014.1,50.3,6.0,203.6,17.7,7,,2022-09-16T06:36:54,2022-09-16T18:46:11,0.69,"Rain, Partially cloudy",Partly cloudy throughout the day with a chance of rain throughout the day.,rain,"65210099999,DNIB,NII0000DNIB,NIM00065210,DNMM,NII0000DNMM,remote,65201099999,NIM00065208,65100099999,65208099999"
"Abeokuta, Ogun, Nigeria",2022-09-17,86.0,74.4,79.7,95.3,74.4,82.6,74.6,85.2,0.0,0,0.0,,0,0.0,13.0,10.3,231.2,1012.8,43.0,5.9,197.7,17.3,6,,2022-09-17T06:36:45,2022-09-17T18:45:38,0.75,Partially cloudy,Partly cloudy throughout the day.,partly-cloudy-day,"65210099999,DNIB,NII0000DNIB,NIM00065210,DNMM,NII0000DNMM,remote,65201099999,NIM00065208,65100099999,65208099999"
"Abeokuta, Ogun, Nigeria",2022-09-18,86.8,74.5,79.0,94.8,74.5,81.4,73.8,84.8,0.078,100,8.33,rain,0,0.0,14.3,11.3,202.2,1012.1,44.3,6.2,67.3,5.7,4,,2022-09-18T06:36:35,2022-09-18T18:45:05,0.76,"Rain, Partially cloudy",Partly cloudy throughout the day with rain in the morning and afternoon.,rain,"65210099999,DNIB,NII0000DNIB,NIM00065210,DNMM,NII0000DNMM,remote,65201099999,65100099999,NIM00065208,65208099999"
"Abeokuta, Ogun, Nigeria",2022-09-19,78.8,74.0,76.0,78.8,74.0,76.0,74.4,94.7,2.323,100,4.17,rain,0,0.0,18.3,13.2,205.2,1012.2,69.9,4.5,30.9,2.6,1,,2022-09-19T06:36:25,2022-09-19T18:44:32,0.79,"Rain, Partially cloudy",Partly cloudy throughout the day with afternoon rain.,rain,"65210099999,DNIB,NII0000DNIB,NIM00065210,DNMM,remote,NII0000DNMM,65201099999,65100099999,NIM00065208,65208099999"
"Abeokuta, Ogun, Nigeria",2022-09-20,86.0,74.5,78.6,93.5,74.5,80.9,74.0,86.6,0.161,100,8.33,rain,0,0.0,17.0,13.9,181.4,1012.8,43.3,5.7,128.1,10.9,6,,2022-09-20T06:36:16,2022-09-20T18:43:59,0.82,"Rain, Partially cloudy",Partly cloudy throughout the day with rain in the morning and afternoon.,rain,"DNIB,NII0000DNIB,DNMM,NII0000DNMM,65201099999,NIM00065208,65100099999,65208099999"
"Abeokuta, Ogun, Nigeria",2022-09-21,86.0,74.5,78.0,93.5,74.5,79.2,74.5,89.5,1.02,100,8.33,rain,0,0.0,11.2,9.2,250.4,1013.2,47.2,5.3,158.0,13.7,6,,2022-09-21T06:36:06,2022-09-21T18:43:26,0.86,"Rain, Partially cloudy",Partly cloudy throughout the day with rain.,rain,"65210099999,DNIB,NII0000DNIB,NIM00065210,DNMM,NII0000DNMM,65201099999,65100099999,NIM00065208,65208099999"
"Abeokuta, Ogun, Nigeria",2022-09-22,84.2,73.9,78.3,94.3,73.9,80.4,74.6,88.7,0.433,100,8.33,rain,0,0.0,14.8,9.2,225.4,1012.7,40.3,5.5,158.3,13.6,7,,2022-09-22T06:35:57,2022-09-22T18:42:53,0.89,"Rain, Partially cloudy",Partly cloudy throughout the day with rain.,rain,"65210099999,DNIB,NII0000DNIB,NIM00065210,DNMM,NII0000DNMM,65201099999,NIM00065208,65100099999,65208099999"
"Abeokuta, Ogun, Nigeria",2022-09-23,86.8,74.5,79.5,97.2,74.5,82.5,74.7,85.7,0.0,0,0.0,,0,0.0,16.6,12.8,200.9,1012.7,41.7,5.6,206.8,17.9,8,,2022-09-23T06:35:47,2022-09-23T18:42:20,0.92,Partially cloudy,Partly cloudy throughout the day.,partly-cloudy-day,"65210099999,DNIB,NII0000DNIB,DNMM,NII0000DNMM,65201099999,NIM00065208,65100099999,65208099999"
"Abeokuta, Ogun, Nigeria",2022-09-24,87.8,74.2,79.9,100.0,74.2,83.6,75.0,85.5,0.512,100,4.17,rain,0,0.0,15.2,11.4,220.2,1012.5,41.1,5.7,189.0,16.2,7,,2022-09-24T06:35:38,2022-09-24T18:41:47,0.95,"Rain, Partially cloudy",Partly cloudy throughout the day with morning rain.,rain,"65210099999,DNIB,NII0000DNIB,NIM00065210,DNMM,NII0000DNMM,65201099999,65100099999,NIM00065208,65208099999"
"Abeokuta, Ogun, Nigeria",2022-09-25,87.8,76.3,79.8,97.9,76.3,82.2,74.6,84.8,0.472,100,4.17,rain,0,0.0,17.2,16.1,213.6,1011.7,41.5,6.2,177.9,15.5,7,,2022-09-25T06:35:29,2022-09-25T18:41:15,0.0,"Rain, Partially cloudy",Partly cloudy throughout the day with late afternoon rain.,rain,"65210099999,DNIB,NII0000DNIB,NIM00065210,DNMM,NII0000DNMM,remote,65201099999,65100099999,NIM00065208,65208099999"
"Abeokuta, Ogun, Nigeria",2022-09-26,80.4,74.7,77.1,85.7,74.7,77.5,74.0,90.4,0.394,100,4.17,rain,0,0.0,13.9,24.9,209.9,1012.4,44.7,5.4,88.9,7.8,4,,2022-09-26T06:35:20,2022-09-26T18:40:42,0.02,"Rain, Partially cloudy",Partly cloudy throughout the day with afternoon rain.,rain,"65210099999,DNIB,NII0000DNIB,DNMM,NII0000DNMM,65201099999,65100099999,NIM00065208,65208099999"
"Abeokuta, Ogun, Nigeria",2022-09-27,84.2,71.7,76.7,94.3,71.7,78.1,73.6,90.3,0.118,100,4.17,rain,0,0.0,16.1,13.9,226.9,1013.4,45.2,5.4,72.3,6.3,3,,2022-09-27T06:35:11,2022-09-27T18:40:10,0.06,"Rain, Partially cloudy",Partly cloudy throughout the day with early morning rain.,rain,"65210099999,DNIB,NII0000DNIB,NIM00065210,DNMM,NII0000DNMM,remote,65201099999,NIM00065208,65100099999,65208099999"
"Abeokuta, Ogun, Nigeria",2022-09-28,77.1,73.4,75.9,77.1,73.4,75.9,73.7,92.8,0.118,100,8.33,rain,0,0.0,12.8,12.8,199.7,1013.8,51.0,4.9,106.1,9.0,5,,2022-09-28T06:35:02,2022-09-28T18:39:38,0.09,"Rain, Partially cloudy",Partly cloudy throughout the day with rain.,rain,"65210099999,DNIB,NII0000DNIB,NIM00065210,DNMM,NII0000DNMM,remote,65201099999,NIM00065208,65100099999,65208099999"
"Abeokuta, Ogun, Nigeria",2022-09-29,84.3,73.8,78.0,91.7,73.8,79.8,73.3,86.1,0.102,100,8.33,rain,0,0.0,16.6,10.8,235.8,1012.9,39.5,5.4,190.0,16.4,7,,2022-09-29T06:34:54,2022-09-29T18:39:06,0.13,"Rain, Partially cloudy",Partly cloudy throughout the day with afternoon rain.,rain,"65210099999,DNIB,NII0000DNIB,DNMM,NII0000DNMM,remote,65201099999,65100099999,NIM00065208,65208099999"
"Abeokuta, Ogun, Nigeria",2022-09-30,84.2,74.8,78.3,91.3,74.8,80.3,73.6,86.1,0.0,0,0.0,,0,0.0,17.4,13.9,214.9,1012.0,43.0,5.9,116.6,10.0,5,,2022-09-30T06:34:46,2022-09-30T18:38:35,0.16,Partially cloudy,Partly cloudy throughout the day.,partly-cloudy-day,"65210099999,DNIB,NII0000DNIB,NIM00065210,DNMM,NII0000DNMM,65201099999,65100099999,NIM00065208,65208099999"
"Abeokuta, Ogun, Nigeria",2022-10-01,84.2,74.9,79.2,92.5,74.9,82.1,74.4,85.7,0.039,100,4.17,rain,0,0.0,18.6,13.9,199.7,1013.6,48.5,5.6,109.9,9.4,6,,2022-10-01T06:34:38,2022-10-01T18:38:04,0.2,"Rain, Partially cloudy",Partly cloudy throughout the day with morning rain.,rain,"DNIB,NII0000DNIB,DNMM,NII0000DNMM,remote,65201099999,NIM00065208,65100099999,65208099999"
"Abeokuta, Ogun, Nigeria",2022-10-02,87.8,75.3,80.8,100.0,75.3,84.7,74.9,82.9,0.0,0,0.0,,0,0.0,16.8,12.8,237.8,1014.5,39.1,6.1,240.5,20.7,9,,2022-10-02T06:34:30,2022-10-02T18:37:33,0.23,Partially cloudy,Partly cloudy throughout the day.,partly-cloudy-day,"65210099999,DNIB,NII0000DNIB,NIM00065210,DNMM,NII0000DNMM,remote,65201099999,65100099999"
"Abeokuta, Ogun, Nigeria",2022-10-03,87.8,74.7,80.5,96.3,74.7,83.5,74.4,82.5,0.0,0,0.0,,0,0.0,14.5,11.4,258.2,1013.3,36.0,6.0,155.6,13.4,6,,2022-10-03T06:34:23,2022-10-03T18:37:02,0.25,Partially cloudy,Partly cloudy throughout the day.,partly-cloudy-day,"DNIB,NII0000DNIB,DNMM,NII0000DNMM,65201099999,65100099999,NIM00065208,65208099999"
"Abeokuta, Ogun, Nigeria",2022-10-04,87.8,74.8,80.6,97.9,74.8,84.1,74.7,83.3,0.0,0,0.0,,0,0.0,17.7,10.7,211.2,1011.9,37.4,5.9,193.6,16.7,7,,2022-10-04T06:34:16,2022-10-04T18:36:32,0.31,Partially cloudy,Partly cloudy throughout the day.,partly-cloudy-day,"65210099999,DNIB,NII0000DNIB,NIM00065210,DNMM,NII0000DNMM,remote,65201099999,65100099999,NIM00065208,65208099999"
"Abeokuta, Ogun, Nigeria",2022-10-05,87.8,76.4,80.6,100.0,76.4,84.2,75.2,84.4,0.197,100,4.17,rain,0,0.0,16.6,16.1,229.7,1012.1,39.5,6.0,215.0,18.6,9,,2022-10-05T06:34:09,2022-10-05T18:36:02,0.34,"Rain, Partially cloudy",Partly cloudy throughout the day with afternoon rain.,rain,"DNIB,NII0000DNIB,DNMM,NII0000DNMM,65201099999,NIM00065208,65100099999,65208099999"
"Abeokuta, Ogun, Nigeria",2022-10-06,87.8,75.2,80.2,100.0,75.2,83.6,74.6,83.8,0.0,0,0.0,,0,0.0,17.4,12.8,228.9,1012.3,41.6,5.9,154.9,13.3,6,,2022-10-06T06:34:03,2022-10-06T18:35:32,0.38,Partially cloudy,Partly cloudy throughout the day.,partly-cloudy-day,"DNIB,NII0000DNIB,DNMM,NII0000DNMM,65201099999,65100099999,NIM00065208,65208099999"
"Abeokuta, Ogun, Nigeria",2022-10-07,84.2,76.3,79.4,94.3,76.3,81.7,75.2,87.2,0.0,0,0.0,,0,0.0,12.1,8.7,218.9,1013.1,43.7,5.9,99.1,8.5,4,,2022-10-07T06:33:56,2022-10-07T18:35:03,0.41,Partially cloudy,Partly cloudy throughout the day.,partly-cloudy-day,"65210099999,DNIB,NII0000DNIB,NIM00065210,DNMM,NII0000DNMM,65201099999,NIM00065208,65100099999,65208099999"
"Abeokuta, Ogun, Nigeria",2022-10-08,85.5,74.5,79.7,95.0,74.5,82.9,75.2,86.7,0.0,0,0.0,,0,0.0,11.4,8.1,203.5,1012.6,36.0,6.0,223.8,19.2,8,,2022-10-08T06:33:51,2022-10-08T18:34:35,0.45,Partially cloudy,Partly cloudy throughout the day.,partly-cloudy-day,"65210099999,DNIB,NII0000DNIB,NIM00065210,DNMM,NII0000DNMM,remote,65201099999,NIM00065208,65100099999,65208099999"
"Abeokuta, Ogun, Nigeria",2022-10-09,85.0,72.7,78.1,94.3,72.7,80.3,74.5,89.1,1.457,100,8.33,rain,0,0.0,20.1,10.3,178.7,1012.8,40.0,5.1,86.6,7.5,4,,2022-10-09T06:33:46,2022-10-09T18:34:07,0.5,"Rain, Partially cloudy",Partly cloudy throughout the day with rain in the morning and afternoon.,rain,"DNIB,NIM00065213,NII0000DNIB,DNMM,NII0000DNMM,remote,65201099999,65100099999"
"Abeokuta, Ogun, Nigeria",2022-10-10,86.8,74.4,79.4,95.9,74.4,82.8,74.9,86.8,0.0,0,0.0,,0,0.0,13.9,11.4,167.4,1013.8,29.2,5.5,96.6,8.3,4,,2022-10-10T06:33:41,2022-10-10T18:33:39,0.52,Partially cloudy,Partly cloudy throughout the day.,partly-cloudy-day,"65210099999,DNIB,NIM00065213,NIM00065202,NII0000DNIB,NIM00065210,DNMM,NII0000DNMM,65201099999,65100099999,NIM00065208,65208099999"
"Abeokuta, Ogun, Nigeria",2022-10-11,88.6,76.6,81.1,98.0,76.6,85.3,75.1,83.1,0.0,0,0.0,,0,0.0,15.7,9.2,201.7,1013.3,38.4,5.9,208.0,17.9,7,,2022-10-11T06:33:36,2022-10-11T18:33:12,0.55,Partially cloudy,Partly cloudy throughout the day.,partly-cloudy-day,"65210099999,DNIB,NII0000DNIB,DNMM,NII0000DNMM,65201099999,65100099999,NIM00065208,65208099999"
"Abeokuta, Ogun, Nigeria",2022-10-12,86.2,74.7,80.7,94.8,74.7,84.6,74.2,81.2,0.0,0,0.0,,0,0.0,13.9,11.4,232.1,1011.9,33.5,5.9,127.5,10.8,4,,2022-10-12T06:33:32,2022-10-12T18:32:45,0.58,Partially cloudy,Partly cloudy throughout the day.,partly-cloudy-day,"DNIB,NII0000DNIB,DNMM,NII0000DNMM,65201099999,65100099999,NIM00065208,65208099999"
"Abeokuta, Ogun, Nigeria",2022-10-13,84.2,75.1,79.6,94.3,75.1,83.0,75.3,87.1,0.276,100,4.17,rain,0,0.0,16.3,11.4,192.4,1011.6,42.1,5.8,112.3,9.6,5,,2022-10-13T06:33:29,2022-10-13T18:32:19,0.62,"Rain, Partially cloudy",Partly cloudy throughout the day with afternoon rain.,rain,"65210099999,DNIB,NII0000DNIB,NIM00065210,DNMM,NII0000DNMM,remote,65201099999,NIM00065208,65100099999,65208099999"
"Abeokuta, Ogun, Nigeria",2022-10-14,89.0,73.6,81.0,100.0,73.6,85.6,75.1,83.4,0.0,0,0.0,,0,0.0,14.5,10.8,183.3,1012.7,33.1,5.4,210.4,18.2,7,,2022-10-14T06:33:26,2022-10-14T18:31:53,0.65,Partially cloudy,Partly cloudy throughout the day.,partly-cloudy-day,"DNIB,NII0000DNIB,DNMM,NII0000DNMM,65201099999,65100099999"
"Abeokuta, Ogun, Nigeria",2022-10-15,86.4,76.5,79.8,95.3,76.5,82.1,74.8,85.2,0.0,0,0.0,,0,0.0,18.3,13.9,251.0,1012.5,32.8,6.2,134.6,11.5,6,,2022-10-15T06:33:23,2022-10-15T18:31:28,0.68,Partially cloudy,Partly cloudy throughout the day.,partly-cloudy-day,"DNIB,NII0000DNIB,DNMM,NII0000DNMM,65201099999,65100099999,NIM00065208,65208099999"
"Abeokuta, Ogun, Nigeria",2022-10-16,87.2,75.2,79.7,98.0,75.2,83.2,74.6,85.1,0.004,100,4.17,rain,0,0.0,15.7,12.8,214.7,1012.4,41.7,5.9,200.0,17.1,7,,2022-10-16T06:33:21,2022-10-16T18:31:04,0.71,"Rain, Partially cloudy",Partly cloudy throughout the day with morning rain.,rain,"65210099999,DNIB,NII0000DNIB,NIM00065210,DNMM,NII0000DNMM,remote,65201099999,65100099999,NIM00065208,65208099999"
"Abeokuta, Ogun, Nigeria",2022-10-17,89.6,74.7,81.6,105.3,74.7,87.3,76.3,85.0,0.0,0,0.0,,0,0.0,26.8,13.9,195.5,1013.0,39.2,5.8,216.7,18.5,9,,2022-10-17T06:33:20,2022-10-17T18:30:40,0.75,Partially cloudy,Partly cloudy throughout the day.,partly-cloudy-day,"65210099999,DNIB,NII0000DNIB,NIM00065210,DNMM,remote,NII0000DNMM,65201099999,65100099999,NIM00065208,65208099999"
"Abeokuta, Ogun, Nigeria",2022-10-18,87.8,75.2,79.7,100.0,75.2,82.9,75.7,87.9,0.091,100,4.17,rain,0,0.0,15.7,8.0,221.6,1013.4,38.1,5.7,203.1,17.6,8,,2022-10-18T06:33:19,2022-10-18T18:30:17,0.78,"Rain, Partially cloudy",Partly cloudy throughout the day with afternoon rain.,rain,"65210099999,DNIB,NII0000DNIB,NIM00065210,DNMM,NII0000DNMM,remote,65201099999,NIM00065208,65100099999,65208099999"
"Abeokuta, Ogun, Nigeria",2022-10-19,89.6,75.2,81.0,102.6,75.2,85.7,75.0,83.2,0.079,100,4.17,rain,0,0.0,15.0,10.3,213.8,1012.9,38.1,5.6,214.9,18.5,7,,2022-10-19T06:33:18,2022-10-19T18:29:55,0.81,"Rain, Partially cloudy",Partly cloudy throughout the day with early morning rain.,rain,"DNIB,NII0000DNIB,DNMM,NII0000DNMM,remote,65201099999,65100099999,NIM00065208,65208099999"
"Abeokuta, Ogun, Nigeria",2022-10-20,87.4,73.3,77.7,99.3,73.3,79.5,74.3,89.8,2.756,100,4.17,rain,0,0.0,18.1,16.1,232.2,1012.0,39.6,5.5,226.9,19.5,9,,2022-10-20T06:33:18,2022-10-20T18:29:33,0.84,"Rain, Partially cloudy",Partly cloudy throughout the day with late afternoon rain.,rain,"DNIB,NII0000DNIB,DNMM,NII0000DNMM,65201099999,NIM00065208,65100099999,65208099999"
"Abeokuta, Ogun, Nigeria",2022-10-21,88.6,72.2,80.1,98.9,72.2,84.1,74.4,83.4,0.0,0,0.0,,0,0.0,19.2,9.9,198.7,1012.0,50.2,5.7,204.0,17.7,7,,2022-10-21T06:33:19,2022-10-21T18:29:12,0.87,Partially cloudy,Partly cloudy throughout the day.,partly-cloudy-day,"65210099999,DNIB,NII0000DNIB,NIM00065210,DNMM,remote,NII0000DNMM,65201099999,NIM00065208,65100099999,65208099999"
"Abeokuta, Ogun, Nigeria",2022-10-22,89.8,75.6,81.5,102.6,75.6,86.5,75.6,83.0,0.0,0,0.0,,0,0.0,18.8,10.3,192.8,1012.6,36.9,5.6,234.7,20.1,8,,2022-10-22T06:33:21,2022-10-22T18:28:52,0.9,Partially cloudy,Partly cloudy throughout the day.,partly-cloudy-day,"65210099999,DNIB,NII0000DNIB,NIM00065210,DNMM,NII0000DNMM,65201099999,65100099999,NIM00065208,65208099999"
"Abeokuta, Ogun, Nigeria",2022-10-23,89.6,74.6,81.2,105.3,74.6,86.3,75.4,83.6,0.0,0,0.0,,0,0.0,18.8,12.8,213.0,1013.2,39.4,5.8,172.5,14.8,7,,2022-10-23T06:33:23,2022-10-23T18:28:32,0.94,Partially cloudy,Partly cloudy throughout the day.,partly-cloudy-day,"65210099999,DNIB,NII0000DNIB,NIM00065210,DNMM,NII0000DNMM,65201099999,NIM00065208,65100099999,65208099999"
"Abeokuta, Ogun, Nigeria",2022-10-24,87.9,75.7,81.6,101.4,75.7,87.4,76.2,84.3,0.118,100,4.17,rain,0,0.0,18.1,10.3,194.4,1012.3,33.1,5.4,223.0,19.1,8,,2022-10-24T06:33:25,2022-10-24T18:28:14,0.97,"Rain, Partially cloudy",Partly cloudy throughout the day with early morning rain.,rain,"DNIB,NII0000DNIB,DNMM,NII0000DNMM,remote,65201099999,65100099999,NIM00065208,65208099999"
"Abeokuta, Ogun, Nigeria",2022-10-25,84.2,75.2,78.9,92.5,75.2,80.9,75.4,89.1,0.157,100,4.17,rain,0,0.0,20.4,17.2,181.1,1012.1,33.0,6.0,93.7,8.0,4,,2022-10-25T06:33:29,2022-10-25T18:27:56,0.0,"Rain, Partially cloudy",Partly cloudy throughout the day with afternoon rain.,rain,"65210099999,DNIB,NII0000DNIB,NIM00065210,DNMM,NII0000DNMM,65201099999,65100099999,NIM00065208,65208099999"
"Abeokuta, Ogun, Nigeria",2022-10-26,91.4,74.7,81.6,105.2,74.7,87.2,75.7,83.4,0.016,100,8.33,rain,0,0.0,20.4,9.2,156.6,1011.6,31.1,5.6,227.5,19.6,8,,2022-10-26T06:33:33,2022-10-26T18:27:39,0.04,"Rain, Partially cloudy",Partly cloudy throughout the day with afternoon rain.,rain,"65210099999,DNIB,NII0000DNIB,NIM00065210,DNMM,NII0000DNMM,65201099999,NIM00065208,65100099999,65208099999"
"Abeokuta, Ogun, Nigeria",2022-10-27,91.4,77.0,82.5,102.7,77.0,88.0,76.2,82.3,0.004,100,4.17,rain,0,0.0,28.9,17.2,195.4,1011.9,41.0,6.1,240.1,20.7,8,,2022-10-27T06:33:37,2022-10-27T18:27:22,0.07,"Rain, Partially cloudy",Partly cloudy throughout the day with morning rain.,rain,"65210099999,DNIB,NII0000DNIB,NIM00065210,DNMM,NII0000DNMM,remote,65201099999,65100099999,NIM00065208,65208099999"
"Abeokuta, Ogun, Nigeria",2022-10-28,89.7,75.2,80.7,102.5,75.2,84.9,74.9,83.3,0.161,100,8.33,rain,0,0.0,14.5,6.5,253.7,1012.1,33.7,5.9,213.3,18.3,8,,2022-10-28T06:33:43,2022-10-28T18:27:07,0.11,"Rain, Partially cloudy",Partly cloudy throughout the day with rain.,rain,"DNIB,NII0000DNIB,DNMM,NII0000DNMM,65201099999,NIM00065208,65100099999,65208099999"
"Abeokuta, Ogun, Nigeria",2022-10-29,88.3,75.2,80.7,100.1,75.2,86.5,75.3,84.0,0.0,0,0.0,,0,0.0,15.2,6.6,198.6,1011.7,34.2,5.6,218.9,18.9,8,,2022-10-29T06:33:48,2022-10-29T18:26:52,0.14,Partially cloudy,Partly cloudy throughout the day.,partly-cloudy-day,"65210099999,DNIB,NII0000DNIB,DNMM,NII0000DNMM,65201099999,NIM00065208,65100099999,65208099999"
"Abeokuta, Ogun, Nigeria",2022-10-30,89.7,75.2,81.7,102.4,75.2,86.6,75.9,83.6,0.0,0,0.0,,0,0.0,16.1,5.4,237.0,1010.8,32.3,5.8,209.2,18.1,7,,2022-10-30T06:33:55,2022-10-30T18:26:39,0.18,Partially cloudy,Partly cloudy throughout the day.,partly-cloudy-day,"65210099999,DNIB,NII0000DNIB,DNMM,NII0000DNMM,65201099999,65100099999,NIM00065208,65208099999"
"Abeokuta, Ogun, Nigeria",2022-10-31,89.4,75.2,81.3,101.6,75.2,86.5,74.9,82.0,0.276,100,4.17,rain,0,0.0,16.8,7.4,204.9,1011.3,32.5,6.0,189.4,16.5,8,,2022-10-31T06:34:03,2022-10-31T18:26:26,0.21,"Rain, Partially cloudy",Partly cloudy throughout the day with early morning rain.,rain,"65210099999,DNIB,NII0000DNIB,NIM00065210,DNMM,NII0000DNMM,65201099999,NIM00065208,65100099999,65208099999"
"Abeokuta, Ogun, Nigeria",2022-11-01,91.5,77.0,82.7,105.5,77.0,89.7,77.0,83.8,0.0,0,0.0,,0,0.0,16.3,9.2,224.4,1012.2,36.7,5.5,249.2,21.5,9,,2022-11-01T06:34:11,2022-11-01T18:26:14,0.25,Partially cloudy,Partly cloudy throughout the day.,partly-cloudy-day,"65210099999,DNIB,NII0000DNIB,DNMM,NII0000DNMM,65201099999,NIM00065208,65100099999,65208099999"
"Abeokuta, Ogun, Nigeria",2022-11-02,93.2,77.0,84.1,104.5,77.0,91.5,76.5,79.7,0.0,0,0.0,,0,0.0,15.4,10.4,206.6,1011.8,35.3,5.9,262.7,22.7,9,,2022-11-02T06:34:19,2022-11-02T18:26:03,0.29,Partially cloudy,Partly cloudy throughout the day.,partly-cloudy-day,"DNIB,NII0000DNIB,DNMM,NII0000DNMM,65201099999,NIM00065208,65100099999,65208099999"
"Abeokuta, Ogun, Nigeria",2022-11-03,87.8,78.8,81.7,102.5,78.8,88.0,77.1,86.4,0.0,0,0.0,,0,0.0,16.8,10.3,213.9,1012.2,33.1,5.8,234.0,20.1,9,,2022-11-03T06:34:29,2022-11-03T18:25:53,0.32,Partially cloudy,Partly cloudy throughout the day.,partly-cloudy-day,"NIM00065202,DNMM,NII0000DNMM,65201099999,NIM00065208,65208099999"
"Abeokuta, Ogun, Nigeria",2022-11-04,88.1,76.7,81.3,100.8,76.7,86.3,76.3,85.5,0.236,100,4.17,rain,0,0.0,13.9,9.4,238.2,1012.1,39.2,5.8,193.2,16.7,7,,2022-11-04T06:34:39,2022-11-04T18:25:44,0.36,"Rain, Partially cloudy",Partly cloudy throughout the day with late afternoon rain.,rain,"65210099999,DNIB,NII0000DNIB,NIM00065210,DNMM,NII0000DNMM,remote,65201099999,NIM00065208,65100099999,65208099999"
"Abeokuta, Ogun, Nigeria",2022-11-05,91.2,77.0,82.4,107.2,77.0,89.1,77.1,84.9,0.0,0,0.0,,0,0.0,16.8,11.4,182.0,1012.0,38.1,4.9,216.8,18.7,8,,2022-11-05T06:34:50,2022-11-05T18:25:35,0.39,Partially cloudy,Partly cloudy throughout the day.,partly-cloudy-day,"65210099999,DNIB,NII0000DNIB,DNMM,NII0000DNMM,65201099999,65100099999,NIM00065208,65208099999"
"Abeokuta, Ogun, Nigeria",2022-11-06,93.2,75.6,83.2,107.6,75.6,89.7,76.5,81.7,0.0,0,0.0,,0,0.0,14.3,7.9,187.1,1012.7,34.5,5.8,222.9,19.4,9,,2022-11-06T06:35:02,2022-11-06T18:25:28,0.43,Partially cloudy,Partly cloudy throughout the day.,partly-cloudy-day,"DNIB,NII0000DNIB,DNMM,NII0000DNMM,remote,65201099999,65100099999,NIM00065208,65208099999"
"Abeokuta, Ogun, Nigeria",2022-11-07,95.0,76.8,83.9,105.0,76.8,90.0,75.3,77.2,0.0,0,0.0,,0,0.0,13.6,7.6,134.1,1012.7,33.8,5.6,251.0,21.7,9,,2022-11-07T06:35:14,2022-11-07T18:25:22,0.46,Partially cloudy,Partly cloudy throughout the day.,partly-cloudy-day,"DNIB,NIM00065202,NII0000DNIB,DNMM,NII0000DNMM,remote,65201099999,NIM00065208,65100099999,65208099999"
"Abeokuta, Ogun, Nigeria",2022-11-08,93.2,77.0,83.7,110.5,77.0,91.1,76.5,80.2,0.0,0,0.0,,0,0.0,15.7,12.8,203.8,1012.1,30.5,5.4,241.4,20.9,9,,2022-11-08T06:35:28,2022-11-08T18:25:16,0.5,Partially cloudy,Partly cloudy throughout the day.,partly-cloudy-day,"DNIB,NII0000DNIB,DNMM,NII0000DNMM,65201099999,NIM00065208,65100099999,65208099999"
"Abeokuta, Ogun, Nigeria",2022-11-09,88.1,77.0,81.4,99.1,77.0,86.0,75.1,81.7,0.315,100,8.33,rain,0,0.0,15.2,11.9,234.2,1012.7,33.3,5.4,223.4,19.3,8,,2022-11-09T06:35:41,2022-11-09T18:25:12,0.53,"Rain, Partially cloudy",Partly cloudy throughout the day with rain.,rain,"65210099999,DNIB,NII0000DNIB,NIM00065210,DNMM,NII0000DNMM,65201099999,65100099999,NIM00065208,65208099999"
"Abeokuta, Ogun, Nigeria",2022-11-10,91.2,75.2,81.1,104.1,75.2,86.0,75.7,84.6,0.0,0,0.0,,0,0.0,21.5,11.8,203.6,1011.4,35.0,5.4,229.4,19.7,9,,2022-11-10T06:35:56,2022-11-10T18:25:09,0.56,Partially cloudy,Partly cloudy throughout the day.,partly-cloudy-day,"65210099999,DNIB,NII0000DNIB,NIM00065210,DNMM,NII0000DNMM,65201099999,NIM00065208,65100099999,65208099999"
"Abeokuta, Ogun, Nigeria",2022-11-11,91.4,74.0,82.3,100.9,74.0,87.5,73.9,77.0,0.079,100,4.17,rain,0,0.0,17.2,11.4,194.4,1012.3,35.8,5.9,172.2,14.9,6,,2022-11-11T06:36:11,2022-11-11T18:25:06,0.6,"Rain, Partially cloudy",Partly cloudy throughout the day with early morning rain.,rain,"DNIB,NII0000DNIB,DNMM,NII0000DNMM,65201099999,65100099999,NIM00065208,65208099999"
"Abeokuta, Ogun, Nigeria",2022-11-12,91.4,73.4,81.7,105.2,73.4,87.7,74.6,80.4,0.079,100,4.17,rain,0,0.0,17.7,9.8,178.4,1012.6,35.2,5.6,225.9,19.6,8,,2022-11-12T06:36:28,2022-11-12T18:25:05,0.63,"Rain, Partially cloudy",Partly cloudy throughout the day with morning rain.,rain,"65210099999,DNIB,NII0000DNIB,NIM00065210,DNMM,NII0000DNMM,65201099999,65100099999,NIM00065208,65208099999"
"Abeokuta, Ogun, Nigeria",2022-11-13,92.2,74.5,81.5,102.4,74.5,86.5,74.7,81.4,0.433,100,4.17,rain,0,0.0,17.2,12.0,172.2,1012.9,36.9,5.8,193.5,16.6,8,,2022-11-13T06:36:44,2022-11-13T18:25:05,0.66,"Rain, Partially cloudy",Partly cloudy throughout the day with early morning rain.,rain,"65210099999,DNIB,NII0000DNIB,NIM00065210,DNMM,remote,NII0000DNMM,65201099999,65100099999,NIM00065208,65208099999"
"Abeokuta, Ogun, Nigeria",2022-11-14,93.2,77.4,83.2,102.6,77.4,88.7,76.0,80.4,0.0,0,0.0,,0,0.0,15.2,11.4,260.1,1012.8,33.0,5.9,238.9,20.7,9,,2022-11-14T06:37:02,2022-11-14T18:25:05,0.69,Partially cloudy,Partly cloudy throughout the day.,partly-cloudy-day,"65210099999,DNIB,NII0000DNIB,DNMM,NII0000DNMM,65201099999,65100099999,NIM00065208,65208099999"
"Abeokuta, Ogun, Nigeria",2022-11-15,89.6,77.0,82.6,102.6,77.0,88.8,76.2,82.1,0.0,0,0.0,,0,0.0,12.5,8.1,251.2,1012.6,36.5,5.9,232.5,20.1,9,,2022-11-15T06:37:20,2022-11-15T18:25:07,0.73,Partially cloudy,Partly cloudy throughout the day.,partly-cloudy-day,"65210099999,DNIB,NII0000DNIB,DNMM,NII0000DNMM,remote,65201099999,NIM00065208,65100099999,65208099999"
"Abeokuta, Ogun, Nigeria",2022-11-16,93.2,76.4,83.6,99.0,76.4,88.0,73.5,74.9,0.0,0,0.0,,0,0.0,15.2,12.4,264.1,1012.1,32.4,5.9,246.8,21.2,9,,2022-11-16T06:37:39,2022-11-16T18:25:10,0.75,Partially cloudy,Partly cloudy throughout the day.,partly-cloudy-day,"65210099999,DNIB,NII0000DNIB,DNMM,NII0000DNMM,remote,65201099999,65100099999,NIM00065208,65208099999"
"Abeokuta, Ogun, Nigeria",2022-11-17,89.6,77.8,82.9,102.6,77.8,89.9,76.3,81.3,0.0,0,0.0,,0,0.0,15.9,8.2,222.4,1011.5,36.3,5.7,227.1,19.6,8,,2022-11-17T06:37:59,2022-11-17T18:25:13,0.79,Partially cloudy,Partly cloudy throughout the day.,partly-cloudy-day,"65210099999,DNIB,NII0000DNIB,NIM00065210,DNMM,NII0000DNMM,65201099999,NIM00065208,65100099999,65208099999"
"Abeokuta, Ogun, Nigeria",2022-11-18,89.6,75.2,81.9,102.6,75.2,88.0,75.9,82.8,0.008,100,4.17,rain,0,0.0,13.9,6.9,184.7,1011.1,33.8,5.5,215.3,18.4,8,,2022-11-18T06:38:19,2022-11-18T18:25:18,0.82,"Rain, Partially cloudy",Partly cloudy throughout the day with afternoon rain.,rain,"65210099999,DNIB,NII0000DNIB,NIM00065210,DNMM,NII0000DNMM,remote,65201099999,65100099999,NIM00065208,65208099999"
"Abeokuta, Ogun, Nigeria",2022-11-19,88.5,77.0,81.3,100.0,77.0,85.4,75.9,84.7,0.004,100,4.17,rain,0,0.0,15.4,11.1,220.9,1011.7,38.2,5.3,197.2,17.1,7,,2022-11-19T06:38:40,2022-11-19T18:25:24,0.85,"Rain, Partially cloudy",Partly cloudy throughout the day with afternoon rain.,rain,"65210099999,DNIB,NII0000DNIB,NIM00065210,DNMM,NII0000DNMM,remote,65201099999,65100099999,NIM00065208,65208099999"
"Abeokuta, Ogun, Nigeria",2022-11-20,95.0,77.0,82.9,107.5,77.0,89.5,76.9,83.3,0.0,0,0.0,,0,0.0,16.3,8.1,208.8,1011.7,33.4,5.8,230.4,19.9,9,,2022-11-20T06:39:01,2022-11-20T18:25:31,0.89,Partially cloudy,Partly cloudy throughout the day.,partly-cloudy-day,"65210099999,DNIB,NII0000DNIB,NIM00065210,DNMM,NII0000DNMM,65201099999,65100099999,NIM00065208,65208099999"
"Abeokuta, Ogun, Nigeria",2022-11-21,92.2,76.3,83.4,103.1,76.3,90.0,75.9,79.4,0.0,0,0.0,,0,0.0,17.0,7.9,204.7,1012.0,27.9,5.9,212.8,18.2,8,,2022-11-21T06:39:24,2022-11-21T18:25:38,0.92,Partially cloudy,Partly cloudy throughout the day.,partly-cloudy-day,"65210099999,DNIB,NII0000DNIB,NIM00065210,DNMM,NII0000DNMM,65201099999,65100099999,NIM00065208,65208099999"
"Abeokuta, Ogun, Nigeria",2022-11-22,91.4,77.0,82.6,102.0,77.0,89.4,76.5,82.6,0.0,0,0.0,,0,0.0,16.3,9.2,208.1,1011.3,31.9,5.6,237.3,20.3,8,,2022-11-22T06:39:47,2022-11-22T18:25:47,0.95,Partially cloudy,Partly cloudy throughout the day.,partly-cloudy-day,"65210099999,DNIB,NII0000DNIB,NIM00065210,DNMM,NII0000DNMM,65201099999,65100099999,NIM00065208,65208099999"
"Abeokuta, Ogun, Nigeria",2022-11-23,92.2,76.3,82.7,105.3,76.3,88.9,75.4,80.0,0.0,0,0.0,,0,0.0,17.2,11.4,207.8,1010.6,33.2,5.7,209.3,18.3,7,,2022-11-23T06:40:10,2022-11-23T18:25:57,0.0,Partially cloudy,Partly cloudy throughout the day.,partly-cloudy-day,"DNIB,NII0000DNIB,DNMM,NII0000DNMM,remote,65201099999,NIM00065208,65100099999,65208099999"
"Abeokuta, Ogun, Nigeria",2022-11-24,93.5,75.2,83.1,97.0,75.2,86.5,73.1,75.1,0.0,0,0.0,,0,0.0,18.1,6.9,254.7,1010.1,29.3,5.5,214.6,18.3,9,,2022-11-24T06:40:34,2022-11-24T18:26:07,0.02,Partially cloudy,Partly cloudy throughout the day.,partly-cloudy-day,"65210099999,DNIB,NII0000DNIB,NIM00065210,DNMM,NII0000DNMM,remote,65201099999,65100099999,NIM00065208,65208099999"
"Abeokuta, Ogun, Nigeria",2022-11-25,95.0,73.8,83.2,98.9,73.8,87.7,73.9,76.9,0.0,0,0.0,,0,0.0,18.3,8.7,194.4,1010.6,28.5,5.7,244.6,21.1,9,,2022-11-25T06:40:59,2022-11-25T18:26:19,0.05,Partially cloudy,Clearing in the afternoon.,partly-cloudy-day,"65210099999,DNIB,NII0000DNIB,NIM00065210,DNMM,remote,NII0000DNMM,65201099999,NIM00065208,65100099999,65208099999"
"Abeokuta, Ogun, Nigeria",2022-11-26,93.2,77.0,83.9,105.2,77.0,90.9,75.7,77.7,0.0,0,0.0,,0,0.0,18.8,11.0,199.3,1011.1,32.0,5.8,246.3,21.3,9,,2022-11-26T06:41:24,2022-11-26T18:26:31,0.09,Partially cloudy,Partly cloudy throughout the day.,partly-cloudy-day,"65210099999,DNIB,NII0000DNIB,DNMM,NII0000DNMM,remote,65201099999,65100099999,NIM00065208,65208099999"
"Abeokuta, Ogun, Nigeria",2022-11-27,91.1,77.0,82.2,100.3,77.0,88.3,76.0,82.4,1.654,100,4.17,rain,0,0.0,15.2,6.9,203.5,1009.6,35.4,5.8,205.2,17.6,8,,2022-11-27T06:41:50,2022-11-27T18:26:45,0.12,"Rain, Partially cloudy",Partly cloudy throughout the day with late afternoon rain.,rain,"65210099999,DNIB,NII0000DNIB,NIM00065210,DNMM,NII0000DNMM,remote,65201099999,NIM00065208,65100099999,65208099999"
"Abeokuta, Ogun, Nigeria",2022-11-28,93.2,76.7,81.0,102.6,76.7,84.4,74.6,82.1,2.126,100,4.17,rain,0,0.0,20.1,17.2,229.7,1008.7,33.7,5.8,198.5,17.2,8,,2022-11-28T06:42:16,2022-11-28T18:26:59,0.16,"Rain, Partially cloudy",Partly cloudy throughout the day with late afternoon rain.,rain,"DNIB,NII0000DNIB,DNMM,NII0000DNMM,remote,65201099999,65100099999,NIM00065208,65208099999"
"Abeokuta, Ogun, Nigeria",2022-11-29,88.2,75.2,80.0,97.6,75.2,83.0,74.9,85.5,0.0,0,0.0,,0,0.0,15.0,5.8,209.6,1008.6,33.7,4.8,174.1,15.1,6,,2022-11-29T06:42:42,2022-11-29T18:27:14,0.19,Partially cloudy,Becoming cloudy in the afternoon.,partly-cloudy-day,"65210099999,DNIB,NII0000DNIB,NIM00065210,DNMM,NII0000DNMM,remote,65201099999,65100099999,NIM00065208,65208099999"
"Abeokuta, Ogun, Nigeria",2022-11-30,89.2,74.9,80.7,103.8,74.9,85.2,75.5,84.7,0.079,100,4.17,rain,0,0.0,15.0,6.2,220.6,1008.8,33.7,4.5,215.7,18.9,8,,2022-11-30T06:43:10,2022-11-30T18:27:31,0.25,"Rain, Partially cloudy",Partly cloudy throughout the day with late afternoon rain.,rain,"DNIB,NII0000DNIB,DNMM,NII0000DNMM,65201099999,NIM00065208,65100099999,65208099999"
"Abeokuta, Ogun, Nigeria",2022-12-01,86.6,77.0,81.3,97.1,77.0,86.4,76.2,85.1,0.0,0,0.0,,0,0.0,20.1,6.0,253.3,1009.7,33.5,5.2,208.0,18.0,8,,2022-12-01T06:43:37,2022-12-01T18:27:48,0.26,Partially cloudy,Partly cloudy throughout the day.,partly-cloudy-day,"DNIB,NII0000DNIB,DNMM,NII0000DNMM,65201099999,65100099999,NIM00065208,65208099999"
"Abeokuta, Ogun, Nigeria",2022-12-02,87.6,76.0,81.0,98.3,76.0,85.6,76.4,86.8,0.276,100,4.17,rain,0,0.0,16.6,6.0,211.6,1009.1,36.6,4.9,185.8,16.0,7,,2022-12-02T06:44:05,2022-12-02T18:28:05,0.3,"Rain, Partially cloudy",Partly cloudy throughout the day with morning rain.,rain,"65210099999,DNIB,NII0000DNIB,NIM00065210,DNMM,remote,NII0000DNMM,65201099999,65100099999,NIM00065208,65208099999"
"Abeokuta, Ogun, Nigeria",2022-12-03,91.4,77.8,82.9,107.9,77.8,89.7,77.1,83.7,0.079,100,4.17,rain,0,0.0,18.6,11.4,193.4,1008.8,33.8,5.5,200.6,17.5,7,,2022-12-03T06:44:33,2022-12-03T18:28:24,0.33,"Rain, Partially cloudy",Partly cloudy throughout the day with early morning rain.,rain,"DNIB,NII0000DNIB,DNMM,remote,NII0000DNMM,65201099999,NIM00065208,65100099999,65208099999"
"Abeokuta, Ogun, Nigeria",2022-12-04,91.4,77.0,83.0,107.9,77.0,90.3,77.0,83.0,0.0,0,0.0,,0,0.0,15.2,8.1,186.0,1009.8,30.3,5.2,214.8,18.6,8,,2022-12-04T06:45:02,2022-12-04T18:28:44,0.37,Partially cloudy,Partly cloudy throughout the day.,partly-cloudy-day,"DNIB,NII0000DNIB,DNMM,NII0000DNMM,65201099999,NIM00065208,65100099999,65208099999"
"Abeokuta, Ogun, Nigeria",2022-12-05,92.6,77.0,83.2,105.3,77.0,90.7,77.2,83.3,0.0,0,0.0,,0,0.0,16.8,9.2,180.5,1011.2,32.6,5.3,215.8,18.6,8,,2022-12-05T06:45:31,2022-12-05T18:29:04,0.4,Partially cloudy,Partly cloudy throughout the day.,partly-cloudy-day,"DNIB,NII0000DNIB,DNMM,NII0000DNMM,65201099999,65100099999,NIM00065208,65208099999"
"Abeokuta, Ogun, Nigeria",2022-12-06,91.4,78.1,83.5,104.7,78.1,91.6,77.0,81.9,0.0,0,0.0,,0,0.0,17.9,9.2,225.9,1011.4,33.6,5.5,234.2,20.2,8,,2022-12-06T06:46:01,2022-12-06T18:29:25,0.44,Partially cloudy,Partly cloudy throughout the day.,partly-cloudy-day,"65210099999,DNIB,NII0000DNIB,NIM00065210,DNMM,NII0000DNMM,65201099999,65100099999,NIM00065208,65208099999"
"Abeokuta, Ogun, Nigeria",2022-12-07,90.4,77.0,82.6,100.8,77.0,88.7,76.5,82.9,0.0,0,0.0,,0,0.0,15.0,6.5,245.8,1011.0,34.3,5.3,218.5,18.9,9,,2022-12-07T06:46:30,2022-12-07T18:29:47,0.47,Partially cloudy,Partly cloudy throughout the day.,partly-cloudy-day,"65210099999,DNIB,NII0000DNIB,DNMM,NII0000DNMM,65201099999,NIM00065208,65100099999,65208099999"
"Abeokuta, Ogun, Nigeria",2022-12-08,91.4,75.2,82.3,105.3,75.2,88.9,76.3,83.2,0.0,0,0.0,,0,0.0,16.3,8.5,177.4,1011.2,38.8,4.8,211.0,18.2,8,,2022-12-08T06:47:00,2022-12-08T18:30:10,0.5,Partially cloudy,Partly cloudy throughout the day.,partly-cloudy-day,"DNIB,NII0000DNIB,DNMM,NII0000DNMM,remote,65201099999,65100099999,NIM00065208,65208099999"
"Abeokuta, Ogun, Nigeria",2022-12-09,93.0,75.3,83.2,102.3,75.3,88.2,75.3,79.3,0.0,0,0.0,,0,0.0,14.5,8.1,133.1,1012.1,33.6,4.5,219.4,18.9,8,,2022-12-09T06:47:30,2022-12-09T18:30:33,0.54,Partially cloudy,Partly cloudy throughout the day.,partly-cloudy-day,"65210099999,DNIB,NII0000DNIB,NIM00065210,DNMM,NII0000DNMM,65201099999,65100099999,NIM00065208,65208099999"
"Abeokuta, Ogun, Nigeria",2022-12-10,94.8,75.6,84.1,99.2,75.6,88.4,73.3,73.3,0.0,0,0.0,,0,0.0,14.5,8.1,184.8,1011.7,25.7,4.3,247.6,21.3,9,,2022-12-10T06:48:00,2022-12-10T18:30:57,0.57,Partially cloudy,Partly cloudy throughout the day.,partly-cloudy-day,"DNIB,NII0000DNIB,DNMM,NII0000DNMM,65201099999,65100099999,NIM00065208,65208099999"
"Abeokuta, Ogun, Nigeria",2022-12-11,95.0,75.2,83.2,105.2,75.2,89.1,75.6,79.6,0.0,0,0.0,,0,0.0,16.6,9.2,225.2,1011.2,29.5,4.9,247.5,21.2,9,,2022-12-11T06:48:31,2022-12-11T18:31:22,0.61,Partially cloudy,Partly cloudy throughout the day.,partly-cloudy-day,"65210099999,DNIB,NII0000DNIB,NIM00065210,DNMM,NII0000DNMM,65201099999,65100099999,NIM00065208,65208099999"
"Abeokuta, Ogun, Nigeria",2022-12-12,91.4,76.1,83.3,102.7,76.1,88.7,75.0,78.0,0.0,0,0.0,,0,0.0,15.9,7.4,197.0,1011.1,34.9,4.4,233.0,20.1,8,,2022-12-12T06:49:01,2022-12-12T18:31:47,0.64,Partially cloudy,Partly cloudy throughout the day.,partly-cloudy-day,"DNIB,NII0000DNIB,DNMM,NII0000DNMM,remote,65201099999,65100099999"
"Abeokuta, Ogun, Nigeria",2022-12-13,93.6,76.4,83.2,102.7,76.4,87.4,73.9,75.7,0.0,0,0.0,,0,0.0,14.3,8.1,203.5,1010.9,37.4,4.7,211.6,18.2,8,,2022-12-13T06:49:32,2022-12-13T18:32:13,0.67,Partially cloudy,Partly cloudy throughout the day.,partly-cloudy-day,"DNIB,NII0000DNIB,DNMM,NII0000DNMM,remote,65201099999,65100099999,NIM00065208,65208099999"
"Abeokuta, Ogun, Nigeria",2022-12-14,95.3,77.0,83.8,101.5,77.0,87.8,73.4,74.1,0.0,0,0.0,,0,0.0,18.1,9.2,208.3,1010.6,35.5,5.6,239.2,20.7,9,,2022-12-14T06:50:03,2022-12-14T18:32:39,0.71,Partially cloudy,Clearing in the afternoon.,partly-cloudy-day,"DNIB,NII0000DNIB,DNMM,NII0000DNMM,remote,65201099999,65100099999,NIM00065208,65208099999"
"Abeokuta, Ogun, Nigeria",2022-12-15,94.7,77.0,83.2,102.4,77.0,87.9,75.4,79.6,0.0,0,0.0,,0,0.0,19.9,6.9,210.9,1010.4,36.6,5.3,226.0,19.5,8,,2022-12-15T06:50:33,2022-12-15T18:33:06,0.74,Partially cloudy,Becoming cloudy in the afternoon.,partly-cloudy-day,"65210099999,DNIB,NII0000DNIB,NIM00065210,DNMM,NII0000DNMM,remote,65201099999,NIM00065208,65100099999,65208099999"
"Abeokuta, Ogun, Nigeria",2022-12-16,93.2,77.6,83.3,102.9,77.6,88.6,75.1,78.2,0.0,0,0.0,,0,0.0,17.7,11.4,210.0,1009.6,38.0,4.9,208.5,17.9,8,,2022-12-16T06:51:04,2022-12-16T18:33:34,0.75,Partially cloudy,Partly cloudy throughout the day.,partly-cloudy-day,"65210099999,DNIB,NII0000DNIB,NIM00065210,DNMM,NII0000DNMM,remote,65201099999,NIM00065208,65100099999,65208099999"
"Abeokuta, Ogun, Nigeria",2022-12-17,90.4,76.9,82.4,101.7,76.9,88.5,76.3,83.0,0.0,0,0.0,,0,0.0,19.7,10.3,212.8,1009.6,33.0,5.0,209.4,18.1,8,,2022-12-17T06:51:34,2022-12-17T18:34:02,0.8,Partially cloudy,Partly cloudy throughout the day.,partly-cloudy-day,"DNIB,NII0000DNIB,DNMM,NII0000DNMM,remote,65201099999,65100099999,NIM00065208,65208099999"
"Abeokuta, Ogun, Nigeria",2022-12-18,89.6,77.9,82.2,102.6,77.9,88.7,76.7,84.2,0.0,0,0.0,,0,0.0,16.6,8.1,226.1,1011.2,33.6,5.0,222.8,19.3,8,,2022-12-18T06:52:05,2022-12-18T18:34:30,0.84,Partially cloudy,Partly cloudy throughout the day.,partly-cloudy-day,"DNIB,NII0000DNIB,DNMM,NII0000DNMM,65201099999,NIM00065208,65100099999,65208099999"
"Abeokuta, Ogun, Nigeria",2022-12-19,97.1,73.4,82.5,94.8,73.4,83.2,66.9,64.0,0.0,0,0.0,,0,0.0,14.5,9.9,226.0,1010.4,22.8,4.7,247.6,21.3,9,,2022-12-19T06:52:35,2022-12-19T18:34:59,0.87,Partially cloudy,Partly cloudy throughout the day.,partly-cloudy-day,"65210099999,DNIB,NII0000DNIB,DNMM,NII0000DNMM,remote,65201099999,NIM00065208,65100099999,65208099999"
"Abeokuta, Ogun, Nigeria",2022-12-20,95.0,72.1,81.9,99.7,72.1,84.3,69.3,68.3,0.0,0,0.0,,0,0.0,15.7,8.1,182.2,1010.1,16.6,5.4,250.7,21.6,9,,2022-12-20T06:53:05,2022-12-20T18:35:28,0.9,Clear,Clear conditions throughout the day.,clear-day,"DNIB,NII0000DNIB,DNMM,remote,NII0000DNMM,65201099999,65100099999,NIM00065208,65208099999"
"Abeokuta, Ogun, Nigeria",2022-12-21,93.3,73.5,82.5,101.0,73.5,86.5,72.7,74.7,0.0,0,0.0,,0,0.0,17.2,7.8,200.8,1011.0,26.4,4.6,246.3,21.3,8,,2022-12-21T06:53:35,2022-12-21T18:35:58,0.94,Partially cloudy,Partly cloudy throughout the day.,partly-cloudy-day,"65210099999,DNIB,NII0000DNIB,NIM00065210,DNMM,NII0000DNMM,remote,65201099999,NIM00065208,65100099999,65208099999"
"Abeokuta, Ogun, Nigeria",2022-12-22,93.0,75.4,82.7,97.9,75.4,85.9,72.0,72.6,0.0,0,0.0,,0,0.0,13.6,8.1,290.7,1012.3,29.1,4.9,229.6,19.8,8,,2022-12-22T06:54:05,2022-12-22T18:36:28,0.97,Partially cloudy,Partly cloudy throughout the day.,partly-cloudy-day,"65210099999,DNIB,NII0000DNIB,DNMM,NII0000DNMM,65201099999,65100099999,NIM00065208,65208099999"
"Abeokuta, Ogun, Nigeria",2022-12-23,96.8,68.0,81.3,97.4,68.0,81.7,64.7,61.8,0.0,0,0.0,,0,0.0,17.2,13.9,59.5,1012.4,21.0,4.4,255.1,22.1,9,,2022-12-23T06:54:35,2022-12-23T18:36:58,0.0,Partially cloudy,Partly cloudy throughout the day.,partly-cloudy-day,"DNIB,NII0000DNIB,DNMM,NII0000DNMM,65201099999,NIM00065208,65100099999,65208099999"
"Abeokuta, Ogun, Nigeria",2022-12-24,92.5,70.6,80.2,92.3,70.6,80.0,59.6,51.7,0.0,0,0.0,,0,0.0,16.3,12.4,28.0,1012.4,19.0,4.5,255.8,22.2,9,,2022-12-24T06:55:04,2022-12-24T18:37:28,0.04,Clear,Clear conditions throughout the day.,clear-day,"65210099999,DNIB,NII0000DNIB,NIM00065210,DNMM,NII0000DNMM,65201099999,65100099999,NIM00065208,65208099999"
"Abeokuta, Ogun, Nigeria",2022-12-25,94.1,68.0,79.9,94.3,68.0,79.8,60.0,54.5,0.0,0,0.0,,0,0.0,17.2,11.4,43.0,1012.7,15.5,3.8,257.7,22.2,9,,2022-12-25T06:55:33,2022-12-25T18:37:59,0.07,Clear,Clear conditions throughout the day.,clear-day,"65210099999,DNIB,NII0000DNIB,NIM00065210,DNMM,NII0000DNMM,remote,65201099999,NIM00065208,65100099999,65208099999"
"Abeokuta, Ogun, Nigeria",2022-12-26,91.4,69.9,81.1,91.5,69.9,81.0,60.6,51.8,0.0,0,0.0,,0,0.0,15.0,9.2,32.9,1013.0,12.9,3.8,255.0,22.2,9,,2022-12-26T06:56:02,2022-12-26T18:38:29,0.1,Clear,Clear conditions throughout the day.,clear-day,"DNIB,NII0000DNIB,DNMM,NII0000DNMM,65201099999,65100099999,NIM00065208,65208099999"
"Abeokuta, Ogun, Nigeria",2022-12-27,93.2,69.8,81.3,94.3,69.8,81.3,63.1,57.3,0.0,0,0.0,,0,0.0,17.7,15.0,56.0,1012.9,14.0,3.6,253.9,22.1,9,,2022-12-27T06:56:30,2022-12-27T18:39:00,0.14,Clear,Clear conditions throughout the day.,clear-day,"65210099999,DNIB,NII0000DNIB,NIM00065210,DNMM,NII0000DNMM,65201099999,65100099999"
"Abeokuta, Ogun, Nigeria",2022-12-28,95.6,69.8,82.2,96.1,69.8,82.6,63.2,56.1,0.0,0,0.0,,0,0.0,15.0,16.1,87.4,1012.4,13.5,2.9,257.4,22.3,9,,2022-12-28T06:56:58,2022-12-28T18:39:31,0.17,Clear,Clear conditions throughout the day.,clear-day,"DNIB,NII0000DNIB,DNMM,NII0000DNMM,65201099999,65100099999,NIM00065208,65208099999"
"Abeokuta, Ogun, Nigeria",2022-12-29,93.2,70.4,81.4,97.7,70.4,83.2,68.4,66.8,0.0,0,0.0,,0,0.0,17.4,6.9,174.4,1012.1,15.1,3.2,258.6,22.3,9,,2022-12-29T06:57:25,2022-12-29T18:40:02,0.21,Clear,Clear conditions throughout the day.,clear-day,"65210099999,DNIB,NII0000DNIB,DNMM,NII0000DNMM,65201099999,NIM00065208,65100099999,65208099999"
"Abeokuta, Ogun, Nigeria",2022-12-30,94.0,72.8,82.0,94.2,72.8,82.3,64.5,60.1,0.0,0,0.0,,0,0.0,17.0,9.2,55.9,1012.6,15.9,2.9,259.8,22.4,9,,2022-12-30T06:57:52,2022-12-30T18:40:34,0.25,Clear,Clear conditions throughout the day.,clear-day,"65210099999,DNIB,NII0000DNIB,DNMM,NII0000DNMM,remote,65201099999,NIM00065208,65100099999,65208099999"
"Abeokuta, Ogun, Nigeria",2022-12-31,95.0,72.0,81.7,93.4,72.0,81.3,59.5,50.2,0.0,0,0.0,,0,0.0,16.6,13.9,6.2,1012.8,13.5,2.6,261.8,22.5,9,,2022-12-31T06:58:18,2022-12-31T18:41:05,0.28,Clear,Clear conditions throughout the day.,clear-day,"DNIB,NII0000DNIB,DNMM,NII0000DNMM,65201099999,65100099999,NIM00065208,65208099999"
