name,datetime,tempmax,tempmin,temp,feelslikemax,feelslikemin,feelslike,dew,humidity,precip,precipprob,precipcover,preciptype,snow,snowdepth,windgust,windspeed,winddir,sealevelpressure,cloudcover,visibility,solarradiation,solarenergy,uvindex,severerisk,sunrise,sunset,moonphase,conditions,description,icon,stations
"Abeokuta, Ogun, Nigeria",2019-01-01,98.3,76.8,84.9,109.1,76.8,91.1,75.4,76.2,0.0,0,0.0,,0,0,16.8,9.2,324.2,1014.1,28.7,2.7,256.0,22.2,9,,2019-01-01T06:58:41,2019-01-01T18:41:33,0.84,Partially cloudy,Partly cloudy throughout the day.,partly-cloudy-day,"65210099999,65202099999,DNMM,65201099999"
"Abeokuta, Ogun, Nigeria",2019-01-02,93.3,75.2,83.9,107.5,75.2,90.0,75.0,77.4,0.0,0,0.0,,0,0,14.8,11.4,216.3,1013.9,34.2,2.7,246.8,21.5,9,,2019-01-02T06:59:07,2019-01-02T18:42:04,0.87,Partially cloudy,Partly cloudy throughout the day.,partly-cloudy-day,"65210099999,65213099999,DNMM,remote,65201099999"
"Abeokuta, Ogun, Nigeria",2019-01-03,94.0,73.5,83.6,102.7,73.5,89.1,73.7,74.3,0.0,0,0.0,,0,0,15.4,9.1,290.7,1012.8,25.9,2.8,247.9,21.4,9,,2019-01-03T06:59:31,2019-01-03T18:42:35,0.91,Partially cloudy,Partly cloudy throughout the day.,partly-cloudy-day,"65213099999,DNIB,65202099999,DNMM,65201099999,65100099999,65208099999"
"Abeokuta, Ogun, Nigeria",2019-01-04,97.4,75.6,84.7,107.5,75.6,88.5,71.1,69.3,0.0,0,0.0,,0,0,14.8,8.1,339.0,1012.5,25.5,2.3,250.7,21.6,9,,2019-01-04T06:59:55,2019-01-04T18:43:06,0.94,Partially cloudy,Partly cloudy throughout the day.,partly-cloudy-day,"DNIB,DNMM,remote,65201099999,65100099999,65208099999"
"Abeokuta, Ogun, Nigeria",2019-01-05,98.6,73.7,85.7,104.2,73.7,85.5,61.9,54.7,0.0,0,0.0,,0,0,16.8,10.3,32.0,1012.1,21.3,2.6,254.5,21.8,9,,2019-01-05T07:00:19,2019-01-05T18:43:37,0.98,Partially cloudy,Partly cloudy throughout the day.,partly-cloudy-day,"DNMM,remote,65201099999,65208099999"
"Abeokuta, Ogun, Nigeria",2019-01-06,95.0,72.4,82.3,107.4,72.4,86.6,70.7,69.7,0.0,0,0.0,,0,0,17.7,11.4,139.0,1012.8,30.2,2.6,253.9,21.9,9,,2019-01-06T07:00:41,2019-01-06T18:44:08,0.0,Partially cloudy,Partly cloudy throughout the day.,partly-cloudy-day,"65210099999,DNIB,DNMM,remote,65201099999,65100099999,65208099999"
"Abeokuta, Ogun, Nigeria",2019-01-07,92.7,75.2,82.8,100.3,75.2,86.8,71.9,74.0,0.0,0,0.0,,0,0,15.4,26.4,276.1,1012.4,26.6,2.7,243.9,21.1,9,,2019-01-07T07:01:03,2019-01-07T18:44:38,0.05,Partially cloudy,Clearing in the afternoon.,partly-cloudy-day,"65210099999,DNMM,remote,65201099999"
"Abeokuta, Ogun, Nigeria",2019-01-08,95.0,73.3,82.7,105.2,73.3,87.4,73.7,76.9,0.0,0,0.0,,0,0,15.2,9.2,12.6,1012.0,19.8,2.2,254.7,21.9,9,,2019-01-08T07:01:25,2019-01-08T18:45:08,0.08,Clear,Clear conditions throughout the day.,clear-day,"65210099999,65202099999,DNMM,remote,65201099999"
"Abeokuta, Ogun, Nigeria",2019-01-09,95.1,73.4,83.4,99.7,73.4,85.8,70.6,69.5,0.0,0,0.0,,0,0,17.9,8.8,111.1,1011.5,17.4,1.8,256.6,22.2,9,,2019-01-09T07:01:45,2019-01-09T18:45:38,0.11,Clear,Clear conditions throughout the day.,clear-day,"65210099999,DNIB,65202099999,DNMM,remote,65201099999,65100099999,65208099999"
"Abeokuta, Ogun, Nigeria",2019-01-10,95.0,77.0,83.7,107.4,77.0,89.1,73.6,73.2,0.0,0,0.0,,0,0,19.0,6.9,182.5,1011.4,31.1,2.1,223.7,19.4,8,,2019-01-10T07:02:05,2019-01-10T18:46:08,0.15,Partially cloudy,Partly cloudy throughout the day.,partly-cloudy-day,"65210099999,DNIB,DNMM,65201099999,65100099999,65208099999"
"Abeokuta, Ogun, Nigeria",2019-01-11,95.4,77.0,85.1,110.0,77.0,91.5,75.0,75.0,0.0,0,0.0,,0,0,17.0,12.8,162.0,1010.8,46.6,2.3,226.7,19.4,8,,2019-01-11T07:02:24,2019-01-11T18:46:37,0.18,Partially cloudy,Partly cloudy throughout the day.,partly-cloudy-day,"65210099999,65213099999,DNMM,remote,65201099999"
"Abeokuta, Ogun, Nigeria",2019-01-12,95.0,77.0,84.6,110.0,77.0,93.5,77.3,80.0,0.0,0,0.0,,0,0,19.9,9.2,220.2,1011.0,36.1,2.5,249.7,21.4,9,,2019-01-12T07:02:42,2019-01-12T18:47:06,0.21,Partially cloudy,Partly cloudy throughout the day.,partly-cloudy-day,"65202099999,DNMM,remote,65201099999"
"Abeokuta, Ogun, Nigeria",2019-01-13,95.0,77.1,84.5,110.0,77.1,93.7,77.6,80.9,0.0,0,0.0,,0,0,17.9,12.8,192.7,1012.1,46.5,3.5,227.4,19.8,8,,2019-01-13T07:03:00,2019-01-13T18:47:34,0.24,Partially cloudy,Partly cloudy throughout the day.,partly-cloudy-day,"65210099999,DNMM,65201099999"
"Abeokuta, Ogun, Nigeria",2019-01-14,92.0,78.8,84.0,105.2,78.8,93.2,77.7,82.4,0.0,0,0.0,,0,0,17.9,11.2,214.9,1013.2,32.2,4.1,199.0,17.0,7,,2019-01-14T07:03:16,2019-01-14T18:48:02,0.25,Partially cloudy,Partly cloudy throughout the day.,partly-cloudy-day,"65210099999,DNIB,DNMM,65201099999,65100099999,65208099999"
"Abeokuta, Ogun, Nigeria",2019-01-15,93.7,78.4,85.2,110.4,78.4,94.3,76.8,77.4,0.0,0,0.0,,0,0,20.8,13.9,214.0,1012.3,51.4,4.3,210.0,18.2,8,,2019-01-15T07:03:32,2019-01-15T18:48:30,0.31,Partially cloudy,Partly cloudy throughout the day.,partly-cloudy-day,"DNIB,65202099999,DNMM,remote,65201099999,65100099999,65208099999"
"Abeokuta, Ogun, Nigeria",2019-01-16,93.8,78.8,84.8,108.6,78.8,93.7,77.4,80.1,0.0,0,0.0,,0,0,18.8,6.9,239.7,1012.0,47.4,4.3,224.0,19.4,8,,2019-01-16T07:03:46,2019-01-16T18:48:57,0.34,Partially cloudy,Partly cloudy throughout the day.,partly-cloudy-day,"65210099999,DNIB,65213099999,DNMM,65201099999,65100099999,65208099999"
"Abeokuta, Ogun, Nigeria",2019-01-17,95.0,78.2,84.8,110.4,78.2,94.3,77.6,80.3,0.0,0,0.0,,0,0,24.4,22.4,200.4,1011.8,44.8,4.7,219.0,19.0,8,,2019-01-17T07:04:00,2019-01-17T18:49:24,0.38,Partially cloudy,Partly cloudy throughout the day.,partly-cloudy-day,"65210099999,DNIB,DNMM,65201099999,65100099999,65208099999"
"Abeokuta, Ogun, Nigeria",2019-01-18,93.7,78.8,85.0,110.4,78.8,94.6,77.4,79.5,0.0,0,0.0,,0,0,23.5,11.7,193.9,1012.4,52.2,5.2,222.0,19.3,8,,2019-01-18T07:04:13,2019-01-18T18:49:50,0.41,Partially cloudy,Partly cloudy throughout the day.,partly-cloudy-day,"DNIB,DNMM,65201099999,65100099999,65208099999"
"Abeokuta, Ogun, Nigeria",2019-01-19,94.2,77.0,84.3,107.7,77.0,91.4,76.1,78.1,0.0,0,0.0,,0,0,17.2,11.4,209.5,1012.9,49.7,5.7,218.4,18.7,8,,2019-01-19T07:04:25,2019-01-19T18:50:16,0.44,Partially cloudy,Partly cloudy throughout the day.,partly-cloudy-day,"DNIB,DNMM,65201099999,65100099999,65208099999"
"Abeokuta, Ogun, Nigeria",2019-01-20,89.6,73.4,81.5,105.2,73.4,88.6,77.2,87.5,1.378,100,4.17,rain,0,0,18.6,13.9,238.9,1013.8,51.7,5.7,210.4,18.2,8,,2019-01-20T07:04:37,2019-01-20T18:50:41,0.47,"Rain, Partially cloudy",Partly cloudy throughout the day with late afternoon rain.,rain,"65210099999,65213099999,DNMM,65201099999"
"Abeokuta, Ogun, Nigeria",2019-01-21,92.4,77.0,82.6,107.8,77.0,88.2,76.3,82.7,0.0,0,0.0,,0,0,18.8,10.3,223.1,1013.2,56.0,4.6,211.9,18.4,8,,2019-01-21T07:04:47,2019-01-21T18:51:05,0.5,Partially cloudy,Partly cloudy throughout the day.,partly-cloudy-day,"65210099999,DNIB,65202099999,DNMM,remote,65201099999,65100099999,65208099999"
"Abeokuta, Ogun, Nigeria",2019-01-22,93.7,76.2,83.7,110.4,76.2,90.3,76.1,79.6,0.012,100,4.17,rain,0,0,19.5,8.1,207.5,1012.1,53.6,5.3,226.6,19.6,9,,2019-01-22T07:04:56,2019-01-22T18:51:29,0.54,"Rain, Partially cloudy",Partly cloudy throughout the day with early morning rain.,rain,"65210099999,DNIB,DNMM,65201099999,65100099999,65208099999"
"Abeokuta, Ogun, Nigeria",2019-01-23,92.7,80.5,85.2,112.1,87.5,97.6,79.0,82.6,0.0,0,0.0,,0,0,22.4,10.3,207.5,1012.0,59.0,5.7,216.7,18.8,8,,2019-01-23T07:05:04,2019-01-23T18:51:53,0.58,Partially cloudy,Partly cloudy throughout the day.,partly-cloudy-day,"65210099999,DNIB,65202099999,DNMM,65201099999,65100099999,65208099999"
"Abeokuta, Ogun, Nigeria",2019-01-24,86.4,75.2,79.9,96.5,75.2,85.0,76.5,89.7,0.039,100,4.17,rain,0,0,20.8,19.8,222.4,1011.8,60.5,5.0,158.2,13.7,6,,2019-01-24T07:05:12,2019-01-24T18:52:16,0.61,"Rain, Partially cloudy",Partly cloudy throughout the day with afternoon rain.,rain,"65210099999,DNIB,DNMM,remote,65201099999,65100099999,65208099999"
"Abeokuta, Ogun, Nigeria",2019-01-25,94.0,71.9,82.0,107.8,71.9,87.9,74.9,80.9,0.028,100,4.17,rain,0,0,21.7,9.2,200.9,1012.0,59.4,5.0,228.8,19.7,8,,2019-01-25T07:05:18,2019-01-25T18:52:38,0.64,"Rain, Partially cloudy",Partly cloudy throughout the day with afternoon rain.,rain,"65210099999,DNIB,DNMM,remote,65201099999,65100099999"
"Abeokuta, Ogun, Nigeria",2019-01-26,95.3,77.3,84.6,110.9,77.3,91.6,76.1,77.6,0.0,0,0.0,,0,0,21.3,10.3,217.9,1011.9,55.7,5.1,229.6,19.9,9,,2019-01-26T07:05:24,2019-01-26T18:53:00,0.68,Partially cloudy,Partly cloudy throughout the day.,partly-cloudy-day,"65210099999,DNIB,DNMM,remote,65201099999,65100099999,65208099999"
"Abeokuta, Ogun, Nigeria",2019-01-27,92.2,76.9,83.7,102.5,76.9,91.0,76.6,80.8,0.012,100,8.33,rain,0,0,20.4,9.4,196.5,1011.8,59.2,5.9,209.6,18.1,8,,2019-01-27T07:05:28,2019-01-27T18:53:21,0.75,"Rain, Partially cloudy",Partly cloudy throughout the day with rain clearing later.,rain,"65210099999,DNIB,65202099999,DNMM,remote,65201099999,65100099999,65208099999"
"Abeokuta, Ogun, Nigeria",2019-01-28,87.3,76.2,82.0,101.9,76.2,89.4,77.8,87.7,2.008,100,4.17,rain,0,0,18.3,11.4,213.2,1011.6,60.8,5.4,140.5,12.1,6,,2019-01-28T07:05:32,2019-01-28T18:53:41,0.75,"Rain, Partially cloudy",Partly cloudy throughout the day with late afternoon rain.,rain,"DNIB,DNMM,remote,65201099999,65100099999,65208099999"
"Abeokuta, Ogun, Nigeria",2019-01-29,86.4,77.0,81.0,101.9,77.0,85.5,76.5,86.6,0.0,0,0.0,,0,0,19.5,7.5,190.6,1011.3,55.8,4.3,200.1,17.4,7,,2019-01-29T07:05:34,2019-01-29T18:54:01,0.78,Partially cloudy,Partly cloudy throughout the day.,partly-cloudy-day,"65210099999,DNIB,65202099999,DNMM,remote,65201099999,65100099999,65208099999"
"Abeokuta, Ogun, Nigeria",2019-01-30,91.1,73.4,81.5,101.3,73.4,86.6,75.3,83.0,1.693,100,4.17,rain,0,0,14.3,11.4,178.3,1011.7,49.7,5.5,175.7,15.2,7,,2019-01-30T07:05:36,2019-01-30T18:54:20,0.82,"Rain, Partially cloudy",Partly cloudy throughout the day with morning rain.,rain,"65210099999,65213099999,DNIB,DNMM,65201099999,65100099999,65208099999"
"Abeokuta, Ogun, Nigeria",2019-01-31,92.2,78.0,83.8,107.8,78.0,90.9,76.6,80.6,0.008,100,4.17,rain,0,0,15.2,9.8,230.7,1011.4,56.2,4.8,225.8,19.6,8,,2019-01-31T07:05:36,2019-01-31T18:54:38,0.85,"Rain, Partially cloudy",Partly cloudy throughout the day with late afternoon rain.,rain,"DNIB,DNMM,65201099999,65100099999,65208099999"
"Abeokuta, Ogun, Nigeria",2019-02-01,93.2,78.7,84.2,113.5,78.7,92.3,77.2,80.6,0.0,0,0.0,,0,0,21.5,35.3,248.2,1011.6,53.5,6.3,194.8,16.8,8,,2019-02-01T07:05:36,2019-02-01T18:54:56,0.88,Partially cloudy,Partly cloudy throughout the day.,wind,"65210099999,DNIB,DNMM,65201099999,65100099999,65208099999"
"Abeokuta, Ogun, Nigeria",2019-02-02,86.2,78.8,81.9,98.3,78.8,90.2,78.1,88.8,0.354,100,4.17,rain,0,0,16.8,16.1,221.1,1011.3,54.5,5.5,135.3,11.8,6,,2019-02-02T07:05:35,2019-02-02T18:55:12,0.92,"Rain, Partially cloudy",Partly cloudy throughout the day with afternoon rain.,rain,"DNIB,DNMM,remote,65201099999,65100099999,65208099999"
"Abeokuta, Ogun, Nigeria",2019-02-03,91.4,77.0,83.3,110.9,77.0,91.6,78.1,85.4,0.315,100,4.17,rain,0,0,21.0,8.1,270.5,1011.2,47.8,5.0,212.7,18.2,8,,2019-02-03T07:05:32,2019-02-03T18:55:29,0.95,"Rain, Partially cloudy",Partly cloudy throughout the day with early morning rain.,rain,"DNIB,DNMM,65201099999,65100099999,65208099999"
"Abeokuta, Ogun, Nigeria",2019-02-04,93.7,78.6,84.3,108.1,78.6,93.8,78.0,82.7,0.0,0,0.0,,0,0,20.8,8.1,244.2,1011.2,50.2,5.6,220.3,18.9,9,,2019-02-04T07:05:29,2019-02-04T18:55:44,0.0,Partially cloudy,Partly cloudy throughout the day.,partly-cloudy-day,"65210099999,DNIB,DNMM,65201099999,65100099999,65208099999"
"Abeokuta, Ogun, Nigeria",2019-02-05,93.2,78.5,83.7,110.4,78.5,92.2,78.3,84.6,0.0,0,0.0,,0,0,20.1,20.8,222.2,1011.8,54.8,5.6,227.1,19.8,9,,2019-02-05T07:05:25,2019-02-05T18:55:59,0.02,Partially cloudy,Partly cloudy throughout the day.,partly-cloudy-day,"65213099999,DNIB,DNMM,remote,65201099999,65100099999,65208099999"
"Abeokuta, Ogun, Nigeria",2019-02-06,93.2,78.8,84.8,113.5,78.8,95.8,78.5,82.4,0.0,0,0.0,,0,0,20.1,10.3,199.0,1010.9,51.2,5.3,216.8,18.8,8,,2019-02-06T07:05:20,2019-02-06T18:56:13,0.05,Partially cloudy,Partly cloudy throughout the day.,partly-cloudy-day,"65210099999,DNIB,65202099999,DNMM,remote,65201099999,65100099999,65208099999"
"Abeokuta, Ogun, Nigeria",2019-02-07,93.2,78.7,84.4,109.9,78.7,94.4,78.0,82.6,0.051,100,8.33,rain,0,0,16.6,10.5,234.2,1009.9,49.6,5.0,214.7,18.6,8,,2019-02-07T07:05:14,2019-02-07T18:56:27,0.09,"Rain, Partially cloudy",Partly cloudy throughout the day with rain.,rain,"65210099999,DNIB,DNMM,remote,65201099999,65100099999,65208099999"
"Abeokuta, Ogun, Nigeria",2019-02-08,90.2,77.0,82.4,100.3,77.0,87.5,76.2,83.0,0.315,100,4.17,rain,0,0,17.0,12.8,216.9,1010.0,65.0,4.8,211.0,18.3,7,,2019-02-08T07:05:07,2019-02-08T18:56:40,0.12,"Rain, Partially cloudy",Partly cloudy throughout the day with late afternoon rain.,rain,"DNIB,DNMM,remote,65201099999,65100099999,65208099999"
"Abeokuta, Ogun, Nigeria",2019-02-09,96.3,76.7,84.7,103.6,76.7,88.7,73.0,71.8,0.0,0,0.0,,0,0,19.2,8.4,210.7,1009.0,39.2,4.4,249.3,21.6,9,,2019-02-09T07:04:59,2019-02-09T18:56:52,0.15,Partially cloudy,Partly cloudy throughout the day.,partly-cloudy-day,"65210099999,DNIB,DNMM,remote,65201099999,65100099999,65208099999"
"Abeokuta, Ogun, Nigeria",2019-02-10,99.6,78.4,84.7,99.2,78.4,87.9,69.7,66.4,0.0,0,0.0,,0,0,14.3,11.4,25.8,1009.8,30.4,2.6,268.6,23.2,9,,2019-02-10T07:04:50,2019-02-10T18:57:03,0.19,Partially cloudy,Partly cloudy throughout the day.,partly-cloudy-day,"65210099999,DNIB,DNMM,remote,65201099999,65100099999,65208099999"
"Abeokuta, Ogun, Nigeria",2019-02-11,93.8,75.0,83.0,98.7,75.0,85.0,69.0,66.6,0.0,0,0.0,,0,0,15.9,4.9,251.7,1010.3,37.2,2.7,272.9,23.7,9,,2019-02-11T07:04:41,2019-02-11T18:57:14,0.22,Partially cloudy,Partly cloudy throughout the day.,partly-cloudy-day,"DNIB,DNMM,remote,65201099999,65100099999,65208099999"
"Abeokuta, Ogun, Nigeria",2019-02-12,93.7,75.2,83.7,102.0,75.2,87.1,71.5,70.5,0.0,0,0.0,,0,0,16.1,15.0,334.0,1011.0,32.4,2.9,271.0,23.5,9,,2019-02-12T07:04:30,2019-02-12T18:57:24,0.25,Partially cloudy,Partly cloudy throughout the day.,partly-cloudy-day,"65210099999,65213099999,DNIB,DNMM,remote,65201099999,65100099999,65208099999"
"Abeokuta, Ogun, Nigeria",2019-02-13,92.9,77.3,84.5,104.6,77.3,91.0,75.2,76.2,0.0,0,0.0,,0,0,19.9,9.2,187.1,1011.7,49.1,2.7,245.1,21.1,9,,2019-02-13T07:04:19,2019-02-13T18:57:33,0.29,Partially cloudy,Partly cloudy throughout the day.,partly-cloudy-day,"65210099999,DNIB,DNMM,remote,65201099999,65100099999"
"Abeokuta, Ogun, Nigeria",2019-02-14,93.7,78.8,85.1,108.1,78.8,94.4,77.2,78.8,0.0,0,0.0,,0,0,18.6,9.2,240.0,1013.0,60.2,2.9,233.0,20.2,8,,2019-02-14T07:04:07,2019-02-14T18:57:42,0.32,Partially cloudy,Partly cloudy throughout the day.,partly-cloudy-day,"DNIB,DNMM,remote,65201099999,65100099999,65208099999"
"Abeokuta, Ogun, Nigeria",2019-02-15,93.7,79.4,85.1,102.4,79.4,91.1,73.4,71.4,0.0,0,0.0,,0,0,16.8,11.4,354.7,1013.4,39.2,2.4,246.4,21.4,9,,2019-02-15T07:03:54,2019-02-15T18:57:50,0.36,Partially cloudy,Partly cloudy throughout the day.,partly-cloudy-day,"65210099999,DNIB,65202099999,DNMM,remote,65201099999,65100099999,65208099999"
"Abeokuta, Ogun, Nigeria",2019-02-16,95.0,77.0,84.1,98.5,77.0,86.0,70.0,68.6,0.0,0,0.0,,0,0,20.4,11.3,183.5,1012.9,25.1,1.8,260.9,22.6,9,,2019-02-16T07:03:40,2019-02-16T18:57:57,0.39,Partially cloudy,Partly cloudy throughout the day.,partly-cloudy-day,"DNIB,DNMM,remote,65201099999,65100099999,65208099999"
"Abeokuta, Ogun, Nigeria",2019-02-17,93.2,77.0,84.2,110.4,77.0,91.6,76.0,77.4,0.0,0,0.0,,0,0,15.9,8.1,203.7,1012.4,24.5,2.1,232.1,20.0,8,,2019-02-17T07:03:25,2019-02-17T18:58:04,0.43,Partially cloudy,Partly cloudy throughout the day.,partly-cloudy-day,"DNIB,65202099999,DNMM,65201099999,65100099999,65208099999"
"Abeokuta, Ogun, Nigeria",2019-02-18,92.9,79.8,85.4,110.9,79.8,96.4,78.2,80.6,0.0,0,0.0,,0,0,21.9,8.1,210.0,1011.5,37.2,3.3,238.2,20.4,9,,2019-02-18T07:03:10,2019-02-18T18:58:10,0.46,Partially cloudy,Partly cloudy throughout the day.,partly-cloudy-day,"DNIB,DNMM,remote,65201099999,65100099999,65208099999"
"Abeokuta, Ogun, Nigeria",2019-02-19,96.5,80.2,85.0,108.3,87.0,95.8,77.9,81.3,0.02,100,4.17,rain,0,0,24.2,10.3,213.2,1009.7,47.5,3.8,236.0,20.4,9,,2019-02-19T07:02:53,2019-02-19T18:58:16,0.5,"Rain, Partially cloudy",Partly cloudy throughout the day with afternoon rain.,rain,"DNIB,DNMM,remote,65201099999,65100099999,65208099999"
"Abeokuta, Ogun, Nigeria",2019-02-20,94.1,80.1,85.8,108.9,86.5,97.3,78.1,79.2,0.0,0,0.0,,0,0,20.8,10.2,221.7,1010.3,54.2,4.2,234.0,20.2,9,,2019-02-20T07:02:36,2019-02-20T18:58:21,0.53,Partially cloudy,Partly cloudy throughout the day.,partly-cloudy-day,"DNIB,DNMM,remote,65201099999,65100099999,65208099999"
"Abeokuta, Ogun, Nigeria",2019-02-21,96.9,81.0,86.4,112.9,89.5,99.3,78.9,79.8,0.0,0,0.0,,0,0,23.7,10.4,242.1,1012.3,46.1,5.0,240.3,20.7,9,,2019-02-21T07:02:19,2019-02-21T18:58:25,0.56,Partially cloudy,Partly cloudy throughout the day.,partly-cloudy-day,"65210099999,DNIB,65202099999,DNMM,remote,65201099999,65100099999,65208099999"
"Abeokuta, Ogun, Nigeria",2019-02-22,91.7,80.6,85.4,108.0,88.9,98.2,79.2,82.5,0.0,0,0.0,,0,0,22.4,12.8,233.7,1012.7,49.3,5.1,191.6,16.4,7,,2019-02-22T07:02:00,2019-02-22T18:58:29,0.59,Partially cloudy,Partly cloudy throughout the day.,partly-cloudy-day,"65210099999,DNIB,65202099999,DNMM,65201099999,65100099999,65208099999"
"Abeokuta, Ogun, Nigeria",2019-02-23,94.4,81.2,85.0,110.2,88.8,96.8,78.5,81.8,0.787,100,4.17,rain,0,0,20.1,11.4,232.5,1011.3,57.1,5.6,197.7,17.1,8,,2019-02-23T07:01:41,2019-02-23T18:58:32,0.63,"Rain, Partially cloudy",Partly cloudy throughout the day with late afternoon rain.,rain,"65210099999,DNIB,DNMM,remote,65201099999,65100099999"
"Abeokuta, Ogun, Nigeria",2019-02-24,84.2,73.4,77.7,98.3,73.4,81.5,75.6,93.5,1.929,100,4.17,rain,0,0,18.8,15.0,210.0,1010.3,58.2,4.9,156.0,13.5,7,,2019-02-24T07:01:21,2019-02-24T18:58:34,0.66,"Rain, Partially cloudy",Partly cloudy throughout the day with late afternoon rain.,rain,"65210099999,DNIB,DNMM,65201099999,65100099999"
"Abeokuta, Ogun, Nigeria",2019-02-25,93.8,73.3,80.4,112.3,73.3,85.4,75.2,85.7,0.004,100,4.17,rain,0,0,20.1,10.8,245.2,1009.8,49.7,4.7,199.2,17.2,6,,2019-02-25T07:01:01,2019-02-25T18:58:36,0.69,"Rain, Partially cloudy",Partly cloudy throughout the day with morning rain.,rain,"65210099999,DNIB,65213099999,65202099999,DNMM,remote,65201099999,65100099999"
"Abeokuta, Ogun, Nigeria",2019-02-26,87.8,75.1,78.4,102.4,75.1,80.0,75.5,91.1,0.276,100,4.17,rain,0,0,19.2,17.2,129.5,1011.3,59.1,5.1,168.7,14.7,7,,2019-02-26T07:00:40,2019-02-26T18:58:38,0.75,"Rain, Partially cloudy",Partly cloudy throughout the day with late afternoon rain.,rain,"DNIB,DNMM,65201099999,65100099999,65208099999"
"Abeokuta, Ogun, Nigeria",2019-02-27,90.9,75.2,80.9,102.2,75.2,85.8,75.1,83.6,0.181,100,20.83,rain,0,0,21.7,8.9,175.8,1011.2,69.7,5.1,191.6,16.7,7,,2019-02-27T07:00:18,2019-02-27T18:58:39,0.76,"Rain, Partially cloudy",Partly cloudy throughout the day with rain.,rain,"65210099999,65213099999,DNIB,DNMM,remote,65201099999,65100099999,65208099999"
"Abeokuta, Ogun, Nigeria",2019-02-28,92.2,77.0,82.4,105.2,77.0,88.4,76.7,84.1,0.118,100,4.17,rain,0,0,22.4,12.0,230.9,1012.4,56.8,5.0,229.1,19.6,9,,2019-02-28T06:59:56,2019-02-28T18:58:39,0.79,"Rain, Partially cloudy",Partly cloudy throughout the day with late afternoon rain.,rain,"65210099999,65213099999,DNIB,65202099999,DNMM,65201099999,65100099999,65208099999"
"Abeokuta, Ogun, Nigeria",2019-03-01,91.7,71.6,80.7,103.4,71.6,84.5,73.8,81.5,0.039,100,4.17,rain,0,0,15.2,9.2,257.4,1013.7,61.7,4.9,140.7,12.2,6,,2019-03-01T06:59:33,2019-03-01T18:58:39,0.83,"Rain, Partially cloudy",Partly cloudy throughout the day with afternoon rain.,rain,"DNIB,DNMM,remote,65201099999,65100099999,65208099999"
"Abeokuta, Ogun, Nigeria",2019-03-02,96.8,75.5,84.2,105.1,75.5,88.5,72.5,70.4,0.0,0,0.0,,0,0,16.1,21.0,250.2,1012.8,32.9,5.2,214.0,18.4,8,,2019-03-02T06:59:09,2019-03-02T18:58:39,0.86,Partially cloudy,Partly cloudy throughout the day.,partly-cloudy-day,"DNIB,DNMM,remote,65201099999,65100099999,65208099999"
"Abeokuta, Ogun, Nigeria",2019-03-03,92.5,78.3,84.4,107.1,78.3,92.9,76.9,79.0,0.0,0,0.0,,0,0,23.0,8.7,232.7,1013.1,52.0,5.8,253.9,22.0,9,,2019-03-03T06:58:46,2019-03-03T18:58:38,0.89,Partially cloudy,Partly cloudy throughout the day.,partly-cloudy-day,"65210099999,DNIB,65213099999,65202099999,DNMM,65201099999,65100099999,65208099999"
"Abeokuta, Ogun, Nigeria",2019-03-04,91.5,79.1,84.5,105.2,79.1,93.2,77.4,80.2,0.0,0,0.0,,0,0,23.7,11.4,233.7,1012.1,64.1,5.9,229.5,19.9,9,,2019-03-04T06:58:21,2019-03-04T18:58:37,0.93,Partially cloudy,Partly cloudy throughout the day.,partly-cloudy-day,"65210099999,DNIB,DNMM,remote,65201099999,65100099999,65208099999"
"Abeokuta, Ogun, Nigeria",2019-03-05,95.1,78.9,84.9,105.2,78.9,93.3,76.6,78.4,0.0,0,0.0,,0,0,17.9,22.9,219.3,1011.5,47.8,6.7,241.2,20.7,9,,2019-03-05T06:57:56,2019-03-05T18:58:35,0.96,Partially cloudy,Partly cloudy throughout the day.,partly-cloudy-day,"DNIB,DNMM,remote,65201099999,65100099999,65208099999"
"Abeokuta, Ogun, Nigeria",2019-03-06,88.4,75.2,80.8,105.2,75.2,87.5,77.2,89.1,1.496,100,4.17,rain,0,0,28.6,26.4,198.3,1012.9,62.1,5.4,216.8,18.8,9,,2019-03-06T06:57:31,2019-03-06T18:58:33,0.0,"Rain, Partially cloudy",Partly cloudy throughout the day with late afternoon rain.,rain,"DNIB,65202099999,DNMM,remote,65201099999,65100099999,65208099999"
"Abeokuta, Ogun, Nigeria",2019-03-07,90.4,73.1,81.3,102.1,73.1,86.4,74.8,82.0,0.0,0,0.0,,0,0,18.6,11.4,193.9,1012.9,53.3,4.8,186.9,16.3,7,,2019-03-07T06:57:05,2019-03-07T18:58:30,0.03,Partially cloudy,Partly cloudy throughout the day.,partly-cloudy-day,"DNIB,DNMM,remote,65201099999,65100099999,65208099999"
"Abeokuta, Ogun, Nigeria",2019-03-08,94.9,76.0,83.9,108.6,76.0,90.2,76.3,79.7,0.004,100,4.17,rain,0,0,22.6,9.2,197.2,1010.5,66.0,5.7,253.0,22.0,9,,2019-03-08T06:56:39,2019-03-08T18:58:28,0.06,"Rain, Partially cloudy",Partly cloudy throughout the day with afternoon rain.,rain,"DNMM,remote,65201099999,65208099999"
"Abeokuta, Ogun, Nigeria",2019-03-09,96.5,76.4,84.9,109.5,76.4,91.6,75.0,74.2,0.008,100,8.33,rain,0,0,19.7,13.0,234.5,1010.9,88.8,6.0,250.1,21.7,9,,2019-03-09T06:56:12,2019-03-09T18:58:24,0.1,"Rain, Partially cloudy",Partly cloudy throughout the day with afternoon rain.,rain,"DNMM,remote,65201099999,65208099999"
"Abeokuta, Ogun, Nigeria",2019-03-10,92.6,76.7,83.0,111.2,76.7,90.3,77.0,82.9,0.256,100,16.67,rain,0,0,20.6,7.3,205.8,1012.1,86.9,5.6,179.3,15.5,7,,2019-03-10T06:55:45,2019-03-10T18:58:21,0.13,"Rain, Partially cloudy",Partly cloudy throughout the day with rain.,rain,"DNMM,remote,65201099999,65208099999"
"Abeokuta, Ogun, Nigeria",2019-03-11,96.0,77.6,85.2,105.3,77.6,91.5,75.1,74.2,0.0,0,0.0,,0,0,20.8,10.2,209.8,1010.8,47.6,5.4,260.7,22.7,9,,2019-03-11T06:55:17,2019-03-11T18:58:17,0.17,Partially cloudy,Clearing in the afternoon.,partly-cloudy-day,"remote,65201099999,65208099999"
"Abeokuta, Ogun, Nigeria",2019-03-12,93.8,80.1,85.0,109.9,86.0,95.4,77.8,80.1,0.024,100,12.5,rain,0,0,18.6,8.7,210.1,1010.5,71.1,6.2,207.5,18.1,8,,2019-03-12T06:54:50,2019-03-12T18:58:13,0.2,"Rain, Partially cloudy",Partly cloudy throughout the day with rain.,rain,"DNIB,DNMM,remote,65201099999,65208099999"
"Abeokuta, Ogun, Nigeria",2019-03-13,93.1,80.2,85.4,107.5,86.3,96.2,77.6,78.6,0.028,100,4.17,rain,0,0,20.6,13.9,218.9,1010.2,58.5,6.1,226.6,19.8,8,,2019-03-13T06:54:22,2019-03-13T18:58:09,0.24,"Rain, Partially cloudy",Partly cloudy throughout the day with afternoon rain.,rain,"DNIB,DNMM,remote,65201099999,65100099999,65208099999"
"Abeokuta, Ogun, Nigeria",2019-03-14,93.2,78.0,83.7,110.4,78.0,91.9,77.1,81.6,0.004,100,4.17,rain,0,0,19.7,10.8,221.3,1009.4,66.0,6.1,180.1,15.7,6,,2019-03-14T06:53:53,2019-03-14T18:58:04,0.25,"Rain, Partially cloudy",Partly cloudy throughout the day with morning rain.,rain,"DNIB,DNMM,remote,65201099999,65100099999,65208099999"
"Abeokuta, Ogun, Nigeria",2019-03-15,93.2,80.6,85.5,110.4,88.1,97.8,79.0,82.2,0.0,0,0.0,,0,0,20.6,13.9,212.9,1010.3,52.5,6.1,234.8,20.3,9,,2019-03-15T06:53:25,2019-03-15T18:57:59,0.31,Partially cloudy,Partly cloudy throughout the day.,partly-cloudy-day,"DNIB,DNMM,remote,65201099999,65100099999,65208099999"
"Abeokuta, Ogun, Nigeria",2019-03-16,91.4,75.6,83.0,107.8,75.6,92.2,77.6,84.3,0.157,100,4.17,rain,0,0,21.3,10.3,204.6,1010.8,77.0,6.1,190.4,16.7,7,,2019-03-16T06:52:56,2019-03-16T18:57:54,0.34,"Rain, Partially cloudy",Partly cloudy throughout the day with late afternoon rain.,rain,"DNIB,65213099999,DNMM,remote,65201099999,65100099999,65208099999"
"Abeokuta, Ogun, Nigeria",2019-03-17,91.1,75.3,81.7,99.3,75.3,85.9,73.3,77.2,0.012,100,8.33,rain,0,0,17.0,9.2,218.1,1010.3,75.5,3.7,211.3,18.4,8,,2019-03-17T06:52:27,2019-03-17T18:57:49,0.37,"Rain, Partially cloudy",Partly cloudy throughout the day with rain.,rain,"remote,65208099999"
"Abeokuta, Ogun, Nigeria",2019-03-18,96.7,78.0,85.2,107.0,78.0,93.4,76.3,76.6,0.0,0,0.0,,0,0,19.5,11.7,216.8,1010.1,45.2,5.6,271.0,23.5,10,,2019-03-18T06:51:58,2019-03-18T18:57:43,0.41,Partially cloudy,Partly cloudy throughout the day.,partly-cloudy-day,"DNIB,DNMM,remote,65201099999,65100099999,65208099999"
"Abeokuta, Ogun, Nigeria",2019-03-19,93.5,80.4,85.8,110.4,87.5,97.2,77.9,78.4,0.0,0,0.0,,0,0,19.2,13.9,215.5,1009.4,43.0,6.1,235.8,20.3,9,,2019-03-19T06:51:28,2019-03-19T18:57:38,0.44,Partially cloudy,Partly cloudy throughout the day.,partly-cloudy-day,"DNIB,65202099999,DNMM,remote,65201099999,65100099999,65208099999"
"Abeokuta, Ogun, Nigeria",2019-03-20,95.0,80.5,86.0,116.1,87.5,98.6,78.8,80.2,0.0,0,0.0,,0,0,19.0,15.0,217.8,1009.8,47.1,5.8,231.4,20.1,9,,2019-03-20T06:50:59,2019-03-20T18:57:32,0.48,Partially cloudy,Partly cloudy throughout the day.,partly-cloudy-day,"DNIB,65202099999,DNMM,65201099999,65100099999,65208099999"
"Abeokuta, Ogun, Nigeria",2019-03-21,95.0,77.8,85.4,110.5,77.8,96.5,78.2,80.2,0.016,100,4.17,rain,0,0,17.2,15.8,214.2,1009.0,50.3,6.0,216.7,18.9,8,,2019-03-21T06:50:29,2019-03-21T18:57:26,0.5,"Rain, Partially cloudy",Partly cloudy throughout the day with late afternoon rain.,rain,"65210099999,DNIB,65202099999,DNMM,remote,65201099999,65100099999,65208099999"
"Abeokuta, Ogun, Nigeria",2019-03-22,92.2,74.9,81.1,103.9,74.9,85.2,73.7,79.4,0.118,100,8.33,rain,0,0,16.6,9.2,230.1,1009.5,77.5,5.7,143.2,12.4,5,,2019-03-22T06:49:59,2019-03-22T18:57:20,0.55,"Rain, Partially cloudy",Partly cloudy throughout the day with rain.,rain,"DNIB,DNMM,remote,65201099999,65100099999,65208099999"
"Abeokuta, Ogun, Nigeria",2019-03-23,93.5,77.0,84.2,108.5,77.0,92.5,76.5,78.6,0.0,0,0.0,,0,0,18.1,11.4,227.9,1010.8,51.2,6.0,217.8,18.9,8,,2019-03-23T06:49:29,2019-03-23T18:57:14,0.58,Partially cloudy,Partly cloudy throughout the day.,partly-cloudy-day,"DNIB,DNMM,65201099999,65100099999,65208099999"
"Abeokuta, Ogun, Nigeria",2019-03-24,89.6,78.8,83.6,105.2,78.8,93.6,77.9,83.4,0.0,0,0.0,,0,0,21.0,13.4,218.7,1011.2,57.8,6.0,235.0,20.2,9,,2019-03-24T06:48:59,2019-03-24T18:57:08,0.61,Partially cloudy,Partly cloudy throughout the day.,partly-cloudy-day,"DNIB,65202099999,DNMM,65201099999,65100099999,65208099999"
"Abeokuta, Ogun, Nigeria",2019-03-25,91.7,78.3,84.3,107.8,78.3,92.2,76.8,79.3,0.004,100,4.17,rain,0,0,20.4,15.0,214.2,1012.0,57.6,6.1,207.2,17.9,8,,2019-03-25T06:48:29,2019-03-25T18:57:02,0.64,"Rain, Partially cloudy",Partly cloudy throughout the day with morning rain.,rain,"DNIB,DNMM,remote,65201099999,65100099999,65208099999"
"Abeokuta, Ogun, Nigeria",2019-03-26,93.5,78.1,85.1,109.8,78.1,94.5,76.9,77.4,0.0,0,0.0,,0,0,16.8,15.0,218.6,1011.8,50.4,6.2,261.3,22.5,9,,2019-03-26T06:47:59,2019-03-26T18:56:55,0.68,Partially cloudy,Partly cloudy throughout the day.,partly-cloudy-day,"DNIB,DNMM,remote,65201099999,65100099999,65208099999"
"Abeokuta, Ogun, Nigeria",2019-03-27,95.0,78.7,85.5,112.9,78.7,96.3,77.9,79.2,0.0,0,0.0,,0,0,17.4,12.8,231.4,1012.1,56.8,6.0,246.4,21.4,9,,2019-03-27T06:47:29,2019-03-27T18:56:49,0.71,Partially cloudy,Partly cloudy throughout the day.,partly-cloudy-day,"DNIB,DNMM,remote,65201099999,65208099999"
"Abeokuta, Ogun, Nigeria",2019-03-28,97.4,79.8,86.5,113.5,79.8,97.2,77.7,76.7,0.031,100,4.17,rain,0,0,19.5,11.4,216.4,1010.9,71.3,5.9,250.2,21.5,9,,2019-03-28T06:46:59,2019-03-28T18:56:43,0.75,"Rain, Partially cloudy",Partly cloudy throughout the day with afternoon rain.,rain,"DNMM,remote,65201099999,65208099999"
"Abeokuta, Ogun, Nigeria",2019-03-29,94.9,82.2,86.6,112.7,93.3,101.2,79.8,81.1,0.0,0,0.0,,0,0,25.1,12.8,212.9,1011.8,52.6,6.3,214.5,18.5,9,,2019-03-29T06:46:29,2019-03-29T18:56:37,0.77,Partially cloudy,Partly cloudy throughout the day.,partly-cloudy-day,"65210099999,65213099999,DNMM,65201099999,65208099999"
"Abeokuta, Ogun, Nigeria",2019-03-30,95.0,81.1,87.1,116.1,87.7,102.1,79.8,80.0,0.0,0,0.0,,0,0,24.4,17.2,234.2,1011.4,63.2,6.2,212.4,18.5,7,,2019-03-30T06:46:00,2019-03-30T18:56:31,0.81,Partially cloudy,Partly cloudy throughout the day.,partly-cloudy-day,"DNMM,remote,65201099999"
"Abeokuta, Ogun, Nigeria",2019-03-31,93.2,76.9,84.7,108.8,76.9,95.0,78.0,81.4,0.0,0,0.0,,0,0,21.7,12.8,207.7,1010.5,63.0,6.2,208.0,18.0,8,,2019-03-31T06:45:30,2019-03-31T18:56:24,0.84,Partially cloudy,Partly cloudy throughout the day.,partly-cloudy-day,"DNIB,65213099999,DNMM,remote,65201099999,65100099999,65208099999"
"Abeokuta, Ogun, Nigeria",2019-04-01,95.8,77.3,86.1,112.9,77.3,96.2,77.5,77.2,0.0,0,0.0,,0,0,19.0,13.5,204.1,1009.4,57.0,6.1,246.2,21.3,9,,2019-04-01T06:45:00,2019-04-01T18:56:18,0.87,Partially cloudy,Partly cloudy throughout the day.,partly-cloudy-day,"DNIB,DNMM,remote,65201099999,65100099999,65208099999"
"Abeokuta, Ogun, Nigeria",2019-04-02,95.2,79.8,86.3,112.9,79.8,98.0,78.2,78.0,0.0,0,0.0,,0,0,22.4,10.1,224.5,1009.5,56.3,6.2,269.0,23.1,9,,2019-04-02T06:44:31,2019-04-02T18:56:13,0.9,Partially cloudy,Partly cloudy throughout the day.,partly-cloudy-day,"DNIB,65202099999,DNMM,remote,65201099999,65100099999,65208099999"
"Abeokuta, Ogun, Nigeria",2019-04-03,95.0,80.6,86.8,113.5,87.1,101.1,79.6,80.2,0.008,100,8.33,rain,0,0,17.9,15.0,213.2,1009.6,54.6,6.3,230.0,19.9,9,,2019-04-03T06:44:01,2019-04-03T18:56:07,0.94,"Rain, Partially cloudy",Partly cloudy throughout the day with rain in the morning and afternoon.,rain,"65213099999,DNMM,remote,65201099999,65208099999"
"Abeokuta, Ogun, Nigeria",2019-04-04,95.3,75.2,85.9,112.9,75.2,97.8,78.4,79.8,0.0,0,0.0,,0,0,22.1,16.1,225.4,1008.8,55.7,5.8,250.1,21.5,10,,2019-04-04T06:43:32,2019-04-04T18:56:01,0.97,Partially cloudy,Partly cloudy throughout the day.,partly-cloudy-day,"DNIB,DNMM,remote,65201099999,65100099999,65208099999"
"Abeokuta, Ogun, Nigeria",2019-04-05,93.2,73.4,83.4,112.7,73.4,92.7,77.2,82.6,1.181,100,4.17,rain,0,0,20.6,18.3,245.2,1009.9,56.9,6.1,223.4,19.3,9,,2019-04-05T06:43:03,2019-04-05T18:55:55,0.0,"Rain, Partially cloudy",Partly cloudy throughout the day with morning rain.,rain,"DNIB,DNMM,remote,65201099999,65100099999"
"Abeokuta, Ogun, Nigeria",2019-04-06,93.2,80.3,86.1,113.5,87.1,100.1,79.6,81.7,0.004,100,4.17,rain,0,0,21.5,16.1,240.2,1010.5,56.8,6.1,209.3,17.9,8,,2019-04-06T06:42:34,2019-04-06T18:55:50,0.04,"Rain, Partially cloudy",Partly cloudy throughout the day with afternoon rain.,rain,"DNIB,DNMM,remote,65201099999,65100099999,65208099999"
"Abeokuta, Ogun, Nigeria",2019-04-07,91.4,73.4,81.8,114.4,73.4,90.3,77.4,87.1,1.457,100,8.33,rain,0,0,21.0,20.8,221.1,1011.9,61.5,5.9,188.5,16.2,7,,2019-04-07T06:42:06,2019-04-07T18:55:45,0.07,"Rain, Partially cloudy",Partly cloudy throughout the day with rain.,rain,"DNIB,DNMM,remote,65201099999,65100099999,65208099999"
"Abeokuta, Ogun, Nigeria",2019-04-08,92.2,75.2,82.9,107.8,75.2,89.6,75.6,80.2,0.004,100,4.17,rain,0,0,20.8,16.1,209.4,1011.7,52.1,5.1,143.4,12.5,7,,2019-04-08T06:41:37,2019-04-08T18:55:40,0.11,"Rain, Partially cloudy",Partly cloudy throughout the day with morning rain.,rain,"DNIB,65202099999,DNMM,65201099999,65100099999,65208099999"
"Abeokuta, Ogun, Nigeria",2019-04-09,95.0,79.4,85.2,112.9,79.4,96.3,78.5,81.7,0.0,0,0.0,,0,0,17.7,11.4,238.0,1011.4,54.3,6.1,248.0,21.4,9,,2019-04-09T06:41:09,2019-04-09T18:55:35,0.15,Partially cloudy,Partly cloudy throughout the day.,partly-cloudy-day,"DNIB,DNMM,65201099999,65100099999,65208099999"
"Abeokuta, Ogun, Nigeria",2019-04-10,93.2,76.6,84.5,114.4,76.6,94.9,78.2,82.2,0.0,0,0.0,,0,0,20.4,11.7,225.2,1010.6,53.5,6.1,179.5,15.6,7,,2019-04-10T06:40:42,2019-04-10T18:55:30,0.18,Partially cloudy,Partly cloudy throughout the day.,partly-cloudy-day,"DNIB,65202099999,DNMM,65201099999,65100099999,65208099999"
"Abeokuta, Ogun, Nigeria",2019-04-11,85.2,77.0,81.3,98.3,77.0,87.7,77.2,88.0,0.315,100,8.33,rain,0,0,17.2,12.8,181.9,1010.6,55.9,5.8,111.4,9.6,5,,2019-04-11T06:40:14,2019-04-11T18:55:26,0.22,"Rain, Partially cloudy",Partly cloudy throughout the day with rain in the morning and afternoon.,rain,"65210099999,DNIB,65202099999,DNMM,65201099999,65100099999,65208099999"
"Abeokuta, Ogun, Nigeria",2019-04-12,93.2,76.4,84.1,113.5,76.4,92.8,77.7,82.2,0.0,0,0.0,,0,0,20.1,16.1,208.9,1009.3,61.8,5.9,250.8,21.6,9,,2019-04-12T06:39:47,2019-04-12T18:55:22,0.25,Partially cloudy,Partly cloudy throughout the day.,partly-cloudy-day,"DNIB,DNMM,remote,65201099999,65100099999,65208099999"
"Abeokuta, Ogun, Nigeria",2019-04-13,89.6,72.2,79.8,100.3,72.2,84.0,74.7,85.6,0.709,100,4.17,rain,0,0,20.1,17.2,231.0,1011.4,63.7,5.3,234.3,20.3,9,,2019-04-13T06:39:20,2019-04-13T18:55:18,0.29,"Rain, Partially cloudy",Partly cloudy throughout the day with early morning rain.,rain,"65210099999,65213099999,DNMM,remote,65201099999,65208099999"
"Abeokuta, Ogun, Nigeria",2019-04-14,84.8,75.2,79.5,98.1,75.2,82.4,76.0,89.4,0.788,100,8.33,rain,0,0,19.5,18.3,163.9,1012.3,70.9,4.9,167.7,14.3,7,,2019-04-14T06:38:54,2019-04-14T18:55:14,0.32,"Rain, Partially cloudy",Partly cloudy throughout the day with rain.,rain,"65210099999,DNMM,remote,65201099999"
"Abeokuta, Ogun, Nigeria",2019-04-15,91.1,74.6,82.1,105.2,74.6,86.8,74.7,79.7,0.0,0,0.0,,0,0,17.9,15.0,179.3,1011.4,56.9,4.4,225.8,19.4,9,,2019-04-15T06:38:28,2019-04-15T18:55:11,0.36,Partially cloudy,Partly cloudy throughout the day.,partly-cloudy-day,"DNMM,remote,65201099999"
"Abeokuta, Ogun, Nigeria",2019-04-16,91.1,77.0,82.7,102.2,77.0,87.2,75.1,79.2,0.055,100,8.33,rain,0,0,18.1,7.8,173.1,1011.3,55.7,6.1,256.2,22.3,9,,2019-04-16T06:38:02,2019-04-16T18:55:08,0.39,"Rain, Partially cloudy",Partly cloudy throughout the day with afternoon rain.,rain,"65210099999,DNMM,remote,65201099999"
"Abeokuta, Ogun, Nigeria",2019-04-17,91.4,76.2,83.0,107.8,76.2,89.8,76.0,80.3,0.0,0,0.0,,0,0,18.1,11.4,221.1,1010.6,41.6,6.2,261.6,22.6,9,,2019-04-17T06:37:37,2019-04-17T18:55:05,0.43,Partially cloudy,Partly cloudy throughout the day.,partly-cloudy-day,"65210099999,DNMM,remote,65201099999"
"Abeokuta, Ogun, Nigeria",2019-04-18,92.4,79.5,84.9,110.3,79.5,95.8,78.0,80.5,0.055,100,4.17,rain,0,0,26.4,11.4,205.5,1010.4,66.8,6.6,252.8,21.8,9,,2019-04-18T06:37:12,2019-04-18T18:55:03,0.46,"Rain, Partially cloudy",Partly cloudy throughout the day with late afternoon rain.,rain,"65210099999,65213099999,DNMM,remote,65201099999,65208099999"
"Abeokuta, Ogun, Nigeria",2019-04-19,92.9,79.6,84.6,107.3,79.6,93.4,77.3,79.9,0.016,100,16.67,rain,0,0,17.4,12.8,199.9,1010.4,81.7,6.2,241.4,21.0,9,,2019-04-19T06:36:48,2019-04-19T18:55:01,0.5,"Rain, Partially cloudy",Partly cloudy throughout the day with rain in the morning and afternoon.,rain,"DNMM,remote,65201099999"
"Abeokuta, Ogun, Nigeria",2019-04-20,93.2,78.8,85.2,109.3,78.8,95.6,78.0,80.1,0.0,0,0.0,,0,0,24.2,13.9,220.0,1011.7,55.7,6.1,239.4,20.4,9,,2019-04-20T06:36:24,2019-04-20T18:54:59,0.53,Partially cloudy,Partly cloudy throughout the day.,partly-cloudy-day,"DNMM,remote,65201099999"
"Abeokuta, Ogun, Nigeria",2019-04-21,93.3,80.2,85.7,113.2,86.8,99.4,79.6,82.6,0.0,0,0.0,,0,0,19.0,10.3,224.7,1010.3,64.1,6.3,219.5,19.0,8,,2019-04-21T06:36:01,2019-04-21T18:54:58,0.56,Partially cloudy,Partly cloudy throughout the day.,partly-cloudy-day,"65210099999,DNIB,DNMM,remote,65201099999,65100099999,65208099999"
"Abeokuta, Ogun, Nigeria",2019-04-22,92.2,80.3,85.9,108.6,86.9,98.4,78.9,80.5,0.0,0,0.0,,0,0,23.7,16.1,214.5,1010.6,49.4,6.2,220.2,18.9,9,,2019-04-22T06:35:38,2019-04-22T18:54:57,0.6,Partially cloudy,Partly cloudy throughout the day.,partly-cloudy-day,"65210099999,DNIB,65202099999,DNMM,65201099999,65100099999,65208099999"
"Abeokuta, Ogun, Nigeria",2019-04-23,86.3,76.2,81.5,100.7,76.2,88.1,76.6,85.2,0.229,100,25.0,rain,0,0,15.7,13.9,201.0,1010.5,86.2,6.1,160.8,13.9,6,,2019-04-23T06:35:16,2019-04-23T18:54:56,0.63,"Rain, Partially cloudy",Partly cloudy throughout the day with rain in the morning and afternoon.,rain,"DNIB,DNMM,remote,65201099999,65100099999,65208099999"
"Abeokuta, Ogun, Nigeria",2019-04-24,90.9,75.8,81.7,103.8,75.8,88.5,76.4,84.6,0.079,100,4.17,rain,0,0,13.9,4.7,161.2,1011.1,93.0,4.5,189.9,16.3,8,,2019-04-24T06:34:54,2019-04-24T18:54:56,0.66,"Rain, Overcast",Cloudy skies throughout the day with early morning rain.,rain,"remote,65201099999"
"Abeokuta, Ogun, Nigeria",2019-04-25,94.6,79.2,84.5,111.8,79.2,94.5,78.6,83.5,0.15,100,12.5,rain,0,0,16.6,9.2,208.9,1012.2,73.0,6.1,209.2,18.0,8,,2019-04-25T06:34:33,2019-04-25T18:54:56,0.69,"Rain, Partially cloudy",Partly cloudy throughout the day with afternoon rain.,rain,"65210099999,DNIB,65202099999,DNMM,remote,65201099999,65100099999,65208099999"
"Abeokuta, Ogun, Nigeria",2019-04-26,90.2,80.6,84.3,106.3,88.1,96.1,79.0,84.5,0.012,100,8.33,rain,0,0,17.0,10.3,207.6,1011.5,59.1,6.2,187.8,16.3,8,,2019-04-26T06:34:12,2019-04-26T18:54:56,0.75,"Rain, Partially cloudy",Partly cloudy throughout the day with morning rain.,rain,"65210099999,DNIB,DNMM,remote,65201099999,65100099999,65208099999"
"Abeokuta, Ogun, Nigeria",2019-04-27,93.2,80.2,85.5,113.5,86.9,98.6,79.5,83.3,0.0,0,0.0,,0,0,16.8,15.0,212.9,1011.0,47.7,6.3,203.7,17.7,7,,2019-04-27T06:33:52,2019-04-27T18:54:57,0.76,Partially cloudy,Partly cloudy throughout the day.,partly-cloudy-day,"65210099999,65213099999,DNMM,65201099999"
"Abeokuta, Ogun, Nigeria",2019-04-28,95.0,80.6,86.5,116.1,88.1,100.5,79.7,81.2,0.0,0,0.0,,0,0,18.1,13.9,224.0,1011.2,45.7,6.2,243.8,21.0,8,,2019-04-28T06:33:32,2019-04-28T18:54:59,0.79,Partially cloudy,Partly cloudy throughout the day.,partly-cloudy-day,"DNIB,DNMM,remote,65201099999,65100099999,65208099999"
"Abeokuta, Ogun, Nigeria",2019-04-29,95.0,80.6,86.7,113.5,88.1,101.0,79.6,80.7,0.0,0,0.0,,0,0,21.7,16.1,229.5,1011.6,56.7,6.1,251.0,21.5,9,,2019-04-29T06:33:13,2019-04-29T18:55:00,0.82,Partially cloudy,Partly cloudy throughout the day.,partly-cloudy-day,"DNIB,DNMM,65201099999,65100099999,65208099999"
"Abeokuta, Ogun, Nigeria",2019-04-30,92.2,80.2,85.9,110.9,86.1,99.4,79.3,81.5,0.079,100,4.17,rain,0,0,17.9,16.1,220.6,1012.4,56.0,6.2,181.9,15.7,7,,2019-04-30T06:32:55,2019-04-30T18:55:03,0.85,"Rain, Partially cloudy",Partly cloudy throughout the day with morning rain.,rain,"DNIB,DNMM,65201099999,65100099999,65208099999"
"Abeokuta, Ogun, Nigeria",2019-05-01,93.2,80.1,85.8,107.3,86.5,96.5,77.6,78.1,0.0,0,0.0,,0,0,17.4,11.4,218.1,1011.8,60.3,6.2,207.4,18.0,8,,2019-05-01T06:32:37,2019-05-01T18:55:05,0.89,Partially cloudy,Partly cloudy throughout the day.,partly-cloudy-day,"DNIB,DNMM,remote,65201099999,65100099999,65208099999"
"Abeokuta, Ogun, Nigeria",2019-05-02,93.2,76.6,84.6,110.4,76.6,94.1,77.3,79.9,0.0,0,0.0,,0,0,18.8,17.2,225.0,1011.6,49.7,6.2,198.1,16.9,7,,2019-05-02T06:32:20,2019-05-02T18:55:08,0.92,Partially cloudy,Partly cloudy throughout the day.,partly-cloudy-day,"DNIB,DNMM,remote,65201099999,65100099999,65208099999"
"Abeokuta, Ogun, Nigeria",2019-05-03,91.9,77.0,84.7,108.3,77.0,95.2,78.0,81.4,0.0,0,0.0,,0,0,34.4,17.2,225.0,1011.2,50.0,6.0,131.7,11.4,6,,2019-05-03T06:32:04,2019-05-03T18:55:12,0.95,Partially cloudy,Partly cloudy throughout the day.,partly-cloudy-day,"DNIB,DNMM,remote,65201099999,65100099999,65208099999"
"Abeokuta, Ogun, Nigeria",2019-05-04,89.6,73.4,80.8,105.2,73.4,86.6,75.9,85.9,1.102,100,4.17,rain,0,0,16.8,15.0,213.1,1011.4,61.2,5.2,113.9,9.8,4,,2019-05-04T06:31:48,2019-05-04T18:55:16,0.0,"Rain, Partially cloudy",Partly cloudy throughout the day with early morning rain.,rain,"DNIB,DNMM,65201099999,65100099999,65208099999"
"Abeokuta, Ogun, Nigeria",2019-05-05,93.2,77.0,84.7,109.8,77.0,94.0,77.6,80.6,0.0,0,0.0,,0,0,20.4,16.1,210.7,1011.4,41.1,5.7,261.4,22.4,9,,2019-05-05T06:31:33,2019-05-05T18:55:20,0.02,Partially cloudy,Partly cloudy throughout the day.,partly-cloudy-day,"65202099999,DNMM,65201099999,65208099999"
"Abeokuta, Ogun, Nigeria",2019-05-06,91.4,78.2,85.3,110.9,78.2,96.5,78.3,80.3,0.0,0,0.0,,0,0,17.9,16.1,205.7,1012.2,63.4,6.7,170.8,14.8,6,,2019-05-06T06:31:19,2019-05-06T18:55:25,0.05,Partially cloudy,Partly cloudy throughout the day.,partly-cloudy-day,"65210099999,65213099999,65202099999,DNMM,remote,65201099999"
"Abeokuta, Ogun, Nigeria",2019-05-07,107.7,80.0,86.4,116.2,80.0,98.5,78.3,78.9,0.0,0,0.0,,0,0,20.1,11.4,204.4,1012.1,69.9,6.2,197.2,17.0,8,,2019-05-07T06:31:05,2019-05-07T18:55:30,0.09,Partially cloudy,Partly cloudy throughout the day.,partly-cloudy-day,"DNMM,remote,65201099999,65208099999"
"Abeokuta, Ogun, Nigeria",2019-05-08,91.5,77.4,83.6,102.8,77.4,90.4,76.6,80.7,0.079,100,16.67,rain,0,0,18.6,8.1,196.6,1010.1,73.1,6.2,205.9,17.8,7,,2019-05-08T06:30:52,2019-05-08T18:55:36,0.13,"Rain, Partially cloudy",Partly cloudy throughout the day with afternoon rain.,rain,"65210099999,65213099999,65202099999,remote,65201099999,65208099999"
"Abeokuta, Ogun, Nigeria",2019-05-09,82.4,73.4,78.3,92.4,73.4,81.0,76.3,93.8,2.874,100,4.17,rain,0,0,38.0,25.8,149.9,1010.7,52.5,5.0,209.7,18.2,8,,2019-05-09T06:30:40,2019-05-09T18:55:42,0.16,"Rain, Partially cloudy",Partly cloudy throughout the day with afternoon rain.,rain,"DNIB,DNMM,remote,65201099999,65100099999"
"Abeokuta, Ogun, Nigeria",2019-05-10,91.4,75.2,82.3,110.9,75.2,90.5,77.6,86.8,0.0,0,0.0,,0,0,17.2,15.0,191.3,1010.3,45.5,4.4,260.3,22.3,9,,2019-05-10T06:30:28,2019-05-10T18:55:48,0.2,Partially cloudy,Partly cloudy throughout the day.,partly-cloudy-day,"DNIB,DNMM,65201099999,65100099999"
"Abeokuta, Ogun, Nigeria",2019-05-11,89.6,77.3,82.3,105.2,77.3,89.7,77.0,84.4,2.055,100,4.17,rain,0,0,16.1,8.1,274.9,1011.3,53.7,5.8,219.2,19.0,8,,2019-05-11T06:30:17,2019-05-11T18:55:55,0.23,"Rain, Partially cloudy",Partly cloudy throughout the day with late afternoon rain.,rain,"65210099999,DNIB,DNMM,remote,65201099999,65100099999,65208099999"
"Abeokuta, Ogun, Nigeria",2019-05-12,91.4,77.3,84.1,105.1,77.3,92.2,76.4,78.4,0.0,0,0.0,,0,0,15.4,10.3,221.1,1011.2,41.8,5.9,221.9,19.4,7,,2019-05-12T06:30:07,2019-05-12T18:56:03,0.25,Partially cloudy,Partly cloudy throughout the day.,partly-cloudy-day,"DNIB,DNMM,65201099999,65100099999,65208099999"
"Abeokuta, Ogun, Nigeria",2019-05-13,84.1,74.8,78.5,92.7,74.8,80.9,74.6,88.3,0.512,100,4.17,rain,0,0,40.3,26.4,33.5,1010.8,73.4,5.9,118.1,10.1,5,,2019-05-13T06:29:58,2019-05-13T18:56:11,0.31,"Rain, Partially cloudy",Partly cloudy throughout the day with morning rain.,rain,"DNIB,DNMM,remote,65201099999,65100099999"
"Abeokuta, Ogun, Nigeria",2019-05-14,86.6,76.0,81.0,97.2,76.0,86.0,76.6,87.2,0.122,100,12.5,rain,0,0,15.9,11.4,191.1,1010.2,75.9,6.1,181.6,15.7,8,,2019-05-14T06:29:49,2019-05-14T18:56:19,0.34,"Rain, Partially cloudy",Partly cloudy throughout the day with rain in the morning and afternoon.,rain,"DNIB,DNMM,remote,65201099999,65100099999,65208099999"
"Abeokuta, Ogun, Nigeria",2019-05-15,91.4,74.5,82.1,105.1,74.5,88.3,76.3,83.5,0.433,100,4.17,rain,0,0,21.7,12.8,221.1,1012.2,64.2,5.7,196.1,16.8,8,,2019-05-15T06:29:41,2019-05-15T18:56:27,0.38,"Rain, Partially cloudy",Partly cloudy throughout the day with morning rain.,rain,"65210099999,DNIB,DNMM,remote,65201099999,65100099999,65208099999"
"Abeokuta, Ogun, Nigeria",2019-05-16,91.4,73.5,80.8,105.1,73.5,86.4,74.9,83.4,0.748,100,4.17,rain,0,0,14.3,12.2,227.4,1013.0,70.6,6.1,213.0,18.3,8,,2019-05-16T06:29:34,2019-05-16T18:56:36,0.41,"Rain, Partially cloudy",Partly cloudy throughout the day with morning rain.,rain,"65210099999,DNMM,remote,65201099999"
"Abeokuta, Ogun, Nigeria",2019-05-17,95.0,78.4,84.1,110.0,78.4,93.7,77.6,81.6,0.0,0,0.0,,0,0,15.7,10.3,213.5,1012.8,42.2,5.9,196.6,17.0,8,,2019-05-17T06:29:27,2019-05-17T18:56:46,0.45,Partially cloudy,Partly cloudy throughout the day.,partly-cloudy-day,"DNIB,DNMM,65201099999,65100099999,65208099999"
"Abeokuta, Ogun, Nigeria",2019-05-18,93.2,76.7,84.4,113.5,76.7,93.8,77.7,81.3,0.0,0,0.0,,0,0,13.0,10.3,218.7,1011.7,47.2,6.0,201.3,17.3,6,,2019-05-18T06:29:21,2019-05-18T18:56:56,0.5,Partially cloudy,Partly cloudy throughout the day.,partly-cloudy-day,"DNMM,remote,65201099999,65208099999"
"Abeokuta, Ogun, Nigeria",2019-05-19,89.3,77.6,82.9,101.5,77.6,90.6,77.2,83.7,0.036,100,12.5,rain,0,0,19.5,8.1,214.3,1012.1,65.9,6.1,239.6,20.7,8,,2019-05-19T06:29:16,2019-05-19T18:57:06,0.52,"Rain, Partially cloudy",Partly cloudy throughout the day with rain.,rain,"DNIB,DNMM,remote,65201099999,65100099999"
"Abeokuta, Ogun, Nigeria",2019-05-20,84.2,73.4,79.6,94.2,73.4,84.4,76.9,91.9,1.26,100,8.33,rain,0,0,21.0,10.3,245.1,1012.9,50.3,5.7,162.4,13.9,5,,2019-05-20T06:29:12,2019-05-20T18:57:17,0.55,"Rain, Partially cloudy",Partly cloudy throughout the day with rain.,rain,"DNIB,DNMM,65201099999,65100099999,65208099999"
"Abeokuta, Ogun, Nigeria",2019-05-21,87.8,75.7,80.9,99.9,75.7,86.1,76.1,85.7,0.0,0,0.0,,0,0,15.2,11.4,258.8,1013.0,43.0,6.0,169.8,14.7,6,,2019-05-21T06:29:08,2019-05-21T18:57:27,0.58,Partially cloudy,Partly cloudy throughout the day.,partly-cloudy-day,"DNIB,DNMM,remote,65201099999,65100099999,65208099999"
"Abeokuta, Ogun, Nigeria",2019-05-22,91.4,78.0,82.7,105.1,78.0,89.3,75.9,80.6,0.0,0,0.0,,0,0,16.3,7.6,219.9,1012.3,55.9,5.5,167.0,14.3,7,,2019-05-22T06:29:05,2019-05-22T18:57:39,0.62,Partially cloudy,Partly cloudy throughout the day.,partly-cloudy-day,"DNIB,DNMM,65201099999,65100099999,65208099999"
"Abeokuta, Ogun, Nigeria",2019-05-23,91.5,76.6,83.5,107.8,76.6,91.2,76.8,81.3,0.0,0,0.0,,0,0,23.5,11.4,213.7,1011.9,49.8,5.9,254.6,22.0,9,,2019-05-23T06:29:03,2019-05-23T18:57:50,0.65,Partially cloudy,Partly cloudy throughout the day.,partly-cloudy-day,"DNIB,65213099999,65202099999,DNMM,65201099999,65100099999,65208099999"
"Abeokuta, Ogun, Nigeria",2019-05-24,89.6,78.5,82.3,100.6,78.5,89.4,77.0,84.7,0.0,0,0.0,,0,0,23.0,17.2,216.7,1012.0,52.6,6.0,187.5,16.1,7,,2019-05-24T06:29:01,2019-05-24T18:58:02,0.68,Partially cloudy,Partly cloudy throughout the day.,partly-cloudy-day,"DNIB,DNMM,65201099999,65100099999,65208099999"
"Abeokuta, Ogun, Nigeria",2019-05-25,92.2,74.6,82.0,104.0,74.6,88.4,75.8,82.6,0.0,0,0.0,,0,0,18.1,11.2,225.7,1012.3,49.4,5.7,187.3,16.2,8,,2019-05-25T06:29:00,2019-05-25T18:58:15,0.71,Partially cloudy,Partly cloudy throughout the day.,partly-cloudy-day,"65210099999,DNIB,DNMM,remote,65201099999,65100099999,65208099999"
"Abeokuta, Ogun, Nigeria",2019-05-26,88.2,77.0,81.1,99.8,77.0,87.0,77.2,88.6,0.551,100,8.33,rain,0,0,19.0,13.1,237.3,1012.4,55.4,5.8,172.9,15.0,7,,2019-05-26T06:29:00,2019-05-26T18:58:27,0.75,"Rain, Partially cloudy",Partly cloudy throughout the day with rain.,rain,"DNIB,DNMM,remote,65201099999,65100099999,65208099999"
"Abeokuta, Ogun, Nigeria",2019-05-27,91.0,74.8,80.6,98.4,74.8,84.4,74.4,82.6,0.236,100,4.17,rain,0,0,34.4,18.3,185.2,1012.6,53.3,5.9,155.1,13.5,6,,2019-05-27T06:29:01,2019-05-27T18:58:40,0.78,"Rain, Partially cloudy",Partly cloudy throughout the day with morning rain.,rain,"65210099999,DNIB,DNMM,65201099999,65100099999"
"Abeokuta, Ogun, Nigeria",2019-05-28,91.4,76.4,83.2,107.8,76.4,90.6,76.5,80.9,0.0,0,0.0,,0,0,19.7,10.3,247.3,1012.3,50.1,6.2,257.0,22.1,8,,2019-05-28T06:29:02,2019-05-28T18:58:53,0.81,Partially cloudy,Partly cloudy throughout the day.,partly-cloudy-day,"65210099999,DNIB,DNMM,65201099999,65100099999"
"Abeokuta, Ogun, Nigeria",2019-05-29,84.2,77.0,80.0,96.1,77.0,83.7,76.2,88.3,0.236,100,4.17,rain,0,0,19.2,12.8,326.5,1011.7,60.8,6.0,183.2,15.9,7,,2019-05-29T06:29:04,2019-05-29T18:59:06,0.84,"Rain, Partially cloudy",Partly cloudy throughout the day with afternoon rain.,rain,"65210099999,DNIB,DNMM,remote,65201099999,65100099999,65208099999"
"Abeokuta, Ogun, Nigeria",2019-05-30,86.9,75.2,80.0,99.4,75.2,84.4,75.9,87.8,0.236,100,4.17,rain,0,0,19.2,12.7,205.2,1012.7,62.7,4.8,153.6,13.3,7,,2019-05-30T06:29:06,2019-05-30T18:59:20,0.87,"Rain, Partially cloudy",Partly cloudy throughout the day with afternoon rain.,rain,"DNIB,DNMM,remote,65201099999,65100099999,65208099999"
"Abeokuta, Ogun, Nigeria",2019-05-31,82.4,77.0,79.8,92.4,77.0,83.2,77.1,91.6,0.079,100,4.17,rain,0,0,16.3,11.4,221.7,1012.7,55.4,5.7,127.6,11.0,4,,2019-05-31T06:29:09,2019-05-31T18:59:34,0.9,"Rain, Partially cloudy",Partly cloudy throughout the day with afternoon rain.,rain,"DNIB,DNMM,65201099999,65100099999,65208099999"
"Abeokuta, Ogun, Nigeria",2019-06-01,86.0,73.4,79.7,95.2,73.4,82.9,75.3,87.0,1.299,100,8.33,rain,0,0,17.0,7.2,266.9,1013.3,53.8,5.6,151.7,13.1,5,,2019-06-01T06:29:13,2019-06-01T18:59:48,0.94,"Rain, Partially cloudy",Partly cloudy throughout the day with rain in the morning and afternoon.,rain,"DNMM,remote,65201099999"
"Abeokuta, Ogun, Nigeria",2019-06-02,89.6,77.0,82.0,102.6,77.0,88.1,76.5,84.2,0.0,0,0.0,,0,0,16.8,10.3,216.0,1013.5,57.4,5.6,151.3,13.0,6,,2019-06-02T06:29:17,2019-06-02T19:00:02,0.97,Partially cloudy,Partly cloudy throughout the day.,partly-cloudy-day,"DNMM,65201099999"
"Abeokuta, Ogun, Nigeria",2019-06-03,89.6,75.8,82.4,102.6,75.8,88.4,76.3,83.1,0.004,100,4.17,rain,0,0,15.0,9.2,248.0,1014.1,50.0,5.7,201.4,17.4,8,,2019-06-03T06:29:22,2019-06-03T19:00:16,0.0,"Rain, Partially cloudy",Partly cloudy throughout the day with early morning rain.,rain,"65210099999,DNMM,remote,65201099999"
"Abeokuta, Ogun, Nigeria",2019-06-04,87.8,78.8,81.8,102.4,78.8,88.5,77.3,86.6,0.0,0,0.0,,0,0,20.8,13.9,264.1,1014.0,57.2,5.2,189.5,16.1,7,,2019-06-04T06:29:28,2019-06-04T19:00:31,0.04,Partially cloudy,Partly cloudy throughout the day.,partly-cloudy-day,"DNIB,DNMM,65201099999,65100099999,65208099999"
"Abeokuta, Ogun, Nigeria",2019-06-05,86.0,77.0,81.4,97.2,77.0,87.0,76.4,85.2,0.039,100,4.17,rain,0,0,20.1,11.4,253.5,1013.4,62.0,6.0,178.2,15.4,7,,2019-06-05T06:29:34,2019-06-05T19:00:45,0.07,"Rain, Partially cloudy",Partly cloudy throughout the day with late afternoon rain.,rain,"DNIB,DNMM,remote,65201099999,65100099999,65208099999"
"Abeokuta, Ogun, Nigeria",2019-06-06,86.1,73.2,80.0,96.0,73.2,84.1,75.8,87.6,0.079,100,4.17,rain,0,0,18.8,12.8,235.4,1012.9,79.4,5.7,148.1,12.7,5,,2019-06-06T06:29:41,2019-06-06T19:01:00,0.11,"Rain, Partially cloudy",Partly cloudy throughout the day with late afternoon rain.,rain,"DNMM,remote,65201099999,65208099999"
"Abeokuta, Ogun, Nigeria",2019-06-07,86.1,73.2,78.5,96.6,73.2,81.8,73.9,86.3,0.059,100,12.5,rain,0,0,15.2,9.1,210.2,1013.0,77.6,4.8,97.5,8.4,3,,2019-06-07T06:29:48,2019-06-07T19:01:14,0.14,"Rain, Partially cloudy",Partly cloudy throughout the day with afternoon rain.,rain,"DNMM,remote,65201099999"
"Abeokuta, Ogun, Nigeria",2019-06-08,89.6,75.2,81.3,102.6,75.2,86.5,75.9,84.6,0.0,0,0.0,,0,0,15.4,11.4,246.2,1014.7,56.0,6.2,167.9,14.4,5,,2019-06-08T06:29:56,2019-06-08T19:01:29,0.18,Partially cloudy,Partly cloudy throughout the day.,partly-cloudy-day,"65210099999,DNMM,remote,65201099999,65208099999"
"Abeokuta, Ogun, Nigeria",2019-06-09,86.0,77.4,80.9,99.4,77.4,85.4,76.8,87.9,0.0,0,0.0,,0,0,14.1,17.2,223.8,1015.0,61.7,6.0,109.3,9.4,5,,2019-06-09T06:30:04,2019-06-09T19:01:44,0.22,Partially cloudy,Partly cloudy throughout the day.,partly-cloudy-day,"DNMM,65201099999,65208099999"
"Abeokuta, Ogun, Nigeria",2019-06-10,84.2,76.4,79.2,96.1,76.4,82.3,76.5,91.7,0.354,100,4.17,rain,0,0,16.8,10.3,226.9,1014.6,64.6,4.8,134.0,11.6,4,,2019-06-10T06:30:13,2019-06-10T19:01:59,0.25,"Rain, Partially cloudy",Partly cloudy throughout the day with late afternoon rain.,rain,"DNMM,65201099999,65208099999"
"Abeokuta, Ogun, Nigeria",2019-06-11,88.8,77.0,81.1,99.9,77.0,84.8,75.2,82.9,0.012,100,8.33,rain,0,0,17.2,8.1,252.3,1013.9,47.4,5.7,218.2,18.8,8,,2019-06-11T06:30:22,2019-06-11T19:02:13,0.29,"Rain, Partially cloudy",Partly cloudy throughout the day with rain in the morning and afternoon.,rain,"DNMM,remote,65201099999,65208099999"
"Abeokuta, Ogun, Nigeria",2019-06-12,87.8,74.9,79.8,99.9,74.9,83.4,75.3,86.7,0.004,100,4.17,rain,0,0,15.9,10.3,237.6,1014.6,59.0,6.1,168.6,14.6,7,,2019-06-12T06:30:32,2019-06-12T19:02:28,0.32,"Rain, Partially cloudy",Partly cloudy throughout the day with morning rain.,rain,"DNMM,remote,65201099999"
"Abeokuta, Ogun, Nigeria",2019-06-13,87.8,74.6,80.6,99.9,74.6,84.9,75.9,86.2,0.079,100,4.17,rain,0,0,15.7,10.3,260.3,1014.8,67.9,5.6,148.7,12.8,5,,2019-06-13T06:30:42,2019-06-13T19:02:43,0.36,"Rain, Partially cloudy",Partly cloudy throughout the day with late afternoon rain.,rain,"65202099999,DNMM,remote,65201099999,65208099999"
"Abeokuta, Ogun, Nigeria",2019-06-14,81.6,73.4,78.1,88.8,73.4,78.9,75.5,91.9,0.708,100,8.33,rain,0,0,16.8,13.9,186.3,1015.3,56.7,5.0,174.9,15.2,7,,2019-06-14T06:30:53,2019-06-14T19:02:57,0.4,"Rain, Partially cloudy",Partly cloudy throughout the day with rain.,rain,"DNIB,DNMM,remote,65201099999,65100099999,65208099999"
"Abeokuta, Ogun, Nigeria",2019-06-15,80.6,75.2,77.3,86.2,75.2,77.8,75.1,93.0,0.748,100,8.33,rain,0,0,21.7,7.4,256.5,1015.3,52.3,5.0,171.3,14.7,6,,2019-06-15T06:31:04,2019-06-15T19:03:11,0.43,"Rain, Partially cloudy",Partly cloudy throughout the day with rain.,rain,"DNIB,DNMM,65201099999,65100099999,65208099999"
"Abeokuta, Ogun, Nigeria",2019-06-16,87.6,73.4,79.9,99.8,73.4,84.4,75.2,86.5,0.0,0,0.0,,0,0,15.4,11.3,242.0,1015.5,54.2,4.6,171.8,14.8,5,,2019-06-16T06:31:15,2019-06-16T19:03:26,0.47,Partially cloudy,Partly cloudy throughout the day.,partly-cloudy-day,"DNIB,DNMM,remote,65201099999,65100099999"
"Abeokuta, Ogun, Nigeria",2019-06-17,87.8,77.0,81.8,102.4,77.0,87.5,76.8,85.6,0.0,0,0.0,,0,0,15.7,11.4,235.5,1015.4,49.5,5.5,183.0,15.9,5,,2019-06-17T06:31:27,2019-06-17T19:03:40,0.5,Partially cloudy,Partly cloudy throughout the day.,partly-cloudy-day,"DNIB,DNMM,65201099999,65100099999"
"Abeokuta, Ogun, Nigeria",2019-06-18,87.3,77.0,80.6,100.1,77.0,84.8,76.6,88.2,0.016,100,12.5,rain,0,0,15.0,9.2,235.0,1015.6,46.9,4.9,165.2,14.2,6,,2019-06-18T06:31:39,2019-06-18T19:03:54,0.54,"Rain, Partially cloudy",Partly cloudy throughout the day with afternoon rain.,rain,"DNIB,DNMM,remote,65201099999,65100099999"
"Abeokuta, Ogun, Nigeria",2019-06-19,89.6,77.0,81.8,105.2,77.0,88.0,77.0,86.1,0.0,0,0.0,,0,0,15.2,10.3,253.1,1014.6,53.1,5.6,217.5,18.9,8,,2019-06-19T06:31:51,2019-06-19T19:04:07,0.57,Partially cloudy,Partly cloudy throughout the day.,partly-cloudy-day,"DNMM,remote,65201099999"
"Abeokuta, Ogun, Nigeria",2019-06-20,84.2,73.4,77.8,94.2,73.4,78.7,74.8,90.7,0.079,100,4.17,rain,0,0,17.4,8.9,232.0,1015.3,62.4,5.4,143.9,12.4,5,,2019-06-20T06:32:03,2019-06-20T19:04:21,0.6,"Rain, Partially cloudy",Partly cloudy throughout the day with late afternoon rain.,rain,"DNIB,DNMM,65201099999,65100099999,65208099999"
"Abeokuta, Ogun, Nigeria",2019-06-21,85.3,75.0,79.0,94.6,75.0,82.3,75.0,87.8,0.051,100,12.5,rain,0,0,15.4,7.5,231.4,1015.7,66.0,4.9,100.6,8.7,3,,2019-06-21T06:32:16,2019-06-21T19:04:34,0.63,"Rain, Partially cloudy",Partly cloudy throughout the day with rain in the morning and afternoon.,rain,"DNIB,DNMM,remote,65201099999,65100099999,65208099999"
"Abeokuta, Ogun, Nigeria",2019-06-22,85.9,74.2,79.2,96.3,74.2,81.4,75.3,88.2,1.102,100,4.17,rain,0,0,15.0,8.6,226.9,1014.2,93.8,5.3,159.9,13.8,6,,2019-06-22T06:32:29,2019-06-22T19:04:47,0.67,"Rain, Overcast",Cloudy skies throughout the day with late afternoon rain.,rain,"65210099999,remote,65201099999,65208099999"
"Abeokuta, Ogun, Nigeria",2019-06-23,86.6,73.7,79.4,98.9,73.7,83.1,74.7,86.1,0.315,100,8.33,rain,0,0,20.6,9.2,205.1,1013.2,76.6,5.7,165.2,14.2,7,,2019-06-23T06:32:43,2019-06-23T19:04:59,0.7,"Rain, Partially cloudy",Partly cloudy throughout the day with rain.,rain,"remote,65201099999"
"Abeokuta, Ogun, Nigeria",2019-06-24,86.0,71.6,77.2,97.5,71.6,79.5,74.2,90.9,2.362,100,8.33,rain,0,0,18.3,11.4,294.3,1014.1,74.1,5.2,161.5,13.8,6,,2019-06-24T06:32:56,2019-06-24T19:05:12,0.73,"Rain, Partially cloudy",Partly cloudy throughout the day with rain.,rain,"DNMM,remote,65201099999,65208099999"
"Abeokuta, Ogun, Nigeria",2019-06-25,81.2,72.6,75.7,87.4,72.6,76.2,74.3,95.6,0.827,100,4.17,rain,0,0,12.1,6.9,176.1,1013.9,81.9,3.4,31.4,2.9,1,,2019-06-25T06:33:10,2019-06-25T19:05:24,0.75,"Rain, Partially cloudy",Partly cloudy throughout the day with late afternoon rain.,rain,"DNIB,DNMM,remote,65201099999,65100099999,65208099999"
"Abeokuta, Ogun, Nigeria",2019-06-26,80.0,71.7,76.3,80.0,71.7,76.3,74.4,94.0,0.134,100,37.5,rain,0,0,17.9,6.9,225.3,1014.7,95.2,4.3,121.9,10.5,5,,2019-06-26T06:33:23,2019-06-26T19:05:35,0.79,"Rain, Overcast",Cloudy skies throughout the day with a chance of rain throughout the day.,rain,"65210099999,65213099999,remote,65201099999"
"Abeokuta, Ogun, Nigeria",2019-06-27,86.8,73.1,78.2,96.5,73.1,80.7,73.6,86.4,0.965,100,8.33,rain,0,0,13.9,7.2,248.0,1014.0,90.0,5.7,149.0,12.7,5,,2019-06-27T06:33:37,2019-06-27T19:05:46,0.83,"Rain, Partially cloudy",Partly cloudy throughout the day with rain in the morning and afternoon.,rain,"remote,65201099999"
"Abeokuta, Ogun, Nigeria",2019-06-28,78.8,73.4,76.1,78.8,73.4,76.1,74.2,93.9,2.913,100,8.33,rain,0,0,16.3,11.4,218.5,1014.8,67.2,4.9,87.7,7.7,4,,2019-06-28T06:33:51,2019-06-28T19:05:57,0.86,"Rain, Partially cloudy",Partly cloudy throughout the day with rain.,rain,"DNMM,remote,65201099999"
"Abeokuta, Ogun, Nigeria",2019-06-29,86.0,73.2,78.6,97.2,73.2,81.6,75.0,89.3,0.0,0,0.0,,0,0,15.9,11.4,233.4,1015.0,57.6,5.5,205.9,17.8,7,,2019-06-29T06:34:05,2019-06-29T19:06:07,0.89,Partially cloudy,Partly cloudy throughout the day.,partly-cloudy-day,"DNIB,DNMM,65201099999,65100099999,65208099999"
"Abeokuta, Ogun, Nigeria",2019-06-30,86.0,76.3,80.1,97.5,76.3,83.8,75.7,86.9,0.008,100,4.17,rain,0,0,15.2,13.9,247.3,1015.7,66.6,5.6,166.3,14.4,6,,2019-06-30T06:34:19,2019-06-30T19:06:17,0.92,"Rain, Partially cloudy",Partly cloudy throughout the day with afternoon rain.,rain,"DNIB,DNMM,65201099999,65100099999,65208099999"
"Abeokuta, Ogun, Nigeria",2019-07-01,84.6,76.7,78.7,94.3,76.7,80.6,75.7,90.9,1.024,100,4.17,rain,0,0,15.9,6.9,225.4,1014.1,62.0,5.2,176.9,15.3,7,,2019-07-01T06:34:33,2019-07-01T19:06:26,0.96,"Rain, Partially cloudy",Partly cloudy throughout the day with late afternoon rain.,rain,"DNIB,DNMM,remote,65201099999,65100099999,65208099999"
"Abeokuta, Ogun, Nigeria",2019-07-02,87.8,75.2,80.1,102.4,75.2,84.5,76.1,88.2,0.004,100,4.17,rain,0,0,14.5,10.3,235.0,1012.4,67.9,5.7,153.6,13.3,5,,2019-07-02T06:34:47,2019-07-02T19:06:35,0.0,"Rain, Partially cloudy",Partly cloudy throughout the day with late afternoon rain.,rain,"DNMM,remote,65201099999"
"Abeokuta, Ogun, Nigeria",2019-07-03,86.8,76.6,80.8,98.2,76.6,85.5,76.3,86.6,0.106,100,8.33,rain,0,0,16.8,11.4,217.3,1012.5,55.4,5.9,176.8,15.1,7,,2019-07-03T06:35:01,2019-07-03T19:06:43,0.02,"Rain, Partially cloudy",Partly cloudy throughout the day with afternoon rain.,rain,"65210099999,DNMM,remote,65201099999"
"Abeokuta, Ogun, Nigeria",2019-07-04,81.4,76.6,78.3,88.3,76.6,78.9,76.8,95.1,0.315,100,4.17,rain,0,0,16.1,10.1,235.3,1013.4,61.8,5.3,117.5,10.2,5,,2019-07-04T06:35:15,2019-07-04T19:06:51,0.06,"Rain, Partially cloudy",Partly cloudy throughout the day with late afternoon rain.,rain,"65210099999,65203099999,DNIB,DNMM,remote,65201099999,65100099999,65208099999"
"Abeokuta, Ogun, Nigeria",2019-07-05,82.4,75.8,78.4,90.9,75.8,79.9,76.6,94.3,0.118,100,4.17,rain,0,0,13.2,10.3,237.8,1014.6,66.4,5.5,130.0,11.3,5,,2019-07-05T06:35:29,2019-07-05T19:06:58,0.09,"Rain, Partially cloudy",Partly cloudy throughout the day with late afternoon rain.,rain,"65213099999,DNIB,DNMM,remote,65201099999,65100099999"
"Abeokuta, Ogun, Nigeria",2019-07-06,84.2,74.8,79.7,94.2,74.8,83.7,75.3,86.6,0.0,0,0.0,,0,0,13.6,9.8,269.3,1013.5,59.8,6.1,150.4,13.0,6,,2019-07-06T06:35:43,2019-07-06T19:07:05,0.13,Partially cloudy,Partly cloudy throughout the day.,partly-cloudy-day,"65210099999,65213099999,DNMM,65201099999"
"Abeokuta, Ogun, Nigeria",2019-07-07,86.0,77.0,80.4,97.2,77.0,84.4,75.7,86.1,0.0,0,0.0,,0,0,19.5,11.4,240.6,1013.6,70.5,6.0,164.3,14.1,6,,2019-07-07T06:35:57,2019-07-07T19:07:11,0.17,Partially cloudy,Partly cloudy throughout the day.,partly-cloudy-day,"DNIB,DNMM,remote,65201099999,65100099999,65208099999"
"Abeokuta, Ogun, Nigeria",2019-07-08,84.3,73.4,78.7,92.5,73.4,81.0,73.8,85.7,0.157,100,4.17,rain,0,0,22.8,15.0,219.9,1015.2,58.0,5.9,126.6,11.1,6,,2019-07-08T06:36:10,2019-07-08T19:07:16,0.2,"Rain, Partially cloudy",Partly cloudy throughout the day with morning rain.,rain,"DNIB,DNMM,65201099999,65100099999"
"Abeokuta, Ogun, Nigeria",2019-07-09,86.0,76.6,79.9,95.2,76.6,82.6,74.3,83.6,0.0,0,0.0,,0,0,19.5,22.6,237.5,1016.2,51.7,6.0,140.9,12.2,5,,2019-07-09T06:36:23,2019-07-09T19:07:21,0.25,Partially cloudy,Partly cloudy throughout the day.,partly-cloudy-day,"DNIB,DNMM,65201099999,65100099999,65208099999"
"Abeokuta, Ogun, Nigeria",2019-07-10,86.1,76.5,80.1,96.9,76.5,83.4,75.2,85.7,0.0,0,0.0,,0,0,14.3,13.9,239.6,1015.7,55.1,6.0,186.2,16.0,7,,2019-07-10T06:36:37,2019-07-10T19:07:25,0.27,Partially cloudy,Partly cloudy throughout the day.,partly-cloudy-day,"65210099999,DNIB,65213099999,DNMM,65201099999,65100099999,65208099999"
"Abeokuta, Ogun, Nigeria",2019-07-11,84.2,75.3,78.4,92.5,75.3,80.4,74.5,88.2,0.236,100,4.17,rain,0,0,13.6,15.0,246.5,1014.6,67.8,5.1,110.7,9.6,4,,2019-07-11T06:36:50,2019-07-11T19:07:28,0.31,"Rain, Partially cloudy",Partly cloudy throughout the day with late afternoon rain.,rain,"DNMM,remote,65201099999"
"Abeokuta, Ogun, Nigeria",2019-07-12,78.8,73.4,76.3,78.8,73.4,76.3,74.5,94.3,0.157,100,8.33,rain,0,0,12.5,9.2,247.6,1015.4,66.1,4.8,51.3,4.4,2,,2019-07-12T06:37:02,2019-07-12T19:07:31,0.34,"Rain, Partially cloudy",Partly cloudy throughout the day with rain.,rain,"DNMM,remote,65201099999"
"Abeokuta, Ogun, Nigeria",2019-07-13,86.0,73.4,78.7,95.2,73.4,81.5,74.2,86.9,0.118,100,4.17,rain,0,0,19.2,10.3,222.1,1015.8,56.7,4.7,208.0,17.7,7,,2019-07-13T06:37:15,2019-07-13T19:07:33,0.38,"Rain, Partially cloudy",Partly cloudy throughout the day with morning rain.,rain,"DNMM,65201099999"
"Abeokuta, Ogun, Nigeria",2019-07-14,86.0,74.8,79.5,95.2,74.8,82.3,74.4,85.2,0.0,0,0.0,,0,0,14.5,11.4,253.3,1014.9,54.8,5.3,186.6,16.1,7,,2019-07-14T06:37:27,2019-07-14T19:07:35,0.41,Partially cloudy,Partly cloudy throughout the day.,partly-cloudy-day,"65210099999,DNMM,65201099999"
"Abeokuta, Ogun, Nigeria",2019-07-15,83.9,75.5,78.3,90.0,75.5,79.9,73.8,86.4,0.004,100,4.17,rain,0,0,16.3,10.9,264.1,1013.4,60.2,5.6,88.4,7.5,3,,2019-07-15T06:37:39,2019-07-15T19:07:35,0.45,"Rain, Partially cloudy",Partly cloudy throughout the day with afternoon rain.,rain,"DNIB,DNMM,remote,65201099999,65100099999,65208099999"
"Abeokuta, Ogun, Nigeria",2019-07-16,78.8,73.4,75.8,78.8,73.4,75.8,73.7,93.4,1.299,100,4.17,rain,0,0,19.2,7.2,247.1,1014.5,52.7,5.6,192.3,16.8,7,,2019-07-16T06:37:51,2019-07-16T19:07:35,0.5,"Rain, Partially cloudy",Partly cloudy throughout the day with afternoon rain.,rain,"DNIB,DNMM,remote,65201099999,65100099999"
"Abeokuta, Ogun, Nigeria",2019-07-17,87.4,70.8,78.3,97.1,70.8,81.3,73.5,86.0,0.0,0,0.0,,0,0,14.8,11.4,262.8,1015.2,50.7,5.4,227.0,19.6,9,,2019-07-17T06:38:02,2019-07-17T19:07:35,0.52,Partially cloudy,Partly cloudy throughout the day.,partly-cloudy-day,"DNMM,remote,65201099999"
"Abeokuta, Ogun, Nigeria",2019-07-18,80.7,75.2,78.0,86.2,75.2,79.7,73.9,87.6,0.039,100,4.17,rain,0,0,17.2,8.1,267.5,1014.1,60.2,6.1,187.0,16.2,7,,2019-07-18T06:38:13,2019-07-18T19:07:33,0.55,"Rain, Partially cloudy",Partly cloudy throughout the day with late afternoon rain.,rain,"DNMM,65201099999"
"Abeokuta, Ogun, Nigeria",2019-07-19,87.3,74.6,78.7,97.0,74.6,80.7,74.3,86.9,0.012,100,12.5,rain,0,0,18.8,10.3,243.2,1014.7,68.8,6.2,189.5,16.3,7,,2019-07-19T06:38:24,2019-07-19T19:07:31,0.58,"Rain, Partially cloudy",Partly cloudy throughout the day with rain.,rain,"65210099999,DNMM,remote,65201099999"
"Abeokuta, Ogun, Nigeria",2019-07-20,83.4,73.3,77.4,90.9,73.3,78.9,73.7,88.9,0.292,100,45.83,rain,0,0,18.6,12.8,244.2,1014.6,88.7,5.8,106.0,9.1,6,,2019-07-20T06:38:34,2019-07-20T19:07:28,0.62,"Rain, Partially cloudy",Partly cloudy throughout the day with a chance of rain throughout the day.,rain,"DNIB,DNMM,remote,65201099999,65100099999"
"Abeokuta, Ogun, Nigeria",2019-07-21,86.0,75.2,79.6,95.2,75.2,82.3,74.0,83.8,0.0,0,0.0,,0,0,18.8,12.8,251.2,1014.7,61.7,6.1,191.3,16.4,7,,2019-07-21T06:38:44,2019-07-21T19:07:24,0.65,Partially cloudy,Partly cloudy throughout the day.,partly-cloudy-day,"DNMM,65201099999"
"Abeokuta, Ogun, Nigeria",2019-07-22,87.8,74.9,79.8,95.9,74.9,82.9,73.8,83.1,0.039,100,4.17,rain,0,0,15.2,12.8,258.7,1014.7,56.2,6.1,198.4,17.0,8,,2019-07-22T06:38:54,2019-07-22T19:07:20,0.68,"Rain, Partially cloudy",Partly cloudy throughout the day with morning rain.,rain,"DNMM,remote,65201099999"
"Abeokuta, Ogun, Nigeria",2019-07-23,81.8,75.2,77.0,88.0,75.2,77.5,74.4,91.8,1.614,100,8.33,rain,0,0,17.0,10.3,263.0,1014.4,66.0,4.9,194.4,17.0,7,,2019-07-23T06:39:03,2019-07-23T19:07:15,0.72,"Rain, Partially cloudy",Partly cloudy throughout the day with rain.,rain,"65210099999,DNIB,DNMM,65201099999,65100099999"
"Abeokuta, Ogun, Nigeria",2019-07-24,84.2,72.2,78.0,92.5,72.2,80.2,74.3,89.0,0.0,0,0.0,,0,0,14.8,10.3,253.6,1013.9,56.3,5.4,227.9,19.7,8,,2019-07-24T06:39:12,2019-07-24T19:07:09,0.75,Partially cloudy,Partly cloudy throughout the day.,partly-cloudy-day,"65210099999,DNIB,DNMM,remote,65201099999,65100099999"
"Abeokuta, Ogun, Nigeria",2019-07-25,86.0,75.2,79.1,96.1,75.2,82.0,74.5,86.4,0.0,0,0.0,,0,0,17.2,11.4,248.1,1013.9,65.9,5.4,186.2,16.1,6,,2019-07-25T06:39:20,2019-07-25T19:07:02,0.75,Partially cloudy,Partly cloudy throughout the day.,partly-cloudy-day,"DNMM,remote,65201099999"
"Abeokuta, Ogun, Nigeria",2019-07-26,83.6,74.0,78.3,91.4,74.0,80.0,74.5,88.3,0.091,100,20.83,rain,0,0,14.5,11.4,253.9,1014.1,68.1,6.2,117.1,10.1,4,,2019-07-26T06:39:28,2019-07-26T19:06:55,0.81,"Rain, Partially cloudy",Partly cloudy throughout the day with a chance of rain throughout the day.,rain,"65210099999,DNMM,remote,65201099999"
"Abeokuta, Ogun, Nigeria",2019-07-27,80.9,75.2,77.7,87.1,75.2,78.7,75.4,92.8,0.039,100,4.17,rain,0,0,20.1,8.1,239.5,1014.3,75.0,5.2,167.5,14.4,6,,2019-07-27T06:39:36,2019-07-27T19:06:47,0.85,"Rain, Partially cloudy",Partly cloudy throughout the day with late afternoon rain.,rain,"DNMM,65201099999"
"Abeokuta, Ogun, Nigeria",2019-07-28,80.6,75.2,77.3,85.5,75.2,77.7,74.8,92.4,1.929,100,8.33,rain,0,0,18.1,13.9,262.1,1013.6,72.9,5.5,136.8,11.9,5,,2019-07-28T06:39:43,2019-07-28T19:06:38,0.88,"Rain, Partially cloudy",Partly cloudy throughout the day with rain.,rain,"65210099999,DNMM,remote,65201099999"
"Abeokuta, Ogun, Nigeria",2019-07-29,82.4,74.4,78.3,89.5,74.4,80.6,74.4,88.1,0.0,0,0.0,,0,0,13.6,11.4,250.3,1014.2,76.1,5.9,103.7,8.9,4,,2019-07-29T06:39:49,2019-07-29T19:06:28,0.91,Partially cloudy,Partly cloudy throughout the day.,partly-cloudy-day,"DNMM,remote,65201099999"
"Abeokuta, Ogun, Nigeria",2019-07-30,84.2,76.8,79.4,92.5,76.8,82.2,75.0,86.7,0.0,0,0.0,,0,0,18.1,16.1,249.0,1014.8,72.2,5.8,172.5,14.9,6,,2019-07-30T06:39:56,2019-07-30T19:06:17,0.95,Partially cloudy,Partly cloudy throughout the day.,partly-cloudy-day,"DNIB,DNMM,remote,65201099999,65100099999"
"Abeokuta, Ogun, Nigeria",2019-07-31,84.2,75.5,79.1,92.5,75.5,81.4,74.5,86.2,0.323,100,8.33,rain,0,0,15.7,11.4,264.5,1014.4,64.8,5.9,197.9,17.1,7,,2019-07-31T06:40:01,2019-07-31T19:06:06,0.98,"Rain, Partially cloudy",Partly cloudy throughout the day with rain.,rain,"65210099999,DNMM,65201099999"
"Abeokuta, Ogun, Nigeria",2019-08-01,84.2,73.4,78.5,90.8,73.4,80.5,73.5,85.4,0.004,100,4.17,rain,0,0,18.3,9.2,257.8,1013.9,60.4,5.8,180.8,15.5,7,,2019-08-01T06:40:07,2019-08-01T19:05:54,0.0,"Rain, Partially cloudy",Partly cloudy throughout the day with early morning rain.,rain,"65210099999,DNIB,DNMM,65201099999,65100099999"
"Abeokuta, Ogun, Nigeria",2019-08-02,86.0,75.2,79.3,93.5,75.2,81.8,73.9,84.2,0.433,100,4.17,rain,0,0,18.3,12.8,262.3,1014.1,66.7,5.8,158.8,13.6,6,,2019-08-02T06:40:11,2019-08-02T19:05:41,0.05,"Rain, Partially cloudy",Partly cloudy throughout the day with morning rain.,rain,"DNMM,65201099999,65208099999"
"Abeokuta, Ogun, Nigeria",2019-08-03,80.9,74.0,78.1,86.2,74.0,79.2,73.8,86.6,0.0,0,0.0,,0,0,15.9,14.0,247.2,1014.8,68.1,5.5,142.8,12.3,5,,2019-08-03T06:40:16,2019-08-03T19:05:28,0.08,Partially cloudy,Partly cloudy throughout the day.,partly-cloudy-day,"DNIB,DNMM,remote,65201099999,65100099999,65208099999"
"Abeokuta, Ogun, Nigeria",2019-08-04,84.2,75.2,79.0,92.5,75.2,81.0,73.8,84.5,0.0,0,0.0,,0,0,17.0,15.0,244.0,1016.0,58.0,5.6,212.0,18.4,8,,2019-08-04T06:40:20,2019-08-04T19:05:14,0.12,Partially cloudy,Partly cloudy throughout the day.,partly-cloudy-day,"DNIB,DNMM,65201099999,65100099999"
"Abeokuta, Ogun, Nigeria",2019-08-05,84.2,73.8,78.4,92.1,73.8,80.3,73.6,85.7,0.0,0,0.0,,0,0,17.7,16.1,237.9,1015.6,67.7,5.9,157.7,13.6,5,,2019-08-05T06:40:23,2019-08-05T19:04:59,0.15,Partially cloudy,Partly cloudy throughout the day.,partly-cloudy-day,"DNMM,65201099999"
"Abeokuta, Ogun, Nigeria",2019-08-06,86.0,75.2,79.5,93.5,75.2,82.2,73.7,83.1,0.0,0,0.0,,0,0,18.1,10.3,239.0,1016.4,66.3,5.9,203.8,17.5,7,,2019-08-06T06:40:26,2019-08-06T19:04:43,0.19,Partially cloudy,Partly cloudy throughout the day.,partly-cloudy-day,"DNMM,65201099999"
"Abeokuta, Ogun, Nigeria",2019-08-07,86.0,75.2,79.5,93.5,75.2,82.0,73.8,83.4,0.0,0,0.0,,0,0,15.2,9.2,259.2,1016.9,49.3,6.1,181.3,15.6,6,,2019-08-07T06:40:28,2019-08-07T19:04:27,0.25,Partially cloudy,Partly cloudy throughout the day.,partly-cloudy-day,"DNMM,65201099999,65208099999"
"Abeokuta, Ogun, Nigeria",2019-08-08,84.2,75.2,78.3,90.9,75.2,79.9,73.7,86.3,0.0,0,0.0,,0,0,18.1,12.8,248.6,1016.2,64.7,6.2,108.8,9.3,5,,2019-08-08T06:40:30,2019-08-08T19:04:10,0.25,Partially cloudy,Partly cloudy throughout the day.,partly-cloudy-day,"DNMM,65201099999"
"Abeokuta, Ogun, Nigeria",2019-08-09,81.0,74.7,78.1,86.2,74.7,79.3,74.0,87.4,0.004,100,4.17,rain,0,0,20.4,11.4,250.3,1016.6,69.4,6.0,157.6,13.6,6,,2019-08-09T06:40:32,2019-08-09T19:03:52,0.29,"Rain, Partially cloudy",Partly cloudy throughout the day with morning rain.,rain,"DNIB,DNMM,remote,65201099999,65100099999"
"Abeokuta, Ogun, Nigeria",2019-08-10,84.2,73.4,77.9,91.7,73.4,79.6,73.9,88.0,0.157,100,8.33,rain,0,0,19.0,15.0,250.0,1017.1,57.9,5.3,172.2,14.6,7,,2019-08-10T06:40:33,2019-08-10T19:03:33,0.32,"Rain, Partially cloudy",Partly cloudy throughout the day with rain in the morning and afternoon.,rain,"DNIB,DNMM,65201099999,65100099999"
"Abeokuta, Ogun, Nigeria",2019-08-11,86.0,74.4,79.2,93.5,74.4,81.9,73.1,82.5,0.0,0,0.0,,0,0,17.9,11.4,260.4,1015.9,62.6,6.2,209.8,18.1,9,,2019-08-11T06:40:33,2019-08-11T19:03:14,0.36,Partially cloudy,Partly cloudy throughout the day.,partly-cloudy-day,"DNIB,DNMM,remote,65201099999,65100099999"
"Abeokuta, Ogun, Nigeria",2019-08-12,84.3,73.7,78.6,90.9,73.7,80.7,72.5,82.3,0.024,100,12.5,rain,0,0,17.9,9.2,248.5,1014.4,57.3,6.2,190.7,16.5,7,,2019-08-12T06:40:33,2019-08-12T19:02:54,0.39,"Rain, Partially cloudy",Partly cloudy throughout the day with rain in the morning and afternoon.,rain,"DNMM,remote,65201099999"
"Abeokuta, Ogun, Nigeria",2019-08-13,82.4,74.2,76.8,89.5,74.2,77.2,73.6,90.1,1.142,100,4.17,rain,0,0,17.2,9.2,229.2,1013.7,73.3,5.6,140.8,12.1,5,,2019-08-13T06:40:33,2019-08-13T19:02:34,0.43,"Rain, Partially cloudy",Partly cloudy throughout the day with afternoon rain.,rain,"DNIB,DNMM,remote,65201099999,65100099999,65208099999"
"Abeokuta, Ogun, Nigeria",2019-08-14,86.0,74.0,79.1,95.2,74.0,81.7,73.7,84.3,0.0,0,0.0,,0,0,19.7,12.2,229.3,1015.1,68.6,6.2,213.9,18.6,8,,2019-08-14T06:40:32,2019-08-14T19:02:13,0.46,Partially cloudy,Partly cloudy throughout the day.,partly-cloudy-day,"65210099999,DNIB,DNMM,remote,65201099999,65100099999,65208099999"
"Abeokuta, Ogun, Nigeria",2019-08-15,86.0,73.2,78.6,97.2,73.2,81.3,74.1,86.5,0.0,0,0.0,,0,0,17.7,15.0,236.1,1015.3,54.6,6.0,206.9,18.0,8,,2019-08-15T06:40:31,2019-08-15T19:01:51,0.5,Partially cloudy,Partly cloudy throughout the day.,partly-cloudy-day,"65210099999,DNIB,DNMM,65201099999,65100099999"
"Abeokuta, Ogun, Nigeria",2019-08-16,82.4,73.7,78.1,89.5,73.7,80.2,73.6,86.5,0.0,0,0.0,,0,0,20.1,9.2,247.8,1014.4,62.8,6.1,176.4,15.3,8,,2019-08-16T06:40:29,2019-08-16T19:01:29,0.53,Partially cloudy,Partly cloudy throughout the day.,partly-cloudy-day,"DNIB,DNMM,remote,65201099999,65100099999,65208099999"
"Abeokuta, Ogun, Nigeria",2019-08-17,87.8,74.2,79.0,95.9,74.2,81.3,73.5,84.3,0.0,0,0.0,,0,0,20.1,10.3,234.0,1014.1,55.4,6.2,186.5,16.1,6,,2019-08-17T06:40:27,2019-08-17T19:01:06,0.56,Partially cloudy,Partly cloudy throughout the day.,partly-cloudy-day,"DNIB,DNMM,65201099999,65100099999"
"Abeokuta, Ogun, Nigeria",2019-08-18,87.8,73.4,79.6,95.9,73.4,82.3,73.3,82.3,0.0,0,0.0,,0,0,18.6,12.8,258.8,1013.4,50.2,6.1,202.1,17.5,7,,2019-08-18T06:40:24,2019-08-18T19:00:42,0.6,Partially cloudy,Partly cloudy throughout the day.,partly-cloudy-day,"DNIB,DNMM,65201099999,65100099999,65208099999"
"Abeokuta, Ogun, Nigeria",2019-08-19,86.0,75.5,80.0,93.5,75.5,82.4,73.5,81.2,0.0,0,0.0,,0,0,21.3,13.9,243.0,1013.4,58.9,6.2,157.0,13.3,6,,2019-08-19T06:40:22,2019-08-19T19:00:18,0.63,Partially cloudy,Partly cloudy throughout the day.,partly-cloudy-day,"DNIB,DNMM,remote,65201099999,65100099999,65208099999"
"Abeokuta, Ogun, Nigeria",2019-08-20,84.2,75.5,78.5,92.5,75.5,80.2,74.7,88.3,0.275,100,8.33,rain,0,0,20.8,12.8,242.6,1013.9,70.4,5.5,190.0,16.4,7,,2019-08-20T06:40:18,2019-08-20T18:59:53,0.67,"Rain, Partially cloudy",Partly cloudy throughout the day with rain in the morning and afternoon.,rain,"DNIB,DNMM,remote,65201099999,65100099999,65208099999"
"Abeokuta, Ogun, Nigeria",2019-08-21,84.2,75.2,78.9,92.5,75.2,81.5,74.4,86.4,0.004,100,4.17,rain,0,0,19.7,9.2,248.4,1014.6,61.3,6.1,200.5,17.3,8,,2019-08-21T06:40:14,2019-08-21T18:59:28,0.7,"Rain, Partially cloudy",Partly cloudy throughout the day with afternoon rain.,rain,"DNIB,DNMM,remote,65201099999,65100099999,65208099999"
"Abeokuta, Ogun, Nigeria",2019-08-22,87.0,76.2,79.9,96.7,76.2,82.6,74.0,83.0,0.004,100,4.17,rain,0,0,18.3,15.0,243.5,1014.1,62.9,6.5,153.7,13.3,6,,2019-08-22T06:40:10,2019-08-22T18:59:02,0.73,"Rain, Partially cloudy",Partly cloudy throughout the day with morning rain.,rain,"65210099999,DNIB,65213099999,DNMM,65201099999,65100099999,65208099999"
"Abeokuta, Ogun, Nigeria",2019-08-23,81.7,76.2,78.4,87.8,76.2,79.3,73.4,84.9,0.0,0,0.0,,0,0,20.4,47.4,246.9,1015.3,67.1,6.1,101.0,8.8,4,,2019-08-23T06:40:06,2019-08-23T18:58:36,0.75,Partially cloudy,Partly cloudy throughout the day.,wind,"DNIB,DNMM,65201099999,65100099999,65208099999"
"Abeokuta, Ogun, Nigeria",2019-08-24,87.8,75.5,79.3,95.9,75.5,81.6,73.5,83.1,0.043,100,8.33,rain,0,0,20.8,14.7,237.5,1015.6,67.3,5.7,166.8,14.5,6,,2019-08-24T06:40:01,2019-08-24T18:58:09,0.8,"Rain, Partially cloudy",Partly cloudy throughout the day with rain in the morning and afternoon.,rain,"65210099999,DNIB,DNMM,remote,65201099999,65100099999,65208099999"
"Abeokuta, Ogun, Nigeria",2019-08-25,86.0,76.2,79.0,93.5,76.2,81.0,74.1,85.3,0.0,0,0.0,,0,0,17.7,11.0,235.1,1015.8,67.8,6.2,152.1,13.1,6,,2019-08-25T06:39:55,2019-08-25T18:57:42,0.83,Partially cloudy,Partly cloudy throughout the day.,partly-cloudy-day,"65210099999,65213099999,DNIB,DNMM,remote,65201099999,65100099999,65208099999"
"Abeokuta, Ogun, Nigeria",2019-08-26,86.1,73.4,78.5,95.2,73.4,80.3,74.0,86.6,0.0,0,0.0,,0,0,19.2,11.4,245.3,1015.6,68.7,5.9,176.6,15.2,7,,2019-08-26T06:39:50,2019-08-26T18:57:14,0.87,Partially cloudy,Partly cloudy throughout the day.,partly-cloudy-day,"65210099999,DNIB,65213099999,DNMM,65201099999,65100099999,65208099999"
"Abeokuta, Ogun, Nigeria",2019-08-27,84.7,74.4,78.9,91.9,74.4,80.9,73.9,85.4,0.0,0,0.0,,0,0,17.0,10.3,239.1,1015.3,58.1,5.9,186.4,16.1,7,,2019-08-27T06:39:44,2019-08-27T18:56:46,0.9,Partially cloudy,Partly cloudy throughout the day.,partly-cloudy-day,"65210099999,DNIB,DNMM,65201099999,65100099999,65208099999"
"Abeokuta, Ogun, Nigeria",2019-08-28,86.0,75.7,79.4,93.5,75.7,81.6,74.0,84.2,0.0,0,0.0,,0,0,16.1,13.9,228.1,1015.0,55.6,6.1,129.5,11.2,5,,2019-08-28T06:39:37,2019-08-28T18:56:18,0.93,Partially cloudy,Partly cloudy throughout the day.,partly-cloudy-day,"DNIB,DNMM,65201099999,65100099999,65208099999"
"Abeokuta, Ogun, Nigeria",2019-08-29,88.8,76.2,81.1,100.6,76.2,84.4,74.0,79.9,0.0,0,0.0,,0,0,11.0,11.4,223.0,1014.8,58.3,6.2,198.6,17.1,7,,2019-08-29T06:39:31,2019-08-29T18:55:49,0.97,Partially cloudy,Partly cloudy throughout the day.,partly-cloudy-day,"65210099999,DNIB,65213099999,DNMM,remote,65201099999,65100099999,65208099999"
"Abeokuta, Ogun, Nigeria",2019-08-30,87.8,73.6,79.6,98.6,73.6,82.3,73.8,83.4,0.118,100,4.17,rain,0,0,34.4,17.2,260.6,1014.3,63.0,6.0,181.7,15.9,8,,2019-08-30T06:39:24,2019-08-30T18:55:19,0.0,"Rain, Partially cloudy",Partly cloudy throughout the day with morning rain.,rain,"65210099999,DNIB,65202099999,DNMM,remote,65201099999,65100099999,65208099999"
"Abeokuta, Ogun, Nigeria",2019-08-31,89.0,75.9,79.9,100.1,75.9,82.9,74.5,84.1,0.0,0,0.0,,0,0,16.8,11.4,232.2,1012.9,75.3,6.4,202.9,17.7,8,,2019-08-31T06:39:17,2019-08-31T18:54:50,0.03,Partially cloudy,Partly cloudy throughout the day.,partly-cloudy-day,"DNIB,65213099999,DNMM,65201099999,65100099999,65208099999"
"Abeokuta, Ogun, Nigeria",2019-09-01,84.5,73.9,77.3,90.8,73.9,77.9,73.3,87.8,0.19,100,25.0,rain,0,0,14.5,15.0,237.5,1011.9,84.3,6.1,47.0,4.0,2,,2019-09-01T06:39:09,2019-09-01T18:54:19,0.07,"Rain, Partially cloudy",Partly cloudy throughout the day with a chance of rain throughout the day.,rain,"65210099999,DNIB,65202099999,DNMM,remote,65201099999,65100099999,65208099999"
"Abeokuta, Ogun, Nigeria",2019-09-02,86.0,74.0,79.2,95.2,74.0,82.1,74.4,85.9,0.039,100,4.17,rain,0,0,20.6,12.8,217.5,1013.2,67.4,6.0,193.4,16.6,8,,2019-09-02T06:39:02,2019-09-02T18:53:49,0.1,"Rain, Partially cloudy",Partly cloudy throughout the day with late afternoon rain.,rain,"65210099999,DNIB,DNMM,remote,65201099999,65100099999,65208099999"
"Abeokuta, Ogun, Nigeria",2019-09-03,86.1,74.6,79.8,93.5,74.6,82.3,74.2,83.9,0.016,100,16.67,rain,0,0,13.4,6.3,229.1,1014.3,64.9,5.6,181.1,15.6,6,,2019-09-03T06:38:54,2019-09-03T18:53:18,0.14,"Rain, Partially cloudy",Partly cloudy throughout the day with rain.,rain,"65210099999,65213099999,DNMM,remote,65201099999,65208099999"
"Abeokuta, Ogun, Nigeria",2019-09-04,86.4,71.6,78.7,95.0,71.6,81.2,74.5,87.5,0.312,100,50.0,rain,0,0,12.8,9.2,206.3,1013.7,90.6,5.4,96.4,8.4,5,,2019-09-04T06:38:45,2019-09-04T18:52:47,0.17,"Rain, Overcast",Cloudy skies throughout the day with a chance of rain throughout the day.,rain,"DNMM,remote,65201099999,65208099999"
"Abeokuta, Ogun, Nigeria",2019-09-05,85.7,75.5,79.2,94.7,75.5,82.1,74.4,85.6,0.264,100,29.17,rain,0,0,18.6,6.7,204.5,1013.2,94.8,,153.1,13.2,8,,2019-09-05T06:38:37,2019-09-05T18:52:16,0.2,"Rain, Overcast",Cloudy skies throughout the day with rain in the morning and afternoon.,rain,remote
"Abeokuta, Ogun, Nigeria",2019-09-06,82.4,71.6,76.8,89.5,71.6,77.8,73.9,91.1,1.654,100,4.17,rain,0,0,17.9,11.4,267.8,1014.0,77.6,5.1,145.9,12.6,7,,2019-09-06T06:38:28,2019-09-06T18:51:44,0.25,"Rain, Partially cloudy",Partly cloudy throughout the day with late afternoon rain.,rain,"65210099999,DNIB,DNMM,remote,65201099999,65100099999,65208099999"
"Abeokuta, Ogun, Nigeria",2019-09-07,86.0,73.4,78.1,94.3,73.4,79.9,73.9,87.7,0.378,100,4.17,rain,0,0,18.1,10.8,233.4,1014.3,63.6,5.8,147.2,12.7,6,,2019-09-07T06:38:20,2019-09-07T18:51:12,0.27,"Rain, Partially cloudy",Partly cloudy throughout the day with afternoon rain.,rain,"65210099999,DNIB,65202099999,DNMM,remote,65201099999,65100099999,65208099999"
"Abeokuta, Ogun, Nigeria",2019-09-08,86.0,74.6,79.3,93.7,74.6,81.6,74.3,85.4,0.039,100,4.17,rain,0,0,18.6,10.3,241.8,1015.4,59.9,6.2,178.6,15.4,7,,2019-09-08T06:38:11,2019-09-08T18:50:40,0.31,"Rain, Partially cloudy",Partly cloudy throughout the day with early morning rain.,rain,"DNIB,DNMM,remote,65201099999,65100099999,65208099999"
"Abeokuta, Ogun, Nigeria",2019-09-09,87.8,75.2,80.0,97.8,75.2,82.9,74.5,84.1,0.0,0,0.0,,0,0,17.0,15.0,239.0,1015.1,64.8,6.4,163.8,14.0,7,,2019-09-09T06:38:02,2019-09-09T18:50:08,0.34,Partially cloudy,Partly cloudy throughout the day.,partly-cloudy-day,"65210099999,DNIB,65213099999,DNMM,65201099999,65100099999,65208099999"
"Abeokuta, Ogun, Nigeria",2019-09-10,85.4,76.0,79.6,95.8,76.0,81.9,75.4,87.4,0.039,100,4.17,rain,0,0,22.6,10.3,236.7,1014.3,63.9,6.2,120.4,10.5,5,,2019-09-10T06:37:52,2019-09-10T18:49:36,0.37,"Rain, Partially cloudy",Partly cloudy throughout the day with afternoon rain.,rain,"65210099999,65213099999,DNIB,DNMM,remote,65201099999,65100099999,65208099999"
"Abeokuta, Ogun, Nigeria",2019-09-11,80.6,75.3,77.8,87.1,75.3,78.8,75.1,91.4,0.031,100,4.17,rain,0,0,16.3,6.9,255.8,1013.1,72.0,5.4,60.5,5.2,3,,2019-09-11T06:37:43,2019-09-11T18:49:03,0.41,"Rain, Partially cloudy",Partly cloudy throughout the day with afternoon rain.,rain,"65213099999,DNIB,DNMM,remote,65201099999,65100099999,65208099999"
"Abeokuta, Ogun, Nigeria",2019-09-12,84.0,75.0,78.4,92.3,75.0,80.8,75.3,90.7,0.035,100,4.17,rain,0,0,19.7,15.0,212.6,1013.5,64.6,5.3,136.5,11.7,7,,2019-09-12T06:37:34,2019-09-12T18:48:30,0.44,"Rain, Partially cloudy",Partly cloudy throughout the day with early morning rain.,rain,"65210099999,DNIB,DNMM,65201099999,65100099999,65208099999"
"Abeokuta, Ogun, Nigeria",2019-09-13,86.3,76.0,79.3,95.1,76.0,81.6,74.7,86.4,0.275,100,12.5,rain,0,0,17.9,11.7,231.4,1014.2,62.9,5.2,196.7,16.9,7,,2019-09-13T06:37:24,2019-09-13T18:47:57,0.48,"Rain, Partially cloudy",Partly cloudy throughout the day with rain.,rain,"DNIB,DNMM,65201099999,65100099999,65208099999"
"Abeokuta, Ogun, Nigeria",2019-09-14,81.8,73.4,75.7,86.0,73.4,75.9,73.7,93.8,1.339,100,8.33,rain,0,0,16.1,10.3,245.7,1013.7,60.1,5.4,201.3,17.3,7,,2019-09-14T06:37:14,2019-09-14T18:47:25,0.5,"Rain, Partially cloudy",Partly cloudy throughout the day with rain.,rain,"65210099999,DNIB,65213099999,DNMM,remote,65201099999,65100099999,65208099999"
"Abeokuta, Ogun, Nigeria",2019-09-15,85.0,72.5,77.6,93.9,72.5,79.8,74.0,89.3,0.039,100,4.17,rain,0,0,15.0,9.9,233.9,1013.1,59.3,5.3,153.6,13.4,7,,2019-09-15T06:37:05,2019-09-15T18:46:51,0.54,"Rain, Partially cloudy",Partly cloudy throughout the day with afternoon rain.,rain,"65210099999,DNIB,65202099999,DNMM,65201099999,65100099999,65208099999"
"Abeokuta, Ogun, Nigeria",2019-09-16,87.8,75.6,80.7,99.9,75.6,84.9,75.4,84.6,0.012,100,4.17,rain,0,0,16.6,10.3,234.4,1012.7,56.9,6.2,201.9,17.4,8,,2019-09-16T06:36:55,2019-09-16T18:46:18,0.58,"Rain, Partially cloudy",Partly cloudy throughout the day with afternoon rain.,rain,"65210099999,DNIB,DNMM,remote,65201099999,65100099999,65208099999"
"Abeokuta, Ogun, Nigeria",2019-09-17,86.0,77.0,79.4,94.7,77.0,81.6,75.7,88.9,0.669,100,4.17,rain,0,0,15.9,11.7,271.3,1012.3,62.2,5.8,135.8,11.8,6,,2019-09-17T06:36:45,2019-09-17T18:45:45,0.61,"Rain, Partially cloudy",Partly cloudy throughout the day with late afternoon rain.,rain,"65210099999,DNIB,65202099999,DNMM,remote,65201099999,65100099999,65208099999"
"Abeokuta, Ogun, Nigeria",2019-09-18,84.8,75.1,78.4,94.7,75.1,80.8,75.2,90.3,1.063,100,4.17,rain,0,0,14.5,12.8,262.7,1012.4,58.7,5.2,137.2,11.9,5,,2019-09-18T06:36:36,2019-09-18T18:45:12,0.65,"Rain, Partially cloudy",Partly cloudy throughout the day with late afternoon rain.,rain,"DNIB,DNMM,remote,65201099999,65100099999,65208099999"
"Abeokuta, Ogun, Nigeria",2019-09-19,82.4,74.4,77.5,89.7,74.4,78.6,75.2,92.9,0.59,100,8.33,rain,0,0,13.9,10.5,187.0,1012.8,72.4,4.9,133.9,11.5,6,,2019-09-19T06:36:26,2019-09-19T18:44:39,0.68,"Rain, Partially cloudy",Partly cloudy throughout the day with rain.,rain,"65210099999,DNIB,65213099999,DNMM,remote,65201099999,65100099999,65208099999"
"Abeokuta, Ogun, Nigeria",2019-09-20,87.8,75.2,80.5,97.8,75.2,84.3,75.3,85.0,0.0,0,0.0,,0,0,16.8,10.4,197.0,1013.3,60.2,5.2,204.5,17.6,8,,2019-09-20T06:36:16,2019-09-20T18:44:06,0.72,Partially cloudy,Partly cloudy throughout the day.,partly-cloudy-day,"65210099999,DNIB,65202099999,DNMM,65201099999,65100099999,65208099999"
"Abeokuta, Ogun, Nigeria",2019-09-21,88.1,76.2,80.1,99.0,76.2,83.7,75.8,87.4,0.0,0,0.0,,0,0,12.8,9.2,232.1,1012.9,67.1,6.3,251.0,21.7,8,,2019-09-21T06:36:07,2019-09-21T18:43:33,0.75,Partially cloudy,Partly cloudy throughout the day.,partly-cloudy-day,"65210099999,DNIB,DNMM,remote,65201099999,65100099999,65208099999"
"Abeokuta, Ogun, Nigeria",2019-09-22,87.8,71.6,79.0,96.1,71.6,82.0,73.1,83.1,0.118,100,4.17,rain,0,0,14.3,17.2,212.1,1012.6,52.2,5.7,172.3,15.0,6,,2019-09-22T06:35:57,2019-09-22T18:43:00,0.75,"Rain, Partially cloudy",Partly cloudy throughout the day with morning rain.,rain,"65210099999,DNIB,DNMM,remote,65201099999,65100099999,65208099999"
"Abeokuta, Ogun, Nigeria",2019-09-23,87.8,75.2,80.5,99.9,75.2,84.5,75.1,84.5,0.0,0,0.0,,0,0,13.0,11.4,239.0,1012.9,54.6,6.2,185.3,16.0,7,,2019-09-23T06:35:48,2019-09-23T18:42:27,0.82,Partially cloudy,Partly cloudy throughout the day.,partly-cloudy-day,"65210099999,65213099999,DNIB,DNMM,65201099999,65100099999,65208099999"
"Abeokuta, Ogun, Nigeria",2019-09-24,94.5,75.2,81.4,108.8,75.2,85.9,74.7,81.1,0.0,0,0.0,,0,0,13.4,11.4,263.6,1013.4,54.0,6.6,141.8,12.1,4,,2019-09-24T06:35:39,2019-09-24T18:41:54,0.85,Partially cloudy,Partly cloudy throughout the day.,partly-cloudy-day,"65210099999,DNIB,65213099999,DNMM,remote,65201099999,65100099999,65208099999"
"Abeokuta, Ogun, Nigeria",2019-09-25,88.1,77.0,81.6,100.3,77.0,86.9,76.2,84.4,0.0,0,0.0,,0,0,16.1,10.3,225.7,1013.1,47.9,6.0,175.9,15.0,6,,2019-09-25T06:35:29,2019-09-25T18:41:22,0.89,Partially cloudy,Partly cloudy throughout the day.,partly-cloudy-day,"DNIB,DNMM,65201099999,65100099999"
"Abeokuta, Ogun, Nigeria",2019-09-26,87.8,76.2,81.2,99.9,76.2,85.5,75.8,84.1,0.0,0,0.0,,0,0,17.7,11.4,230.3,1013.4,52.1,6.0,221.7,19.1,8,,2019-09-26T06:35:20,2019-09-26T18:40:49,0.92,Partially cloudy,Partly cloudy throughout the day.,partly-cloudy-day,"65210099999,DNIB,DNMM,65201099999,65100099999,65208099999"
"Abeokuta, Ogun, Nigeria",2019-09-27,84.2,73.5,78.4,92.5,73.5,79.7,74.3,87.7,0.079,100,4.17,rain,0,0,13.4,10.3,295.6,1012.8,60.3,5.9,137.8,11.8,6,,2019-09-27T06:35:12,2019-09-27T18:40:17,0.96,"Rain, Partially cloudy",Partly cloudy throughout the day with afternoon rain.,rain,"DNIB,DNMM,65201099999,65100099999,65208099999"
"Abeokuta, Ogun, Nigeria",2019-09-28,82.3,73.4,77.9,88.8,73.4,79.1,74.3,89.0,0.343,100,8.33,rain,0,0,17.9,28.9,191.7,1013.2,75.3,5.8,141.2,12.2,5,,2019-09-28T06:35:03,2019-09-28T18:39:45,0.0,"Rain, Partially cloudy",Partly cloudy throughout the day with rain in the morning and afternoon.,rain,"65210099999,DNIB,DNMM,remote,65201099999,65100099999,65208099999"
"Abeokuta, Ogun, Nigeria",2019-09-29,88.2,74.8,80.0,97.3,74.8,83.1,74.4,84.4,0.748,100,4.17,rain,0,0,20.8,10.3,212.2,1013.3,63.1,5.5,209.8,18.3,8,,2019-09-29T06:34:54,2019-09-29T18:39:13,0.02,"Rain, Partially cloudy",Partly cloudy throughout the day with late afternoon rain.,rain,"DNIB,DNMM,remote,65201099999,65100099999,65208099999"
"Abeokuta, Ogun, Nigeria",2019-09-30,86.2,75.0,79.0,96.1,75.0,81.9,75.3,88.9,0.512,100,4.17,rain,0,0,15.9,12.3,220.1,1011.9,52.6,5.5,132.9,11.5,6,,2019-09-30T06:34:46,2019-09-30T18:38:42,0.06,"Rain, Partially cloudy",Partly cloudy throughout the day with afternoon rain.,rain,"65210099999,DNIB,DNMM,65201099999,65100099999,65208099999"
"Abeokuta, Ogun, Nigeria",2019-10-01,78.8,73.4,76.0,78.8,73.4,76.0,74.7,95.9,1.102,100,4.17,rain,0,0,15.2,7.9,191.2,1012.0,71.7,4.2,79.4,7.0,3,,2019-10-01T06:34:38,2019-10-01T18:38:10,0.09,"Rain, Partially cloudy",Partly cloudy throughout the day with afternoon rain.,rain,"65210099999,DNIB,DNMM,65201099999,65100099999,65208099999"
"Abeokuta, Ogun, Nigeria",2019-10-02,84.2,73.5,78.2,92.5,73.5,80.5,74.3,88.5,0.511,100,8.33,rain,0,0,17.2,10.3,241.3,1012.8,59.9,5.1,131.3,11.3,5,,2019-10-02T06:34:30,2019-10-02T18:37:39,0.12,"Rain, Partially cloudy",Partly cloudy throughout the day with rain clearing later.,rain,"DNIB,DNMM,remote,65201099999,65100099999,65208099999"
"Abeokuta, Ogun, Nigeria",2019-10-03,86.4,70.8,77.9,94.7,70.8,80.1,72.7,85.1,0.039,100,4.17,rain,0,0,17.7,13.9,302.6,1012.2,76.1,5.9,163.1,14.2,5,,2019-10-03T06:34:23,2019-10-03T18:37:09,0.16,"Rain, Partially cloudy",Partly cloudy throughout the day with afternoon rain.,rain,"DNIB,DNMM,remote,65201099999,65100099999,65208099999"
"Abeokuta, Ogun, Nigeria",2019-10-04,82.4,74.4,77.2,89.5,74.4,77.7,74.8,92.4,1.89,100,4.17,rain,0,0,18.1,11.4,190.1,1011.1,73.5,5.8,93.8,8.2,5,,2019-10-04T06:34:16,2019-10-04T18:36:38,0.19,"Rain, Partially cloudy",Partly cloudy throughout the day with afternoon rain.,rain,"65210099999,65213099999,DNIB,DNMM,remote,65201099999,65100099999,65208099999"
"Abeokuta, Ogun, Nigeria",2019-10-05,80.6,73.4,76.2,86.2,73.4,76.7,74.0,93.2,0.394,100,4.17,rain,0,0,16.6,9.6,193.4,1011.7,87.4,5.3,61.6,5.4,4,,2019-10-05T06:34:09,2019-10-05T18:36:08,0.25,"Rain, Partially cloudy",Partly cloudy throughout the day with afternoon rain.,rain,"DNIB,DNMM,remote,65201099999,65100099999,65208099999"
"Abeokuta, Ogun, Nigeria",2019-10-06,87.8,73.1,79.1,108.3,73.1,82.4,74.8,87.4,0.0,0,0.0,,0,0,15.2,10.4,232.9,1012.0,80.5,5.9,201.4,17.4,9,,2019-10-06T06:34:03,2019-10-06T18:35:39,0.25,Partially cloudy,Partly cloudy throughout the day.,partly-cloudy-day,"65210099999,DNIB,65213099999,DNMM,remote,65201099999,65100099999,65208099999"
"Abeokuta, Ogun, Nigeria",2019-10-07,85.2,75.2,79.1,95.1,75.2,81.5,75.0,88.0,0.039,100,4.17,rain,0,0,18.8,9.2,253.7,1010.8,60.2,6.2,160.8,13.7,7,,2019-10-07T06:33:56,2019-10-07T18:35:10,0.29,"Rain, Partially cloudy",Partly cloudy throughout the day with early morning rain.,rain,"65210099999,DNIB,DNMM,remote,65201099999,65100099999,65208099999"
"Abeokuta, Ogun, Nigeria",2019-10-08,86.1,74.2,77.4,93.8,74.2,78.0,75.0,92.5,1.102,100,12.5,rain,0,0,17.2,8.1,253.1,1011.2,74.8,5.7,94.3,8.1,4,,2019-10-08T06:33:51,2019-10-08T18:34:41,0.32,"Rain, Partially cloudy",Partly cloudy throughout the day with a chance of rain throughout the day.,rain,"65210099999,DNIB,65213099999,DNMM,65201099999,65100099999,65208099999"
"Abeokuta, Ogun, Nigeria",2019-10-09,86.0,74.4,78.8,97.2,74.4,81.5,75.5,90.1,0.315,100,8.33,rain,0,0,19.9,11.9,232.5,1010.8,61.7,5.6,144.4,12.5,5,,2019-10-09T06:33:45,2019-10-09T18:34:13,0.35,"Rain, Partially cloudy",Partly cloudy throughout the day with rain in the morning and afternoon.,rain,"65210099999,DNIB,DNMM,remote,65201099999,65100099999,65208099999"
"Abeokuta, Ogun, Nigeria",2019-10-10,87.8,75.5,80.7,99.9,75.5,85.5,76.2,86.7,0.563,100,8.33,rain,0,0,18.3,10.3,216.8,1010.5,58.8,6.1,196.1,16.9,7,,2019-10-10T06:33:40,2019-10-10T18:33:45,0.39,"Rain, Partially cloudy",Partly cloudy throughout the day with rain in the morning and afternoon.,rain,"DNIB,65213099999,65202099999,DNMM,remote,65201099999,65100099999,65208099999"
"Abeokuta, Ogun, Nigeria",2019-10-11,82.4,74.6,78.2,90.9,74.6,79.1,75.7,92.3,0.787,100,8.33,rain,0,0,15.7,7.9,227.8,1011.1,69.3,5.5,134.8,11.8,6,,2019-10-11T06:33:36,2019-10-11T18:33:17,0.42,"Rain, Partially cloudy",Partly cloudy throughout the day with rain.,rain,"65210099999,DNIB,65213099999,DNMM,65201099999,65100099999,65208099999"
"Abeokuta, Ogun, Nigeria",2019-10-12,77.0,73.4,75.4,77.0,73.4,75.4,74.2,96.2,0.28,100,4.17,rain,0,0,10.5,8.6,222.1,1012.6,67.0,4.6,52.8,4.7,2,,2019-10-12T06:33:32,2019-10-12T18:32:51,0.45,"Rain, Partially cloudy",Partly cloudy throughout the day with late afternoon rain.,rain,"DNIB,DNMM,remote,65201099999,65100099999"
"Abeokuta, Ogun, Nigeria",2019-10-13,86.3,72.6,78.4,95.2,72.6,81.2,74.1,87.5,1.339,100,4.17,rain,0,0,13.0,11.4,311.1,1012.6,60.3,5.3,192.4,16.5,6,,2019-10-13T06:33:28,2019-10-13T18:32:24,0.5,"Rain, Partially cloudy",Partly cloudy throughout the day with early morning rain.,rain,"65210099999,DNIB,DNMM,65201099999,65100099999,65208099999"
"Abeokuta, Ogun, Nigeria",2019-10-14,89.6,74.9,80.9,104.6,74.9,85.7,75.5,84.4,0.0,0,0.0,,0,0,19.0,12.8,222.8,1011.6,53.7,5.8,214.1,18.6,8,,2019-10-14T06:33:25,2019-10-14T18:31:59,0.52,Partially cloudy,Partly cloudy throughout the day.,partly-cloudy-day,"DNIB,DNMM,65201099999,65100099999,65208099999"
"Abeokuta, Ogun, Nigeria",2019-10-15,86.0,74.7,79.1,95.2,74.7,81.8,74.7,86.8,0.044,100,33.33,rain,0,0,16.8,10.3,202.4,1012.2,63.5,6.0,166.9,14.4,6,,2019-10-15T06:33:22,2019-10-15T18:31:34,0.56,"Rain, Partially cloudy",Partly cloudy throughout the day with rain clearing later.,rain,"65210099999,DNIB,DNMM,remote,65201099999,65100099999"
"Abeokuta, Ogun, Nigeria",2019-10-16,85.5,71.6,78.8,93.5,71.6,81.8,73.8,85.4,0.0,0,0.0,,0,0,15.0,10.9,235.4,1013.0,53.0,5.6,165.6,14.2,6,,2019-10-16T06:33:20,2019-10-16T18:31:09,0.59,Partially cloudy,Partly cloudy throughout the day.,partly-cloudy-day,"DNIB,DNMM,65201099999,65100099999,65208099999"
"Abeokuta, Ogun, Nigeria",2019-10-17,87.8,71.6,78.9,100.1,71.6,82.5,73.9,85.6,0.472,100,4.17,rain,0,0,19.2,9.8,253.3,1012.3,57.0,5.5,182.0,15.8,7,,2019-10-17T06:33:18,2019-10-17T18:30:45,0.63,"Rain, Partially cloudy",Partly cloudy throughout the day with early morning rain.,rain,"65210099999,DNIB,DNMM,65201099999,65100099999,65208099999"
"Abeokuta, Ogun, Nigeria",2019-10-18,83.3,75.5,78.1,91.1,75.5,79.9,74.9,90.0,0.236,100,4.17,rain,0,0,12.1,7.1,150.4,1011.6,70.3,5.0,114.6,9.8,4,,2019-10-18T06:33:17,2019-10-18T18:30:22,0.66,"Rain, Partially cloudy",Partly cloudy throughout the day with afternoon rain.,rain,"65210099999,DNIB,65202099999,DNMM,65201099999,65100099999,65208099999"
"Abeokuta, Ogun, Nigeria",2019-10-19,86.0,73.4,78.1,97.2,73.4,79.9,74.3,88.7,0.016,100,4.17,rain,0,0,11.2,17.2,188.9,1011.5,69.8,5.2,60.3,5.1,3,,2019-10-19T06:33:17,2019-10-19T18:29:59,0.7,"Rain, Partially cloudy",Partly cloudy throughout the day with morning rain.,rain,"DNIB,65213099999,DNMM,remote,65201099999,65100099999,65208099999"
"Abeokuta, Ogun, Nigeria",2019-10-20,77.0,71.6,75.1,77.0,71.6,75.1,74.1,96.7,3.386,100,12.5,rain,0,0,18.3,8.1,209.8,1013.2,66.8,4.8,101.2,8.7,5,,2019-10-20T06:33:17,2019-10-20T18:29:37,0.73,"Rain, Partially cloudy",Partly cloudy throughout the day with rain.,rain,"DNIB,DNMM,65201099999,65100099999,65208099999"
"Abeokuta, Ogun, Nigeria",2019-10-21,87.8,72.3,79.2,96.6,72.3,82.7,74.1,85.3,0.0,0,0.0,,0,0,12.1,10.3,213.0,1012.3,51.3,5.5,207.9,17.9,8,,2019-10-21T06:33:17,2019-10-21T18:29:16,0.75,Partially cloudy,Partly cloudy throughout the day.,partly-cloudy-day,"65210099999,DNIB,DNMM,remote,65201099999,65100099999,65208099999"
"Abeokuta, Ogun, Nigeria",2019-10-22,88.8,76.2,80.7,99.2,76.2,84.7,75.4,84.9,0.0,0,0.0,,0,0,15.2,16.5,218.2,1010.5,55.6,5.9,177.7,15.2,7,,2019-10-22T06:33:19,2019-10-22T18:28:56,0.8,Partially cloudy,Partly cloudy throughout the day.,partly-cloudy-day,"65210099999,DNIB,DNMM,65201099999,65100099999,65208099999"
"Abeokuta, Ogun, Nigeria",2019-10-23,83.2,73.4,78.1,91.0,73.4,80.3,74.8,89.8,0.866,100,8.33,rain,0,0,35.8,14.5,197.1,1010.5,62.7,5.3,162.2,14.1,7,,2019-10-23T06:33:20,2019-10-23T18:28:36,0.84,"Rain, Partially cloudy",Partly cloudy throughout the day with rain.,rain,"65210099999,DNIB,DNMM,remote,65201099999,65100099999,65208099999"
"Abeokuta, Ogun, Nigeria",2019-10-24,88.4,75.0,79.6,98.0,75.0,82.5,74.2,84.9,0.059,100,8.33,rain,0,0,15.0,12.3,12.4,1011.4,58.3,5.6,158.6,13.7,6,,2019-10-24T06:33:23,2019-10-24T18:28:17,0.87,"Rain, Partially cloudy",Partly cloudy throughout the day with late afternoon rain.,rain,"65210099999,DNIB,65213099999,DNMM,remote,65201099999,65100099999,65208099999"
"Abeokuta, Ogun, Nigeria",2019-10-25,86.9,73.4,78.6,97.5,73.4,81.7,74.8,88.9,0.472,100,4.17,rain,0,0,19.2,8.4,187.6,1011.7,61.2,5.3,151.3,12.9,6,,2019-10-25T06:33:26,2019-10-25T18:27:59,0.91,"Rain, Partially cloudy",Partly cloudy throughout the day with morning rain.,rain,"DNIB,DNMM,65201099999,65100099999,65208099999"
"Abeokuta, Ogun, Nigeria",2019-10-26,86.1,73.4,78.3,96.0,73.4,80.6,74.7,89.0,0.276,100,4.17,rain,0,0,14.8,9.2,164.9,1012.1,54.3,5.6,134.5,11.5,4,,2019-10-26T06:33:30,2019-10-26T18:27:42,0.94,"Rain, Partially cloudy",Partly cloudy throughout the day with early morning rain.,rain,"65210099999,DNIB,65213099999,DNMM,remote,65201099999,65100099999,65208099999"
"Abeokuta, Ogun, Nigeria",2019-10-27,84.2,75.2,79.1,94.2,75.2,82.1,75.5,89.2,0.028,100,8.33,rain,0,0,12.5,6.9,195.6,1012.5,63.5,5.0,104.8,9.1,5,,2019-10-27T06:33:34,2019-10-27T18:27:25,0.98,"Rain, Partially cloudy",Partly cloudy throughout the day with rain.,rain,"65210099999,DNMM,remote,65201099999"
"Abeokuta, Ogun, Nigeria",2019-10-28,80.1,71.6,75.6,84.2,71.6,75.8,73.6,93.5,0.315,100,4.17,rain,0,0,9.6,15.0,61.0,1011.8,57.3,5.1,52.3,4.4,2,,2019-10-28T06:33:39,2019-10-28T18:27:10,0.0,"Rain, Partially cloudy",Partly cloudy throughout the day with afternoon rain.,rain,"DNIB,DNMM,65201099999,65100099999,65208099999"
"Abeokuta, Ogun, Nigeria",2019-10-29,86.0,73.4,79.4,97.2,73.4,82.8,74.4,85.6,0.0,0,0.0,,0,0,10.7,9.2,198.8,1010.9,53.7,4.6,178.8,15.6,6,,2019-10-29T06:33:45,2019-10-29T18:26:55,0.04,Partially cloudy,Partly cloudy throughout the day.,partly-cloudy-day,"DNIB,65213099999,DNMM,65201099999,65100099999,65208099999"
"Abeokuta, Ogun, Nigeria",2019-10-30,87.8,75.2,79.0,98.1,75.2,81.2,75.3,88.9,0.197,100,8.33,rain,0,0,17.0,9.8,216.2,1011.7,73.4,5.5,175.0,15.1,6,,2019-10-30T06:33:52,2019-10-30T18:26:41,0.07,"Rain, Partially cloudy",Partly cloudy throughout the day with rain in the morning and afternoon.,rain,"65210099999,DNIB,65202099999,DNMM,65201099999,65100099999,65208099999"
"Abeokuta, Ogun, Nigeria",2019-10-31,89.1,76.2,81.2,100.1,76.2,85.4,75.2,82.9,0.0,0,0.0,,0,0,14.8,10.1,218.7,1012.4,54.2,5.9,217.2,18.7,8,,2019-10-31T06:33:59,2019-10-31T18:26:28,0.11,Partially cloudy,Partly cloudy throughout the day.,partly-cloudy-day,"65210099999,DNIB,65202099999,DNMM,65201099999,65100099999,65208099999"
"Abeokuta, Ogun, Nigeria",2019-11-01,89.6,75.7,81.2,102.4,75.7,85.0,75.6,84.0,0.0,0,0.0,,0,0,19.0,11.4,120.7,1011.5,54.5,6.2,238.9,20.7,9,,2019-11-01T06:34:07,2019-11-01T18:26:16,0.14,Partially cloudy,Partly cloudy throughout the day.,partly-cloudy-day,"65210099999,DNIB,DNMM,65201099999,65100099999,65208099999"
"Abeokuta, Ogun, Nigeria",2019-11-02,86.0,74.4,79.0,97.2,74.4,81.8,75.2,88.6,0.0,0,0.0,,0,0,18.3,13.9,85.5,1011.1,69.9,5.0,149.3,12.9,6,,2019-11-02T06:34:15,2019-11-02T18:26:04,0.17,Partially cloudy,Partly cloudy throughout the day.,partly-cloudy-day,"65213099999,DNIB,DNMM,65201099999,65100099999,65208099999"
"Abeokuta, Ogun, Nigeria",2019-11-03,85.2,73.7,78.9,94.8,73.7,82.3,74.6,87.1,0.012,100,4.17,rain,0,0,15.7,10.0,160.9,1012.9,57.6,4.9,153.0,13.1,6,,2019-11-03T06:34:25,2019-11-03T18:25:54,0.2,"Rain, Partially cloudy",Partly cloudy throughout the day with late afternoon rain.,rain,"65210099999,DNIB,DNMM,65201099999,65100099999,65208099999"
"Abeokuta, Ogun, Nigeria",2019-11-04,92.1,73.8,81.8,103.6,73.8,86.5,75.1,81.4,0.0,0,0.0,,0,0,21.0,7.8,197.6,1012.6,41.8,5.4,232.4,20.0,8,,2019-11-04T06:34:35,2019-11-04T18:25:45,0.25,Partially cloudy,Partly cloudy throughout the day.,partly-cloudy-day,"65210099999,DNIB,DNMM,65201099999,65100099999,65208099999"
"Abeokuta, Ogun, Nigeria",2019-11-05,86.3,77.8,81.1,97.1,77.8,86.2,76.7,87.0,0.118,100,4.17,rain,0,0,18.8,10.3,217.1,1012.9,56.0,6.0,199.4,17.1,7,,2019-11-05T06:34:46,2019-11-05T18:25:36,0.27,"Rain, Partially cloudy",Partly cloudy throughout the day with afternoon rain.,rain,"65210099999,DNIB,DNMM,65201099999,65100099999,65208099999"
"Abeokuta, Ogun, Nigeria",2019-11-06,88.7,75.1,81.0,102.4,75.1,85.6,76.5,86.9,0.63,100,4.17,rain,0,0,16.1,8.1,210.7,1011.4,56.2,5.4,196.8,17.0,7,,2019-11-06T06:34:57,2019-11-06T18:25:29,0.3,"Rain, Partially cloudy",Partly cloudy throughout the day with late afternoon rain.,rain,"65210099999,DNIB,DNMM,remote,65201099999,65100099999,65208099999"
"Abeokuta, Ogun, Nigeria",2019-11-07,89.6,75.2,81.3,105.2,75.2,86.2,76.1,85.1,0.012,100,8.33,rain,0,0,15.2,10.3,197.4,1010.4,48.9,5.3,203.7,17.7,8,,2019-11-07T06:35:09,2019-11-07T18:25:22,0.33,"Rain, Partially cloudy",Partly cloudy throughout the day with afternoon rain.,rain,"65210099999,DNIB,DNMM,65201099999,65100099999,65208099999"
"Abeokuta, Ogun, Nigeria",2019-11-08,94.2,76.0,82.5,106.5,76.0,88.6,75.9,81.5,0.0,0,0.0,,0,0,16.8,10.1,198.8,1010.1,54.0,5.4,210.1,18.1,7,,2019-11-08T06:35:22,2019-11-08T18:25:16,0.37,Partially cloudy,Partly cloudy throughout the day.,partly-cloudy-day,"65210099999,DNIB,65213099999,DNMM,65201099999,65100099999,65208099999"
"Abeokuta, Ogun, Nigeria",2019-11-09,90.7,77.0,82.1,104.1,77.0,89.2,77.3,86.0,0.079,100,4.17,rain,0,0,15.7,8.5,218.7,1010.0,61.8,5.4,211.2,18.2,7,,2019-11-09T06:35:36,2019-11-09T18:25:12,0.4,"Rain, Partially cloudy",Partly cloudy throughout the day with late afternoon rain.,rain,"65210099999,DNIB,65213099999,65202099999,DNMM,remote,65201099999,65100099999,65208099999"
"Abeokuta, Ogun, Nigeria",2019-11-10,84.2,76.9,79.6,96.1,76.9,83.2,76.3,89.9,0.157,100,4.17,rain,0,0,18.8,12.2,219.7,1010.5,53.3,5.2,135.3,11.9,5,,2019-11-10T06:35:51,2019-11-10T18:25:08,0.43,"Rain, Partially cloudy",Partly cloudy throughout the day with afternoon rain.,rain,"65210099999,DNIB,DNMM,65201099999,65100099999,65208099999"
"Abeokuta, Ogun, Nigeria",2019-11-11,86.7,75.2,80.4,98.7,75.2,84.8,75.7,86.1,0.0,0,0.0,,0,0,13.0,10.3,209.5,1009.7,63.8,5.6,152.8,13.2,5,,2019-11-11T06:36:06,2019-11-11T18:25:06,0.46,Partially cloudy,Partly cloudy throughout the day.,partly-cloudy-day,"65210099999,DNIB,65213099999,DNMM,65201099999,65100099999,65208099999"
"Abeokuta, Ogun, Nigeria",2019-11-12,91.4,75.2,82.1,105.2,75.2,88.1,75.9,82.3,0.0,0,0.0,,0,0,16.6,9.2,211.4,1009.6,52.2,5.8,155.2,13.4,5,,2019-11-12T06:36:22,2019-11-12T18:25:04,0.5,Partially cloudy,Partly cloudy throughout the day.,partly-cloudy-day,"65210099999,65213099999,DNIB,DNMM,65201099999,65100099999,65208099999"
"Abeokuta, Ogun, Nigeria",2019-11-13,91.4,73.4,82.1,103.4,73.4,88.0,74.9,79.8,0.169,100,4.17,rain,0,0,40.3,28.9,124.8,1009.5,52.1,5.6,194.2,16.8,8,,2019-11-13T06:36:38,2019-11-13T18:25:03,0.53,"Rain, Partially cloudy",Partly cloudy throughout the day with afternoon rain.,rain,"DNIB,DNMM,65201099999,65100099999,65208099999"
"Abeokuta, Ogun, Nigeria",2019-11-14,90.6,74.4,80.6,101.1,74.4,85.1,74.7,83.2,0.043,100,8.33,rain,0,0,9.2,10.3,337.5,1010.1,61.2,5.4,123.4,10.5,6,,2019-11-14T06:36:56,2019-11-14T18:25:04,0.57,"Rain, Partially cloudy",Partly cloudy throughout the day with early morning rain.,rain,"65210099999,DNIB,DNMM,remote,65201099999,65100099999,65208099999"
"Abeokuta, Ogun, Nigeria",2019-11-15,89.6,77.0,82.6,102.6,77.0,89.0,76.2,81.8,0.0,0,0.0,,0,0,15.9,8.1,174.8,1010.1,49.1,5.6,224.3,19.3,9,,2019-11-15T06:37:14,2019-11-15T18:25:05,0.6,Partially cloudy,Partly cloudy throughout the day.,partly-cloudy-day,"65210099999,DNIB,DNMM,65201099999,65100099999,65208099999"
"Abeokuta, Ogun, Nigeria",2019-11-16,91.7,75.9,82.8,106.4,75.9,89.9,76.7,82.8,0.008,100,4.17,rain,0,0,17.7,10.7,223.7,1009.6,46.6,5.5,192.8,16.7,7,,2019-11-16T06:37:32,2019-11-16T18:25:08,0.64,"Rain, Partially cloudy",Partly cloudy throughout the day with afternoon rain.,rain,"65210099999,DNIB,DNMM,remote,65201099999,65100099999,65208099999"
"Abeokuta, Ogun, Nigeria",2019-11-17,91.4,78.8,84.2,110.9,78.8,93.8,78.3,83.5,0.0,0,0.0,,0,0,18.1,11.4,217.8,1009.9,56.2,5.7,219.9,18.9,9,,2019-11-17T06:37:52,2019-11-17T18:25:11,0.67,Partially cloudy,Partly cloudy throughout the day.,partly-cloudy-day,"65210099999,DNIB,DNMM,65201099999,65100099999,65208099999"
"Abeokuta, Ogun, Nigeria",2019-11-18,91.4,78.6,84.4,110.9,78.6,95.0,78.5,83.5,0.0,0,0.0,,0,0,15.7,12.8,218.8,1009.9,51.4,5.9,203.5,17.4,8,,2019-11-18T06:38:12,2019-11-18T18:25:15,0.71,Partially cloudy,Partly cloudy throughout the day.,partly-cloudy-day,"65210099999,DNIB,DNMM,65201099999,65100099999,65208099999"
"Abeokuta, Ogun, Nigeria",2019-11-19,91.4,78.0,83.5,107.8,78.0,91.7,77.7,83.6,0.0,0,0.0,,0,0,14.5,5.8,231.9,1010.4,50.6,5.7,198.3,17.1,7,,2019-11-19T06:38:33,2019-11-19T18:25:21,0.75,Partially cloudy,Partly cloudy throughout the day.,partly-cloudy-day,"DNIB,DNMM,remote,65201099999,65100099999,65208099999"
"Abeokuta, Ogun, Nigeria",2019-11-20,90.9,76.0,82.2,104.8,76.0,89.0,77.1,85.3,0.0,0,0.0,,0,0,17.4,8.7,244.6,1010.2,58.9,5.7,188.4,16.2,7,,2019-11-20T06:38:54,2019-11-20T18:25:27,0.78,Partially cloudy,Partly cloudy throughout the day.,partly-cloudy-day,"65210099999,65213099999,DNIB,DNMM,remote,65201099999,65100099999,65208099999"
"Abeokuta, Ogun, Nigeria",2019-11-21,86.0,77.0,81.0,98.3,77.0,86.1,75.9,84.9,0.0,0,0.0,,0,0,17.9,17.2,202.2,1011.4,57.0,5.5,210.1,18.2,8,,2019-11-21T06:39:16,2019-11-21T18:25:35,0.82,Partially cloudy,Partly cloudy throughout the day.,partly-cloudy-day,"65210099999,DNIB,65202099999,DNMM,65201099999,65100099999,65208099999"
"Abeokuta, Ogun, Nigeria",2019-11-22,91.4,71.6,80.5,105.1,71.6,85.6,74.4,82.7,0.157,100,4.17,rain,0,0,11.6,16.1,172.0,1011.5,55.2,5.3,178.0,15.3,6,,2019-11-22T06:39:39,2019-11-22T18:25:43,0.85,"Rain, Partially cloudy",Partly cloudy throughout the day with early morning rain.,rain,"65210099999,DNIB,DNMM,remote,65201099999,65100099999,65208099999"
"Abeokuta, Ogun, Nigeria",2019-11-23,90.0,76.8,82.6,102.7,76.8,88.6,76.6,83.1,0.012,100,4.17,rain,0,0,15.7,13.9,189.4,1011.3,45.2,5.1,203.9,17.5,8,,2019-11-23T06:40:02,2019-11-23T18:25:53,0.89,"Rain, Partially cloudy",Partly cloudy throughout the day with afternoon rain.,rain,"65210099999,DNIB,65202099999,DNMM,65201099999,65100099999,65208099999"
"Abeokuta, Ogun, Nigeria",2019-11-24,91.4,77.0,83.6,107.8,77.0,91.1,77.3,82.4,0.004,100,4.17,rain,0,0,12.8,12.8,232.5,1011.0,51.4,5.9,210.0,18.1,8,,2019-11-24T06:40:26,2019-11-24T18:26:03,0.92,"Rain, Partially cloudy",Partly cloudy throughout the day with morning rain.,rain,"65210099999,DNIB,DNMM,65201099999,65100099999,65208099999"
"Abeokuta, Ogun, Nigeria",2019-11-25,91.4,78.4,84.1,105.5,78.4,92.3,77.4,81.4,0.0,0,0.0,,0,0,13.6,9.6,235.0,1011.1,50.7,5.8,201.1,17.2,8,,2019-11-25T06:40:50,2019-11-25T18:26:14,0.96,Partially cloudy,Partly cloudy throughout the day.,partly-cloudy-day,"DNIB,DNMM,65201099999,65100099999,65208099999"
"Abeokuta, Ogun, Nigeria",2019-11-26,91.4,78.6,84.4,110.9,78.6,94.7,78.5,83.3,0.0,0,0.0,,0,0,15.4,10.3,224.9,1011.0,49.8,5.8,193.1,16.6,8,,2019-11-26T06:41:16,2019-11-26T18:26:26,0.0,Partially cloudy,Partly cloudy throughout the day.,partly-cloudy-day,"65210099999,DNIB,DNMM,65201099999,65100099999,65208099999"
"Abeokuta, Ogun, Nigeria",2019-11-27,93.2,71.6,81.1,107.7,71.6,86.7,74.9,82.9,1.181,100,8.33,rain,0,0,46.1,22.9,210.4,1011.0,48.5,5.3,201.3,17.3,8,,2019-11-27T06:41:41,2019-11-27T18:26:40,0.03,"Rain, Partially cloudy",Partly cloudy throughout the day with rain clearing later.,rain,"DNIB,DNMM,remote,65201099999,65100099999,65208099999"
"Abeokuta, Ogun, Nigeria",2019-11-28,91.4,75.2,82.3,110.9,75.2,89.1,76.0,82.4,0.0,0,0.0,,0,0,16.8,10.9,184.6,1011.2,48.9,5.5,228.3,19.6,9,,2019-11-28T06:42:07,2019-11-28T18:26:54,0.06,Partially cloudy,Partly cloudy throughout the day.,partly-cloudy-day,"65210099999,DNIB,DNMM,65201099999,65100099999,65208099999"
"Abeokuta, Ogun, Nigeria",2019-11-29,91.5,78.2,83.7,105.9,78.2,91.1,77.6,83.3,0.0,0,0.0,,0,0,12.1,11.5,239.4,1011.3,46.3,5.4,220.6,19.0,8,,2019-11-29T06:42:34,2019-11-29T18:27:09,0.09,Partially cloudy,Partly cloudy throughout the day.,partly-cloudy-day,"65210099999,DNIB,DNMM,65201099999,65100099999,65208099999"
"Abeokuta, Ogun, Nigeria",2019-11-30,93.2,78.4,84.4,107.7,78.4,93.1,77.3,80.6,0.0,0,0.0,,0,0,15.4,10.3,223.6,1010.9,42.7,5.4,236.8,20.4,9,,2019-11-30T06:43:01,2019-11-30T18:27:25,0.12,Partially cloudy,Partly cloudy throughout the day.,partly-cloudy-day,"65210099999,DNIB,DNMM,65201099999,65100099999,65208099999"
"Abeokuta, Ogun, Nigeria",2019-12-01,91.7,77.4,83.0,102.6,77.4,89.8,76.9,82.8,0.0,0,0.0,,0,0,15.4,8.4,245.7,1011.0,57.8,5.7,223.3,19.3,8,,2019-12-01T06:43:28,2019-12-01T18:27:42,0.15,Partially cloudy,Partly cloudy throughout the day.,partly-cloudy-day,"65210099999,DNIB,65213099999,DNMM,65201099999,65100099999,65208099999"
"Abeokuta, Ogun, Nigeria",2019-12-02,91.4,77.0,81.9,107.8,77.0,86.5,76.0,83.7,0.0,0,0.0,,0,0,15.2,10.3,258.2,1011.1,53.1,5.4,195.4,16.8,7,,2019-12-02T06:43:56,2019-12-02T18:27:59,0.19,Partially cloudy,Partly cloudy throughout the day.,partly-cloudy-day,"65210099999,DNIB,DNMM,remote,65201099999,65100099999,65208099999"
"Abeokuta, Ogun, Nigeria",2019-12-03,92.0,77.0,83.5,107.8,77.0,90.9,75.8,80.1,0.118,100,4.17,rain,0,0,14.5,9.2,249.7,1011.0,49.0,5.6,178.3,15.4,7,,2019-12-03T06:44:24,2019-12-03T18:28:18,0.22,"Rain, Partially cloudy",Partly cloudy throughout the day with early morning rain.,rain,"DNIB,DNMM,65201099999,65100099999,65208099999"
"Abeokuta, Ogun, Nigeria",2019-12-04,91.1,77.3,82.7,98.2,77.3,89.4,76.8,83.7,0.0,0,0.0,,0,0,17.0,8.3,254.8,1010.8,44.7,5.3,206.0,17.9,7,,2019-12-04T06:44:53,2019-12-04T18:28:37,0.25,Partially cloudy,Partly cloudy throughout the day.,partly-cloudy-day,"DNIB,DNMM,remote,65201099999,65100099999,65208099999"
"Abeokuta, Ogun, Nigeria",2019-12-05,92.0,77.0,82.0,105.2,77.0,87.1,76.3,84.5,0.0,0,0.0,,0,0,15.4,9.2,219.3,1010.5,50.0,4.8,204.5,17.5,8,,2019-12-05T06:45:22,2019-12-05T18:28:57,0.28,Partially cloudy,Partly cloudy throughout the day.,partly-cloudy-day,"DNIB,65213099999,DNMM,remote,65201099999,65100099999,65208099999"
"Abeokuta, Ogun, Nigeria",2019-12-06,88.3,77.0,81.1,99.6,77.0,86.0,76.6,87.1,0.0,0,0.0,,0,0,19.7,7.7,287.5,1011.2,51.5,5.3,183.9,16.0,7,,2019-12-06T06:45:51,2019-12-06T18:29:18,0.32,Partially cloudy,Partly cloudy throughout the day.,partly-cloudy-day,"65210099999,DNIB,DNMM,65201099999,65100099999,65208099999"
"Abeokuta, Ogun, Nigeria",2019-12-07,89.6,77.0,81.5,105.2,77.0,87.0,77.0,87.0,0.0,0,0.0,,0,0,17.9,9.2,233.4,1011.1,51.3,5.6,183.7,15.7,7,,2019-12-07T06:46:21,2019-12-07T18:29:40,0.35,Partially cloudy,Partly cloudy throughout the day.,partly-cloudy-day,"65210099999,65202099999,DNMM,remote,65201099999,65208099999"
"Abeokuta, Ogun, Nigeria",2019-12-08,90.6,77.0,82.7,102.4,77.0,88.7,76.4,82.6,0.0,0,0.0,,0,0,14.5,10.3,208.7,1011.3,57.2,5.6,199.7,17.2,7,,2019-12-08T06:46:51,2019-12-08T18:30:02,0.38,Partially cloudy,Partly cloudy throughout the day.,partly-cloudy-day,"DNIB,DNMM,65201099999,65100099999,65208099999"
"Abeokuta, Ogun, Nigeria",2019-12-09,93.1,77.0,83.8,105.6,77.0,91.5,77.2,82.1,0.0,0,0.0,,0,0,16.8,7.1,258.8,1011.3,54.4,5.7,210.7,18.2,8,,2019-12-09T06:47:21,2019-12-09T18:30:25,0.41,Partially cloudy,Partly cloudy throughout the day.,partly-cloudy-day,"65210099999,DNIB,DNMM,65201099999,65100099999,65208099999"
"Abeokuta, Ogun, Nigeria",2019-12-10,91.4,77.6,83.3,105.2,77.6,90.2,76.7,82.1,4.016,100,4.17,rain,0,0,14.8,9.2,250.3,1010.7,54.0,5.7,224.2,19.4,8,,2019-12-10T06:47:51,2019-12-10T18:30:49,0.44,"Rain, Partially cloudy",Partly cloudy throughout the day with morning rain.,rain,"65210099999,DNIB,65213099999,DNMM,remote,65201099999,65100099999,65208099999"
"Abeokuta, Ogun, Nigeria",2019-12-11,91.9,77.0,82.9,102.6,77.0,88.4,76.3,82.0,0.0,0,0.0,,0,0,16.3,9.0,241.9,1010.7,53.9,5.7,211.8,18.1,8,,2019-12-11T06:48:21,2019-12-11T18:31:14,0.48,Partially cloudy,Partly cloudy throughout the day.,partly-cloudy-day,"65210099999,DNIB,65213099999,DNMM,remote,65201099999,65100099999,65208099999"
"Abeokuta, Ogun, Nigeria",2019-12-12,89.7,76.2,80.4,99.4,76.2,83.8,75.7,86.5,2.165,100,4.17,rain,0,0,14.1,8.1,175.7,1011.2,49.4,3.9,190.9,16.5,7,,2019-12-12T06:48:52,2019-12-12T18:31:39,0.5,"Rain, Partially cloudy",Partly cloudy throughout the day with late afternoon rain.,rain,"DNIB,DNMM,remote,65201099999,65100099999,65208099999"
"Abeokuta, Ogun, Nigeria",2019-12-13,86.0,75.2,80.6,99.4,75.2,85.9,76.2,87.0,0.0,0,0.0,,0,0,14.5,8.1,223.0,1012.0,39.7,3.5,200.0,17.1,7,,2019-12-13T06:49:22,2019-12-13T18:32:05,0.54,Partially cloudy,Partly cloudy throughout the day.,partly-cloudy-day,"65210099999,DNIB,DNMM,65201099999,65100099999,65208099999"
"Abeokuta, Ogun, Nigeria",2019-12-14,87.8,76.0,80.6,99.9,76.0,84.8,76.3,87.2,0.0,0,0.0,,0,0,14.3,10.6,61.2,1012.6,41.4,2.9,211.2,18.3,8,,2019-12-14T06:49:53,2019-12-14T18:32:31,0.58,Partially cloudy,Partly cloudy throughout the day.,partly-cloudy-day,"DNIB,DNMM,65201099999,65100099999,65208099999"
"Abeokuta, Ogun, Nigeria",2019-12-15,89.6,75.2,81.6,104.6,75.2,87.7,76.6,85.6,0.0,0,0.0,,0,0,16.6,10.3,178.5,1011.7,50.6,3.8,198.5,17.1,7,,2019-12-15T06:50:23,2019-12-15T18:32:58,0.62,Partially cloudy,Partly cloudy throughout the day.,partly-cloudy-day,"65210099999,DNIB,DNMM,remote,65201099999,65100099999,65208099999"
"Abeokuta, Ogun, Nigeria",2019-12-16,93.5,74.0,82.8,101.3,74.0,87.3,73.9,77.1,0.0,0,0.0,,0,0,15.2,8.9,109.5,1009.9,50.0,4.3,225.6,19.5,8,,2019-12-16T06:50:54,2019-12-16T18:33:25,0.65,Partially cloudy,Partly cloudy throughout the day.,partly-cloudy-day,"65210099999,DNIB,65213099999,DNMM,remote,65201099999,65100099999,65208099999"
"Abeokuta, Ogun, Nigeria",2019-12-17,93.4,75.2,83.1,104.3,75.2,88.3,74.9,78.6,0.0,0,0.0,,0,0,14.5,7.4,229.2,1010.1,41.0,4.0,217.7,18.8,8,,2019-12-17T06:51:25,2019-12-17T18:33:53,0.69,Partially cloudy,Partly cloudy throughout the day.,partly-cloudy-day,"65210099999,DNIB,DNMM,remote,65201099999,65100099999,65208099999"
"Abeokuta, Ogun, Nigeria",2019-12-18,92.2,76.9,83.7,107.8,76.9,90.7,76.8,81.2,0.0,0,0.0,,0,0,15.9,7.1,220.1,1010.9,41.7,4.4,213.3,18.5,8,,2019-12-18T06:51:55,2019-12-18T18:34:21,0.72,Partially cloudy,Partly cloudy throughout the day.,partly-cloudy-day,"65210099999,DNIB,DNMM,65201099999,65100099999,65208099999"
"Abeokuta, Ogun, Nigeria",2019-12-19,94.0,77.0,84.4,105.2,77.0,91.1,75.5,76.9,0.0,0,0.0,,0,0,13.6,9.2,174.5,1011.7,51.4,4.7,234.1,20.3,8,,2019-12-19T06:52:26,2019-12-19T18:34:50,0.75,Partially cloudy,Partly cloudy throughout the day.,partly-cloudy-day,"65210099999,DNIB,65202099999,DNMM,65201099999,65100099999,65208099999"
"Abeokuta, Ogun, Nigeria",2019-12-20,95.0,75.0,83.9,105.2,75.0,90.8,76.1,79.2,0.0,0,0.0,,0,0,17.7,10.8,240.9,1011.5,40.9,3.7,229.3,19.9,9,,2019-12-20T06:52:56,2019-12-20T18:35:19,0.79,Partially cloudy,Partly cloudy throughout the day.,partly-cloudy-day,"65210099999,DNIB,DNMM,65201099999,65100099999,65208099999"
"Abeokuta, Ogun, Nigeria",2019-12-21,91.4,78.8,83.6,109.8,78.8,93.6,78.7,86.0,0.157,100,4.17,rain,0,0,13.4,11.4,218.2,1012.1,52.8,4.2,162.9,14.3,6,,2019-12-21T06:53:26,2019-12-21T18:35:48,0.83,"Rain, Partially cloudy",Partly cloudy throughout the day with late afternoon rain.,rain,"65210099999,DNMM,65201099999"
"Abeokuta, Ogun, Nigeria",2019-12-22,95.0,77.0,83.8,107.4,77.0,91.2,77.1,82.3,0.0,0,0.0,,0,0,12.3,8.1,137.6,1012.1,39.7,4.2,213.6,18.5,8,,2019-12-22T06:53:56,2019-12-22T18:36:18,0.87,Partially cloudy,Partly cloudy throughout the day.,partly-cloudy-day,"65210099999,DNMM,remote,65201099999"
"Abeokuta, Ogun, Nigeria",2019-12-23,95.0,75.2,83.2,98.5,75.2,86.3,72.5,74.3,0.0,0,0.0,,0,0,13.4,10.3,98.8,1011.6,25.3,3.6,256.6,22.1,9,,2019-12-23T06:54:25,2019-12-23T18:36:48,0.9,Partially cloudy,Becoming cloudy in the afternoon.,partly-cloudy-day,"65210099999,DNMM,65201099999"
"Abeokuta, Ogun, Nigeria",2019-12-24,93.2,71.9,81.9,100.9,71.9,84.7,70.8,72.8,0.0,0,0.0,,0,0,12.8,9.0,152.0,1011.4,30.0,3.5,259.6,22.4,9,,2019-12-24T06:54:55,2019-12-24T18:37:19,0.94,Partially cloudy,Clearing in the afternoon.,partly-cloudy-day,"DNIB,DNMM,65201099999,65100099999,65208099999"
"Abeokuta, Ogun, Nigeria",2019-12-25,95.0,73.4,82.5,101.4,73.4,85.3,71.9,74.1,0.0,0,0.0,,0,0,11.9,13.9,20.7,1011.6,20.2,3.7,252.0,21.8,9,,2019-12-25T06:55:24,2019-12-25T18:37:49,0.97,Partially cloudy,Partly cloudy throughout the day.,partly-cloudy-day,"65210099999,DNIB,DNMM,remote,65201099999,65100099999,65208099999"
"Abeokuta, Ogun, Nigeria",2019-12-26,93.2,73.4,82.3,104.6,73.4,84.0,68.7,66.9,0.0,0,0.0,,0,0,13.6,10.1,134.7,1011.0,23.9,4.4,247.7,21.5,9,,2019-12-26T06:55:52,2019-12-26T18:38:20,0.0,Partially cloudy,Partly cloudy throughout the day.,partly-cloudy-day,"65210099999,DNIB,65202099999,DNMM,remote,65201099999,65100099999,65208099999"
"Abeokuta, Ogun, Nigeria",2019-12-27,95.0,73.4,82.6,107.4,73.4,87.7,73.9,76.7,0.0,0,0.0,,0,0,15.4,10.3,74.5,1011.2,31.2,3.5,248.7,21.5,9,,2019-12-27T06:56:21,2019-12-27T18:38:51,0.04,Partially cloudy,Partly cloudy throughout the day.,partly-cloudy-day,"65210099999,DNIB,DNMM,65201099999,65100099999,65208099999"
"Abeokuta, Ogun, Nigeria",2019-12-28,93.7,73.4,82.1,99.9,73.4,83.3,69.7,71.0,0.0,0,0.0,,0,0,13.4,9.5,124.5,1010.7,29.7,2.6,249.9,21.7,9,,2019-12-28T06:56:49,2019-12-28T18:39:22,0.07,Partially cloudy,Partly cloudy throughout the day.,partly-cloudy-day,"65210099999,DNIB,DNMM,remote,65201099999,65100099999,65208099999"
"Abeokuta, Ogun, Nigeria",2019-12-29,97.7,71.6,82.4,97.7,71.6,82.7,65.4,62.7,0.0,0,0.0,,0,0,12.8,8.4,73.1,1009.8,26.3,3.0,255.6,22.1,9,,2019-12-29T06:57:16,2019-12-29T18:39:53,0.1,Partially cloudy,Partly cloudy throughout the day.,partly-cloudy-day,"65210099999,DNIB,DNMM,65201099999,65100099999,65208099999"
"Abeokuta, Ogun, Nigeria",2019-12-30,95.0,69.5,80.6,99.0,69.5,81.7,65.7,64.7,0.0,0,0.0,,0,0,13.6,9.2,122.1,1010.0,27.2,3.2,256.1,22.2,9,,2019-12-30T06:57:43,2019-12-30T18:40:24,0.14,Partially cloudy,Partly cloudy throughout the day.,partly-cloudy-day,"DNIB,DNMM,65201099999,65100099999,65208099999"
"Abeokuta, Ogun, Nigeria",2019-12-31,96.8,69.8,81.0,98.3,69.8,82.2,66.7,65.9,0.0,0,0.0,,0,0,15.0,9.2,48.4,1010.6,24.7,4.1,258.4,22.3,9,,2019-12-31T06:58:10,2019-12-31T18:40:55,0.17,Partially cloudy,Partly cloudy throughout the day.,partly-cloudy-day,"DNIB,DNMM,remote,65201099999,65100099999,65208099999"
