name,datetime,tempmax,tempmin,temp,feelslikemax,feelslikemin,feelslike,dew,humidity,precip,precipprob,precipcover,preciptype,snow,snowdepth,windgust,windspeed,winddir,sealevelpressure,cloudcover,visibility,solarradiation,solarenergy,uvindex,severerisk,sunrise,sunset,moonphase,conditions,description,icon,stations
"Abeokuta, Ogun, Nigeria",2021-01-01,92.3,76.7,83.3,105.2,76.7,89.2,75.5,79.1,0.0,0,0.0,,0,0,19.0,8.1,216.7,1010.6,42.6,3.6,231.0,19.7,8,,2021-01-01T06:58:55,2021-01-01T18:41:50,0.58,Partially cloudy,Partly cloudy throughout the day.,partly-cloudy-day,"DNIB,NII0000DNIB,DNMM,NII0000DNMM,remote,65201099999,NIM00065208,65100099999,65208099999"
"Abeokuta, Ogun, Nigeria",2021-01-02,93.2,78.7,84.2,107.6,78.7,91.3,76.3,78.6,0.0,0,0.0,,0,0,17.4,9.2,210.7,1010.6,42.1,5.2,216.2,18.8,8,,2021-01-02T06:59:20,2021-01-02T18:42:21,0.62,Partially cloudy,Partly cloudy throughout the day.,partly-cloudy-day,"DNIB,NII0000DNIB,DNMM,NII0000DNMM,remote,65201099999,NIM00065208,65100099999,65208099999"
"Abeokuta, Ogun, Nigeria",2021-01-03,91.8,78.3,84.2,105.2,78.3,92.6,77.6,81.8,0.004,100,4.17,rain,0,0,14.8,9.2,205.9,1010.4,34.6,4.9,184.6,15.9,7,,2021-01-03T06:59:45,2021-01-03T18:42:52,0.65,"Rain, Partially cloudy",Partly cloudy throughout the day with afternoon rain.,rain,"65210099999,DNIB,NII0000DNIB,NIM00065210,DNMM,remote,NII0000DNMM,65201099999,NIM00065208,65100099999,65208099999"
"Abeokuta, Ogun, Nigeria",2021-01-04,94.4,73.2,83.2,110.5,73.2,89.3,75.8,80.2,0.0,0,0.0,,0,0,19.9,16.4,198.9,1009.9,38.6,5.7,199.2,17.1,8,,2021-01-04T07:00:08,2021-01-04T18:43:23,0.69,Partially cloudy,Partly cloudy throughout the day.,partly-cloudy-day,"65210099999,DNIB,NII0000DNIB,NIM00065210,DNMM,remote,NII0000DNMM,65201099999,65100099999,NIM00065208,65208099999"
"Abeokuta, Ogun, Nigeria",2021-01-05,92.5,72.8,82.0,105.2,72.8,87.3,74.9,80.5,0.079,100,4.17,rain,0,0,51.9,11.4,241.2,1009.5,39.2,6.1,207.2,17.9,8,,2021-01-05T07:00:31,2021-01-05T18:43:54,0.72,"Rain, Partially cloudy",Clearing in the afternoon with early morning rain.,rain,"65210099999,DNIB,NII0000DNIB,NIM00065210,DNMM,NII0000DNMM,remote,65201099999,65100099999,NIM00065208,65208099999"
"Abeokuta, Ogun, Nigeria",2021-01-06,92.4,71.6,83.0,106.9,71.6,89.5,76.2,81.1,0.012,100,8.33,rain,0,0,20.8,13.9,226.8,1009.9,38.9,6.0,192.8,16.6,8,,2021-01-06T07:00:54,2021-01-06T18:44:24,0.75,"Rain, Partially cloudy",Partly cloudy throughout the day with rain in the morning and afternoon.,rain,"65210099999,DNIB,NII0000DNIB,NIM00065210,DNMM,NII0000DNMM,remote,65201099999,65100099999"
"Abeokuta, Ogun, Nigeria",2021-01-07,94.7,72.8,82.1,105.2,72.8,87.2,74.1,78.6,0.0,0,0.0,,0,0,20.6,13.9,231.9,1010.8,52.1,5.9,209.4,18.2,8,,2021-01-07T07:01:15,2021-01-07T18:44:54,0.8,Partially cloudy,Partly cloudy throughout the day.,partly-cloudy-day,"65210099999,DNIB,NII0000DNIB,NIM00065210,DNMM,remote,NII0000DNMM,65201099999,65100099999"
"Abeokuta, Ogun, Nigeria",2021-01-08,91.4,73.5,82.5,105.2,73.5,87.1,75.5,81.1,0.008,100,4.17,rain,0,0,19.7,11.4,219.6,1010.8,66.6,5.9,206.3,17.8,8,,2021-01-08T07:01:36,2021-01-08T18:45:24,0.83,"Rain, Partially cloudy",Partly cloudy throughout the day with afternoon rain.,rain,"65210099999,DNIB,NIM00065210,DNMM,remote,NII0000DNMM,65201099999,NIM00065208,65208099999"
"Abeokuta, Ogun, Nigeria",2021-01-09,93.2,77.4,84.1,103.1,77.4,88.8,73.9,73.7,0.0,0,0.0,,0,0,19.0,11.4,216.2,1010.3,35.5,6.1,220.0,19.2,8,,2021-01-09T07:01:56,2021-01-09T18:45:54,0.87,Partially cloudy,Clearing in the afternoon.,partly-cloudy-day,"65210099999,DNIB,NII0000DNIB,NIM00065210,DNMM,NII0000DNMM,remote,65201099999,65100099999,NIM00065208,65208099999"
"Abeokuta, Ogun, Nigeria",2021-01-10,93.5,76.4,83.3,105.2,76.4,88.6,75.8,80.0,0.0,0,0.0,,0,0,18.3,15.0,221.8,1009.6,36.2,6.0,218.0,18.9,8,,2021-01-10T07:02:16,2021-01-10T18:46:23,0.9,Partially cloudy,Partly cloudy throughout the day.,partly-cloudy-day,"65210099999,DNIB,NII0000DNIB,NIM00065210,DNMM,remote,NII0000DNMM,65201099999,65100099999,NIM00065208,65208099999"
"Abeokuta, Ogun, Nigeria",2021-01-11,94.4,77.0,83.2,105.2,77.0,88.6,75.3,79.2,0.0,0,0.0,,0,0,16.8,15.0,231.1,1009.6,34.7,5.7,212.7,18.5,8,,2021-01-11T07:02:34,2021-01-11T18:46:52,0.94,Partially cloudy,Partly cloudy throughout the day.,partly-cloudy-day,"65210099999,DNIB,NII0000DNIB,NIM00065210,DNMM,remote,NII0000DNMM,65201099999,65100099999,NIM00065208,65208099999"
"Abeokuta, Ogun, Nigeria",2021-01-12,93.2,77.0,83.5,101.9,77.0,88.8,75.6,79.4,0.0,0,0.0,,0,0,17.7,9.2,264.7,1010.7,32.8,5.7,211.4,18.2,8,,2021-01-12T07:02:52,2021-01-12T18:47:21,0.97,Partially cloudy,Partly cloudy throughout the day.,partly-cloudy-day,"65210099999,DNIB,NII0000DNIB,NIM00065210,DNMM,NII0000DNMM,remote,65201099999,65100099999,NIM00065208,65208099999"
"Abeokuta, Ogun, Nigeria",2021-01-13,93.2,78.0,83.7,105.2,78.0,89.5,75.9,79.0,0.0,0,0.0,,0,0,22.4,14.1,217.7,1011.7,40.3,6.0,221.0,19.1,8,,2021-01-13T07:03:09,2021-01-13T18:47:49,0.0,Partially cloudy,Partly cloudy throughout the day.,partly-cloudy-day,"65210099999,DNIB,NII0000DNIB,NIM00065210,DNMM,remote,NII0000DNMM,65201099999,NIM00065208,65100099999,65208099999"
"Abeokuta, Ogun, Nigeria",2021-01-14,95.8,77.1,84.5,99.6,77.1,89.1,73.6,73.2,0.0,0,0.0,,0,0,17.2,10.3,236.7,1011.2,28.3,6.1,233.6,20.1,9,,2021-01-14T07:03:25,2021-01-14T18:48:17,0.04,Partially cloudy,Clearing in the afternoon.,partly-cloudy-day,"65210099999,DNIB,NII0000DNIB,NIM00065210,DNMM,NII0000DNMM,remote,65201099999,65100099999,NIM00065208,65208099999"
"Abeokuta, Ogun, Nigeria",2021-01-15,96.3,77.6,84.4,100.6,77.6,87.8,72.6,71.8,0.0,0,0.0,,0,0,18.8,10.8,180.5,1009.7,39.9,5.7,231.0,20.0,9,,2021-01-15T07:03:40,2021-01-15T18:48:45,0.07,Partially cloudy,Partly cloudy throughout the day.,partly-cloudy-day,"65210099999,DNIB,NII0000DNIB,NIM00065210,DNMM,remote,NII0000DNMM,65201099999,65100099999,NIM00065208,65208099999"
"Abeokuta, Ogun, Nigeria",2021-01-16,96.0,77.0,82.2,98.3,77.0,86.1,73.8,78.0,0.0,0,0.0,,0,0,24.8,10.7,219.2,1009.1,42.4,5.7,194.6,16.7,8,,2021-01-16T07:03:55,2021-01-16T18:49:12,0.1,Partially cloudy,Partly cloudy throughout the day.,partly-cloudy-day,"65210099999,DNIB,NII0000DNIB,NIM00065210,DNMM,NII0000DNMM,remote,65201099999,65100099999,NIM00065208,65208099999"
"Abeokuta, Ogun, Nigeria",2021-01-17,94.4,77.0,83.4,102.6,77.0,88.8,75.4,79.2,0.0,0,0.0,,0,0,17.7,9.2,180.7,1009.9,41.6,5.0,199.2,17.4,9,,2021-01-17T07:04:08,2021-01-17T18:49:38,0.14,Partially cloudy,Partly cloudy throughout the day.,partly-cloudy-day,"65210099999,DNIB,NII0000DNIB,NIM00065210,DNMM,NII0000DNMM,remote,65201099999,65100099999,NIM00065208,65208099999"
"Abeokuta, Ogun, Nigeria",2021-01-18,96.7,77.0,82.2,102.5,77.0,87.7,75.8,82.6,0.039,100,4.17,rain,0,0,18.3,10.3,226.5,1010.5,34.0,5.2,216.7,18.7,8,,2021-01-18T07:04:21,2021-01-18T18:50:04,0.17,"Rain, Partially cloudy",Partly cloudy throughout the day with late afternoon rain.,rain,"65210099999,DNIB,NII0000DNIB,NIM00065210,DNMM,NII0000DNMM,remote,65201099999,65100099999,NIM00065208,65208099999"
"Abeokuta, Ogun, Nigeria",2021-01-19,94.0,76.9,84.2,105.1,76.9,89.0,73.5,73.6,0.0,0,0.0,,0,0,20.1,10.3,242.7,1011.1,35.3,5.6,228.4,19.8,8,,2021-01-19T07:04:32,2021-01-19T18:50:29,0.2,Partially cloudy,Partly cloudy throughout the day.,partly-cloudy-day,"65210099999,DNIB,NII0000DNIB,NIM00065210,DNMM,remote,NII0000DNMM,65201099999,NIM00065208,65100099999,65208099999"
"Abeokuta, Ogun, Nigeria",2021-01-20,93.3,78.0,83.7,100.0,78.0,88.5,73.6,74.4,0.0,0,0.0,,0,0,17.2,11.4,162.9,1011.1,34.4,4.1,247.1,21.3,9,,2021-01-20T07:04:43,2021-01-20T18:50:54,0.25,Partially cloudy,Clearing in the afternoon.,partly-cloudy-day,"65210099999,DNIB,NII0000DNIB,NIM00065210,DNMM,NII0000DNMM,remote,65201099999,65100099999,NIM00065208,65208099999"
"Abeokuta, Ogun, Nigeria",2021-01-21,95.8,74.1,83.1,92.6,74.1,83.3,65.9,63.2,0.0,0,0.0,,0,0,17.7,11.4,95.9,1011.0,30.1,2.9,262.8,22.7,9,,2021-01-21T07:04:53,2021-01-21T18:51:19,0.26,Partially cloudy,Partly cloudy throughout the day.,partly-cloudy-day,"65210099999,DNIB,NIM00065210,DNMM,remote,NII0000DNMM,65201099999,NIM00065208,65208099999"
"Abeokuta, Ogun, Nigeria",2021-01-22,91.4,73.9,82.0,91.5,73.9,82.3,64.1,58.1,0.0,0,0.0,,0,0,15.2,12.8,25.0,1011.3,21.2,1.7,254.5,22.2,9,,2021-01-22T07:05:01,2021-01-22T18:51:42,0.3,Partially cloudy,Partly cloudy throughout the day.,partly-cloudy-day,"65210099999,DNIB,NII0000DNIB,NIM00065210,DNMM,NII0000DNMM,remote,65201099999,65100099999,NIM00065208,65208099999"
"Abeokuta, Ogun, Nigeria",2021-01-23,93.3,74.0,82.6,95.4,74.0,82.5,60.8,53.4,0.0,0,0.0,,0,0,15.2,8.1,90.2,1011.0,24.7,1.3,251.5,21.9,9,,2021-01-23T07:05:09,2021-01-23T18:52:06,0.33,Partially cloudy,Clearing in the afternoon.,partly-cloudy-day,"65210099999,DNIB,NII0000DNIB,NIM00065210,DNMM,remote,NII0000DNMM,65201099999,NIM00065208,65100099999,65208099999"
"Abeokuta, Ogun, Nigeria",2021-01-24,96.7,73.4,83.5,96.4,73.4,84.0,66.9,63.8,0.0,0,0.0,,0,0,17.9,8.7,177.7,1009.7,36.0,1.9,258.4,22.4,9,,2021-01-24T07:05:16,2021-01-24T18:52:28,0.36,Partially cloudy,Clearing in the afternoon.,partly-cloudy-day,"65210099999,NIM00065210,DNMM,remote,NII0000DNMM,65201099999,NIM00065208,65208099999"
"Abeokuta, Ogun, Nigeria",2021-01-25,92.1,74.5,82.1,100.3,74.5,87.0,74.6,79.2,0.0,0,0.0,,0,0,18.1,9.2,181.8,1010.6,24.0,2.1,240.4,20.8,9,,2021-01-25T07:05:22,2021-01-25T18:52:50,0.39,Partially cloudy,Partly cloudy throughout the day.,partly-cloudy-day,"65210099999,DNIB,NII0000DNIB,NIM00065210,DNMM,NII0000DNMM,remote,65201099999,65100099999,NIM00065208,65208099999"
"Abeokuta, Ogun, Nigeria",2021-01-26,93.2,76.2,83.5,105.2,76.2,88.8,74.1,75.3,0.0,0,0.0,,0,0,22.6,15.0,219.5,1010.7,21.6,2.6,247.7,21.3,9,,2021-01-26T07:05:27,2021-01-26T18:53:11,0.42,Partially cloudy,Partly cloudy throughout the day.,partly-cloudy-day,"65210099999,DNIB,NII0000DNIB,NIM00065210,DNMM,remote,NII0000DNMM,65201099999,NIM00065208,65100099999,65208099999"
"Abeokuta, Ogun, Nigeria",2021-01-27,94.7,77.0,84.3,102.9,77.0,91.1,75.7,77.7,0.0,0,0.0,,0,0,19.9,27.0,234.1,1010.3,29.0,3.8,239.1,20.6,9,,2021-01-27T07:05:31,2021-01-27T18:53:32,0.46,Partially cloudy,Partly cloudy throughout the day.,partly-cloudy-day,"65210099999,DNIB,NII0000DNIB,NIM00065210,DNMM,NII0000DNMM,remote,65201099999,65100099999,NIM00065208,65208099999"
"Abeokuta, Ogun, Nigeria",2021-01-28,95.1,78.4,84.7,105.2,78.4,91.8,76.2,78.2,0.004,100,4.17,rain,0,0,20.8,9.2,197.8,1010.2,31.6,4.2,234.1,20.2,9,,2021-01-28T07:05:34,2021-01-28T18:53:52,0.5,"Rain, Partially cloudy",Partly cloudy throughout the day with afternoon rain.,rain,"65210099999,DNIB,NII0000DNIB,NIM00065210,DNMM,NII0000DNMM,remote,65201099999,65100099999,NIM00065208,65208099999"
"Abeokuta, Ogun, Nigeria",2021-01-29,93.2,78.2,84.9,107.6,78.2,93.2,76.6,77.8,0.004,100,4.17,rain,0,0,19.9,13.9,201.4,1010.8,41.5,4.1,220.2,19.0,8,,2021-01-29T07:05:36,2021-01-29T18:54:11,0.52,"Rain, Partially cloudy",Partly cloudy throughout the day with morning rain.,rain,"65210099999,NIM00065210,DNMM,NII0000DNMM,remote,65201099999,NIM00065208,65208099999"
"Abeokuta, Ogun, Nigeria",2021-01-30,96.7,71.6,84.4,103.2,71.6,89.4,72.3,70.9,0.0,0,0.0,,0,0,18.3,13.9,194.1,1010.7,45.8,4.5,227.3,19.7,9,,2021-01-30T07:05:37,2021-01-30T18:54:30,0.56,Partially cloudy,Partly cloudy throughout the day.,partly-cloudy-day,"65210099999,DNIB,NII0000DNIB,NIM00065210,DNMM,remote,NII0000DNMM,65201099999,NIM00065208,65100099999,65208099999"
"Abeokuta, Ogun, Nigeria",2021-01-31,95.0,77.0,84.0,105.1,77.0,89.1,74.6,75.8,0.0,0,0.0,,0,0,24.6,14.3,231.3,1010.0,48.5,4.7,223.7,19.3,9,,2021-01-31T07:05:37,2021-01-31T18:54:48,0.59,Partially cloudy,Partly cloudy throughout the day.,partly-cloudy-day,"65210099999,DNIB,NII0000DNIB,NIM00065210,DNMM,NII0000DNMM,remote,65201099999,NIM00065208,65100099999,65208099999"
"Abeokuta, Ogun, Nigeria",2021-02-01,96.3,75.2,85.3,103.6,75.2,92.1,74.7,73.6,0.04,100,12.5,rain,0,0,18.6,10.1,208.6,1010.9,36.8,4.6,231.8,19.9,9,,2021-02-01T07:05:36,2021-02-01T18:55:05,0.63,"Rain, Partially cloudy",Partly cloudy throughout the day with rain clearing later.,rain,"65210099999,DNIB,NII0000DNIB,NIM00065210,DNMM,NII0000DNMM,remote,65201099999,NIM00065208,65100099999,65208099999"
"Abeokuta, Ogun, Nigeria",2021-02-02,97.6,79.1,84.7,100.2,79.1,91.3,74.4,75.3,0.669,100,4.17,rain,0,0,23.0,12.8,209.7,1011.3,30.1,5.2,231.5,20.0,9,,2021-02-02T07:05:35,2021-02-02T18:55:22,0.67,"Rain, Partially cloudy",Partly cloudy throughout the day with late afternoon rain.,rain,"65210099999,DNIB,NII0000DNIB,NIM00065210,DNMM,NII0000DNMM,remote,65201099999,65100099999,NIM00065208,65208099999"
"Abeokuta, Ogun, Nigeria",2021-02-03,95.6,77.1,85.3,105.2,77.1,92.4,72.5,69.9,0.004,100,4.17,rain,0,0,22.8,10.3,208.5,1011.0,40.9,5.2,222.5,19.2,9,,2021-02-03T07:05:32,2021-02-03T18:55:38,0.7,"Rain, Partially cloudy",Clearing in the afternoon with morning rain.,rain,"65210099999,DNIB,NIM00065213,NII0000DNIB,NIM00065210,DNMM,NII0000DNMM,remote,65100099999,NIM00065208,65208099999,65213099999,65201099999"
"Abeokuta, Ogun, Nigeria",2021-02-04,94.2,79.4,85.5,110.5,79.4,95.8,77.5,78.4,0.0,0,0.0,,0,0,21.0,11.4,231.7,1010.6,37.0,4.8,221.2,19.1,8,,2021-02-04T07:05:28,2021-02-04T18:55:53,0.75,Partially cloudy,Partly cloudy throughout the day.,partly-cloudy-day,"65210099999,DNIB,NII0000DNIB,NIM00065210,DNMM,NII0000DNMM,remote,65201099999,NIM00065208,65100099999,65208099999"
"Abeokuta, Ogun, Nigeria",2021-02-05,94.0,79.4,84.9,105.3,79.4,94.2,77.0,78.9,0.036,100,12.5,rain,0,0,17.9,10.8,211.5,1011.2,37.9,5.2,219.2,19.1,8,,2021-02-05T07:05:24,2021-02-05T18:56:07,0.77,"Rain, Partially cloudy",Partly cloudy throughout the day with rain.,rain,"65210099999,DNIB,NII0000DNIB,NIM00065210,DNMM,NII0000DNMM,remote,65201099999,65100099999,NIM00065208,65208099999"
"Abeokuta, Ogun, Nigeria",2021-02-06,98.3,77.6,86.0,110.1,77.6,93.9,75.0,73.0,0.0,0,0.0,,0,0,21.3,9.6,213.7,1010.7,49.0,5.7,229.4,19.7,8,,2021-02-06T07:05:18,2021-02-06T18:56:21,0.81,Partially cloudy,Partly cloudy throughout the day.,partly-cloudy-day,"65210099999,DNIB,NII0000DNIB,NIM00065210,DNMM,NII0000DNMM,remote,65201099999,65100099999,NIM00065208,65208099999"
"Abeokuta, Ogun, Nigeria",2021-02-07,100.3,78.8,86.1,110.1,78.8,93.9,75.4,74.1,0.0,0,0.0,,0,0,24.6,11.4,223.0,1010.0,37.0,5.6,236.0,20.5,8,,2021-02-07T07:05:11,2021-02-07T18:56:34,0.85,Partially cloudy,Partly cloudy throughout the day.,partly-cloudy-day,"65210099999,DNIB,NII0000DNIB,NIM00065210,DNMM,remote,NII0000DNMM,65201099999,NIM00065208,65100099999,65208099999"
"Abeokuta, Ogun, Nigeria",2021-02-08,96.3,79.4,86.4,105.2,79.4,95.3,75.8,73.4,0.0,0,0.0,,0,0,25.5,12.0,228.7,1009.0,45.5,5.5,235.9,20.2,9,,2021-02-08T07:05:04,2021-02-08T18:56:47,0.88,Partially cloudy,Partly cloudy throughout the day.,partly-cloudy-day,"65210099999,DNIB,NII0000DNIB,NIM00065210,DNMM,NII0000DNMM,remote,65201099999,65100099999,NIM00065208,65208099999"
"Abeokuta, Ogun, Nigeria",2021-02-09,98.0,78.8,85.8,107.2,78.8,93.7,74.7,73.2,0.0,0,0.0,,0,0,21.5,13.9,233.6,1009.6,43.1,5.5,253.8,21.9,9,,2021-02-09T07:04:56,2021-02-09T18:56:58,0.92,Partially cloudy,Partly cloudy throughout the day.,partly-cloudy-day,"65210099999,DNIB,NII0000DNIB,NIM00065210,DNMM,remote,NII0000DNMM,65201099999,65100099999,NIM00065208,65208099999"
"Abeokuta, Ogun, Nigeria",2021-02-10,98.0,78.8,86.0,110.4,78.8,94.6,76.3,75.5,0.0,0,0.0,,0,0,19.2,9.2,211.0,1009.8,37.3,5.6,224.9,19.4,8,,2021-02-10T07:04:46,2021-02-10T18:57:10,0.95,Partially cloudy,Partly cloudy throughout the day.,partly-cloudy-day,"65210099999,DNIB,NII0000DNIB,NIM00065210,DNMM,remote,NII0000DNMM,65201099999,NIM00065208,65100099999,65208099999"
"Abeokuta, Ogun, Nigeria",2021-02-11,95.3,78.0,84.6,105.6,78.0,93.1,76.6,78.8,0.004,100,4.17,rain,0,0,22.6,10.5,208.6,1009.7,15.4,5.3,219.2,19.1,8,,2021-02-11T07:04:36,2021-02-11T18:57:20,0.0,Rain,Clear conditions throughout the day with late afternoon rain.,rain,"DNIB,NII0000DNIB,DNMM,remote,NII0000DNMM"
"Abeokuta, Ogun, Nigeria",2021-02-12,98.7,80.3,86.6,105.6,86.2,95.0,75.2,71.2,0.0,0,0.0,,0,0,23.7,11.4,204.0,1009.1,35.9,6.0,235.0,20.3,9,,2021-02-12T07:04:25,2021-02-12T18:57:30,0.02,Partially cloudy,Becoming cloudy in the afternoon.,partly-cloudy-day,"DNIB,NII0000DNIB,DNMM,NII0000DNMM,remote,65201099999,NIM00065208"
"Abeokuta, Ogun, Nigeria",2021-02-13,93.2,79.4,85.4,107.6,79.4,95.4,77.3,78.0,0.0,0,0.0,,0,0,24.4,29.5,223.6,1008.7,31.5,6.1,231.2,20.0,9,,2021-02-13T07:04:14,2021-02-13T18:57:39,0.05,Partially cloudy,Partly cloudy throughout the day.,partly-cloudy-day,"65210099999,DNIB,NII0000DNIB,NIM00065210,DNMM,NII0000DNMM,remote,65201099999,NIM00065208,65100099999,65208099999"
"Abeokuta, Ogun, Nigeria",2021-02-14,95.0,80.0,86.0,110.1,80.0,96.5,77.6,77.7,0.039,100,4.17,rain,0,0,18.3,36.1,232.3,1008.9,40.7,5.8,198.3,17.3,7,,2021-02-14T07:04:01,2021-02-14T18:57:47,0.09,"Rain, Partially cloudy",Partly cloudy throughout the day with early morning rain.,rain,"DNIB,NII0000DNIB,DNMM,remote,NII0000DNMM,65201099999,NIM00065208,65100099999,65208099999"
"Abeokuta, Ogun, Nigeria",2021-02-15,95.0,79.8,85.8,107.9,79.8,96.1,77.1,76.7,0.016,100,8.33,rain,0,0,21.0,9.2,217.4,1009.1,41.5,5.9,208.3,18.1,8,,2021-02-15T07:03:47,2021-02-15T18:57:55,0.12,"Rain, Partially cloudy",Partly cloudy throughout the day with afternoon rain.,rain,"65210099999,DNIB,NII0000DNIB,NIM00065210,DNMM,NII0000DNMM,remote,65201099999,65100099999,NIM00065208,65208099999"
"Abeokuta, Ogun, Nigeria",2021-02-16,92.0,78.9,84.1,105.3,78.9,93.1,77.2,80.9,0.236,100,4.17,rain,0,0,30.0,15.0,216.8,1009.3,35.9,5.8,212.2,18.2,8,,2021-02-16T07:03:33,2021-02-16T18:58:02,0.15,"Rain, Partially cloudy",Partly cloudy throughout the day with late afternoon rain.,rain,"65210099999,DNIB,NII0000DNIB,NIM00065210,DNMM,NII0000DNMM,remote,65201099999,65100099999,NIM00065208,65208099999"
"Abeokuta, Ogun, Nigeria",2021-02-17,98.6,78.8,86.3,100.6,78.8,93.2,74.0,71.1,0.0,0,0.0,,0,0,21.9,10.3,126.9,1009.6,31.8,5.5,237.4,20.5,9,,2021-02-17T07:03:18,2021-02-17T18:58:08,0.18,Partially cloudy,Partly cloudy throughout the day.,partly-cloudy-day,"DNIB,NII0000DNIB,DNMM,NII0000DNMM,remote,65201099999,NIM00065208,65100099999,65208099999"
"Abeokuta, Ogun, Nigeria",2021-02-18,96.5,79.6,85.9,100.3,79.6,89.9,70.9,66.2,0.008,100,8.33,rain,0,0,15.2,8.8,211.5,1011.0,72.4,4.1,268.6,23.2,10,,2021-02-18T07:03:02,2021-02-18T18:58:14,0.21,"Rain, Partially cloudy",Partly cloudy throughout the day with morning rain.,rain,"DNIB,NII0000DNIB,DNMM,remote,NII0000DNMM,65201099999,NIM00065208,65100099999,65208099999"
"Abeokuta, Ogun, Nigeria",2021-02-19,93.6,74.6,83.7,91.2,74.6,82.6,55.8,47.7,0.0,0,0.0,,0,0,17.4,10.3,70.3,1012.1,42.3,2.1,282.3,24.4,10,,2021-02-19T07:02:46,2021-02-19T18:58:19,0.25,Partially cloudy,Partly cloudy throughout the day.,partly-cloudy-day,"65210099999,DNIB,NII0000DNIB,NIM00065210,DNMM,NII0000DNMM,remote,65201099999,65100099999"
"Abeokuta, Ogun, Nigeria",2021-02-20,95.1,71.3,83.7,95.1,71.3,82.4,52.3,39.2,0.0,0,0.0,,0,0,12.5,10.3,72.9,1012.3,27.3,1.9,295.7,25.4,10,,2021-02-20T07:02:28,2021-02-20T18:58:24,0.28,Partially cloudy,Partly cloudy throughout the day.,partly-cloudy-day,"DNIB,DNMM,remote"
"Abeokuta, Ogun, Nigeria",2021-02-21,95.3,72.4,82.5,95.1,72.4,83.1,60.4,49.5,0.0,0,0.0,,0,0,16.8,9.6,183.7,1011.1,65.2,1.4,284.3,24.5,10,,2021-02-21T07:02:10,2021-02-21T18:58:28,0.31,Partially cloudy,Partly cloudy throughout the day.,partly-cloudy-day,"65210099999,DNIB,NII0000DNIB,NIM00065210,DNMM,remote,NII0000DNMM,65201099999,65100099999"
"Abeokuta, Ogun, Nigeria",2021-02-22,96.2,77.6,85.4,98.5,77.6,89.0,69.8,63.7,0.0,0,0.0,,0,0,21.0,10.3,192.8,1010.7,41.8,2.1,272.5,23.6,9,,2021-02-22T07:01:51,2021-02-22T18:58:31,0.34,Partially cloudy,Partly cloudy throughout the day.,partly-cloudy-day,"DNMM,NII0000DNMM,remote,65201099999,NIM00065208,65208099999"
"Abeokuta, Ogun, Nigeria",2021-02-23,93.2,78.5,85.3,102.9,78.5,91.6,74.1,71.5,0.0,0,0.0,,0,0,21.3,10.3,206.6,1011.2,34.4,2.5,237.6,20.7,9,,2021-02-23T07:01:32,2021-02-23T18:58:34,0.38,Partially cloudy,Clearing in the afternoon.,partly-cloudy-day,"65210099999,DNIB,NII0000DNIB,NIM00065210,DNMM,remote,NII0000DNMM,65201099999,65100099999,NIM00065208,65208099999"
"Abeokuta, Ogun, Nigeria",2021-02-24,91.4,75.2,84.1,105.2,75.2,92.6,76.1,77.8,0.0,0,0.0,,0,0,19.7,9.7,216.6,1011.3,34.6,3.8,247.8,21.3,9,,2021-02-24T07:01:12,2021-02-24T18:58:36,0.41,Partially cloudy,Partly cloudy throughout the day.,partly-cloudy-day,"65210099999,DNIB,NII0000DNIB,NIM00065210,DNMM,remote,NII0000DNMM,65201099999,65100099999,NIM00065208,65208099999"
"Abeokuta, Ogun, Nigeria",2021-02-25,95.0,80.0,84.9,99.5,80.0,92.9,75.3,75.3,0.079,100,4.17,rain,0,0,22.4,9.2,237.4,1010.6,30.0,4.6,247.6,21.5,9,,2021-02-25T07:00:51,2021-02-25T18:58:38,0.44,"Rain, Partially cloudy",Partly cloudy throughout the day with early morning rain.,rain,"65210099999,DNIB,NII0000DNIB,NIM00065210,DNMM,NII0000DNMM,remote,65201099999,65100099999"
"Abeokuta, Ogun, Nigeria",2021-02-26,94.6,77.1,84.7,105.1,77.1,90.3,74.0,72.4,0.02,100,12.5,rain,0,0,19.9,12.8,211.9,1010.0,42.5,4.6,241.3,20.8,9,,2021-02-26T07:00:30,2021-02-26T18:58:39,0.47,"Rain, Partially cloudy",Partly cloudy throughout the day with a chance of rain throughout the day.,rain,"DNIB,NII0000DNIB,DNMM,remote,NII0000DNMM,65201099999,65100099999,NIM00065208,65208099999"
"Abeokuta, Ogun, Nigeria",2021-02-27,94.0,78.3,84.0,100.4,78.3,89.8,74.1,73.7,0.052,100,8.33,rain,0,0,19.0,11.4,206.9,1009.3,33.8,5.4,235.0,20.3,8,,2021-02-27T07:00:08,2021-02-27T18:58:40,0.5,"Rain, Partially cloudy",Partly cloudy throughout the day with rain.,rain,"65210099999,DNIB,NII0000DNIB,NIM00065210,DNMM,NII0000DNMM,remote,65201099999,65100099999,NIM00065208,65208099999"
"Abeokuta, Ogun, Nigeria",2021-02-28,97.1,76.9,85.3,103.5,76.9,90.2,72.9,69.7,0.0,0,0.0,,0,0,20.6,12.8,219.3,1008.0,21.0,4.6,272.9,23.6,10,,2021-02-28T06:59:45,2021-02-28T18:58:40,0.54,Partially cloudy,Partly cloudy throughout the day.,partly-cloudy-day,"65210099999,DNIB,NII0000DNIB,NIM00065210,DNMM,NII0000DNMM,remote,65201099999,NIM00065208,65100099999,65208099999"
"Abeokuta, Ogun, Nigeria",2021-03-01,95.5,79.1,86.1,107.6,79.1,95.0,76.4,74.8,0.0,0,0.0,,0,0,20.4,11.4,226.6,1008.2,30.9,4.9,240.5,20.8,9,,2021-03-01T06:59:22,2021-03-01T18:58:40,0.57,Partially cloudy,Partly cloudy throughout the day.,partly-cloudy-day,"65210099999,DNIB,NII0000DNIB,NIM00065210,DNMM,NII0000DNMM,remote,65201099999,65100099999,NIM00065208,65208099999"
"Abeokuta, Ogun, Nigeria",2021-03-02,98.7,80.3,86.2,113.6,87.6,98.3,78.4,79.4,0.0,0,0.0,,0,0,21.5,10.3,214.9,1008.6,41.9,4.9,257.4,22.3,9,,2021-03-02T06:58:58,2021-03-02T18:58:40,0.61,Partially cloudy,Partly cloudy throughout the day.,partly-cloudy-day,"DNIB,DNMM,NII0000DNMM,remote,65201099999"
"Abeokuta, Ogun, Nigeria",2021-03-03,95.3,78.2,85.8,108.1,78.2,95.9,77.3,78.4,0.0,0,0.0,,0,0,20.8,15.7,219.7,1008.6,44.2,5.0,245.2,21.1,10,,2021-03-03T06:58:34,2021-03-03T18:58:38,0.65,Partially cloudy,Partly cloudy throughout the day.,partly-cloudy-day,"DNMM,NII0000DNMM,remote,65201099999,NIM00065208,65208099999"
"Abeokuta, Ogun, Nigeria",2021-03-04,98.5,80.3,87.1,106.8,86.8,96.9,76.1,72.9,0.0,0,0.0,,0,0,23.5,10.3,217.5,1008.5,35.4,5.2,254.3,21.9,9,,2021-03-04T06:58:09,2021-03-04T18:58:37,0.68,Partially cloudy,Partly cloudy throughout the day.,partly-cloudy-day,"DNIB,NII0000DNIB,DNMM,NII0000DNMM,remote,65201099999,65100099999"
"Abeokuta, Ogun, Nigeria",2021-03-05,95.8,81.2,86.8,107.5,89.8,97.6,77.0,74.6,0.02,100,4.17,rain,0,0,24.4,16.1,211.4,1008.5,56.6,5.4,231.8,19.9,9,,2021-03-05T06:57:44,2021-03-05T18:58:35,0.72,"Rain, Partially cloudy",Partly cloudy throughout the day with afternoon rain.,rain,"DNIB,NII0000DNIB,DNMM,NII0000DNMM,remote,65201099999,NIM00065208,65100099999,65208099999"
"Abeokuta, Ogun, Nigeria",2021-03-06,95.0,81.6,86.5,108.4,85.1,98.5,77.6,75.9,0.004,100,4.17,rain,0,0,18.1,16.1,247.6,1010.6,37.7,5.3,225.1,19.4,8,,2021-03-06T06:57:18,2021-03-06T18:58:33,0.75,"Rain, Partially cloudy",Partly cloudy throughout the day with late afternoon rain.,rain,"DNIB,NII0000DNIB,DNMM,NII0000DNMM,remote,65201099999,65100099999"
"Abeokuta, Ogun, Nigeria",2021-03-07,98.6,81.1,87.3,113.9,88.3,99.1,77.4,74.7,0.032,100,20.83,rain,0,0,30.0,9.3,210.7,1010.4,39.6,5.6,223.4,19.3,9,,2021-03-07T06:56:52,2021-03-07T18:58:30,0.79,"Rain, Partially cloudy",Partly cloudy throughout the day with rain.,rain,"DNIB,NII0000DNIB,DNMM,remote,NII0000DNMM,65201099999,NIM00065208,65100099999,65208099999"
"Abeokuta, Ogun, Nigeria",2021-03-08,94.2,79.8,85.7,107.7,79.8,96.3,77.7,78.3,0.012,100,12.5,rain,0,0,22.6,10.7,212.6,1009.1,33.1,5.6,235.2,20.2,8,,2021-03-08T06:56:26,2021-03-08T18:58:27,0.82,"Rain, Partially cloudy",Partly cloudy throughout the day with afternoon rain.,rain,"DNMM,NII0000DNMM,remote,65201099999"
"Abeokuta, Ogun, Nigeria",2021-03-09,95.0,81.2,86.4,108.7,88.4,97.4,77.1,75.1,0.047,100,16.67,rain,0,0,21.9,16.1,206.4,1008.6,42.9,6.0,216.5,18.7,9,,2021-03-09T06:55:59,2021-03-09T18:58:24,0.86,"Rain, Partially cloudy",Partly cloudy throughout the day with rain in the morning and afternoon.,rain,"65210099999,DNIB,NII0000DNIB,NIM00065210,DNMM,NII0000DNMM,remote,65201099999,65100099999"
"Abeokuta, Ogun, Nigeria",2021-03-10,95.1,80.3,86.1,109.2,86.0,96.7,77.0,75.6,0.079,100,4.17,rain,0,0,25.7,18.3,218.6,1008.4,48.3,6.0,231.9,20.0,9,,2021-03-10T06:55:32,2021-03-10T18:58:20,0.89,"Rain, Partially cloudy",Partly cloudy throughout the day with morning rain.,rain,"DNIB,NII0000DNIB,DNMM,NII0000DNMM,remote,65201099999,NIM00065208,65100099999,65208099999"
"Abeokuta, Ogun, Nigeria",2021-03-11,91.4,77.0,83.2,105.2,77.0,89.6,75.1,77.4,0.0,0,0.0,,0,0,25.5,15.0,226.5,1008.8,47.0,5.8,201.2,17.3,7,,2021-03-11T06:55:04,2021-03-11T18:58:16,0.93,Partially cloudy,Clearing in the afternoon.,partly-cloudy-day,"DNIB,NII0000DNIB,DNMM,NII0000DNMM,remote,65201099999,65100099999,NIM00065208,65208099999"
"Abeokuta, Ogun, Nigeria",2021-03-12,95.0,78.7,85.3,108.5,78.7,93.4,76.3,76.2,0.224,100,16.67,rain,0,0,23.9,12.8,219.0,1008.7,54.4,6.0,240.1,20.8,9,,2021-03-12T06:54:36,2021-03-12T18:58:12,0.97,"Rain, Partially cloudy",Partly cloudy throughout the day with rain.,rain,"DNIB,NII0000DNIB,DNMM,remote,NII0000DNMM,65201099999,65100099999,NIM00065208,65208099999"
"Abeokuta, Ogun, Nigeria",2021-03-13,90.9,74.7,82.0,99.3,74.7,87.0,74.3,78.7,0.315,100,4.17,rain,0,0,19.0,11.4,246.6,1009.0,64.1,4.4,153.4,13.2,7,,2021-03-13T06:54:08,2021-03-13T18:58:07,0.0,"Rain, Partially cloudy",Partly cloudy throughout the day with late afternoon rain.,rain,"DNIB,NII0000DNIB,DNMM,NII0000DNMM,remote,65201099999,65100099999"
"Abeokuta, Ogun, Nigeria",2021-03-14,88.0,77.0,80.8,97.5,77.0,84.7,75.7,85.0,0.157,100,4.17,rain,0,0,21.3,8.1,204.2,1010.6,67.9,5.1,137.2,11.7,6,,2021-03-14T06:53:40,2021-03-14T18:58:02,0.03,"Rain, Partially cloudy",Partly cloudy throughout the day with early morning rain.,rain,"DNIB,NII0000DNIB,DNMM,NII0000DNMM,remote,65201099999,65100099999"
"Abeokuta, Ogun, Nigeria",2021-03-15,93.2,76.2,82.9,107.6,76.2,89.1,75.7,80.2,0.079,100,4.17,rain,0,0,21.7,12.4,211.3,1009.5,48.5,5.8,231.9,20.0,9,,2021-03-15T06:53:11,2021-03-15T18:57:57,0.07,"Rain, Partially cloudy",Clearing in the afternoon with morning rain.,rain,"DNIB,NII0000DNIB,DNMM,remote,NII0000DNMM,65201099999,65100099999,NIM00065208,65208099999"
"Abeokuta, Ogun, Nigeria",2021-03-16,93.7,79.1,85.0,105.7,79.1,93.4,76.0,75.7,0.0,0,0.0,,0,0,23.3,10.3,206.9,1009.1,40.0,6.1,185.1,16.0,7,,2021-03-16T06:52:42,2021-03-16T18:57:52,0.1,Partially cloudy,Partly cloudy throughout the day.,partly-cloudy-day,"DNIB,NII0000DNIB,DNMM,NII0000DNMM,remote,65201099999,65100099999,NIM00065208,65208099999"
"Abeokuta, Ogun, Nigeria",2021-03-17,84.2,77.8,81.0,92.5,77.8,85.5,75.2,83.0,0.032,100,16.67,rain,0,0,21.5,11.4,229.7,1009.8,43.9,5.6,167.6,14.5,7,,2021-03-17T06:52:13,2021-03-17T18:57:47,0.13,"Rain, Partially cloudy",Partly cloudy throughout the day with a chance of rain throughout the day.,rain,"DNIB,NII0000DNIB,DNMM,NII0000DNMM,remote,65201099999,65100099999,NIM00065208,65208099999"
"Abeokuta, Ogun, Nigeria",2021-03-18,82.5,75.2,78.6,87.7,75.2,80.1,72.6,82.4,0.063,100,16.67,rain,0,0,18.6,13.9,160.8,1010.7,51.6,4.8,149.5,12.9,6,,2021-03-18T06:51:44,2021-03-18T18:57:41,0.16,"Rain, Partially cloudy",Partly cloudy throughout the day with rain in the morning and afternoon.,rain,"DNIB,NII0000DNIB,DNMM,remote,NII0000DNMM,65201099999,65100099999,NIM00065208,65208099999"
"Abeokuta, Ogun, Nigeria",2021-03-19,89.1,73.3,80.5,97.4,73.3,83.9,73.4,80.3,0.079,100,4.17,rain,0,0,21.7,9.2,171.3,1009.7,69.9,4.4,242.6,21.0,9,,2021-03-19T06:51:14,2021-03-19T18:57:36,0.2,"Rain, Partially cloudy",Partly cloudy throughout the day with morning rain.,rain,"DNMM,remote,NII0000DNMM,65201099999,NIM00065208,65208099999"
"Abeokuta, Ogun, Nigeria",2021-03-20,91.8,76.4,83.6,99.3,76.4,87.8,74.1,75.1,0.0,0,0.0,,0,0,19.7,16.1,203.5,1010.1,35.8,5.8,234.0,20.4,8,,2021-03-20T06:50:44,2021-03-20T18:57:30,0.23,Partially cloudy,Partly cloudy throughout the day.,partly-cloudy-day,"DNIB,NII0000DNIB,DNMM,NII0000DNMM,remote,65201099999,NIM00065208,65100099999,65208099999"
"Abeokuta, Ogun, Nigeria",2021-03-21,90.8,76.4,82.9,102.6,76.4,89.6,75.4,78.9,0.0,0,0.0,,0,0,17.2,28.9,236.3,1009.4,48.2,6.1,231.8,20.0,8,,2021-03-21T06:50:15,2021-03-21T18:57:24,0.25,Partially cloudy,Partly cloudy throughout the day.,partly-cloudy-day,"DNMM,NII0000DNMM,remote,65201099999,NIM00065208,65208099999"
"Abeokuta, Ogun, Nigeria",2021-03-22,94.7,77.0,83.3,105.2,77.0,90.3,76.5,81.4,0.157,100,4.17,rain,0,0,23.9,12.8,231.4,1008.8,55.5,5.9,205.7,17.8,9,,2021-03-22T06:49:45,2021-03-22T18:57:18,0.29,"Rain, Partially cloudy",Partly cloudy throughout the day with late afternoon rain.,rain,"65210099999,DNIB,NII0000DNIB,NIM00065210,DNMM,NII0000DNMM,remote,65201099999,NIM00065208,65100099999,65208099999"
"Abeokuta, Ogun, Nigeria",2021-03-23,86.4,73.5,78.0,95.2,73.5,79.5,73.4,86.3,0.079,100,4.17,rain,0,0,62.2,15.6,219.2,1011.3,47.9,4.9,168.0,14.4,6,,2021-03-23T06:49:15,2021-03-23T18:57:12,0.33,"Rain, Partially cloudy",Partly cloudy throughout the day with morning rain.,rain,"DNIB,NII0000DNIB,DNMM,NII0000DNMM,remote,65201099999,65100099999,NIM00065208,65208099999"
"Abeokuta, Ogun, Nigeria",2021-03-24,84.2,71.6,78.5,94.1,71.6,81.8,74.3,87.2,0.63,100,4.17,rain,0,0,17.2,8.1,221.0,1012.4,48.5,4.2,185.1,16.0,8,,2021-03-24T06:48:45,2021-03-24T18:57:06,0.36,"Rain, Partially cloudy",Partly cloudy throughout the day with morning rain.,rain,"DNIB,NII0000DNIB,DNMM,remote,NII0000DNMM,65201099999,65100099999,NIM00065208,65208099999"
"Abeokuta, Ogun, Nigeria",2021-03-25,87.8,76.2,82.4,96.9,76.2,87.7,74.9,78.9,0.012,100,8.33,rain,0,0,20.4,10.8,195.8,1012.1,62.9,6.1,182.8,15.7,7,,2021-03-25T06:48:15,2021-03-25T18:56:59,0.39,"Rain, Partially cloudy",Partly cloudy throughout the day with rain clearing later.,rain,"DNIB,NII0000DNIB,DNMM,remote,NII0000DNMM,65201099999,NIM00065208,65100099999,65208099999"
"Abeokuta, Ogun, Nigeria",2021-03-26,93.2,75.3,83.8,107.7,75.3,90.8,75.3,76.8,0.0,0,0.0,,0,0,21.0,10.3,200.7,1010.7,31.3,4.8,270.3,23.4,10,,2021-03-26T06:47:45,2021-03-26T18:56:53,0.42,Partially cloudy,Clearing in the afternoon.,partly-cloudy-day,"DNIB,NII0000DNIB,DNMM,NII0000DNMM,remote,65201099999,65100099999,NIM00065208,65208099999"
"Abeokuta, Ogun, Nigeria",2021-03-27,93.2,78.6,84.5,107.6,78.6,92.2,76.6,78.4,0.008,100,8.33,rain,0,0,18.6,12.8,205.0,1010.5,50.6,6.0,233.8,20.2,8,,2021-03-27T06:47:15,2021-03-27T18:56:47,0.46,"Rain, Partially cloudy",Partly cloudy throughout the day with rain in the morning and afternoon.,rain,"DNIB,NII0000DNIB,DNMM,NII0000DNMM,remote,65201099999,NIM00065208,65100099999,65208099999"
"Abeokuta, Ogun, Nigeria",2021-03-28,95.1,78.8,85.4,109.2,78.8,93.7,75.6,73.9,0.0,0,0.0,,0,0,19.5,13.9,199.1,1010.7,26.3,5.1,260.2,22.7,9,,2021-03-28T06:46:45,2021-03-28T18:56:41,0.5,Partially cloudy,Partly cloudy throughout the day.,partly-cloudy-day,"DNIB,NII0000DNIB,DNMM,NII0000DNMM,remote,65201099999,NIM00065208,65100099999,65208099999"
"Abeokuta, Ogun, Nigeria",2021-03-29,93.1,78.2,84.7,104.3,78.2,92.0,75.5,75.9,0.0,0,0.0,,0,0,20.4,10.3,219.9,1010.9,22.4,4.5,279.2,24.2,10,,2021-03-29T06:46:15,2021-03-29T18:56:35,0.52,Partially cloudy,Partly cloudy throughout the day.,partly-cloudy-day,"DNIB,NII0000DNIB,DNMM,NII0000DNMM,remote,65201099999,65100099999"
"Abeokuta, Ogun, Nigeria",2021-03-30,93.2,79.8,85.3,105.1,79.8,94.9,77.2,77.8,0.0,0,0.0,,0,0,17.9,11.4,226.4,1010.2,41.6,3.6,279.5,24.3,10,,2021-03-30T06:45:45,2021-03-30T18:56:28,0.56,Partially cloudy,Partly cloudy throughout the day.,partly-cloudy-day,"DNMM,remote,NII0000DNMM,65201099999,NIM00065208,65208099999"
"Abeokuta, Ogun, Nigeria",2021-03-31,91.5,80.5,85.2,107.5,87.2,96.1,77.7,79.1,0.0,0,0.0,,0,0,21.3,10.3,222.3,1009.6,45.0,4.1,265.3,22.9,10,,2021-03-31T06:45:16,2021-03-31T18:56:22,0.59,Partially cloudy,Partly cloudy throughout the day.,partly-cloudy-day,"DNMM,NII0000DNMM,remote,65201099999,NIM00065208,65208099999"
"Abeokuta, Ogun, Nigeria",2021-04-01,95.0,78.9,85.6,105.2,78.9,95.0,76.4,75.3,0.0,0,0.0,,0,0,21.3,9.2,206.1,1010.3,36.7,4.4,251.0,21.7,9,,2021-04-01T06:44:46,2021-04-01T18:56:16,0.63,Partially cloudy,Partly cloudy throughout the day.,partly-cloudy-day,"DNMM,NII0000DNMM,remote,65201099999"
"Abeokuta, Ogun, Nigeria",2021-04-02,91.4,80.0,84.6,105.2,84.9,94.4,76.8,78.0,0.079,100,4.17,rain,0,0,25.3,10.3,211.9,1010.8,32.5,4.4,249.1,21.5,9,,2021-04-02T06:44:16,2021-04-02T18:56:11,0.66,"Rain, Partially cloudy",Partly cloudy throughout the day with late afternoon rain.,rain,"DNIB,NII0000DNIB,DNMM,NII0000DNMM,remote,65201099999,65100099999"
"Abeokuta, Ogun, Nigeria",2021-04-03,91.5,76.2,83.4,105.2,76.2,89.5,75.9,79.2,0.036,100,16.67,rain,0,0,23.5,11.4,233.4,1010.2,40.4,4.5,239.1,20.6,8,,2021-04-03T06:43:47,2021-04-03T18:56:05,0.7,"Rain, Partially cloudy",Partly cloudy throughout the day with rain in the morning and afternoon.,rain,"DNIB,NIM00065213,NII0000DNIB,DNMM,NII0000DNMM,remote,65201099999,65100099999,NIM00065208,65208099999"
"Abeokuta, Ogun, Nigeria",2021-04-04,93.0,75.2,84.7,105.1,75.2,93.2,76.3,77.3,0.0,0,0.0,,0,0,22.1,12.8,218.5,1010.1,31.8,5.1,223.4,19.2,9,,2021-04-04T06:43:18,2021-04-04T18:55:59,0.75,Partially cloudy,Partly cloudy throughout the day.,partly-cloudy-day,"DNIB,NII0000DNIB,DNMM,NII0000DNMM,65201099999,65100099999,NIM00065208,65208099999"
"Abeokuta, Ogun, Nigeria",2021-04-05,92.6,80.3,86.0,103.0,86.6,96.4,76.8,75.3,0.024,100,8.33,rain,0,0,26.4,15.0,210.9,1009.8,34.9,5.4,240.0,20.6,9,,2021-04-05T06:42:49,2021-04-05T18:55:54,0.77,"Rain, Partially cloudy",Partly cloudy throughout the day with afternoon rain.,rain,"DNIB,NII0000DNIB,DNMM,NII0000DNMM,remote,65201099999,65100099999,NIM00065208,65208099999"
"Abeokuta, Ogun, Nigeria",2021-04-06,95.0,78.9,85.2,111.0,78.9,96.1,78.3,81.2,0.0,0,0.0,,0,0,22.4,13.9,210.6,1009.9,41.8,5.8,254.9,22.0,9,,2021-04-06T06:42:20,2021-04-06T18:55:48,0.8,Partially cloudy,Partly cloudy throughout the day.,partly-cloudy-day,"DNIB,NII0000DNIB,DNMM,remote,NII0000DNMM,65201099999,NIM00065208,65100099999,65208099999"
"Abeokuta, Ogun, Nigeria",2021-04-07,93.0,76.6,84.0,108.2,76.6,92.4,77.2,81.5,0.354,100,4.17,rain,0,0,20.4,9.6,202.5,1010.0,36.7,5.2,245.1,21.1,9,,2021-04-07T06:41:52,2021-04-07T18:55:43,0.84,"Rain, Partially cloudy",Partly cloudy throughout the day with early morning rain.,rain,"DNIB,NII0000DNIB,DNMM,NII0000DNMM,remote,65201099999,NIM00065208,65100099999,65208099999"
"Abeokuta, Ogun, Nigeria",2021-04-08,93.0,80.5,85.9,107.9,87.8,97.6,78.1,78.4,0.004,100,4.17,rain,0,0,22.1,10.7,214.9,1009.9,51.3,6.2,233.3,20.2,8,,2021-04-08T06:41:24,2021-04-08T18:55:38,0.87,"Rain, Partially cloudy",Partly cloudy throughout the day with morning rain.,rain,"DNIB,NIM00065213,NII0000DNIB,DNMM,NII0000DNMM,remote,65201099999,NIM00065208,65100099999,65208099999"
"Abeokuta, Ogun, Nigeria",2021-04-09,88.8,77.0,82.8,99.5,77.0,88.7,75.2,78.8,0.118,100,4.17,rain,0,0,25.7,13.9,207.4,1009.6,33.4,6.0,223.2,19.2,8,,2021-04-09T06:40:56,2021-04-09T18:55:34,0.91,"Rain, Partially cloudy",Partly cloudy throughout the day with morning rain.,rain,"DNIB,NII0000DNIB,DNMM,NII0000DNMM,remote,65201099999,65100099999,NIM00065208,65208099999"
"Abeokuta, Ogun, Nigeria",2021-04-10,93.0,75.2,83.7,104.1,75.2,91.3,76.2,79.7,0.0,0,0.0,,0,0,41.0,17.2,207.0,1008.7,33.8,5.8,276.6,23.9,10,,2021-04-10T06:40:28,2021-04-10T18:55:29,0.94,Partially cloudy,Partly cloudy throughout the day.,partly-cloudy-day,"DNIB,NII0000DNIB,DNMM,NII0000DNMM,65201099999,65100099999,NIM00065208,65208099999"
"Abeokuta, Ogun, Nigeria",2021-04-11,91.4,74.5,82.8,105.3,74.5,89.7,75.5,79.6,0.748,100,4.17,rain,0,0,20.4,12.6,218.6,1009.2,29.8,6.2,196.3,16.9,7,,2021-04-11T06:40:01,2021-04-11T18:55:25,0.98,"Rain, Partially cloudy",Partly cloudy throughout the day with early morning rain.,rain,"DNIB,NII0000DNIB,DNMM,NII0000DNMM,remote,65201099999,65100099999"
"Abeokuta, Ogun, Nigeria",2021-04-12,95.0,75.6,83.9,103.7,75.6,89.5,73.2,72.0,0.276,100,4.17,rain,0,0,18.6,10.5,214.7,1010.7,27.8,6.1,286.4,24.8,10,,2021-04-12T06:39:34,2021-04-12T18:55:21,0.0,"Rain, Partially cloudy",Partly cloudy throughout the day with morning rain.,rain,"DNIB,NII0000DNIB,DNMM,remote,NII0000DNMM,65201099999,65100099999"
"Abeokuta, Ogun, Nigeria",2021-04-13,93.2,78.1,84.5,105.1,78.1,92.0,76.2,77.5,0.016,100,4.17,rain,0,0,21.5,9.9,207.3,1011.9,43.2,6.2,260.7,22.6,9,,2021-04-13T06:39:08,2021-04-13T18:55:17,0.04,"Rain, Partially cloudy",Partly cloudy throughout the day with afternoon rain.,rain,"DNIB,NII0000DNIB,DNMM,NII0000DNMM,remote,65201099999,65100099999,NIM00065208,65208099999"
"Abeokuta, Ogun, Nigeria",2021-04-14,93.2,78.0,85.1,105.2,78.0,93.0,76.1,75.8,0.0,0,0.0,,0,0,21.7,11.4,219.4,1011.2,35.2,6.1,243.2,21.1,9,,2021-04-14T06:38:41,2021-04-14T18:55:14,0.08,Partially cloudy,Clearing in the afternoon.,partly-cloudy-day,"DNIB,NII0000DNIB,DNMM,NII0000DNMM,remote,65201099999,NIM00065208,65100099999,65208099999"
"Abeokuta, Ogun, Nigeria",2021-04-15,93.2,78.5,85.2,107.6,78.5,94.6,76.9,77.3,0.0,0,0.0,,0,0,19.0,11.4,219.6,1010.2,35.3,6.2,255.7,22.0,9,,2021-04-15T06:38:16,2021-04-15T18:55:10,0.11,Partially cloudy,Partly cloudy throughout the day.,partly-cloudy-day,"DNMM,NII0000DNMM,remote,65201099999"
"Abeokuta, Ogun, Nigeria",2021-04-16,95.0,78.8,84.5,110.1,78.8,92.3,76.5,78.1,0.0,0,0.0,,0,0,24.6,16.1,206.0,1009.1,37.5,6.2,209.6,18.3,7,,2021-04-16T06:37:50,2021-04-16T18:55:08,0.14,Partially cloudy,Partly cloudy throughout the day.,partly-cloudy-day,"DNIB,NII0000DNIB,DNMM,NII0000DNMM,65201099999,65100099999,NIM00065208,65208099999"
"Abeokuta, Ogun, Nigeria",2021-04-17,90.4,77.9,82.6,100.8,77.9,90.0,76.8,83.2,0.315,100,4.17,rain,0,0,17.7,10.1,228.8,1009.7,33.9,6.1,171.9,14.6,6,,2021-04-17T06:37:25,2021-04-17T18:55:05,0.18,"Rain, Partially cloudy",Partly cloudy throughout the day with afternoon rain.,rain,"DNIB,NII0000DNIB,DNMM,NII0000DNMM,65201099999,65100099999,NIM00065208,65208099999"
"Abeokuta, Ogun, Nigeria",2021-04-18,82.4,73.4,77.7,92.5,73.4,80.4,75.2,92.2,1.929,100,4.17,rain,0,0,17.0,10.3,36.0,1011.6,43.6,5.2,249.8,21.5,10,,2021-04-18T06:37:01,2021-04-18T18:55:03,0.21,"Rain, Partially cloudy",Partly cloudy throughout the day with afternoon rain.,rain,"DNIB,NII0000DNIB,DNMM,NII0000DNMM,65201099999,65100099999"
"Abeokuta, Ogun, Nigeria",2021-04-19,91.4,73.4,82.0,107.9,73.4,88.6,75.5,81.4,0.0,0,0.0,,0,0,20.8,9.2,221.4,1011.2,29.7,5.6,252.8,21.7,9,,2021-04-19T06:36:37,2021-04-19T18:55:01,0.24,Partially cloudy,Partly cloudy throughout the day.,partly-cloudy-day,"DNIB,NII0000DNIB,DNMM,NII0000DNMM,65201099999,65100099999,NIM00065208,65208099999"
"Abeokuta, Ogun, Nigeria",2021-04-20,91.5,77.0,84.8,105.2,77.0,94.6,77.5,79.5,0.0,0,0.0,,0,0,23.0,10.3,214.5,1010.4,35.9,6.1,254.0,21.8,9,,2021-04-20T06:36:13,2021-04-20T18:54:59,0.25,Partially cloudy,Partly cloudy throughout the day.,partly-cloudy-day,"DNMM,NII0000DNMM,65201099999,NIM00065208,65208099999"
"Abeokuta, Ogun, Nigeria",2021-04-21,91.8,78.8,85.1,105.8,78.8,95.3,77.9,80.4,0.0,0,0.0,,0,0,19.7,16.1,218.1,1010.2,28.1,6.2,235.4,20.3,8,,2021-04-21T06:35:50,2021-04-21T18:54:58,0.31,Partially cloudy,Partly cloudy throughout the day.,partly-cloudy-day,"65210099999,DNIB,NII0000DNIB,NIM00065210,DNMM,NII0000DNMM,65201099999,65100099999"
"Abeokuta, Ogun, Nigeria",2021-04-22,87.8,74.8,81.4,100.0,74.8,87.5,76.1,84.6,0.157,100,4.17,rain,0,0,17.2,19.0,189.5,1011.0,34.6,5.9,198.9,17.4,8,,2021-04-22T06:35:27,2021-04-22T18:54:57,0.34,"Rain, Partially cloudy",Partly cloudy throughout the day with afternoon rain.,rain,"DNIB,NII0000DNIB,DNMM,NII0000DNMM,65201099999,65100099999,NIM00065208,65208099999"
"Abeokuta, Ogun, Nigeria",2021-04-23,91.4,77.6,84.9,106.3,77.6,93.5,76.8,77.8,0.0,0,0.0,,0,0,21.5,11.4,216.5,1010.3,37.8,6.1,263.2,22.7,10,,2021-04-23T06:35:05,2021-04-23T18:54:57,0.38,Partially cloudy,Partly cloudy throughout the day.,partly-cloudy-day,"DNIB,NII0000DNIB,DNMM,NII0000DNMM,remote,65201099999,65100099999,NIM00065208,65208099999"
"Abeokuta, Ogun, Nigeria",2021-04-24,91.4,79.1,84.4,105.2,79.1,94.5,77.7,81.2,0.0,0,0.0,,0,0,19.9,16.1,211.6,1010.0,39.8,6.2,197.4,17.1,7,,2021-04-24T06:34:44,2021-04-24T18:54:57,0.41,Partially cloudy,Partly cloudy throughout the day.,partly-cloudy-day,"DNIB,NII0000DNIB,DNMM,NII0000DNMM,remote,65201099999,65100099999,NIM00065208,65208099999"
"Abeokuta, Ogun, Nigeria",2021-04-25,89.6,78.6,83.7,102.6,78.6,92.3,77.0,81.0,0.0,0,0.0,,0,0,20.4,10.7,211.3,1010.3,37.2,6.1,180.2,15.5,7,,2021-04-25T06:34:23,2021-04-25T18:54:57,0.44,Partially cloudy,Partly cloudy throughout the day.,partly-cloudy-day,"65210099999,DNIB,NII0000DNIB,NIM00065210,DNMM,NII0000DNMM,65201099999,65100099999"
"Abeokuta, Ogun, Nigeria",2021-04-26,93.2,78.8,85.0,107.6,78.8,93.4,76.9,78.1,0.0,0,0.0,,0,0,18.3,10.3,213.4,1010.0,32.9,6.1,234.8,20.3,9,,2021-04-26T06:34:03,2021-04-26T18:54:58,0.48,Partially cloudy,Partly cloudy throughout the day.,partly-cloudy-day,"DNIB,NII0000DNIB,DNMM,NII0000DNMM,65201099999,NIM00065208,65100099999,65208099999"
"Abeokuta, Ogun, Nigeria",2021-04-27,91.4,80.0,85.0,105.3,85.9,95.9,77.7,79.2,0.0,0,0.0,,0,0,26.4,11.4,224.4,1008.7,38.9,6.2,238.0,20.4,8,,2021-04-27T06:33:43,2021-04-27T18:54:59,0.5,Partially cloudy,Partly cloudy throughout the day.,partly-cloudy-day,"DNIB,NII0000DNIB,DNMM,NII0000DNMM,65201099999,65100099999"
"Abeokuta, Ogun, Nigeria",2021-04-28,87.2,75.2,82.3,96.8,75.2,88.7,75.1,79.5,0.0,0,0.0,,0,0,40.3,15.3,175.6,1009.8,34.3,6.1,228.1,19.6,8,,2021-04-28T06:33:24,2021-04-28T18:55:01,0.54,Partially cloudy,Partly cloudy throughout the day.,partly-cloudy-day,"65210099999,DNIB,NII0000DNIB,NIM00065210,DNMM,NII0000DNMM,65201099999,65100099999,NIM00065208,65208099999"
"Abeokuta, Ogun, Nigeria",2021-04-29,89.6,74.7,82.3,102.8,74.7,88.6,75.9,81.9,0.0,0,0.0,,0,0,21.9,9.5,211.3,1010.1,36.4,5.5,280.5,24.3,10,,2021-04-29T06:33:05,2021-04-29T18:55:03,0.58,Partially cloudy,Partly cloudy throughout the day.,partly-cloudy-day,"DNIB,NII0000DNIB,DNMM,NII0000DNMM,remote,65201099999,NIM00065208,65100099999,65208099999"
"Abeokuta, Ogun, Nigeria",2021-04-30,93.2,77.0,84.3,106.8,77.0,91.9,76.4,78.9,0.0,0,0.0,,0,0,18.8,10.3,212.8,1009.9,35.4,6.0,231.1,20.0,8,,2021-04-30T06:32:47,2021-04-30T18:55:05,0.61,Partially cloudy,Partly cloudy throughout the day.,partly-cloudy-day,"DNIB,NII0000DNIB,DNMM,NII0000DNMM,65201099999,NIM00065208,65100099999,65208099999"
"Abeokuta, Ogun, Nigeria",2021-05-01,94.0,78.1,85.6,107.6,78.1,94.5,76.5,75.5,0.0,0,0.0,,0,0,20.8,12.8,216.0,1009.8,30.2,6.2,255.2,22.1,9,,2021-05-01T06:32:30,2021-05-01T18:55:08,0.65,Partially cloudy,Partly cloudy throughout the day.,partly-cloudy-day,"DNIB,NII0000DNIB,DNMM,NII0000DNMM,remote,65201099999,65100099999,NIM00065208,65208099999"
"Abeokuta, Ogun, Nigeria",2021-05-02,93.2,79.6,85.8,107.6,79.6,96.7,77.7,77.9,0.0,0,0.0,,0,0,19.0,15.0,216.6,1009.5,33.2,6.2,222.8,19.2,7,,2021-05-02T06:32:13,2021-05-02T18:55:11,0.68,Partially cloudy,Partly cloudy throughout the day.,partly-cloudy-day,"DNIB,NII0000DNIB,DNMM,NII0000DNMM,remote,65201099999,NIM00065208,65100099999,65208099999"
"Abeokuta, Ogun, Nigeria",2021-05-03,93.2,73.4,82.8,107.9,73.4,90.8,76.4,81.9,0.157,100,4.17,rain,0,0,26.8,11.4,220.6,1009.6,48.4,5.7,212.0,18.3,8,,2021-05-03T06:31:57,2021-05-03T18:55:15,0.75,"Rain, Partially cloudy",Partly cloudy throughout the day with late afternoon rain.,rain,"DNIB,NII0000DNIB,DNMM,NII0000DNMM,remote,65201099999,NIM00065208,65100099999,65208099999"
"Abeokuta, Ogun, Nigeria",2021-05-04,91.4,73.0,80.8,102.7,73.0,86.4,74.6,82.6,0.0,0,0.0,,0,0,17.7,9.2,259.7,1010.6,41.0,5.6,153.4,13.1,6,,2021-05-04T06:31:42,2021-05-04T18:55:19,0.75,Partially cloudy,Partly cloudy throughout the day.,partly-cloudy-day,"DNIB,NII0000DNIB,DNMM,NII0000DNMM,65201099999,65100099999"
"Abeokuta, Ogun, Nigeria",2021-05-05,91.4,77.0,84.0,105.7,77.0,91.6,76.9,80.4,0.0,0,0.0,,0,0,19.9,9.2,226.3,1010.5,30.5,5.8,273.4,23.5,9,,2021-05-05T06:31:27,2021-05-05T18:55:24,0.78,Partially cloudy,Partly cloudy throughout the day.,partly-cloudy-day,"DNIB,NII0000DNIB,DNMM,NII0000DNMM,65201099999,65100099999"
"Abeokuta, Ogun, Nigeria",2021-05-06,83.0,75.2,80.5,89.6,75.2,84.6,74.0,80.8,0.0,0,0.0,,0,0,21.5,15.3,213.5,1012.2,35.9,6.2,232.6,20.0,9,,2021-05-06T06:31:13,2021-05-06T18:55:29,0.82,Partially cloudy,Partly cloudy throughout the day.,partly-cloudy-day,"DNIB,NII0000DNIB,DNMM,NII0000DNMM,65201099999,65100099999,NIM00065208,65208099999"
"Abeokuta, Ogun, Nigeria",2021-05-07,89.4,75.8,81.8,101.5,75.8,87.4,75.8,82.9,0.0,0,0.0,,0,0,21.5,12.8,217.3,1013.4,42.0,5.7,196.0,16.9,7,,2021-05-07T06:31:00,2021-05-07T18:55:34,0.85,Partially cloudy,Partly cloudy throughout the day.,partly-cloudy-day,"DNIB,NII0000DNIB,DNMM,NII0000DNMM,remote,65201099999,65100099999,NIM00065208,65208099999"
"Abeokuta, Ogun, Nigeria",2021-05-08,87.8,71.6,79.9,97.9,71.6,84.3,73.5,81.8,0.945,100,4.17,rain,0,0,22.4,9.2,242.9,1013.6,38.3,5.4,192.8,16.7,8,,2021-05-08T06:30:47,2021-05-08T18:55:40,0.89,"Rain, Partially cloudy",Partly cloudy throughout the day with early morning rain.,rain,"65210099999,DNIB,NII0000DNIB,NIM00065210,DNMM,NII0000DNMM,65201099999,65100099999,NIM00065208,65208099999"
"Abeokuta, Ogun, Nigeria",2021-05-09,87.8,75.7,81.1,97.9,75.7,84.5,74.2,80.6,0.945,100,4.17,rain,0,0,15.4,16.1,204.1,1013.6,25.0,6.1,156.7,13.6,5,,2021-05-09T06:30:35,2021-05-09T18:55:46,0.92,"Rain, Partially cloudy",Partly cloudy throughout the day with early morning rain.,rain,"DNIB,NII0000DNIB,DNMM,NII0000DNMM,65201099999,NIM00065208,65100099999,65208099999"
"Abeokuta, Ogun, Nigeria",2021-05-10,92.2,75.2,82.4,101.0,75.2,87.6,74.6,79.0,0.0,0,0.0,,0,0,15.0,13.2,187.1,1013.1,34.8,5.0,226.5,19.6,8,,2021-05-10T06:30:24,2021-05-10T18:55:53,0.95,Partially cloudy,Partly cloudy throughout the day.,partly-cloudy-day,"DNIB,NII0000DNIB,DNMM,NII0000DNMM,remote,65201099999,NIM00065208,65100099999,65208099999"
"Abeokuta, Ogun, Nigeria",2021-05-11,93.2,77.0,84.1,105.1,77.0,90.6,75.0,75.2,0.0,0,0.0,,0,0,20.8,12.8,219.8,1012.7,34.1,6.2,235.5,20.2,7,,2021-05-11T06:30:13,2021-05-11T18:56:00,0.0,Partially cloudy,Partly cloudy throughout the day.,partly-cloudy-day,"DNIB,NII0000DNIB,DNMM,NII0000DNMM,65201099999,65100099999,NIM00065208,65208099999"
"Abeokuta, Ogun, Nigeria",2021-05-12,91.4,77.0,83.6,105.2,77.0,90.7,76.0,78.5,0.0,0,0.0,,0,0,19.0,11.4,219.2,1012.4,37.2,6.2,201.7,17.4,7,,2021-05-12T06:30:03,2021-05-12T18:56:08,0.02,Partially cloudy,Partly cloudy throughout the day.,partly-cloudy-day,"DNIB,NII0000DNIB,DNMM,NII0000DNMM,remote,65201099999,65100099999,NIM00065208,65208099999"
"Abeokuta, Ogun, Nigeria",2021-05-13,89.2,76.8,81.7,101.8,76.8,86.5,75.8,83.2,0.275,100,8.33,rain,0,0,22.8,18.3,206.2,1011.7,35.4,5.8,221.7,19.0,8,,2021-05-13T06:29:54,2021-05-13T18:56:16,0.06,"Rain, Partially cloudy",Partly cloudy throughout the day with rain.,rain,"DNIB,NII0000DNIB,DNMM,NII0000DNMM,remote,65201099999,65100099999,NIM00065208,65208099999"
"Abeokuta, Ogun, Nigeria",2021-05-14,90.9,75.0,82.5,105.3,75.0,88.9,75.2,80.0,0.004,100,4.17,rain,0,0,19.0,10.3,186.1,1010.9,29.4,5.0,235.8,20.6,8,,2021-05-14T06:29:46,2021-05-14T18:56:24,0.09,"Rain, Partially cloudy",Partly cloudy throughout the day with afternoon rain.,rain,"DNIB,NII0000DNIB,DNMM,NII0000DNMM,remote,65201099999,65100099999,NIM00065208,65208099999"
"Abeokuta, Ogun, Nigeria",2021-05-15,92.5,75.2,82.1,103.2,75.2,87.3,75.5,81.8,0.0,0,0.0,,0,0,28.9,11.4,196.5,1011.1,34.0,6.0,213.1,18.5,7,,2021-05-15T06:29:38,2021-05-15T18:56:33,0.12,Partially cloudy,Partly cloudy throughout the day.,partly-cloudy-day,"DNIB,NII0000DNIB,DNMM,NII0000DNMM,65201099999,65100099999"
"Abeokuta, Ogun, Nigeria",2021-05-16,93.2,75.2,83.0,106.5,75.2,89.8,75.5,79.3,0.0,0,0.0,,0,0,24.6,12.6,210.4,1011.1,34.0,5.8,237.8,20.7,8,,2021-05-16T06:29:31,2021-05-16T18:56:43,0.16,Partially cloudy,Partly cloudy throughout the day.,partly-cloudy-day,"65210099999,DNIB,NII0000DNIB,NIM00065210,DNMM,NII0000DNMM,65201099999,65100099999,NIM00065208,65208099999"
"Abeokuta, Ogun, Nigeria",2021-05-17,90.3,76.9,83.5,103.2,76.9,91.7,76.7,80.3,0.035,100,4.17,rain,0,0,23.7,11.4,218.7,1011.6,36.7,6.2,205.7,17.7,8,,2021-05-17T06:29:25,2021-05-17T18:56:52,0.19,"Rain, Partially cloudy",Partly cloudy throughout the day with afternoon rain.,rain,"DNIB,NII0000DNIB,DNMM,NII0000DNMM,remote,65201099999,NIM00065208,65100099999,65208099999"
"Abeokuta, Ogun, Nigeria",2021-05-18,87.8,76.7,81.9,101.0,76.7,88.5,76.9,85.6,0.0,0,0.0,,0,0,19.7,11.4,205.5,1012.3,47.1,6.1,151.2,13.1,5,,2021-05-18T06:29:20,2021-05-18T18:57:02,0.23,Partially cloudy,Partly cloudy throughout the day.,partly-cloudy-day,"DNIB,NII0000DNIB,DNMM,remote,NII0000DNMM,65201099999,65100099999"
"Abeokuta, Ogun, Nigeria",2021-05-19,91.4,77.0,84.4,105.7,77.0,93.2,77.2,80.2,0.0,0,0.0,,0,0,17.9,10.3,225.1,1012.5,33.9,6.1,208.1,18.2,6,,2021-05-19T06:29:15,2021-05-19T18:57:13,0.25,Partially cloudy,Partly cloudy throughout the day.,partly-cloudy-day,"DNIB,NII0000DNIB,DNMM,NII0000DNMM,remote,65201099999,NIM00065208,65100099999,65208099999"
"Abeokuta, Ogun, Nigeria",2021-05-20,87.1,78.7,82.8,98.5,78.7,90.2,75.8,79.9,0.0,0,0.0,,0,0,18.1,13.9,218.6,1012.8,40.5,6.1,171.6,14.7,7,,2021-05-20T06:29:11,2021-05-20T18:57:23,0.3,Partially cloudy,Partly cloudy throughout the day.,partly-cloudy-day,"DNIB,NII0000DNIB,DNMM,NII0000DNMM,remote,65201099999,65100099999"
"Abeokuta, Ogun, Nigeria",2021-05-21,91.4,76.4,83.3,102.7,76.4,89.8,75.1,77.3,0.0,0,0.0,,0,0,19.2,9.2,214.7,1013.0,34.8,6.2,207.4,18.0,8,,2021-05-21T06:29:07,2021-05-21T18:57:35,0.33,Partially cloudy,Partly cloudy throughout the day.,partly-cloudy-day,"DNIB,NII0000DNIB,DNMM,NII0000DNMM,65201099999,65100099999"
"Abeokuta, Ogun, Nigeria",2021-05-22,81.2,71.6,78.1,88.7,71.6,80.1,74.1,87.9,0.63,100,4.17,rain,0,0,50.7,34.4,58.6,1014.1,45.4,5.6,223.1,19.3,8,,2021-05-22T06:29:05,2021-05-22T18:57:46,0.36,"Rain, Partially cloudy",Partly cloudy throughout the day with afternoon rain.,rain,"DNIB,NII0000DNIB,DNMM,NII0000DNMM,remote,65201099999,NIM00065208,65100099999,65208099999"
"Abeokuta, Ogun, Nigeria",2021-05-23,91.4,73.4,82.1,100.6,73.4,86.9,74.0,78.4,0.0,0,0.0,,0,0,16.3,13.9,186.8,1013.4,29.0,5.6,272.5,23.5,9,,2021-05-23T06:29:03,2021-05-23T18:57:58,0.4,Partially cloudy,Partly cloudy throughout the day.,partly-cloudy-day,"DNIB,NII0000DNIB,DNMM,NII0000DNMM,65201099999,65100099999"
"Abeokuta, Ogun, Nigeria",2021-05-24,91.4,76.4,83.5,102.7,76.4,89.6,75.9,79.4,0.0,0,0.0,,0,0,18.6,9.2,196.0,1012.6,31.6,6.1,236.5,20.6,8,,2021-05-24T06:29:02,2021-05-24T18:58:10,0.43,Partially cloudy,Partly cloudy throughout the day.,partly-cloudy-day,"DNIB,NII0000DNIB,DNMM,NII0000DNMM,remote,65201099999,65100099999"
"Abeokuta, Ogun, Nigeria",2021-05-25,92.0,76.2,84.6,105.3,76.2,93.7,77.1,79.2,0.0,0,0.0,,0,0,19.7,10.3,211.3,1012.0,37.4,6.1,199.2,17.2,7,,2021-05-25T06:29:01,2021-05-25T18:58:22,0.47,Partially cloudy,Partly cloudy throughout the day.,partly-cloudy-day,"65210099999,NIM00065210,DNMM,NII0000DNMM,remote,65201099999"
"Abeokuta, Ogun, Nigeria",2021-05-26,91.4,80.6,85.1,105.6,88.2,95.4,77.5,79.1,0.024,100,4.17,rain,0,0,22.1,14.0,212.2,1012.1,36.7,6.3,223.3,19.3,8,,2021-05-26T06:29:01,2021-05-26T18:58:35,0.5,"Rain, Partially cloudy",Partly cloudy throughout the day with afternoon rain.,rain,"65210099999,DNIB,NII0000DNIB,NIM00065210,DNMM,NII0000DNMM,remote,65201099999,65100099999,NIM00065208,65208099999"
"Abeokuta, Ogun, Nigeria",2021-05-27,92.8,78.9,85.5,107.0,78.9,96.1,77.6,78.1,0.0,0,0.0,,0,0,21.5,12.8,216.6,1011.9,45.0,6.0,218.9,18.9,8,,2021-05-27T06:29:02,2021-05-27T18:58:48,0.53,Partially cloudy,Partly cloudy throughout the day.,partly-cloudy-day,"DNIB,NII0000DNIB,DNMM,NII0000DNMM,remote,65201099999,65100099999"
"Abeokuta, Ogun, Nigeria",2021-05-28,91.5,78.8,84.5,105.2,78.8,93.2,76.5,78.0,0.0,0,0.0,,0,0,19.5,10.3,204.9,1011.4,34.2,6.2,219.3,19.0,8,,2021-05-28T06:29:04,2021-05-28T18:59:01,0.57,Partially cloudy,Partly cloudy throughout the day.,partly-cloudy-day,"DNMM,NII0000DNMM,65201099999,NIM00065208,65208099999"
"Abeokuta, Ogun, Nigeria",2021-05-29,91.8,78.8,84.2,108.4,78.8,93.5,77.3,80.3,0.0,0,0.0,,0,0,18.3,12.8,204.5,1011.3,40.6,6.0,208.3,18.3,7,,2021-05-29T06:29:06,2021-05-29T18:59:15,0.6,Partially cloudy,Partly cloudy throughout the day.,partly-cloudy-day,"DNIB,NII0000DNIB,DNMM,NII0000DNMM,65201099999,NIM00065208,65100099999,65208099999"
"Abeokuta, Ogun, Nigeria",2021-05-30,86.4,75.2,81.8,98.2,75.2,88.7,76.7,84.9,0.748,100,4.17,rain,0,0,17.4,10.3,204.8,1010.3,37.8,5.3,221.0,19.0,8,,2021-05-30T06:29:09,2021-05-30T18:59:28,0.63,"Rain, Partially cloudy",Partly cloudy throughout the day with afternoon rain.,rain,"65210099999,NIM00065210,DNMM,NII0000DNMM,remote,65201099999"
"Abeokuta, Ogun, Nigeria",2021-05-31,89.8,78.8,83.2,108.2,78.8,91.6,77.9,84.7,0.276,100,4.17,rain,0,0,20.1,10.3,241.3,1010.6,38.6,5.7,169.6,14.6,6,,2021-05-31T06:29:12,2021-05-31T18:59:42,0.67,"Rain, Partially cloudy",Partly cloudy throughout the day with late afternoon rain.,rain,"DNIB,NII0000DNIB,DNMM,NII0000DNMM,65201099999,65100099999,NIM00065208,65208099999"
"Abeokuta, Ogun, Nigeria",2021-06-01,86.3,75.2,79.8,96.2,75.2,83.4,75.7,87.7,0.433,100,8.33,rain,0,0,46.1,25.3,161.1,1011.8,39.4,5.3,184.8,15.9,6,,2021-06-01T06:29:16,2021-06-01T18:59:56,0.7,"Rain, Partially cloudy",Partly cloudy throughout the day with rain.,rain,"DNMM,NII0000DNMM,remote,65201099999,NIM00065208,65208099999"
"Abeokuta, Ogun, Nigeria",2021-06-02,89.7,75.2,81.5,102.5,75.2,86.9,75.3,82.5,0.0,0,0.0,,0,0,17.0,10.3,198.8,1012.0,41.0,5.1,260.5,22.3,9,,2021-06-02T06:29:21,2021-06-02T19:00:11,0.75,Partially cloudy,Partly cloudy throughout the day.,partly-cloudy-day,"DNIB,NII0000DNIB,DNMM,NII0000DNMM,remote,65201099999,NIM00065208,65100099999,65208099999"
"Abeokuta, Ogun, Nigeria",2021-06-03,92.6,75.6,83.8,102.8,75.6,90.6,76.3,79.7,0.0,0,0.0,,0,0,19.9,9.6,196.9,1012.0,36.8,5.9,254.4,21.8,9,,2021-06-03T06:29:26,2021-06-03T19:00:25,0.77,Partially cloudy,Becoming cloudy in the afternoon.,partly-cloudy-day,"DNIB,NII0000DNIB,DNMM,NII0000DNMM,remote,65201099999,NIM00065208,65100099999,65208099999"
"Abeokuta, Ogun, Nigeria",2021-06-04,86.0,74.4,80.8,94.2,74.4,85.7,74.7,82.5,3.74,100,8.33,rain,0,0,34.4,17.5,215.1,1012.4,41.2,5.5,124.3,10.7,4,,2021-06-04T06:29:32,2021-06-04T19:00:39,0.8,"Rain, Partially cloudy",Partly cloudy throughout the day with rain in the morning and afternoon.,rain,"DNIB,NII0000DNIB,DNMM,NII0000DNMM,remote,65201099999,65100099999,NIM00065208,65208099999"
"Abeokuta, Ogun, Nigeria",2021-06-05,84.3,73.4,79.8,92.5,73.4,83.1,73.7,82.0,0.012,100,4.17,rain,0,0,15.2,12.8,131.5,1012.9,38.5,5.7,168.3,14.6,6,,2021-06-05T06:29:39,2021-06-05T19:00:54,0.83,"Rain, Partially cloudy",Partly cloudy throughout the day with early morning rain.,rain,"DNIB,NII0000DNIB,DNMM,remote,NII0000DNMM,65201099999,65100099999,NIM00065208,65208099999"
"Abeokuta, Ogun, Nigeria",2021-06-06,89.6,76.3,81.7,99.8,76.3,86.6,75.5,82.7,0.0,0,0.0,,0,0,18.6,19.7,199.8,1011.9,31.2,5.5,239.5,20.7,9,,2021-06-06T06:29:46,2021-06-06T19:01:09,0.87,Partially cloudy,Partly cloudy throughout the day.,partly-cloudy-day,"65210099999,DNIB,NII0000DNIB,NIM00065210,DNMM,NII0000DNMM,65201099999,65100099999"
"Abeokuta, Ogun, Nigeria",2021-06-07,91.4,75.8,82.6,105.2,75.8,89.3,76.3,82.4,0.0,0,0.0,,0,0,18.1,10.3,206.2,1011.6,33.5,5.6,250.6,21.7,8,,2021-06-07T06:29:53,2021-06-07T19:01:23,0.9,Partially cloudy,Partly cloudy throughout the day.,partly-cloudy-day,"DNMM,NII0000DNMM,remote,65201099999,NIM00065208,65208099999"
"Abeokuta, Ogun, Nigeria",2021-06-08,87.8,71.6,78.5,102.5,71.6,80.9,75.3,90.5,0.276,100,4.17,rain,0,0,19.0,6.9,189.0,1011.7,34.1,5.3,218.6,18.8,8,,2021-06-08T06:30:01,2021-06-08T19:01:38,0.93,"Rain, Partially cloudy",Partly cloudy throughout the day with late afternoon rain.,rain,"DNIB,NII0000DNIB,DNMM,NII0000DNMM,remote,65201099999,65100099999"
"Abeokuta, Ogun, Nigeria",2021-06-09,90.8,71.6,76.1,104.3,71.6,77.9,72.7,90.0,0.472,100,4.17,rain,0,0,56.4,11.6,69.9,1012.1,37.5,3.6,173.9,15.0,6,,2021-06-09T06:30:10,2021-06-09T19:01:53,0.97,"Rain, Partially cloudy",Partly cloudy throughout the day with late afternoon rain.,rain,"DNIB,NII0000DNIB,DNMM,NII0000DNMM,remote,65201099999,65100099999"
"Abeokuta, Ogun, Nigeria",2021-06-10,89.6,72.0,80.4,100.3,72.0,85.6,74.1,82.5,0.004,100,4.17,rain,0,0,13.6,10.1,181.9,1011.1,33.3,5.2,149.2,13.0,6,,2021-06-10T06:30:19,2021-06-10T19:02:08,0.0,"Rain, Partially cloudy",Partly cloudy throughout the day with early morning rain.,rain,"DNIB,NII0000DNIB,DNMM,NII0000DNMM,remote,65201099999,65100099999,NIM00065208,65208099999"
"Abeokuta, Ogun, Nigeria",2021-06-11,84.6,75.2,79.4,95.3,75.2,82.8,74.9,86.8,0.276,100,4.17,rain,0,0,21.5,20.8,289.0,1011.5,31.1,5.3,256.5,22.2,9,,2021-06-11T06:30:28,2021-06-11T19:02:22,0.04,"Rain, Partially cloudy",Partly cloudy throughout the day with afternoon rain.,rain,"DNIB,NII0000DNIB,DNMM,NII0000DNMM,remote,65201099999,NIM00065208,65100099999,65208099999"
"Abeokuta, Ogun, Nigeria",2021-06-12,90.6,75.2,80.8,102.4,75.2,85.0,74.9,83.4,0.0,0,0.0,,0,0,19.7,11.2,182.8,1013.1,29.9,5.4,262.8,22.7,9,,2021-06-12T06:30:38,2021-06-12T19:02:37,0.07,Partially cloudy,Partly cloudy throughout the day.,partly-cloudy-day,"DNIB,NII0000DNIB,DNMM,NII0000DNMM,remote,65201099999,65100099999,NIM00065208,65208099999"
"Abeokuta, Ogun, Nigeria",2021-06-13,87.8,74.8,81.0,100.0,74.8,86.0,74.9,82.6,0.0,0,0.0,,0,0,19.9,12.8,198.2,1013.2,36.6,6.1,223.5,19.3,8,,2021-06-13T06:30:49,2021-06-13T19:02:51,0.1,Partially cloudy,Partly cloudy throughout the day.,partly-cloudy-day,"DNIB,NII0000DNIB,DNMM,NII0000DNMM,65201099999,65100099999,NIM00065208,65208099999"
"Abeokuta, Ogun, Nigeria",2021-06-14,89.6,77.6,83.3,102.6,77.6,91.0,76.4,80.4,0.0,0,0.0,,0,0,17.2,10.3,224.6,1013.3,35.8,5.9,221.7,19.1,8,,2021-06-14T06:31:00,2021-06-14T19:03:06,0.14,Partially cloudy,Partly cloudy throughout the day.,partly-cloudy-day,"65210099999,DNMM,NII0000DNMM,remote,65201099999,NIM00065208,65208099999"
"Abeokuta, Ogun, Nigeria",2021-06-15,91.4,77.0,83.5,107.9,77.0,91.1,77.4,82.9,0.0,0,0.0,,0,0,19.9,11.4,218.6,1012.9,34.5,6.0,211.4,18.3,8,,2021-06-15T06:31:11,2021-06-15T19:03:20,0.17,Partially cloudy,Partly cloudy throughout the day.,partly-cloudy-day,"65210099999,DNIB,NII0000DNIB,NIM00065210,DNMM,NII0000DNMM,65201099999,NIM00065208,65100099999,65208099999"
"Abeokuta, Ogun, Nigeria",2021-06-16,88.2,75.3,82.3,100.0,75.3,88.7,76.1,82.4,2.02,100,8.33,rain,0,0,21.9,11.4,240.9,1013.1,30.2,5.5,150.4,13.0,6,,2021-06-16T06:31:22,2021-06-16T19:03:34,0.21,"Rain, Partially cloudy",Partly cloudy throughout the day with rain in the morning and afternoon.,rain,"DNIB,NII0000DNIB,DNMM,NII0000DNMM,65201099999,NIM00065208,65100099999,65208099999"
"Abeokuta, Ogun, Nigeria",2021-06-17,91.4,76.3,81.7,105.2,76.3,86.8,75.8,83.1,0.079,100,4.17,rain,0,0,13.9,8.1,233.0,1014.5,39.1,5.8,151.2,13.0,5,,2021-06-17T06:31:34,2021-06-17T19:03:48,0.24,"Rain, Partially cloudy",Partly cloudy throughout the day with late afternoon rain.,rain,"65210099999,DNIB,NII0000DNIB,NIM00065210,DNMM,NII0000DNMM,remote,65201099999,NIM00065208,65100099999,65208099999"
"Abeokuta, Ogun, Nigeria",2021-06-18,88.7,77.3,82.6,101.4,77.3,89.3,76.9,83.6,0.039,100,4.17,rain,0,0,19.9,10.3,209.0,1014.3,34.3,6.0,202.6,17.6,8,,2021-06-18T06:31:46,2021-06-18T19:04:02,0.25,"Rain, Partially cloudy",Partly cloudy throughout the day with early morning rain.,rain,"DNIB,NII0000DNIB,DNMM,NII0000DNMM,65201099999,65100099999,NIM00065208,65208099999"
"Abeokuta, Ogun, Nigeria",2021-06-19,88.6,77.0,82.0,102.5,77.0,88.2,76.6,84.3,0.079,100,4.17,rain,0,0,21.5,8.8,221.6,1013.7,35.1,5.6,184.6,16.0,7,,2021-06-19T06:31:59,2021-06-19T19:04:16,0.31,"Rain, Partially cloudy",Partly cloudy throughout the day with afternoon rain.,rain,"DNIB,NII0000DNIB,DNMM,NII0000DNMM,65201099999,NIM00065208,65100099999,65208099999"
"Abeokuta, Ogun, Nigeria",2021-06-20,78.8,73.4,77.1,78.8,73.4,77.1,75.3,94.4,0.552,100,8.33,rain,0,0,13.0,7.5,225.9,1014.4,39.1,4.7,72.7,6.5,3,,2021-06-20T06:32:11,2021-06-20T19:04:29,0.35,"Rain, Partially cloudy",Partly cloudy throughout the day with rain.,rain,"DNIB,NII0000DNIB,DNMM,NII0000DNMM,remote,65201099999,65100099999"
"Abeokuta, Ogun, Nigeria",2021-06-21,85.6,75.0,79.3,94.3,75.0,82.5,74.8,86.7,0.004,100,4.17,rain,0,0,18.3,12.8,259.9,1014.7,42.9,6.0,153.4,13.3,6,,2021-06-21T06:32:24,2021-06-21T19:04:42,0.38,"Rain, Partially cloudy",Partly cloudy throughout the day with morning rain.,rain,"65210099999,DNIB,NII0000DNIB,NIM00065210,DNMM,NII0000DNMM,remote,65201099999,65100099999,NIM00065208,65208099999"
"Abeokuta, Ogun, Nigeria",2021-06-22,87.3,74.4,79.5,95.6,74.4,82.2,74.4,85.3,0.044,100,16.67,rain,0,0,17.0,9.6,255.2,1013.5,45.7,5.9,166.2,14.3,6,,2021-06-22T06:32:37,2021-06-22T19:04:55,0.42,"Rain, Partially cloudy",Partly cloudy throughout the day with late afternoon rain.,rain,"DNIB,NII0000DNIB,DNMM,NII0000DNMM,remote,65201099999,NIM00065208,65100099999,65208099999"
"Abeokuta, Ogun, Nigeria",2021-06-23,85.7,73.1,77.2,95.1,73.1,78.9,73.4,88.6,0.142,100,45.83,rain,0,0,18.8,6.9,203.0,1012.5,93.2,6.2,151.7,13.0,6,,2021-06-23T06:32:51,2021-06-23T19:05:07,0.45,"Rain, Overcast",Cloudy skies throughout the day with rain.,rain,"remote,NIM00065208,65208099999"
"Abeokuta, Ogun, Nigeria",2021-06-24,84.1,71.3,77.4,91.5,71.3,80.0,72.6,85.7,0.154,100,29.17,rain,0,0,16.6,10.3,203.7,1012.4,91.0,0.6,182.4,15.8,6,,2021-06-24T06:33:04,2021-06-24T19:05:19,0.5,"Rain, Overcast",Cloudy skies throughout the day with rain in the morning and afternoon.,rain,"remote,NIM00065208,65208099999"
"Abeokuta, Ogun, Nigeria",2021-06-25,88.4,74.9,80.8,97.7,74.9,85.4,74.3,81.6,0.044,100,25.0,rain,0,0,13.6,5.4,227.8,1012.1,65.7,,193.8,16.7,7,,2021-06-25T06:33:18,2021-06-25T19:05:31,0.52,"Rain, Partially cloudy",Partly cloudy throughout the day with rain in the morning and afternoon.,rain,remote
"Abeokuta, Ogun, Nigeria",2021-06-26,78.0,71.7,75.2,78.0,71.7,75.2,72.3,90.7,0.272,100,50.0,rain,0,0,23.0,6.7,294.7,1012.0,99.6,,106.0,9.1,4,,2021-06-26T06:33:32,2021-06-26T19:05:42,0.56,"Rain, Overcast",Cloudy skies throughout the day with a chance of rain throughout the day.,rain,remote
"Abeokuta, Ogun, Nigeria",2021-06-27,83.2,71.0,76.4,88.9,71.0,77.9,72.2,87.8,0.016,100,4.17,rain,0,0,16.8,6.3,160.0,1011.4,77.0,,194.4,16.8,7,,2021-06-27T06:33:46,2021-06-27T19:05:53,0.59,"Rain, Partially cloudy",Partly cloudy throughout the day with afternoon rain.,rain,remote
"Abeokuta, Ogun, Nigeria",2021-06-28,89.3,74.0,79.8,97.4,74.0,83.1,73.8,83.1,0.107,100,29.17,rain,0,0,21.3,9.8,213.7,1013.2,53.5,5.9,246.3,21.3,8,,2021-06-28T06:34:00,2021-06-28T19:06:04,0.62,"Rain, Partially cloudy",Partly cloudy throughout the day with rain.,rain,"remote,NII0000DNMM,65201099999,NIM00065208,65208099999"
"Abeokuta, Ogun, Nigeria",2021-06-29,86.1,74.0,79.3,92.3,74.0,81.9,73.0,82.2,0.032,100,25.0,rain,0,0,15.0,7.8,214.4,1014.2,76.3,,152.8,13.2,5,,2021-06-29T06:34:14,2021-06-29T19:06:14,0.65,"Rain, Partially cloudy",Partly cloudy throughout the day with a chance of rain throughout the day.,rain,remote
"Abeokuta, Ogun, Nigeria",2021-06-30,87.1,75.6,80.9,96.0,75.6,85.3,74.6,82.0,0.0,0,0.0,,0,0,19.2,10.7,225.9,1014.6,29.7,6.0,214.4,18.6,8,,2021-06-30T06:34:28,2021-06-30T19:06:23,0.69,Partially cloudy,Partly cloudy throughout the day.,partly-cloudy-day,"DNIB,NII0000DNIB,DNMM,remote,NII0000DNMM,65201099999,65100099999,NIM00065208,65208099999"
"Abeokuta, Ogun, Nigeria",2021-07-01,91.4,75.6,81.4,105.2,75.6,85.8,75.1,82.1,0.039,100,4.17,rain,0,0,18.3,12.8,245.6,1014.5,38.5,5.9,187.8,16.2,7,,2021-07-01T06:34:42,2021-07-01T19:06:32,0.75,"Rain, Partially cloudy",Partly cloudy throughout the day with late afternoon rain.,rain,"DNIB,NII0000DNIB,DNMM,NII0000DNMM,remote,65201099999,65100099999,NIM00065208,65208099999"
"Abeokuta, Ogun, Nigeria",2021-07-02,87.8,76.3,80.8,101.0,76.3,86.3,76.6,87.6,0.0,0,0.0,,0,0,17.2,13.9,230.3,1013.9,41.0,5.5,154.5,13.2,5,,2021-07-02T06:34:56,2021-07-02T19:06:41,0.75,Partially cloudy,Partly cloudy throughout the day.,partly-cloudy-day,"DNIB,NII0000DNIB,DNMM,NII0000DNMM,remote,65201099999,65100099999,NIM00065208,65208099999"
"Abeokuta, Ogun, Nigeria",2021-07-03,84.2,73.4,78.8,94.3,73.4,82.1,76.0,91.2,1.417,100,4.17,rain,0,0,18.3,16.1,248.4,1014.5,43.0,5.1,146.6,12.5,6,,2021-07-03T06:35:10,2021-07-03T19:06:49,0.78,"Rain, Partially cloudy",Partly cloudy throughout the day with late afternoon rain.,rain,"DNMM,NII0000DNMM,remote,65201099999"
"Abeokuta, Ogun, Nigeria",2021-07-04,84.8,71.6,76.9,92.0,71.6,78.5,72.6,87.1,0.157,100,4.17,rain,0,0,17.7,9.2,244.9,1015.4,40.3,5.9,182.5,15.8,7,,2021-07-04T06:35:24,2021-07-04T19:06:56,0.82,"Rain, Partially cloudy",Partly cloudy throughout the day with early morning rain.,rain,"DNIB,NII0000DNIB,DNMM,NII0000DNMM,remote,65201099999,65100099999,NIM00065208,65208099999"
"Abeokuta, Ogun, Nigeria",2021-07-05,88.9,74.3,80.7,97.9,74.3,84.3,73.8,80.5,0.059,100,4.17,rain,0,0,21.7,12.8,225.1,1015.2,27.9,5.9,247.2,21.5,9,,2021-07-05T06:35:38,2021-07-05T19:07:03,0.85,"Rain, Partially cloudy",Partly cloudy throughout the day with late afternoon rain.,rain,"DNIB,NII0000DNIB,DNMM,NII0000DNMM,remote,65201099999,65100099999,NIM00065208,65208099999"
"Abeokuta, Ogun, Nigeria",2021-07-06,87.8,71.6,80.9,96.2,71.6,85.5,74.3,81.2,0.0,0,0.0,,0,0,16.1,24.5,228.1,1014.5,36.6,5.6,207.0,17.8,7,,2021-07-06T06:35:51,2021-07-06T19:07:09,0.88,Partially cloudy,Partly cloudy throughout the day.,partly-cloudy-day,"DNIB,NII0000DNIB,DNMM,NII0000DNMM,remote,65201099999,65100099999,NIM00065208,65208099999"
"Abeokuta, Ogun, Nigeria",2021-07-07,86.0,69.8,77.5,95.3,69.8,80.7,72.6,85.7,0.157,100,8.33,rain,0,0,17.9,13.9,241.9,1012.9,38.4,5.2,160.9,13.9,7,,2021-07-07T06:36:05,2021-07-07T19:07:15,0.92,"Rain, Partially cloudy",Partly cloudy throughout the day with rain clearing later.,rain,"DNIB,NII0000DNIB,DNMM,NII0000DNMM,65201099999,NIM00065208,65100099999,65208099999"
"Abeokuta, Ogun, Nigeria",2021-07-08,83.9,75.2,79.2,92.4,75.2,81.8,75.8,89.6,0.039,100,4.17,rain,0,0,22.1,13.9,228.9,1014.5,40.7,6.0,208.7,17.9,6,,2021-07-08T06:36:18,2021-07-08T19:07:20,0.95,"Rain, Partially cloudy",Partly cloudy throughout the day with afternoon rain.,rain,"DNIB,NII0000DNIB,DNMM,NII0000DNMM,remote,65201099999,NIM00065208,65100099999,65208099999"
"Abeokuta, Ogun, Nigeria",2021-07-09,82.4,76.3,78.2,89.6,76.3,79.7,75.4,91.3,1.063,100,8.33,rain,0,0,19.7,11.9,224.8,1014.7,49.4,5.1,154.4,13.2,5,,2021-07-09T06:36:32,2021-07-09T19:07:24,0.98,"Rain, Partially cloudy",Partly cloudy throughout the day with rain in the morning and afternoon.,rain,"DNIB,NII0000DNIB,DNMM,NII0000DNMM,remote,65201099999,65100099999,NIM00065208,65208099999"
"Abeokuta, Ogun, Nigeria",2021-07-10,86.0,73.4,80.1,95.8,73.4,83.8,73.4,81.3,0.039,100,4.17,rain,0,0,15.9,12.8,227.0,1014.6,44.6,5.8,213.0,18.4,7,,2021-07-10T06:36:45,2021-07-10T19:07:28,0.0,"Rain, Partially cloudy",Clearing in the afternoon with morning rain.,rain,"DNIB,NII0000DNIB,DNMM,remote,NII0000DNMM,65201099999,NIM00065208,65100099999,65208099999"
"Abeokuta, Ogun, Nigeria",2021-07-11,85.3,75.2,81.0,92.5,75.2,84.9,73.0,76.9,0.0,0,0.0,,0,0,17.7,12.8,233.8,1015.3,36.5,5.9,210.9,18.3,7,,2021-07-11T06:36:58,2021-07-11T19:07:31,0.05,Partially cloudy,Partly cloudy throughout the day.,partly-cloudy-day,"DNIB,NII0000DNIB,DNMM,NII0000DNMM,65201099999,65100099999,NIM00065208,65208099999"
"Abeokuta, Ogun, Nigeria",2021-07-12,86.0,75.1,80.2,95.3,75.1,83.3,74.2,82.6,0.0,0,0.0,,0,0,17.0,11.5,229.5,1015.7,37.6,5.6,199.5,17.3,7,,2021-07-12T06:37:10,2021-07-12T19:07:34,0.09,Partially cloudy,Partly cloudy throughout the day.,partly-cloudy-day,"DNIB,NII0000DNIB,DNMM,NII0000DNMM,65201099999,65100099999,NIM00065208,65208099999"
"Abeokuta, Ogun, Nigeria",2021-07-13,88.4,75.3,80.7,95.9,75.3,84.3,73.9,80.7,0.0,0,0.0,,0,0,17.9,18.3,238.9,1014.4,34.1,5.7,231.5,20.0,9,,2021-07-13T06:37:23,2021-07-13T19:07:35,0.12,Partially cloudy,Partly cloudy throughout the day.,partly-cloudy-day,"65210099999,DNIB,NII0000DNIB,NIM00065210,DNMM,NII0000DNMM,65201099999,65100099999,NIM00065208,65208099999"
"Abeokuta, Ogun, Nigeria",2021-07-14,84.3,77.0,79.9,91.0,77.0,82.6,74.2,83.1,0.004,100,4.17,rain,0,0,20.6,13.9,225.8,1014.0,44.0,5.4,180.5,15.7,7,,2021-07-14T06:37:35,2021-07-14T19:07:37,0.16,"Rain, Partially cloudy",Partly cloudy throughout the day with morning rain.,rain,"65210099999,DNIB,NII0000DNIB,NIM00065210,DNMM,NII0000DNMM,remote,65201099999,65100099999"
"Abeokuta, Ogun, Nigeria",2021-07-15,86.1,77.0,79.7,96.9,77.0,82.3,74.7,85.3,1.969,100,4.17,rain,0,0,17.2,11.4,251.7,1013.1,34.7,4.8,167.4,14.2,7,,2021-07-15T06:37:47,2021-07-15T19:07:37,0.19,"Rain, Partially cloudy",Partly cloudy throughout the day with late afternoon rain.,rain,"DNIB,NII0000DNIB,DNMM,NII0000DNMM,65201099999,NIM00065208,65100099999,65208099999"
"Abeokuta, Ogun, Nigeria",2021-07-16,78.8,71.6,75.2,78.8,71.6,75.2,73.8,95.6,0.079,100,4.17,rain,0,0,34.4,19.7,230.0,1013.4,36.9,4.0,116.3,10.0,6,,2021-07-16T06:37:58,2021-07-16T19:07:37,0.23,"Rain, Partially cloudy",Partly cloudy throughout the day with afternoon rain.,rain,"DNIB,NII0000DNIB,DNMM,NII0000DNMM,65201099999,65100099999,NIM00065208,65208099999"
"Abeokuta, Ogun, Nigeria",2021-07-17,84.8,71.6,77.1,95.0,71.6,79.3,73.8,90.0,0.004,100,4.17,rain,0,0,20.1,29.3,215.6,1015.1,34.8,5.6,144.3,12.6,6,,2021-07-17T06:38:09,2021-07-17T19:07:35,0.25,"Rain, Partially cloudy",Partly cloudy throughout the day with morning rain.,rain,"DNIB,NII0000DNIB,DNMM,NII0000DNMM,65201099999,65100099999,NIM00065208,65208099999"
"Abeokuta, Ogun, Nigeria",2021-07-18,84.2,75.2,79.4,91.0,75.2,81.8,74.1,84.4,0.004,100,4.17,rain,0,0,15.7,11.7,230.0,1014.8,36.6,5.7,157.8,13.5,5,,2021-07-18T06:38:20,2021-07-18T19:07:34,0.3,"Rain, Partially cloudy",Partly cloudy throughout the day with afternoon rain.,rain,"DNIB,NII0000DNIB,DNMM,NII0000DNMM,remote,65201099999,65100099999,NIM00065208,65208099999"
"Abeokuta, Ogun, Nigeria",2021-07-19,84.6,75.2,79.7,90.4,75.2,82.5,73.4,81.7,0.024,100,4.17,rain,0,0,19.7,15.2,237.6,1014.4,39.9,5.8,115.0,9.9,5,,2021-07-19T06:38:31,2021-07-19T19:07:31,0.33,"Rain, Partially cloudy",Partly cloudy throughout the day with morning rain.,rain,"DNIB,NII0000DNIB,DNMM,NII0000DNMM,remote,65201099999,NIM00065208,65100099999,65208099999"
"Abeokuta, Ogun, Nigeria",2021-07-20,82.2,75.6,78.9,88.0,75.6,80.3,73.7,84.4,0.079,100,4.17,rain,0,0,19.5,13.0,236.1,1015.3,37.2,5.5,199.1,17.0,6,,2021-07-20T06:38:41,2021-07-20T19:07:28,0.37,"Rain, Partially cloudy",Partly cloudy throughout the day with afternoon rain.,rain,"DNIB,NII0000DNIB,DNMM,NII0000DNMM,remote,65201099999,65100099999,NIM00065208,65208099999"
"Abeokuta, Ogun, Nigeria",2021-07-21,86.1,75.3,79.7,93.8,75.3,82.0,73.1,80.8,0.079,100,4.17,rain,0,0,18.3,15.0,225.6,1016.8,39.2,6.1,193.6,16.9,7,,2021-07-21T06:38:51,2021-07-21T19:07:24,0.41,"Rain, Partially cloudy",Partly cloudy throughout the day with early morning rain.,rain,"DNIB,NII0000DNIB,DNMM,NII0000DNMM,remote,65201099999,65100099999"
"Abeokuta, Ogun, Nigeria",2021-07-22,84.8,75.2,79.4,91.0,75.2,81.8,72.5,79.8,0.0,0,0.0,,0,0,17.2,12.8,227.8,1017.2,30.5,5.8,181.2,15.7,6,,2021-07-22T06:39:00,2021-07-22T19:07:19,0.44,Partially cloudy,Partly cloudy throughout the day.,partly-cloudy-day,"DNIB,NII0000DNIB,DNMM,NII0000DNMM,65201099999,65100099999,NIM00065208,65208099999"
"Abeokuta, Ogun, Nigeria",2021-07-23,85.3,74.5,79.5,92.0,74.5,81.9,73.2,81.6,0.0,0,0.0,,0,0,16.8,11.4,230.3,1016.1,34.7,5.8,207.1,17.9,8,,2021-07-23T06:39:09,2021-07-23T19:07:13,0.48,Partially cloudy,Partly cloudy throughout the day.,partly-cloudy-day,"DNIB,NII0000DNIB,DNMM,NII0000DNMM,65201099999,65100099999,NIM00065208,65208099999"
"Abeokuta, Ogun, Nigeria",2021-07-24,87.8,75.2,80.5,95.9,75.2,83.4,73.0,78.7,0.0,0,0.0,,0,0,16.1,13.9,232.3,1015.3,31.0,6.1,172.5,14.7,6,,2021-07-24T06:39:18,2021-07-24T19:07:07,0.5,Partially cloudy,Partly cloudy throughout the day.,partly-cloudy-day,"DNIB,NII0000DNIB,DNMM,NII0000DNMM,65201099999,65100099999,NIM00065208,65208099999"
"Abeokuta, Ogun, Nigeria",2021-07-25,86.0,75.2,80.8,93.5,75.2,83.8,72.2,76.3,0.0,0,0.0,,0,0,19.5,15.0,225.8,1014.7,34.8,6.0,206.6,17.9,8,,2021-07-25T06:39:26,2021-07-25T19:07:00,0.54,Partially cloudy,Partly cloudy throughout the day.,partly-cloudy-day,"DNIB,NII0000DNIB,DNMM,NII0000DNMM,65201099999,65100099999,NIM00065208,65208099999"
"Abeokuta, Ogun, Nigeria",2021-07-26,81.7,75.6,79.0,86.6,75.6,80.5,72.1,79.8,0.0,0,0.0,,0,0,18.8,13.8,236.5,1014.4,39.4,5.9,87.4,7.5,3,,2021-07-26T06:39:33,2021-07-26T19:06:52,0.58,Partially cloudy,Partly cloudy throughout the day.,partly-cloudy-day,"DNIB,NII0000DNIB,DNMM,NII0000DNMM,remote,65201099999,NIM00065208,65100099999,65208099999"
"Abeokuta, Ogun, Nigeria",2021-07-27,82.4,74.4,78.0,87.1,74.4,78.5,72.0,82.0,0.0,0,0.0,,0,0,20.8,15.0,230.6,1014.3,38.0,6.0,104.2,9.2,4,,2021-07-27T06:39:41,2021-07-27T19:06:43,0.61,Partially cloudy,Partly cloudy throughout the day.,partly-cloudy-day,"DNIB,NII0000DNIB,DNMM,NII0000DNMM,65201099999,NIM00065208,65100099999,65208099999"
"Abeokuta, Ogun, Nigeria",2021-07-28,86.0,74.8,80.2,93.5,74.8,83.6,72.9,79.3,0.008,100,4.17,rain,0,0,16.8,16.1,217.2,1014.2,34.5,6.2,188.4,16.1,7,,2021-07-28T06:39:48,2021-07-28T19:06:34,0.64,"Rain, Partially cloudy",Partly cloudy throughout the day with afternoon rain.,rain,"DNIB,NII0000DNIB,DNMM,NII0000DNMM,65201099999,NIM00065208,65100099999,65208099999"
"Abeokuta, Ogun, Nigeria",2021-07-29,87.8,75.0,80.7,94.3,75.0,83.2,72.0,75.6,0.004,100,4.17,rain,0,0,18.3,16.1,232.8,1014.5,28.9,5.8,235.0,20.3,8,,2021-07-29T06:39:54,2021-07-29T19:06:24,0.67,"Rain, Partially cloudy",Partly cloudy throughout the day with afternoon rain.,rain,"DNIB,NII0000DNIB,DNMM,NII0000DNMM,remote,65201099999,65100099999,NIM00065208,65208099999"
"Abeokuta, Ogun, Nigeria",2021-07-30,84.2,74.5,79.8,90.2,74.5,82.4,72.4,78.7,0.0,0,0.0,,0,0,20.4,10.9,225.2,1014.6,34.0,5.6,143.3,12.4,5,,2021-07-30T06:40:00,2021-07-30T19:06:13,0.71,Partially cloudy,Partly cloudy throughout the day.,partly-cloudy-day,"DNIB,NII0000DNIB,DNMM,NII0000DNMM,65201099999,65100099999,NIM00065208,65208099999"
"Abeokuta, Ogun, Nigeria",2021-07-31,87.8,77.0,81.8,95.4,77.0,86.0,73.8,77.4,0.0,0,0.0,,0,0,19.2,13.9,223.9,1015.3,38.6,5.8,225.0,19.4,8,,2021-07-31T06:40:05,2021-07-31T19:06:01,0.75,Partially cloudy,Partly cloudy throughout the day.,partly-cloudy-day,"DNIB,NII0000DNIB,DNMM,NII0000DNMM,65201099999,65100099999"
"Abeokuta, Ogun, Nigeria",2021-08-01,87.8,75.6,80.8,95.9,75.6,83.9,74.1,80.9,0.0,0,0.0,,0,0,15.9,15.4,231.6,1016.8,35.4,6.0,210.5,18.2,7,,2021-08-01T06:40:10,2021-08-01T19:05:49,0.77,Partially cloudy,Partly cloudy throughout the day.,partly-cloudy-day,"65210099999,DNIB,NIM00065202,NII0000DNIB,NIM00065210,65202099999,DNMM,NII0000DNMM,65201099999,65100099999"
"Abeokuta, Ogun, Nigeria",2021-08-02,84.3,77.0,79.7,92.5,77.0,82.3,74.5,84.7,0.0,0,0.0,,0,0,12.8,10.3,247.3,1016.0,30.0,5.9,159.9,13.7,6,,2021-08-02T06:40:15,2021-08-02T19:05:36,0.8,Partially cloudy,Partly cloudy throughout the day.,partly-cloudy-day,"DNMM,NII0000DNMM,65201099999"
"Abeokuta, Ogun, Nigeria",2021-08-03,86.4,75.0,79.6,95.3,75.0,82.1,74.2,84.1,0.0,0,0.0,,0,0,20.1,18.3,230.1,1014.8,40.1,5.7,154.9,13.5,6,,2021-08-03T06:40:19,2021-08-03T19:05:22,0.83,Partially cloudy,Partly cloudy throughout the day.,partly-cloudy-day,"DNIB,NII0000DNIB,DNMM,NII0000DNMM,65201099999,65100099999,NIM00065208,65208099999"
"Abeokuta, Ogun, Nigeria",2021-08-04,86.1,75.0,79.5,95.3,75.0,82.2,74.1,84.5,0.004,100,4.17,rain,0,0,22.6,15.0,220.7,1015.1,45.9,5.6,171.2,14.9,6,,2021-08-04T06:40:23,2021-08-04T19:05:08,0.87,"Rain, Partially cloudy",Partly cloudy throughout the day with early morning rain.,rain,"65210099999,DNIB,NII0000DNIB,DNMM,remote,NII0000DNMM,65201099999,65100099999,NIM00065208,65208099999"
"Abeokuta, Ogun, Nigeria",2021-08-05,82.4,73.3,77.9,89.6,73.3,79.2,74.8,90.5,1.496,100,8.33,rain,0,0,18.3,13.9,228.2,1017.0,38.1,5.4,148.3,12.9,5,,2021-08-05T06:40:26,2021-08-05T19:04:52,0.9,"Rain, Partially cloudy",Clearing in the afternoon with rain in the morning and afternoon.,rain,"DNIB,NII0000DNIB,DNMM,NII0000DNMM,remote,65201099999,NIM00065208,65100099999,65208099999"
"Abeokuta, Ogun, Nigeria",2021-08-06,87.8,76.0,79.4,95.9,76.0,81.7,74.5,85.6,0.0,0,0.0,,0,0,15.7,15.0,234.7,1016.3,40.4,5.6,134.1,11.4,5,,2021-08-06T06:40:29,2021-08-06T19:04:36,0.93,Partially cloudy,Partly cloudy throughout the day.,partly-cloudy-day,"65210099999,DNIB,NII0000DNIB,DNMM,NII0000DNMM,remote,65201099999,65100099999,NIM00065208,65208099999"
"Abeokuta, Ogun, Nigeria",2021-08-07,84.2,75.6,78.4,93.4,75.6,79.8,75.0,89.8,0.157,100,4.17,rain,0,0,23.3,11.4,237.0,1015.4,33.9,5.3,142.1,12.5,5,,2021-08-07T06:40:31,2021-08-07T19:04:19,0.96,"Rain, Partially cloudy",Partly cloudy throughout the day with late afternoon rain.,rain,"65210099999,DNIB,NII0000DNIB,NIM00065210,DNMM,NII0000DNMM,65201099999,65100099999,NIM00065208,65208099999"
"Abeokuta, Ogun, Nigeria",2021-08-08,80.0,73.4,76.5,84.4,73.4,76.7,73.8,91.6,0.118,100,4.17,rain,0,0,20.8,23.8,249.1,1015.1,45.4,5.3,96.6,8.3,4,,2021-08-08T06:40:32,2021-08-08T19:04:02,0.0,"Rain, Partially cloudy",Partly cloudy throughout the day with afternoon rain.,rain,"65210099999,DNIB,NII0000DNIB,NIM00065210,DNMM,NII0000DNMM,remote,65201099999,65100099999,NIM00065208,65208099999"
"Abeokuta, Ogun, Nigeria",2021-08-09,84.8,76.3,79.7,92.5,76.3,82.6,74.4,84.4,0.039,100,4.17,rain,0,0,20.8,17.2,229.7,1015.9,36.7,6.0,185.1,15.9,7,,2021-08-09T06:40:34,2021-08-09T19:03:44,0.03,"Rain, Partially cloudy",Partly cloudy throughout the day with morning rain.,rain,"65210099999,DNIB,NII0000DNIB,NIM00065210,DNMM,NII0000DNMM,65201099999,65100099999"
"Abeokuta, Ogun, Nigeria",2021-08-10,84.8,75.1,79.1,92.2,75.1,81.7,74.1,85.2,0.035,100,4.17,rain,0,0,21.9,15.0,233.4,1015.2,44.4,5.5,164.7,14.3,6,,2021-08-10T06:40:34,2021-08-10T19:03:25,0.07,"Rain, Partially cloudy",Partly cloudy throughout the day with afternoon rain.,rain,"DNIB,NII0000DNIB,DNMM,NII0000DNMM,remote,65201099999,65100099999"
"Abeokuta, Ogun, Nigeria",2021-08-11,82.4,74.9,78.6,88.3,74.9,80.6,73.6,84.8,0.0,0,0.0,,0,0,32.2,20.1,240.4,1014.1,39.0,6.2,172.1,14.9,6,,2021-08-11T06:40:35,2021-08-11T19:03:05,0.1,Partially cloudy,Partly cloudy throughout the day.,partly-cloudy-day,"DNIB,NII0000DNIB,DNMM,NII0000DNMM,65201099999,NIM00065208,65100099999,65208099999"
"Abeokuta, Ogun, Nigeria",2021-08-12,86.1,75.2,79.6,95.4,75.2,82.5,74.8,85.9,0.039,100,4.17,rain,0,0,21.5,16.1,208.6,1014.3,44.5,6.1,217.8,18.8,8,,2021-08-12T06:40:35,2021-08-12T19:02:45,0.14,"Rain, Partially cloudy",Partly cloudy throughout the day with morning rain.,rain,"DNIB,NII0000DNIB,DNMM,NII0000DNMM,remote,65201099999,NIM00065208,65100099999,65208099999"
"Abeokuta, Ogun, Nigeria",2021-08-13,84.2,76.2,78.6,91.0,76.2,80.0,73.7,85.2,0.008,100,8.33,rain,0,0,19.5,34.4,220.0,1015.0,54.5,5.5,150.7,13.2,6,,2021-08-13T06:40:34,2021-08-13T19:02:25,0.18,"Rain, Partially cloudy",Partly cloudy throughout the day with late afternoon rain.,rain,"DNIB,NII0000DNIB,DNMM,NII0000DNMM,remote,65201099999,65100099999,NIM00065208,65208099999"
"Abeokuta, Ogun, Nigeria",2021-08-14,86.0,75.2,79.8,93.5,75.2,82.5,73.7,82.1,0.0,0,0.0,,0,0,19.7,17.2,230.7,1014.0,36.5,6.1,135.5,11.6,5,,2021-08-14T06:40:33,2021-08-14T19:02:03,0.21,Partially cloudy,Partly cloudy throughout the day.,partly-cloudy-day,"DNMM,NII0000DNMM,65201099999"
"Abeokuta, Ogun, Nigeria",2021-08-15,87.8,75.2,79.9,95.9,75.2,82.6,73.0,80.3,0.0,0,0.0,,0,0,17.2,15.0,229.4,1013.2,34.1,6.0,141.9,12.2,5,,2021-08-15T06:40:31,2021-08-15T19:01:41,0.25,Partially cloudy,Partly cloudy throughout the day.,partly-cloudy-day,"DNMM,NII0000DNMM,65201099999"
"Abeokuta, Ogun, Nigeria",2021-08-16,87.8,75.3,80.4,94.3,75.3,83.0,72.5,77.8,0.0,0,0.0,,0,0,16.1,16.1,226.6,1013.6,33.1,6.0,172.9,15.0,6,,2021-08-16T06:40:30,2021-08-16T19:01:18,0.28,Partially cloudy,Partly cloudy throughout the day.,partly-cloudy-day,"DNIB,NII0000DNIB,DNMM,NII0000DNMM,65201099999,65100099999"
"Abeokuta, Ogun, Nigeria",2021-08-17,84.2,75.5,79.5,92.5,75.5,82.0,74.3,84.5,0.008,100,8.33,rain,0,0,18.1,12.8,232.2,1014.9,39.1,6.1,194.3,16.7,7,,2021-08-17T06:40:27,2021-08-17T19:00:55,0.32,"Rain, Partially cloudy",Partly cloudy throughout the day with rain.,rain,"65210099999,DNIB,NII0000DNIB,NIM00065210,DNMM,NII0000DNMM,remote,65201099999,NIM00065208,65100099999,65208099999"
"Abeokuta, Ogun, Nigeria",2021-08-18,84.2,75.2,79.4,92.5,75.2,81.8,73.9,83.6,0.0,0,0.0,,0,0,13.9,11.4,233.1,1015.2,39.2,5.9,139.8,12.1,5,,2021-08-18T06:40:24,2021-08-18T19:00:31,0.35,Partially cloudy,Partly cloudy throughout the day.,partly-cloudy-day,"65210099999,DNIB,NII0000DNIB,DNMM,NII0000DNMM,remote,65201099999,65100099999,NIM00065208,65208099999"
"Abeokuta, Ogun, Nigeria",2021-08-19,87.2,74.2,79.7,96.0,74.2,82.0,73.7,82.5,0.016,100,4.17,rain,0,0,15.0,12.8,249.3,1013.4,40.8,6.1,105.2,9.1,3,,2021-08-19T06:40:21,2021-08-19T19:00:07,0.39,"Rain, Partially cloudy",Partly cloudy throughout the day with late afternoon rain.,rain,"65210099999,DNIB,NII0000DNIB,NIM00065210,DNMM,NII0000DNMM,remote,65201099999,65100099999"
"Abeokuta, Ogun, Nigeria",2021-08-20,80.6,75.5,78.3,86.2,75.5,79.3,73.9,86.6,0.0,0,0.0,,0,0,19.0,12.8,233.1,1012.4,36.0,6.1,183.7,15.9,7,,2021-08-20T06:40:18,2021-08-20T18:59:42,0.43,Partially cloudy,Partly cloudy throughout the day.,partly-cloudy-day,"65210099999,DNIB,NIM00065202,NII0000DNIB,NIM00065210,DNMM,NII0000DNMM,65201099999,NIM00065208,65100099999,65208099999"
"Abeokuta, Ogun, Nigeria",2021-08-21,80.6,74.5,77.0,86.3,74.5,77.7,74.4,91.8,0.276,100,4.17,rain,0,0,19.5,11.4,225.8,1013.0,44.4,5.1,74.7,6.6,4,,2021-08-21T06:40:14,2021-08-21T18:59:16,0.46,"Rain, Partially cloudy",Partly cloudy throughout the day with afternoon rain.,rain,"DNIB,NII0000DNIB,DNMM,NII0000DNMM,65201099999,65100099999,NIM00065208,65208099999"
"Abeokuta, Ogun, Nigeria",2021-08-22,85.3,74.8,78.0,94.4,74.8,80.0,74.7,89.8,0.079,100,4.17,rain,0,0,15.7,11.4,215.6,1012.8,41.5,5.2,134.1,11.6,5,,2021-08-22T06:40:09,2021-08-22T18:58:50,0.5,"Rain, Partially cloudy",Partly cloudy throughout the day with afternoon rain.,rain,"DNIB,NII0000DNIB,DNMM,NII0000DNMM,remote,65201099999,65100099999,NIM00065208,65208099999"
"Abeokuta, Ogun, Nigeria",2021-08-23,87.2,74.2,79.5,98.8,74.2,82.8,74.8,86.1,0.079,100,4.17,rain,0,0,16.3,13.9,228.8,1011.6,41.3,5.5,178.7,15.6,7,,2021-08-23T06:40:04,2021-08-23T18:58:24,0.53,"Rain, Partially cloudy",Partly cloudy throughout the day with early morning rain.,rain,"DNIB,NII0000DNIB,DNMM,NII0000DNMM,65201099999,65100099999,NIM00065208,65208099999"
"Abeokuta, Ogun, Nigeria",2021-08-24,84.2,76.4,79.8,92.5,76.4,82.7,75.2,86.2,0.04,100,8.33,rain,0,0,19.2,13.9,228.2,1010.8,50.7,6.1,157.0,13.7,5,,2021-08-24T06:39:59,2021-08-24T18:57:57,0.56,"Rain, Partially cloudy",Partly cloudy throughout the day with rain clearing later.,rain,"65210099999,DNIB,NII0000DNIB,NIM00065210,DNMM,NII0000DNMM,remote,65201099999,NIM00065208,65100099999,65208099999"
"Abeokuta, Ogun, Nigeria",2021-08-25,86.0,75.8,80.1,95.3,75.8,83.4,74.5,83.9,0.236,100,4.17,rain,0,0,18.3,16.1,212.8,1011.2,42.4,6.1,157.4,13.5,6,,2021-08-25T06:39:54,2021-08-25T18:57:29,0.6,"Rain, Partially cloudy",Partly cloudy throughout the day with early morning rain.,rain,"DNIB,NII0000DNIB,DNMM,NII0000DNMM,remote,65201099999,65100099999,NIM00065208,65208099999"
"Abeokuta, Ogun, Nigeria",2021-08-26,87.0,77.0,80.3,94.3,77.0,83.0,74.2,82.2,0.118,100,4.17,rain,0,0,15.9,10.3,242.3,1012.5,40.7,6.0,128.4,11.1,4,,2021-08-26T06:39:48,2021-08-26T18:57:01,0.63,"Rain, Partially cloudy",Partly cloudy throughout the day with afternoon rain.,rain,"DNIB,NIM00065202,NII0000DNIB,DNMM,NII0000DNMM,remote,65201099999,65100099999,NIM00065208,65208099999"
"Abeokuta, Ogun, Nigeria",2021-08-27,84.1,77.0,79.3,93.6,77.0,81.6,75.3,87.7,0.0,0,0.0,,0,0,16.1,15.7,233.2,1013.7,41.7,6.0,144.3,12.4,7,,2021-08-27T06:39:42,2021-08-27T18:56:33,0.66,Partially cloudy,Partly cloudy throughout the day.,partly-cloudy-day,"65210099999,DNIB,NIM00065202,NII0000DNIB,NIM00065210,DNMM,NII0000DNMM,65201099999,NIM00065208,65100099999,65208099999"
"Abeokuta, Ogun, Nigeria",2021-08-28,86.0,74.5,78.9,95.6,74.5,81.1,74.7,87.2,0.157,100,4.17,rain,0,0,15.9,10.8,233.6,1013.5,40.6,6.0,172.1,15.1,7,,2021-08-28T06:39:35,2021-08-28T18:56:04,0.69,"Rain, Partially cloudy",Partly cloudy throughout the day with afternoon rain.,rain,"DNIB,NII0000DNIB,DNMM,NII0000DNMM,remote,65201099999,65100099999,NIM00065208,65208099999"
"Abeokuta, Ogun, Nigeria",2021-08-29,82.4,75.2,78.6,90.9,75.2,80.5,75.1,89.2,0.004,100,4.17,rain,0,0,16.1,13.9,240.2,1011.5,60.4,6.0,147.2,12.8,5,,2021-08-29T06:39:29,2021-08-29T18:55:35,0.72,"Rain, Partially cloudy",Partly cloudy throughout the day with morning rain.,rain,"DNIB,NIM00065202,NII0000DNIB,DNMM,NII0000DNMM,remote,65201099999,NIM00065208,65100099999,65208099999"
"Abeokuta, Ogun, Nigeria",2021-08-30,85.8,77.0,79.7,95.0,77.0,82.8,75.5,87.5,0.157,100,4.17,rain,0,0,18.6,16.1,223.4,1011.6,40.6,6.0,134.9,11.5,6,,2021-08-30T06:39:22,2021-08-30T18:55:05,0.75,"Rain, Partially cloudy",Partly cloudy throughout the day with morning rain.,rain,"65210099999,DNIB,NII0000DNIB,NIM00065210,DNMM,NII0000DNMM,65201099999,65100099999,NIM00065208,65208099999"
"Abeokuta, Ogun, Nigeria",2021-08-31,85.0,76.3,80.0,94.5,76.3,83.7,75.9,87.6,0.157,100,4.17,rain,0,0,12.5,9.2,253.9,1012.2,38.5,5.9,193.0,16.7,7,,2021-08-31T06:39:14,2021-08-31T18:54:35,0.79,"Rain, Partially cloudy",Partly cloudy throughout the day with afternoon rain.,rain,"DNIB,NII0000DNIB,DNMM,NII0000DNMM,65201099999,65100099999"
"Abeokuta, Ogun, Nigeria",2021-09-01,87.8,69.8,79.6,101.0,69.8,83.9,75.1,86.7,0.197,100,8.33,rain,0,0,17.2,13.9,210.0,1011.0,45.3,5.7,166.2,14.2,7,,2021-09-01T06:39:07,2021-09-01T18:54:05,0.82,"Rain, Partially cloudy",Partly cloudy throughout the day with rain.,rain,"65210099999,DNIB,NII0000DNIB,NIM00065210,DNMM,NII0000DNMM,65201099999,65100099999,NIM00065208,65208099999"
"Abeokuta, Ogun, Nigeria",2021-09-02,82.7,71.3,76.2,90.0,71.3,77.7,73.1,90.6,3.465,100,8.33,rain,0,0,15.7,10.9,193.4,1012.5,57.5,4.8,93.2,8.1,4,,2021-09-02T06:38:59,2021-09-02T18:53:35,0.85,"Rain, Partially cloudy",Partly cloudy throughout the day with rain.,rain,"DNIB,NII0000DNIB,DNMM,remote,NII0000DNMM,65201099999,NIM00065208,65100099999,65208099999"
"Abeokuta, Ogun, Nigeria",2021-09-03,77.7,71.6,75.4,77.7,71.6,75.4,72.9,92.3,2.953,100,4.17,rain,0,0,18.8,11.4,247.8,1013.5,42.8,4.9,105.8,9.2,4,,2021-09-03T06:38:51,2021-09-03T18:53:04,0.88,"Rain, Partially cloudy",Partly cloudy throughout the day with afternoon rain.,rain,"65210099999,DNIB,NII0000DNIB,NIM00065210,DNMM,remote,NII0000DNMM,65201099999,65100099999"
"Abeokuta, Ogun, Nigeria",2021-09-04,84.5,73.0,77.3,94.3,73.0,79.3,73.9,89.7,0.0,0,0.0,,0,0,16.3,11.7,260.9,1013.0,37.0,5.1,169.5,14.5,7,,2021-09-04T06:38:42,2021-09-04T18:52:32,0.92,Partially cloudy,Partly cloudy throughout the day.,partly-cloudy-day,"DNIB,NII0000DNIB,DNMM,NII0000DNMM,65201099999,65100099999"
"Abeokuta, Ogun, Nigeria",2021-09-05,87.8,73.7,78.7,100.0,73.7,81.4,74.3,87.1,0.157,100,4.17,rain,0,0,13.0,11.4,240.7,1013.4,42.3,5.1,184.9,16.0,6,,2021-09-05T06:38:34,2021-09-05T18:52:01,0.95,"Rain, Partially cloudy",Partly cloudy throughout the day with late afternoon rain.,rain,"DNIB,NII0000DNIB,DNMM,NII0000DNMM,65201099999,65100099999,NIM00065208,65208099999"
"Abeokuta, Ogun, Nigeria",2021-09-06,84.7,75.2,78.5,93.9,75.2,80.4,75.5,90.9,0.008,100,4.17,rain,0,0,15.4,10.7,218.5,1013.5,36.8,5.5,106.6,9.1,5,,2021-09-06T06:38:25,2021-09-06T18:51:29,0.98,"Rain, Partially cloudy",Partly cloudy throughout the day with afternoon rain.,rain,"DNIB,NII0000DNIB,DNMM,NII0000DNMM,65201099999,NIM00065208,65100099999,65208099999"
"Abeokuta, Ogun, Nigeria",2021-09-07,87.2,75.2,79.6,97.1,75.2,82.8,75.4,87.8,1.22,100,4.17,rain,0,0,34.4,18.1,235.9,1013.2,45.6,5.5,240.7,20.8,9,,2021-09-07T06:38:16,2021-09-07T18:50:57,0.0,"Rain, Partially cloudy",Partly cloudy throughout the day with late afternoon rain.,rain,"DNIB,NII0000DNIB,DNMM,NII0000DNMM,remote,65201099999,65100099999"
"Abeokuta, Ogun, Nigeria",2021-09-08,86.8,75.2,80.2,95.6,75.2,83.4,75.1,85.4,0.0,0,0.0,,0,0,16.8,14.6,214.1,1012.3,46.1,5.9,201.7,17.6,7,,2021-09-08T06:38:07,2021-09-08T18:50:25,0.05,Partially cloudy,Partly cloudy throughout the day.,partly-cloudy-day,"DNIB,NIM00065213,NII0000DNIB,DNMM,remote,NII0000DNMM,65201099999,65100099999,NIM00065208,65208099999"
"Abeokuta, Ogun, Nigeria",2021-09-09,87.8,74.4,80.6,100.0,74.4,85.0,75.4,84.9,0.0,0,0.0,,0,0,18.3,16.1,200.1,1012.7,44.9,5.8,219.5,19.0,7,,2021-09-09T06:37:58,2021-09-09T18:49:53,0.09,Partially cloudy,Partly cloudy throughout the day.,partly-cloudy-day,"DNIB,NII0000DNIB,DNMM,NII0000DNMM,remote,65201099999,NIM00065208,65100099999,65208099999"
"Abeokuta, Ogun, Nigeria",2021-09-10,87.8,75.8,79.5,100.0,75.8,82.8,75.0,86.6,0.26,100,33.33,rain,0,0,15.0,11.4,248.2,1013.6,69.3,6.4,177.8,15.3,7,,2021-09-10T06:37:49,2021-09-10T18:49:20,0.12,"Rain, Partially cloudy",Partly cloudy throughout the day with rain.,rain,"65210099999,DNIB,NIM00065202,NII0000DNIB,NIM00065210,DNMM,NII0000DNMM,remote,65201099999,NIM00065208,65100099999,65208099999"
"Abeokuta, Ogun, Nigeria",2021-09-11,86.7,76.3,79.9,95.3,76.3,82.5,75.1,85.9,0.039,100,4.17,rain,0,0,12.1,8.1,236.6,1014.3,32.9,5.9,108.6,9.4,5,,2021-09-11T06:37:39,2021-09-11T18:48:47,0.16,"Rain, Partially cloudy",Becoming cloudy in the afternoon with late afternoon rain.,rain,"DNIB,NIM00065213,NII0000DNIB,DNMM,NII0000DNMM,remote,65201099999,65100099999,NIM00065208,65208099999"
"Abeokuta, Ogun, Nigeria",2021-09-12,89.6,76.8,80.8,100.3,76.8,85.5,75.7,85.2,0.0,0,0.0,,0,0,16.1,13.9,236.8,1013.7,32.4,6.1,193.9,16.8,8,,2021-09-12T06:37:30,2021-09-12T18:48:15,0.19,Partially cloudy,Partly cloudy throughout the day.,partly-cloudy-day,"DNIB,NII0000DNIB,DNMM,NII0000DNMM,65201099999,65100099999"
"Abeokuta, Ogun, Nigeria",2021-09-13,78.8,71.0,76.3,78.8,71.0,76.3,73.4,90.9,1.772,100,4.17,rain,0,0,19.7,9.2,247.7,1012.9,38.9,5.6,143.2,12.3,6,,2021-09-13T06:37:20,2021-09-13T18:47:42,0.25,"Rain, Partially cloudy",Partly cloudy throughout the day with afternoon rain.,rain,"65210099999,NIM00065210,DNMM,NII0000DNMM,remote,65201099999,NIM00065208,65208099999"
"Abeokuta, Ogun, Nigeria",2021-09-14,86.0,72.8,78.9,93.5,72.8,81.2,72.6,82.0,0.0,0,0.0,,0,0,19.7,13.9,213.9,1012.7,35.2,6.1,174.3,15.1,7,,2021-09-14T06:37:11,2021-09-14T18:47:09,0.27,Partially cloudy,Partly cloudy throughout the day.,partly-cloudy-day,"DNIB,NII0000DNIB,DNMM,NII0000DNMM,65201099999,65100099999,NIM00065208,65208099999"
"Abeokuta, Ogun, Nigeria",2021-09-15,86.0,75.2,78.8,97.2,75.2,81.4,73.6,84.3,0.0,0,0.0,,0,0,19.2,11.4,233.2,1014.2,39.8,5.9,165.7,14.4,6,,2021-09-15T06:37:01,2021-09-15T18:46:36,0.3,Partially cloudy,Partly cloudy throughout the day.,partly-cloudy-day,"DNIB,65203099999,NII0000DNIB,DNMM,NIM00065203,NII0000DNMM,65201099999,65100099999"
"Abeokuta, Ogun, Nigeria",2021-09-16,88.1,74.8,80.5,100.6,74.8,85.5,75.1,84.3,0.079,100,4.17,rain,0,0,15.9,11.4,240.7,1014.7,30.2,6.1,199.4,17.3,8,,2021-09-16T06:36:51,2021-09-16T18:46:03,0.34,"Rain, Partially cloudy",Partly cloudy throughout the day with morning rain.,rain,"65210099999,DNIB,NIM00065213,NIM00065202,NII0000DNIB,NIM00065210,DNMM,NII0000DNMM,65201099999,65100099999,NIM00065208,65208099999"
"Abeokuta, Ogun, Nigeria",2021-09-17,85.7,76.9,80.4,95.8,76.9,84.7,76.0,86.7,0.0,0,0.0,,0,0,20.4,12.8,240.8,1013.7,42.7,5.9,165.9,14.3,7,,2021-09-17T06:36:42,2021-09-17T18:45:29,0.37,Partially cloudy,Partly cloudy throughout the day.,partly-cloudy-day,"65210099999,DNIB,NII0000DNIB,NIM00065210,DNMM,NII0000DNMM,remote,65201099999,65100099999,NIM00065208,65208099999"
"Abeokuta, Ogun, Nigeria",2021-09-18,86.3,76.4,80.3,98.0,76.4,83.9,75.9,87.2,0.039,100,4.17,rain,0,0,18.1,11.4,230.0,1013.1,40.7,6.1,181.2,15.6,6,,2021-09-18T06:36:32,2021-09-18T18:44:56,0.41,"Rain, Partially cloudy",Partly cloudy throughout the day with afternoon rain.,rain,"65210099999,DNIB,NIM00065202,NII0000DNIB,DNMM,NII0000DNMM,remote,65201099999,65100099999,NIM00065208,65208099999"
"Abeokuta, Ogun, Nigeria",2021-09-19,88.4,76.6,81.7,100.1,76.6,86.7,75.7,82.7,0.0,0,0.0,,0,0,14.8,12.8,227.7,1013.0,35.1,6.2,199.6,17.2,8,,2021-09-19T06:36:22,2021-09-19T18:44:23,0.44,Partially cloudy,Partly cloudy throughout the day.,partly-cloudy-day,"DNIB,NII0000DNIB,DNMM,NII0000DNMM,65201099999,65100099999,NIM00065208,65208099999"
"Abeokuta, Ogun, Nigeria",2021-09-20,86.5,71.7,80.2,94.9,71.7,83.9,74.9,84.2,0.0,0,0.0,,0,0,13.2,10.3,253.6,1012.6,37.5,6.0,174.3,15.0,7,,2021-09-20T06:36:13,2021-09-20T18:43:50,0.48,Partially cloudy,Becoming cloudy in the afternoon.,partly-cloudy-day,"DNIB,NII0000DNIB,DNMM,NII0000DNMM,remote,65201099999,65100099999,NIM00065208,65208099999"
"Abeokuta, Ogun, Nigeria",2021-09-21,86.0,75.2,80.1,95.6,75.2,83.0,75.1,85.2,0.079,100,4.17,rain,0,0,19.7,18.3,211.0,1012.6,44.0,5.7,141.1,12.1,5,,2021-09-21T06:36:03,2021-09-21T18:43:17,0.5,"Rain, Partially cloudy",Partly cloudy throughout the day with late afternoon rain.,rain,"DNIB,NII0000DNIB,DNMM,NII0000DNMM,remote,65201099999,65100099999,NIM00065208,65208099999"
"Abeokuta, Ogun, Nigeria",2021-09-22,80.6,73.4,76.6,86.2,73.4,77.2,74.4,93.3,0.157,100,4.17,rain,0,0,16.3,9.2,42.1,1013.1,53.3,4.8,143.5,12.5,8,,2021-09-22T06:35:54,2021-09-22T18:42:44,0.55,"Rain, Partially cloudy",Partly cloudy throughout the day with early morning rain.,rain,"65210099999,DNIB,NIM00065213,NII0000DNIB,NIM00065210,DNMM,remote,NII0000DNMM,65201099999,65100099999,NIM00065208,65208099999"
"Abeokuta, Ogun, Nigeria",2021-09-23,87.3,74.1,80.1,95.3,74.1,83.2,74.4,84.0,0.826,100,8.33,rain,0,0,11.4,8.1,217.0,1012.5,35.3,5.5,207.3,18.0,7,,2021-09-23T06:35:44,2021-09-23T18:42:11,0.58,"Rain, Partially cloudy",Partly cloudy throughout the day with rain.,rain,"DNIB,NII0000DNIB,DNMM,NIM00065203,NII0000DNMM,remote,65201099999,65100099999"
"Abeokuta, Ogun, Nigeria",2021-09-24,85.2,76.6,80.2,95.6,76.6,84.0,75.9,87.1,0.0,0,0.0,,0,0,15.9,13.9,209.3,1013.5,43.1,6.0,242.0,21.0,9,,2021-09-24T06:35:35,2021-09-24T18:41:39,0.61,Partially cloudy,Partly cloudy throughout the day.,partly-cloudy-day,"DNIB,NII0000DNIB,DNMM,NII0000DNMM,remote,65201099999,65100099999,NIM00065208,65208099999"
"Abeokuta, Ogun, Nigeria",2021-09-25,87.8,73.4,78.6,100.0,73.4,81.2,74.0,86.6,3.189,100,4.17,rain,0,0,17.4,10.3,238.2,1013.5,36.4,6.1,211.0,18.2,7,,2021-09-25T06:35:26,2021-09-25T18:41:06,0.64,"Rain, Partially cloudy",Partly cloudy throughout the day with late afternoon rain.,rain,"65210099999,DNIB,NII0000DNIB,NIM00065210,DNMM,NII0000DNMM,remote,65201099999,NIM00065208,65100099999,65208099999"
"Abeokuta, Ogun, Nigeria",2021-09-26,89.6,71.6,79.7,100.3,71.6,83.7,73.6,82.8,0.0,0,0.0,,0,0,20.1,11.4,141.8,1013.3,35.7,5.2,228.5,19.9,9,,2021-09-26T06:35:17,2021-09-26T18:40:34,0.68,Partially cloudy,Partly cloudy throughout the day.,partly-cloudy-day,"DNIB,NII0000DNIB,DNMM,NII0000DNMM,remote,65201099999,NIM00065208,65100099999,65208099999"
"Abeokuta, Ogun, Nigeria",2021-09-27,86.0,76.3,80.8,97.2,76.3,85.1,75.5,84.3,0.0,0,0.0,,0,0,18.3,14.7,208.3,1012.7,34.9,6.0,133.5,11.5,5,,2021-09-27T06:35:08,2021-09-27T18:40:02,0.71,Partially cloudy,Partly cloudy throughout the day.,partly-cloudy-day,"DNIB,NIM00065213,NII0000DNIB,DNMM,NII0000DNMM,remote,65201099999,65100099999,NIM00065208,65208099999"
"Abeokuta, Ogun, Nigeria",2021-09-28,89.6,75.8,81.1,98.3,75.8,84.3,74.9,82.6,0.095,100,25.0,rain,0,0,15.2,11.4,205.0,1011.6,39.3,5.9,182.3,15.7,8,,2021-09-28T06:35:00,2021-09-28T18:39:30,0.74,"Rain, Partially cloudy",Clearing in the afternoon with rain in the morning and afternoon.,rain,"65210099999,DNIB,NIM00065202,NIM00065213,NII0000DNIB,DNMM,remote,NII0000DNMM,65201099999,65100099999,NIM00065208,65208099999"
"Abeokuta, Ogun, Nigeria",2021-09-29,87.8,74.9,81.0,97.9,74.9,85.9,75.3,83.4,0.0,0,0.0,,0,0,20.8,13.8,219.3,1011.7,36.2,5.8,205.3,17.7,9,,2021-09-29T06:34:51,2021-09-29T18:38:58,0.75,Partially cloudy,Partly cloudy throughout the day.,partly-cloudy-day,"65210099999,DNIB,NIM00065213,NII0000DNIB,NIM00065210,DNMM,NII0000DNMM,65201099999,65100099999,NIM00065208,65208099999"
"Abeokuta, Ogun, Nigeria",2021-09-30,84.3,76.3,79.6,94.8,76.3,83.1,76.1,89.3,0.157,100,4.17,rain,0,0,12.8,10.3,243.0,1012.3,37.1,5.5,126.4,10.7,5,,2021-09-30T06:34:43,2021-09-30T18:38:27,0.81,"Rain, Partially cloudy",Partly cloudy throughout the day with afternoon rain.,rain,"DNIB,NII0000DNIB,DNMM,NII0000DNMM,65201099999,NIM00065208,65100099999,65208099999"
"Abeokuta, Ogun, Nigeria",2021-10-01,88.3,76.5,79.8,97.0,76.5,82.3,76.2,89.3,0.118,100,8.33,rain,0,0,14.8,8.1,239.3,1013.0,38.6,5.9,151.8,13.1,7,,2021-10-01T06:34:35,2021-10-01T18:37:55,0.84,"Rain, Partially cloudy",Partly cloudy throughout the day with rain.,rain,"DNIB,NII0000DNIB,DNMM,NII0000DNMM,remote,65201099999,NIM00065208,65100099999,65208099999"
"Abeokuta, Ogun, Nigeria",2021-10-02,88.6,75.2,81.3,101.5,75.2,86.9,76.4,85.8,0.0,0,0.0,,0,0,17.4,12.8,239.4,1012.1,36.6,5.9,221.9,19.1,8,,2021-10-02T06:34:28,2021-10-02T18:37:25,0.87,Partially cloudy,Partly cloudy throughout the day.,partly-cloudy-day,"DNIB,NIM00065202,NII0000DNIB,DNMM,NII0000DNMM,65201099999,65100099999,NIM00065208,65208099999"
"Abeokuta, Ogun, Nigeria",2021-10-03,88.2,76.2,81.2,100.6,76.2,85.7,75.9,84.6,0.008,100,8.33,rain,0,0,19.0,10.3,231.9,1011.9,53.3,6.0,199.6,17.1,8,,2021-10-03T06:34:20,2021-10-03T18:36:54,0.9,"Rain, Partially cloudy",Partly cloudy throughout the day with rain.,rain,"DNMM,NII0000DNMM,remote,65201099999,NIM00065208,65208099999"
"Abeokuta, Ogun, Nigeria",2021-10-04,89.7,75.8,81.4,102.8,75.8,86.5,75.2,82.4,0.036,100,25.0,rain,0,0,17.2,16.1,219.7,1011.3,57.1,6.0,224.0,19.5,8,,2021-10-04T06:34:13,2021-10-04T18:36:24,0.94,"Rain, Partially cloudy",Partly cloudy throughout the day with rain in the morning and afternoon.,rain,"DNIB,NII0000DNIB,DNMM,remote,NII0000DNMM,65201099999,NIM00065208,65100099999,65208099999"
"Abeokuta, Ogun, Nigeria",2021-10-05,87.8,77.0,81.6,100.0,77.0,87.2,76.4,84.8,0.0,0,0.0,,0,0,16.8,11.4,204.9,1011.7,38.5,5.9,202.5,17.5,7,,2021-10-05T06:34:07,2021-10-05T18:35:54,0.97,Partially cloudy,Partly cloudy throughout the day.,partly-cloudy-day,"DNIB,NII0000DNIB,DNMM,NII0000DNMM,65201099999,65100099999"
"Abeokuta, Ogun, Nigeria",2021-10-06,86.3,77.0,80.8,97.7,77.0,85.6,76.7,87.9,0.039,100,4.17,rain,0,0,14.8,11.4,241.5,1012.2,37.2,5.8,108.1,9.2,5,,2021-10-06T06:34:00,2021-10-06T18:35:25,0.0,"Rain, Partially cloudy",Partly cloudy throughout the day with late afternoon rain.,rain,"65210099999,NIM00065213,NIM00065210,DNMM,NII0000DNMM,remote,65201099999"
"Abeokuta, Ogun, Nigeria",2021-10-07,87.8,73.8,80.4,100.0,73.8,84.7,75.2,84.9,0.0,0,0.0,,0,0,14.8,10.3,222.0,1011.8,34.9,5.9,230.6,19.7,8,,2021-10-07T06:33:54,2021-10-07T18:34:56,0.04,Partially cloudy,Partly cloudy throughout the day.,partly-cloudy-day,"DNIB,NIM00065213,NII0000DNIB,DNMM,NII0000DNMM,65201099999,65100099999"
"Abeokuta, Ogun, Nigeria",2021-10-08,91.4,74.4,81.6,107.9,74.4,87.5,76.0,84.1,0.0,0,0.0,,0,0,17.9,10.1,216.5,1010.3,32.7,5.9,241.1,21.0,9,,2021-10-08T06:33:49,2021-10-08T18:34:27,0.07,Partially cloudy,Partly cloudy throughout the day.,partly-cloudy-day,"DNIB,NIM00065213,NIM00065202,NII0000DNIB,DNMM,NII0000DNMM,65201099999,65100099999,NIM00065208,65208099999"
"Abeokuta, Ogun, Nigeria",2021-10-09,84.2,76.3,79.9,96.2,76.3,84.2,77.2,91.7,1.181,100,4.17,rain,0,0,18.1,13.9,245.1,1011.4,43.9,5.9,167.3,14.4,6,,2021-10-09T06:33:44,2021-10-09T18:33:59,0.11,"Rain, Partially cloudy",Partly cloudy throughout the day with afternoon rain.,rain,"DNIB,NIM00065202,NII0000DNIB,DNMM,NII0000DNMM,65201099999,65100099999"
"Abeokuta, Ogun, Nigeria",2021-10-10,89.6,75.2,81.0,105.3,75.2,86.7,76.4,86.7,0.197,100,4.17,rain,0,0,15.9,11.4,221.5,1012.3,41.1,5.6,168.9,14.5,7,,2021-10-10T06:33:39,2021-10-10T18:33:32,0.14,"Rain, Partially cloudy",Partly cloudy throughout the day with early morning rain.,rain,"DNMM,NII0000DNMM,65201099999,NIM00065208,65208099999"
"Abeokuta, Ogun, Nigeria",2021-10-11,89.6,75.2,81.8,105.3,75.2,87.8,76.9,85.8,0.079,100,4.17,rain,0,0,13.0,10.3,240.7,1012.7,38.8,6.1,248.6,21.3,8,,2021-10-11T06:33:35,2021-10-11T18:33:05,0.18,"Rain, Partially cloudy",Partly cloudy throughout the day with early morning rain.,rain,"65210099999,NIM00065210,DNMM,NII0000DNMM,65201099999"
"Abeokuta, Ogun, Nigeria",2021-10-12,89.7,73.4,80.7,103.7,73.4,86.9,75.9,86.6,0.669,100,4.17,rain,0,0,14.5,10.3,229.9,1011.6,33.7,5.7,233.0,20.2,7,,2021-10-12T06:33:31,2021-10-12T18:32:38,0.21,"Rain, Partially cloudy",Partly cloudy throughout the day with morning rain.,rain,"65210099999,DNIB,NIM00065202,NII0000DNIB,DNMM,NII0000DNMM,remote,65201099999,65100099999,NIM00065208,65208099999"
"Abeokuta, Ogun, Nigeria",2021-10-13,91.4,76.8,82.4,105.2,76.8,88.0,75.6,81.0,0.0,0,0.0,,0,0,18.6,11.4,216.1,1011.5,36.5,6.0,232.0,20.0,8,,2021-10-13T06:33:27,2021-10-13T18:32:12,0.25,Partially cloudy,Partly cloudy throughout the day.,partly-cloudy-day,"DNIB,NIM00065202,NII0000DNIB,DNMM,NII0000DNMM,remote,65201099999,NIM00065208,65100099999,65208099999"
"Abeokuta, Ogun, Nigeria",2021-10-14,91.4,76.6,82.7,105.2,76.6,88.6,76.3,82.1,0.0,0,0.0,,0,0,17.4,13.9,190.0,1011.7,35.4,6.0,157.4,13.7,6,,2021-10-14T06:33:24,2021-10-14T18:31:47,0.28,Partially cloudy,Partly cloudy throughout the day.,partly-cloudy-day,"DNIB,NII0000DNIB,DNMM,NII0000DNMM,65201099999,65100099999,NIM00065208,65208099999"
"Abeokuta, Ogun, Nigeria",2021-10-15,90.6,76.4,80.5,103.8,76.4,84.8,76.5,88.0,0.433,100,4.17,rain,0,0,19.2,12.9,223.0,1011.5,33.2,6.0,209.8,18.0,7,,2021-10-15T06:33:22,2021-10-15T18:31:22,0.32,"Rain, Partially cloudy",Partly cloudy throughout the day with late afternoon rain.,rain,"65210099999,DNIB,NII0000DNIB,NIM00065210,DNMM,NII0000DNMM,65201099999,65100099999,NIM00065208,65208099999"
"Abeokuta, Ogun, Nigeria",2021-10-16,93.2,73.4,80.7,107.3,73.4,85.2,75.6,85.6,1.024,100,8.33,rain,0,0,17.9,11.4,241.6,1011.1,34.8,6.1,217.4,18.7,8,,2021-10-16T06:33:20,2021-10-16T18:30:58,0.35,"Rain, Partially cloudy",Partly cloudy throughout the day with rain.,rain,"DNIB,NIM00065213,NII0000DNIB,DNMM,NII0000DNMM,remote,65201099999,65100099999,NIM00065208,65208099999"
"Abeokuta, Ogun, Nigeria",2021-10-17,88.1,73.4,80.2,102.5,73.4,85.8,75.4,86.0,0.0,0,0.0,,0,0,18.6,11.4,192.7,1010.7,39.5,6.5,242.6,20.9,9,,2021-10-17T06:33:19,2021-10-17T18:30:34,0.39,Partially cloudy,Partly cloudy throughout the day.,partly-cloudy-day,"65210099999,DNIB,NII0000DNIB,NIM00065210,DNMM,NII0000DNMM,remote,65201099999,NIM00065208,65100099999,65208099999"
"Abeokuta, Ogun, Nigeria",2021-10-18,85.7,75.2,79.2,95.4,75.2,81.6,75.1,87.8,0.866,100,8.33,rain,0,0,15.4,10.3,200.6,1011.9,41.9,4.8,111.2,9.6,5,,2021-10-18T06:33:18,2021-10-18T18:30:11,0.42,"Rain, Partially cloudy",Partly cloudy throughout the day with rain.,rain,"65210099999,DNIB,NIM00065213,NIM00065202,NII0000DNIB,NIM00065210,DNMM,NII0000DNMM,remote,NIM00065208,65100099999,65208099999,65201099999"
"Abeokuta, Ogun, Nigeria",2021-10-19,88.4,74.1,79.9,100.6,74.1,84.1,75.2,86.1,0.079,100,4.17,rain,0,0,17.4,11.4,205.5,1012.6,36.3,5.8,143.3,12.3,5,,2021-10-19T06:33:18,2021-10-19T18:29:49,0.46,"Rain, Partially cloudy",Partly cloudy throughout the day with late afternoon rain.,rain,"65210099999,DNIB,NIM00065202,NII0000DNIB,NIM00065210,DNMM,NII0000DNMM,remote,65201099999,NIM00065208,65100099999,65208099999"
"Abeokuta, Ogun, Nigeria",2021-10-20,87.8,75.3,81.4,100.0,75.3,87.6,76.5,85.7,0.0,0,0.0,,0,0,10.5,8.1,222.3,1012.8,40.9,5.6,108.7,9.4,5,,2021-10-20T06:33:18,2021-10-20T18:29:27,0.5,Partially cloudy,Partly cloudy throughout the day.,partly-cloudy-day,"DNIB,NII0000DNIB,DNMM,NII0000DNMM,65201099999,65100099999"
"Abeokuta, Ogun, Nigeria",2021-10-21,88.8,75.5,81.1,104.1,75.5,86.4,76.5,86.6,0.0,0,0.0,,0,0,13.4,9.2,237.6,1012.6,37.0,5.8,154.0,13.1,6,,2021-10-21T06:33:19,2021-10-21T18:29:07,0.53,Partially cloudy,Partly cloudy throughout the day.,partly-cloudy-day,"DNIB,NIM00065213,NII0000DNIB,DNMM,NII0000DNMM,remote,65201099999,65100099999"
"Abeokuta, Ogun, Nigeria",2021-10-22,87.8,75.2,79.5,100.0,75.2,82.8,76.1,89.6,0.276,100,4.17,rain,0,0,21.3,9.2,200.4,1012.1,40.5,5.1,191.3,16.5,7,,2021-10-22T06:33:21,2021-10-22T18:28:47,0.56,"Rain, Partially cloudy",Partly cloudy throughout the day with afternoon rain.,rain,"DNIB,NII0000DNIB,DNMM,NII0000DNMM,65201099999,NIM00065208,65100099999,65208099999"
"Abeokuta, Ogun, Nigeria",2021-10-23,84.3,73.4,78.3,92.8,73.4,80.7,74.6,88.8,0.788,100,8.33,rain,0,0,11.0,8.1,12.9,1013.6,43.7,5.5,108.3,9.4,5,,2021-10-23T06:33:23,2021-10-23T18:28:27,0.59,"Rain, Partially cloudy",Partly cloudy throughout the day with rain.,rain,"65210099999,DNIB,NIM00065202,NII0000DNIB,NIM00065210,DNMM,remote,NII0000DNMM,65201099999,65100099999"
"Abeokuta, Ogun, Nigeria",2021-10-24,89.7,74.0,81.5,103.3,74.0,87.3,75.6,83.4,0.0,0,0.0,,0,0,12.5,10.3,168.1,1013.9,33.5,5.3,241.7,20.8,8,,2021-10-24T06:33:26,2021-10-24T18:28:09,0.63,Partially cloudy,Partly cloudy throughout the day.,partly-cloudy-day,"DNIB,NII0000DNIB,DNMM,NII0000DNMM,65201099999,65100099999,NIM00065208,65208099999"
"Abeokuta, Ogun, Nigeria",2021-10-25,89.6,75.6,81.4,105.3,75.6,86.8,76.3,85.2,0.079,100,4.17,rain,0,0,17.2,11.4,220.6,1013.0,39.5,6.6,234.4,20.3,9,,2021-10-25T06:33:29,2021-10-25T18:27:51,0.66,"Rain, Partially cloudy",Partly cloudy throughout the day with late afternoon rain.,rain,"65210099999,DNIB,NII0000DNIB,NIM00065210,DNMM,NII0000DNMM,65201099999,NIM00065208,65100099999,65208099999"
"Abeokuta, Ogun, Nigeria",2021-10-26,91.4,75.2,81.8,100.6,75.2,85.8,74.8,81.0,0.157,100,4.17,rain,0,0,32.2,20.8,149.7,1013.4,31.3,5.6,133.2,11.5,5,,2021-10-26T06:33:33,2021-10-26T18:27:34,0.69,"Rain, Partially cloudy",Partly cloudy throughout the day with morning rain.,rain,"65210099999,DNIB,NII0000DNIB,NIM00065210,DNMM,NIM00065203,NII0000DNMM,65201099999,65100099999"
"Abeokuta, Ogun, Nigeria",2021-10-27,89.6,76.4,82.0,103.1,76.4,87.5,75.3,80.9,0.0,0,0.0,,0,0,17.2,11.4,196.5,1012.7,34.8,5.7,181.9,15.8,7,,2021-10-27T06:33:38,2021-10-27T18:27:18,0.72,Partially cloudy,Partly cloudy throughout the day.,partly-cloudy-day,"DNIB,NII0000DNIB,DNMM,NIM00065203,remote,NII0000DNMM,65201099999,65100099999,NIM00065208,65208099999"
"Abeokuta, Ogun, Nigeria",2021-10-28,88.6,77.0,81.7,99.2,77.0,87.0,76.3,84.4,0.197,100,4.17,rain,0,0,15.2,8.5,188.9,1012.3,35.5,5.6,212.4,18.4,8,,2021-10-28T06:33:43,2021-10-28T18:27:03,0.75,"Rain, Partially cloudy",Partly cloudy throughout the day with morning rain.,rain,"65210099999,DNIB,NII0000DNIB,NIM00065210,DNMM,NII0000DNMM,65201099999,65100099999,NIM00065208,65208099999"
"Abeokuta, Ogun, Nigeria",2021-10-29,90.4,74.0,81.6,104.1,74.0,87.0,76.5,85.4,0.0,0,0.0,,0,0,22.0,12.1,190.7,1011.2,32.6,5.6,251.1,21.7,9,,2021-10-29T06:33:49,2021-10-29T18:26:48,0.79,Partially cloudy,Partly cloudy throughout the day.,partly-cloudy-day,"DNIB,NIM00065213,NII0000DNIB,DNMM,NII0000DNMM,65201099999,65100099999,NIM00065208,65208099999"
"Abeokuta, Ogun, Nigeria",2021-10-30,91.4,75.2,82.4,105.2,75.2,89.7,76.7,84.1,0.118,100,4.17,rain,0,0,15.4,26.4,197.5,1011.8,37.6,5.8,215.6,18.5,8,,2021-10-30T06:33:56,2021-10-30T18:26:35,0.82,"Rain, Partially cloudy",Partly cloudy throughout the day with morning rain.,rain,"DNIB,NII0000DNIB,DNMM,NII0000DNMM,65201099999,65100099999,NIM00065208,65208099999"
"Abeokuta, Ogun, Nigeria",2021-10-31,87.8,77.0,82.9,105.3,77.0,91.8,77.7,84.6,0.039,100,4.17,rain,0,0,28.4,16.1,204.7,1013.0,40.5,5.9,225.2,19.3,8,,2021-10-31T06:34:04,2021-10-31T18:26:22,0.85,"Rain, Partially cloudy",Partly cloudy throughout the day with late afternoon rain.,rain,"65210099999,DNIB,NII0000DNIB,NIM00065210,DNMM,NII0000DNMM,remote,65201099999,65100099999,NIM00065208,65208099999"
"Abeokuta, Ogun, Nigeria",2021-11-01,90.3,73.4,81.4,100.3,73.4,86.8,74.9,82.2,0.118,100,4.17,rain,0,0,15.0,9.2,223.3,1013.2,32.7,5.7,208.2,18.0,7,,2021-11-01T06:34:12,2021-11-01T18:26:11,0.89,"Rain, Partially cloudy",Partly cloudy throughout the day with morning rain.,rain,"65210099999,DNIB,NII0000DNIB,DNMM,NII0000DNMM,65201099999,65100099999,NIM00065208,65208099999"
"Abeokuta, Ogun, Nigeria",2021-11-02,87.8,71.6,79.1,97.9,71.6,82.0,74.0,85.3,1.378,100,8.33,rain,0,0,13.2,25.3,131.8,1013.9,38.5,4.7,174.8,15.0,6,,2021-11-02T06:34:21,2021-11-02T18:26:00,0.92,"Rain, Partially cloudy",Partly cloudy throughout the day with rain clearing later.,rain,"DNIB,NIM00065213,NII0000DNIB,DNMM,NII0000DNMM,remote,65201099999,65100099999,NIM00065208,65208099999"
"Abeokuta, Ogun, Nigeria",2021-11-03,90.4,73.1,81.1,102.6,73.1,86.1,75.6,84.5,1.102,100,4.17,rain,0,0,16.8,11.4,183.2,1012.4,41.5,5.4,240.8,20.8,9,,2021-11-03T06:34:31,2021-11-03T18:25:50,0.95,"Rain, Partially cloudy",Partly cloudy throughout the day with early morning rain.,rain,"65210099999,DNIB,NIM00065213,NIM00065202,NII0000DNIB,NIM00065210,DNMM,remote,NII0000DNMM,NIM00065208,65100099999,65208099999,65201099999"
"Abeokuta, Ogun, Nigeria",2021-11-04,89.6,76.6,82.5,104.9,76.6,89.1,76.5,82.8,0.0,0,0.0,,0,0,19.0,12.8,206.7,1011.7,40.0,6.0,210.1,18.2,8,,2021-11-04T06:34:41,2021-11-04T18:25:41,0.0,Partially cloudy,Partly cloudy throughout the day.,partly-cloudy-day,"65210099999,DNIB,NIM00065202,NII0000DNIB,NIM00065210,DNMM,NII0000DNMM,65201099999,65100099999"
"Abeokuta, Ogun, Nigeria",2021-11-05,84.0,73.4,78.1,92.2,73.4,80.2,74.0,87.4,0.472,100,4.17,rain,0,0,40.6,18.3,93.6,1012.0,33.7,5.3,138.1,11.8,4,,2021-11-05T06:34:52,2021-11-05T18:25:33,0.02,"Rain, Partially cloudy",Partly cloudy throughout the day with afternoon rain.,rain,"65210099999,DNIB,NII0000DNIB,NIM00065210,DNMM,NII0000DNMM,65201099999,NIM00065208,65100099999,65208099999"
"Abeokuta, Ogun, Nigeria",2021-11-06,92.4,72.8,81.6,108.8,72.8,87.3,75.1,81.7,0.0,0,0.0,,0,0,14.5,10.3,176.2,1011.1,31.9,4.8,211.3,18.2,7,,2021-11-06T06:35:04,2021-11-06T18:25:26,0.05,Partially cloudy,Partly cloudy throughout the day.,partly-cloudy-day,"NIM00065213,DNMM,NII0000DNMM,65201099999,NIM00065208,65208099999"
"Abeokuta, Ogun, Nigeria",2021-11-07,89.6,74.9,79.8,105.3,74.9,83.5,75.5,87.1,0.433,100,4.17,rain,0,0,51.9,13.9,225.8,1010.2,37.4,5.3,182.8,15.9,8,,2021-11-07T06:35:17,2021-11-07T18:25:20,0.09,"Rain, Partially cloudy",Partly cloudy throughout the day with late afternoon rain.,rain,"65210099999,DNIB,NIM00065213,NII0000DNIB,NIM00065210,DNMM,NII0000DNMM,remote,65201099999,65100099999,NIM00065208,65208099999"
"Abeokuta, Ogun, Nigeria",2021-11-08,89.6,72.6,80.6,105.3,72.6,86.8,75.9,86.5,0.0,0,0.0,,0,0,16.8,10.3,196.4,1009.9,32.4,5.3,167.9,14.4,6,,2021-11-08T06:35:30,2021-11-08T18:25:15,0.12,Partially cloudy,Partly cloudy throughout the day.,partly-cloudy-day,"65210099999,DNIB,NIM00065213,NII0000DNIB,NIM00065210,DNMM,NII0000DNMM,65201099999,65100099999"
"Abeokuta, Ogun, Nigeria",2021-11-09,91.4,76.8,82.0,105.2,76.8,87.9,76.4,84.1,0.0,0,0.0,,0,0,16.8,6.9,184.7,1010.7,32.6,6.0,173.6,15.0,7,,2021-11-09T06:35:44,2021-11-09T18:25:11,0.16,Partially cloudy,Partly cloudy throughout the day.,partly-cloudy-day,"65210099999,NIM00065210,DNMM,NII0000DNMM,65201099999"
"Abeokuta, Ogun, Nigeria",2021-11-10,89.6,77.0,82.2,105.3,77.0,89.1,77.6,86.7,0.118,100,4.17,rain,0,0,16.6,9.2,238.0,1011.3,40.2,5.8,149.9,12.9,6,,2021-11-10T06:35:59,2021-11-10T18:25:08,0.19,"Rain, Partially cloudy",Partly cloudy throughout the day with late afternoon rain.,rain,"DNIB,NII0000DNIB,DNMM,NII0000DNMM,remote,65201099999,65100099999,NIM00065208,65208099999"
"Abeokuta, Ogun, Nigeria",2021-11-11,88.9,73.9,79.0,101.9,73.9,82.1,75.3,89.0,4.961,100,4.17,rain,0,0,21.9,21.9,221.9,1011.8,37.7,5.0,168.9,14.6,6,,2021-11-11T06:36:15,2021-11-11T18:25:06,0.25,"Rain, Partially cloudy",Partly cloudy throughout the day with late afternoon rain.,rain,"65210099999,DNIB,NIM00065202,NII0000DNIB,NIM00065210,DNMM,NII0000DNMM,65201099999,65100099999,NIM00065208,65208099999"
"Abeokuta, Ogun, Nigeria",2021-11-12,89.6,73.4,80.4,102.6,73.4,85.8,75.1,85.1,0.0,0,0.0,,0,0,13.4,11.4,187.7,1010.3,41.8,5.3,169.9,14.7,6,,2021-11-12T06:36:31,2021-11-12T18:25:04,0.26,Partially cloudy,Partly cloudy throughout the day.,partly-cloudy-day,"DNIB,NII0000DNIB,DNMM,NII0000DNMM,remote,65201099999,65100099999,NIM00065208,65208099999"
"Abeokuta, Ogun, Nigeria",2021-11-13,89.7,76.8,80.7,105.3,76.8,85.1,76.3,87.2,0.039,100,4.17,rain,0,0,13.9,11.4,198.1,1010.4,38.4,5.8,202.4,17.6,7,,2021-11-13T06:36:48,2021-11-13T18:25:04,0.3,"Rain, Partially cloudy",Partly cloudy throughout the day with late afternoon rain.,rain,"DNMM,NII0000DNMM,65201099999"
"Abeokuta, Ogun, Nigeria",2021-11-14,89.6,75.0,80.2,104.9,75.0,84.8,74.8,84.4,0.0,0,0.0,,0,0,19.0,11.4,226.6,1011.4,37.8,5.9,206.7,17.9,8,,2021-11-14T06:37:06,2021-11-14T18:25:05,0.33,Partially cloudy,Partly cloudy throughout the day.,partly-cloudy-day,"65210099999,DNIB,NIM00065202,NII0000DNIB,NIM00065210,DNMM,NII0000DNMM,remote,65201099999,65100099999"
"Abeokuta, Ogun, Nigeria",2021-11-15,90.0,75.3,81.1,105.1,75.3,86.6,75.9,84.9,0.472,100,4.17,rain,0,0,17.0,8.1,228.1,1011.8,33.7,5.0,186.4,16.0,7,,2021-11-15T06:37:24,2021-11-15T18:25:07,0.36,"Rain, Partially cloudy",Partly cloudy throughout the day with late afternoon rain.,rain,"DNIB,NII0000DNIB,DNMM,NII0000DNMM,65201099999,65100099999"
"Abeokuta, Ogun, Nigeria",2021-11-16,91.5,76.8,81.9,105.3,76.8,88.7,76.9,85.5,0.0,0,0.0,,0,0,16.1,11.4,216.1,1010.8,33.5,5.6,214.4,18.4,7,,2021-11-16T06:37:43,2021-11-16T18:25:10,0.4,Partially cloudy,Partly cloudy throughout the day.,partly-cloudy-day,"65210099999,DNIB,NIM00065202,NIM00065213,NII0000DNIB,NIM00065210,DNMM,NII0000DNMM,remote,65201099999,65100099999"
"Abeokuta, Ogun, Nigeria",2021-11-17,91.4,77.1,83.7,107.9,77.1,93.2,77.8,83.2,0.0,0,0.0,,0,0,17.7,8.1,215.0,1010.3,35.4,5.8,209.1,17.9,8,,2021-11-17T06:38:03,2021-11-17T18:25:14,0.43,Partially cloudy,Partly cloudy throughout the day.,partly-cloudy-day,"NIM00065202,DNMM,NII0000DNMM,65201099999"
"Abeokuta, Ogun, Nigeria",2021-11-18,90.8,77.0,83.2,105.6,77.0,90.6,77.2,83.0,0.0,0,0.0,,0,0,16.8,10.3,202.1,1011.0,37.8,5.5,209.2,17.9,8,,2021-11-18T06:38:23,2021-11-18T18:25:19,0.47,Partially cloudy,Partly cloudy throughout the day.,partly-cloudy-day,"65210099999,DNIB,NII0000DNIB,NIM00065210,DNMM,NII0000DNMM,65201099999,65100099999,NIM00065208,65208099999"
"Abeokuta, Ogun, Nigeria",2021-11-19,89.7,77.0,82.6,108.0,77.0,90.5,77.2,84.1,0.0,0,0.0,,0,0,20.8,10.3,201.1,1011.4,31.8,6.0,194.4,16.8,8,,2021-11-19T06:38:45,2021-11-19T18:25:25,0.5,Partially cloudy,Partly cloudy throughout the day.,partly-cloudy-day,"DNMM,NII0000DNMM,65201099999"
"Abeokuta, Ogun, Nigeria",2021-11-20,89.6,75.2,82.1,105.3,75.2,88.8,76.6,84.1,0.0,0,0.0,,0,0,13.0,9.2,185.4,1010.7,38.6,5.0,215.5,18.5,8,,2021-11-20T06:39:06,2021-11-20T18:25:32,0.54,Partially cloudy,Partly cloudy throughout the day.,partly-cloudy-day,"65210099999,DNIB,NIM00065202,NII0000DNIB,NIM00065210,DNMM,NII0000DNMM,remote,65201099999,65100099999,NIM00065208,65208099999"
"Abeokuta, Ogun, Nigeria",2021-11-21,91.4,77.0,83.5,108.1,77.0,91.4,77.1,81.7,0.035,100,4.17,rain,0,0,16.1,13.9,193.8,1009.8,32.5,6.1,213.3,18.4,8,,2021-11-21T06:39:29,2021-11-21T18:25:40,0.57,"Rain, Partially cloudy",Partly cloudy throughout the day with afternoon rain.,rain,"65210099999,NIM00065213,NIM00065202,NIM00065210,DNMM,NII0000DNMM,remote,65201099999"
"Abeokuta, Ogun, Nigeria",2021-11-22,89.9,78.8,82.6,104.9,78.8,89.6,76.6,82.9,0.236,100,4.17,rain,0,0,16.3,9.2,217.3,1010.9,35.6,5.7,217.2,18.6,8,,2021-11-22T06:39:52,2021-11-22T18:25:49,0.6,"Rain, Partially cloudy",Partly cloudy throughout the day with late afternoon rain.,rain,"65210099999,DNIB,NII0000DNIB,NIM00065210,DNMM,NII0000DNMM,remote,65201099999,65100099999"
"Abeokuta, Ogun, Nigeria",2021-11-23,93.0,75.3,83.3,109.3,75.3,91.5,76.7,81.3,0.0,0,0.0,,0,0,25.3,10.3,190.9,1012.0,29.1,5.5,200.6,17.4,8,,2021-11-23T06:40:15,2021-11-23T18:25:59,0.64,Partially cloudy,Partly cloudy throughout the day.,partly-cloudy-day,"65210099999,DNIB,NIM00065213,NIM00065202,NII0000DNIB,NIM00065210,DNMM,NII0000DNMM,65201099999,65100099999"
"Abeokuta, Ogun, Nigeria",2021-11-24,91.4,77.0,83.1,107.9,77.0,90.8,76.8,81.8,0.035,100,4.17,rain,0,0,17.0,9.2,203.3,1011.5,34.7,5.5,201.6,17.5,8,,2021-11-24T06:40:39,2021-11-24T18:26:09,0.67,"Rain, Partially cloudy",Partly cloudy throughout the day with early morning rain.,rain,"DNMM,NII0000DNMM,65201099999"
"Abeokuta, Ogun, Nigeria",2021-11-25,93.2,77.0,83.7,113.6,77.0,92.6,77.4,81.9,0.0,0,0.0,,0,0,19.0,10.3,196.9,1010.6,32.9,6.1,215.1,18.4,8,,2021-11-25T06:41:04,2021-11-25T18:26:21,0.7,Partially cloudy,Partly cloudy throughout the day.,partly-cloudy-day,"NIM00065213,DNMM,NII0000DNMM,65201099999"
"Abeokuta, Ogun, Nigeria",2021-11-26,90.4,78.8,83.5,103.8,78.8,91.8,77.3,82.6,0.076,100,37.5,rain,0,0,18.6,8.5,187.2,1010.3,34.6,6.2,197.3,17.1,7,,2021-11-26T06:41:30,2021-11-26T18:26:34,0.74,"Rain, Partially cloudy",Clearing in the afternoon with rain in the morning and afternoon.,rain,"NIM00065213,DNMM,NII0000DNMM,remote,65201099999"
"Abeokuta, Ogun, Nigeria",2021-11-27,91.9,77.4,83.9,105.2,77.4,91.4,76.8,80.9,0.012,100,8.33,rain,0,0,16.6,9.2,199.6,1010.9,34.1,5.8,199.0,17.1,7,,2021-11-27T06:41:55,2021-11-27T18:26:48,0.75,"Rain, Partially cloudy",Partly cloudy throughout the day with rain in the morning and afternoon.,rain,"65210099999,DNIB,NII0000DNIB,DNMM,remote,NII0000DNMM,65201099999,NIM00065208,65100099999,65208099999"
"Abeokuta, Ogun, Nigeria",2021-11-28,95.0,77.4,84.4,112.9,77.4,93.4,77.5,80.8,0.0,0,0.0,,0,0,17.4,12.8,182.6,1010.8,38.5,5.7,216.5,18.5,8,,2021-11-28T06:42:22,2021-11-28T18:27:02,0.8,Partially cloudy,Partly cloudy throughout the day.,partly-cloudy-day,"DNIB,NII0000DNIB,DNMM,NII0000DNMM,65201099999,65100099999,NIM00065208,65208099999"
"Abeokuta, Ogun, Nigeria",2021-11-29,87.1,77.6,81.4,96.8,77.6,87.5,76.8,86.4,0.0,0,0.0,,0,0,13.6,4.7,215.8,1011.2,27.4,5.2,196.2,16.8,7,,2021-11-29T06:42:48,2021-11-29T18:27:18,0.84,Partially cloudy,Partly cloudy throughout the day.,partly-cloudy-day,"DNIB,NII0000DNIB,DNMM,NII0000DNMM,65201099999,NIM00065208,65100099999,65208099999"
"Abeokuta, Ogun, Nigeria",2021-11-30,93.2,77.4,83.5,107.9,77.4,91.0,77.1,81.9,0.0,0,0.0,,0,0,14.8,9.2,217.4,1011.4,29.8,5.3,220.9,19.1,8,,2021-11-30T06:43:16,2021-11-30T18:27:34,0.87,Partially cloudy,Partly cloudy throughout the day.,partly-cloudy-day,"65210099999,DNIB,NII0000DNIB,NIM00065210,DNMM,NII0000DNMM,65201099999,65100099999"
"Abeokuta, Ogun, Nigeria",2021-12-01,91.4,76.8,83.6,107.9,76.8,92.1,77.5,82.7,0.0,0,0.0,,0,0,17.0,12.8,203.0,1010.5,34.2,5.7,231.0,19.9,8,,2021-12-01T06:43:43,2021-12-01T18:27:51,0.9,Partially cloudy,Partly cloudy throughout the day.,partly-cloudy-day,"65210099999,DNIB,NIM00065213,NII0000DNIB,NIM00065210,DNMM,NII0000DNMM,65201099999,65100099999"
"Abeokuta, Ogun, Nigeria",2021-12-02,91.4,77.0,83.7,107.9,77.0,92.1,77.1,81.3,0.0,0,0.0,,0,0,17.0,12.8,216.5,1009.8,32.7,5.8,214.1,18.5,8,,2021-12-02T06:44:11,2021-12-02T18:28:10,0.94,Partially cloudy,Partly cloudy throughout the day.,partly-cloudy-day,"65210099999,DNIB,NIM00065213,NII0000DNIB,NIM00065210,DNMM,remote,NII0000DNMM,65201099999,65100099999"
"Abeokuta, Ogun, Nigeria",2021-12-03,94.3,76.7,84.1,108.2,76.7,92.9,77.6,81.9,0.0,0,0.0,,0,0,16.8,11.4,228.5,1010.2,23.9,5.4,220.9,19.1,8,,2021-12-03T06:44:40,2021-12-03T18:28:28,0.97,Partially cloudy,Partly cloudy throughout the day.,partly-cloudy-day,"DNIB,NIM00065213,NII0000DNIB,DNMM,NII0000DNMM,65201099999,65100099999"
"Abeokuta, Ogun, Nigeria",2021-12-04,95.0,78.6,85.0,107.0,78.6,94.1,77.2,79.1,0.0,0,0.0,,0,0,15.7,8.1,182.7,1010.8,34.4,4.8,226.8,19.4,8,,2021-12-04T06:45:09,2021-12-04T18:28:48,0.0,Partially cloudy,Partly cloudy throughout the day.,partly-cloudy-day,"DNIB,NII0000DNIB,DNMM,NII0000DNMM,remote,65201099999,NIM00065208,65100099999,65208099999"
"Abeokuta, Ogun, Nigeria",2021-12-05,93.2,78.8,84.8,104.5,78.8,93.7,76.9,79.2,0.0,0,0.0,,0,0,15.9,8.8,247.4,1010.8,36.0,4.2,223.0,19.3,8,,2021-12-05T06:45:38,2021-12-05T18:29:09,0.04,Partially cloudy,Partly cloudy throughout the day.,partly-cloudy-day,"65210099999,NIM00065210,DNMM,NII0000DNMM,remote,65201099999"
"Abeokuta, Ogun, Nigeria",2021-12-06,93.2,79.3,84.6,107.2,79.3,95.0,78.1,82.0,0.0,0,0.0,,0,0,19.5,12.8,219.3,1011.3,27.0,4.5,218.6,19.0,9,,2021-12-06T06:46:07,2021-12-06T18:29:30,0.07,Partially cloudy,Partly cloudy throughout the day.,partly-cloudy-day,"NIM00065213,DNMM,NII0000DNMM,65201099999,NIM00065208,65208099999"
"Abeokuta, Ogun, Nigeria",2021-12-07,92.6,78.8,84.1,107.2,78.8,93.0,77.1,80.6,0.0,0,0.0,,0,0,14.3,9.2,207.1,1011.7,35.8,4.3,196.5,16.8,7,,2021-12-07T06:46:37,2021-12-07T18:29:52,0.11,Partially cloudy,Becoming cloudy in the afternoon.,partly-cloudy-day,"DNIB,NII0000DNIB,DNMM,NII0000DNMM,remote,65201099999,65100099999,NIM00065208,65208099999"
"Abeokuta, Ogun, Nigeria",2021-12-08,89.7,77.3,82.7,105.1,77.3,90.4,77.5,84.8,0.0,0,0.0,,0,0,15.9,10.3,218.0,1012.2,33.8,4.6,215.7,18.7,8,,2021-12-08T06:47:07,2021-12-08T18:30:15,0.14,Partially cloudy,Partly cloudy throughout the day.,partly-cloudy-day,"DNIB,NIM00065213,NII0000DNIB,DNMM,NII0000DNMM,65201099999,65100099999"
"Abeokuta, Ogun, Nigeria",2021-12-09,96.8,77.0,84.2,107.5,77.0,91.4,75.9,78.3,0.0,0,0.0,,0,0,11.9,9.2,3.3,1010.4,26.3,3.9,246.8,21.3,9,,2021-12-09T06:47:37,2021-12-09T18:30:38,0.17,Partially cloudy,Partly cloudy throughout the day.,partly-cloudy-day,"DNIB,NII0000DNIB,DNMM,NII0000DNMM,65201099999,65100099999,NIM00065208,65208099999"
"Abeokuta, Ogun, Nigeria",2021-12-10,91.4,76.6,83.9,102.7,76.6,92.4,76.7,79.9,0.0,0,0.0,,0,0,14.3,8.7,217.5,1009.1,28.3,2.7,232.6,20.1,9,,2021-12-10T06:48:07,2021-12-10T18:31:03,0.21,Partially cloudy,Partly cloudy throughout the day.,partly-cloudy-day,"DNIB,NIM00065202,NII0000DNIB,DNMM,NII0000DNMM,65201099999,NIM00065208,65100099999,65208099999"
"Abeokuta, Ogun, Nigeria",2021-12-11,93.2,77.0,84.2,105.2,77.0,92.2,76.7,79.4,0.0,0,0.0,,0,0,14.3,26.4,212.9,1009.1,26.5,3.5,236.3,20.4,8,,2021-12-11T06:48:38,2021-12-11T18:31:27,0.25,Partially cloudy,Partly cloudy throughout the day.,partly-cloudy-day,"NIM00065213,DNMM,NII0000DNMM,remote,65201099999,NIM00065208,65208099999"
"Abeokuta, Ogun, Nigeria",2021-12-12,93.2,78.1,84.8,106.5,78.1,93.8,76.9,78.5,0.0,0,0.0,,0,0,13.9,8.1,230.9,1009.5,30.1,3.0,227.6,19.6,8,,2021-12-12T06:49:08,2021-12-12T18:31:53,0.27,Partially cloudy,Becoming cloudy in the afternoon.,partly-cloudy-day,"65210099999,DNIB,NII0000DNIB,NIM00065210,DNMM,NII0000DNMM,remote,65201099999,65100099999"
"Abeokuta, Ogun, Nigeria",2021-12-13,95.0,77.3,84.8,107.9,77.3,93.9,77.0,79.2,0.0,0,0.0,,0,0,19.0,10.3,224.3,1009.7,33.2,4.1,241.7,21.0,8,,2021-12-13T06:49:39,2021-12-13T18:32:19,0.31,Partially cloudy,Partly cloudy throughout the day.,partly-cloudy-day,"65210099999,DNIB,NII0000DNIB,NIM00065210,DNMM,NII0000DNMM,remote,65201099999,65100099999,NIM00065208,65208099999"
"Abeokuta, Ogun, Nigeria",2021-12-14,93.6,78.4,85.1,108.7,78.4,95.1,77.6,79.2,0.0,0,0.0,,0,0,17.4,12.8,207.3,1009.5,31.0,4.6,208.7,17.8,8,,2021-12-14T06:50:09,2021-12-14T18:32:45,0.34,Partially cloudy,Partly cloudy throughout the day.,partly-cloudy-day,"DNIB,NIM00065213,NII0000DNIB,DNMM,NII0000DNMM,65201099999,65100099999,NIM00065208,65208099999"
"Abeokuta, Ogun, Nigeria",2021-12-15,91.4,78.8,84.1,105.2,78.8,93.2,77.0,79.9,0.0,0,0.0,,0,0,14.3,6.9,225.8,1009.9,32.9,4.3,210.5,18.2,8,,2021-12-15T06:50:40,2021-12-15T18:33:13,0.37,Partially cloudy,Partly cloudy throughout the day.,partly-cloudy-day,"DNMM,NII0000DNMM,65201099999"
"Abeokuta, Ogun, Nigeria",2021-12-16,95.0,78.8,85.2,107.5,78.8,93.1,76.3,77.4,0.0,0,0.0,,0,0,13.6,9.2,300.6,1010.7,28.1,4.4,232.3,20.1,9,,2021-12-16T06:51:11,2021-12-16T18:33:40,0.41,Partially cloudy,Partly cloudy throughout the day.,partly-cloudy-day,"DNIB,NII0000DNIB,DNMM,NII0000DNMM,65201099999,65100099999"
"Abeokuta, Ogun, Nigeria",2021-12-17,92.2,77.0,83.4,100.8,77.0,87.2,72.1,71.9,0.0,0,0.0,,0,0,13.4,10.3,117.7,1011.6,23.9,2.7,243.4,21.3,8,,2021-12-17T06:51:41,2021-12-17T18:34:08,0.44,Partially cloudy,Partly cloudy throughout the day.,partly-cloudy-day,"DNIB,NII0000DNIB,DNMM,NII0000DNMM,65201099999,65100099999"
"Abeokuta, Ogun, Nigeria",2021-12-18,94.0,71.6,81.6,102.7,71.6,83.4,67.8,65.6,0.0,0,0.0,,0,0,15.0,12.8,54.0,1011.8,18.7,2.0,255.1,22.0,9,,2021-12-18T06:52:12,2021-12-18T18:34:37,0.48,Clear,Clear conditions throughout the day.,clear-day,"DNIB,NII0000DNIB,DNMM,NII0000DNMM,65201099999,65100099999"
"Abeokuta, Ogun, Nigeria",2021-12-19,95.0,69.8,82.1,94.6,69.8,82.4,63.2,55.8,0.0,0,0.0,,0,0,14.5,10.3,55.8,1011.3,12.3,1.7,256.1,22.2,9,,2021-12-19T06:52:42,2021-12-19T18:35:06,0.5,Clear,Clear conditions throughout the day.,clear-day,"65210099999,DNIB,NII0000DNIB,NIM00065210,DNMM,NII0000DNMM,65201099999,65100099999"
"Abeokuta, Ogun, Nigeria",2021-12-20,96.8,77.0,83.7,97.4,77.0,84.4,62.8,51.3,0.0,0,0.0,,0,0,16.8,11.4,5.1,1011.0,15.9,1.6,254.4,22.0,9,,2021-12-20T06:53:12,2021-12-20T18:35:35,0.54,Clear,Clear conditions throughout the day.,clear-day,"NIM00065202,DNMM,NII0000DNMM,65201099999"
"Abeokuta, Ogun, Nigeria",2021-12-21,96.8,71.6,82.8,97.4,71.6,83.2,62.7,53.4,0.0,0,0.0,,0,0,16.3,10.3,7.7,1010.8,13.0,2.8,252.4,21.8,9,,2021-12-21T06:53:42,2021-12-21T18:36:04,0.58,Clear,Clear conditions throughout the day.,clear-day,"DNMM,NII0000DNMM,remote,65201099999"
"Abeokuta, Ogun, Nigeria",2021-12-22,96.8,69.8,82.5,96.0,69.8,82.2,60.8,52.1,0.0,0,0.0,,0,0,15.2,11.4,19.6,1011.5,17.4,3.3,253.9,22.0,9,,2021-12-22T06:54:12,2021-12-22T18:36:34,0.61,Clear,Clear conditions throughout the day.,clear-day,"DNIB,NIM00065202,NII0000DNIB,DNMM,NII0000DNMM,remote,65201099999,65100099999"
"Abeokuta, Ogun, Nigeria",2021-12-23,96.8,71.4,82.4,96.6,71.4,82.9,64.0,57.9,0.0,0,0.0,,0,0,16.8,8.1,154.2,1010.4,21.4,2.1,251.2,21.7,9,,2021-12-23T06:54:41,2021-12-23T18:37:05,0.65,Partially cloudy,Partly cloudy throughout the day.,partly-cloudy-day,"DNIB,NII0000DNIB,DNMM,NII0000DNMM,remote,65201099999,65100099999"
"Abeokuta, Ogun, Nigeria",2021-12-24,91.4,73.4,82.6,103.2,73.4,87.5,73.2,74.1,0.0,0,0.0,,0,0,16.1,9.2,178.2,1010.2,24.1,2.5,243.7,20.9,9,,2021-12-24T06:55:11,2021-12-24T18:37:35,0.68,Partially cloudy,Partly cloudy throughout the day.,partly-cloudy-day,"DNIB,NII0000DNIB,DNMM,NII0000DNMM,65201099999,65100099999"
"Abeokuta, Ogun, Nigeria",2021-12-25,98.6,75.2,83.9,107.5,75.2,89.8,73.8,73.9,0.0,0,0.0,,0,0,16.3,9.2,219.6,1010.5,18.5,2.5,243.0,21.0,8,,2021-12-25T06:55:40,2021-12-25T18:38:06,0.71,Clear,Clear conditions throughout the day.,clear-day,"DNIB,NII0000DNIB,DNMM,NII0000DNMM,65201099999,65100099999"
"Abeokuta, Ogun, Nigeria",2021-12-26,93.2,77.4,84.6,107.1,77.4,93.4,76.9,79.0,0.0,0,0.0,,0,0,18.6,9.4,200.7,1010.9,29.4,4.4,235.8,20.4,8,,2021-12-26T06:56:08,2021-12-26T18:38:36,0.75,Partially cloudy,Partly cloudy throughout the day.,partly-cloudy-day,"DNMM,NII0000DNMM,remote,65201099999"
"Abeokuta, Ogun, Nigeria",2021-12-27,96.8,78.2,85.1,112.5,78.2,93.5,76.2,76.8,0.0,0,0.0,,0,0,18.3,12.8,193.7,1011.4,30.3,4.9,238.4,20.6,8,,2021-12-27T06:56:36,2021-12-27T18:39:07,0.75,Partially cloudy,Partly cloudy throughout the day.,partly-cloudy-day,"DNIB,NII0000DNIB,DNMM,NII0000DNMM,65201099999,65100099999"
"Abeokuta, Ogun, Nigeria",2021-12-28,95.0,78.8,84.7,107.5,78.8,92.3,76.1,77.4,0.0,0,0.0,,0,0,20.1,10.3,212.9,1011.7,29.2,5.2,225.3,19.5,8,,2021-12-28T06:57:04,2021-12-28T18:39:38,0.82,Partially cloudy,Partly cloudy throughout the day.,partly-cloudy-day,"DNIB,NII0000DNIB,DNMM,NII0000DNMM,65201099999,65100099999"
"Abeokuta, Ogun, Nigeria",2021-12-29,89.6,77.0,83.3,100.3,77.0,90.0,76.0,79.7,0.0,0,0.0,,0,0,15.0,9.2,233.5,1012.5,31.5,5.0,153.9,13.3,5,,2021-12-29T06:57:31,2021-12-29T18:40:10,0.85,Partially cloudy,Partly cloudy throughout the day.,partly-cloudy-day,"DNIB,NII0000DNIB,DNMM,NII0000DNMM,65201099999,65100099999"
"Abeokuta, Ogun, Nigeria",2021-12-30,97.2,77.0,85.7,97.3,77.0,88.5,69.0,61.8,0.0,0,0.0,,0,0,16.8,8.3,202.6,1010.2,10.4,4.0,241.8,20.9,8,,2021-12-30T06:57:58,2021-12-30T18:40:41,0.89,Clear,Clear conditions throughout the day.,clear-day,"DNMM,NII0000DNMM,remote,65201099999"
"Abeokuta, Ogun, Nigeria",2021-12-31,91.4,75.5,82.9,102.7,75.5,90.1,75.9,80.1,0.0,0,0.0,,0,0,19.9,9.2,197.3,1011.5,34.6,4.2,220.7,19.0,8,,2021-12-31T06:58:24,2021-12-31T18:41:12,0.92,Partially cloudy,Partly cloudy throughout the day.,partly-cloudy-day,"DNMM,remote,NII0000DNMM,65201099999"
