name,datetime,tempmax,tempmin,temp,feelslikemax,feelslikemin,feelslike,dew,humidity,precip,precipprob,precipcover,preciptype,snow,snowdepth,windgust,windspeed,winddir,sealevelpressure,cloudcover,visibility,solarradiation,solarenergy,uvindex,severerisk,sunrise,sunset,moonphase,conditions,description,icon,stations
"Abeokuta, Ogun, Nigeria",2024-01-01,95.8,77.8,84.7,110.5,77.8,93.0,77.0,79.5,0.0,0,0.0,,0,0,17.0,11.4,240.9,1012.5,44.2,2.8,225.4,19.5,8,10,2024-01-01T06:58:38,2024-01-01T18:41:29,0.68,Partially cloudy,Partly cloudy throughout the day.,partly-cloudy-day,"DNIB,DNMM,65201099999,65100099999,65208099999"
"Abeokuta, Ogun, Nigeria",2024-01-02,98.6,77.8,85.0,113.3,77.8,94.0,77.2,80.1,0.0,0,0.0,,0,0,17.4,13.9,225.2,1013.1,37.7,3.3,220.4,19.0,8,10,2024-01-02T06:59:04,2024-01-02T18:42:00,0.71,Partially cloudy,Partly cloudy throughout the day.,partly-cloudy-day,"DNIB,DNMM,65201099999,65100099999,65208099999"
"Abeokuta, Ogun, Nigeria",2024-01-03,94.7,77.0,85.0,106.3,77.0,93.0,76.6,77.8,0.0,0,0.0,,0,0,18.3,9.2,212.8,1013.1,48.2,3.9,209.2,18.1,8,30,2024-01-03T06:59:28,2024-01-03T18:42:31,0.74,Partially cloudy,Partly cloudy throughout the day.,partly-cloudy-day,"DNIB,DNMM,65201099999,65100099999,65208099999"
"Abeokuta, Ogun, Nigeria",2024-01-04,94.2,78.8,84.6,104.8,78.8,92.2,76.1,77.3,0.0,0,0.0,rain,0,0,17.7,9.2,218.0,1013.0,45.4,5.3,220.0,19.0,7,30,2024-01-04T06:59:53,2024-01-04T18:43:02,0.75,Partially cloudy,Partly cloudy throughout the day.,partly-cloudy-day,"DNIB,DNMM,remote,65201099999,65100099999,65208099999"
"Abeokuta, Ogun, Nigeria",2024-01-05,94.9,78.8,84.8,105.4,78.8,91.4,75.5,76.0,0.004,100,4.17,rain,0,0,18.3,8.0,222.0,1012.6,50.5,5.4,209.1,18.1,8,10,2024-01-05T07:00:16,2024-01-05T18:43:33,0.8,"Rain, Partially cloudy",Partly cloudy throughout the day with afternoon rain.,rain,"DNIB,DNMM,remote,65201099999,65100099999,65208099999"
"Abeokuta, Ogun, Nigeria",2024-01-06,94.0,78.3,84.3,107.0,78.3,91.1,76.6,79.2,0.0,0,0.0,,0,0,16.8,10.8,210.4,1012.6,60.4,7.5,214.3,18.4,8,10,2024-01-06T07:00:39,2024-01-06T18:44:03,0.84,Partially cloudy,Partly cloudy throughout the day.,partly-cloudy-day,"DNIB,DNMM,remote,65201099999,65100099999,65208099999"
"Abeokuta, Ogun, Nigeria",2024-01-07,95.0,78.9,85.0,110.4,78.9,95.4,78.4,81.9,0.0,0,0.0,,0,0,17.7,10.8,218.6,1011.8,61.9,4.9,211.9,18.3,8,30,2024-01-07T07:01:01,2024-01-07T18:44:34,0.87,Partially cloudy,Partly cloudy throughout the day.,partly-cloudy-day,"DNIB,DNMM,65201099999,65100099999,65208099999"
"Abeokuta, Ogun, Nigeria",2024-01-08,94.9,78.6,85.3,110.4,78.6,94.8,77.4,78.7,0.0,0,0.0,,0,0,21.9,13.9,199.5,1011.3,49.5,5.6,232.3,20.0,8,30,2024-01-08T07:01:23,2024-01-08T18:45:04,0.9,Partially cloudy,Partly cloudy throughout the day.,partly-cloudy-day,"DNIB,DNMM,remote,65201099999,65100099999,65208099999"
"Abeokuta, Ogun, Nigeria",2024-01-09,96.8,78.8,85.1,105.1,78.8,93.7,76.7,78.2,0.0,0,0.0,rain,0,0,20.4,13.9,203.5,1011.4,49.2,6.1,216.5,18.6,8,60,2024-01-09T07:01:43,2024-01-09T18:45:34,0.93,Partially cloudy,Partly cloudy throughout the day.,partly-cloudy-day,"DNIB,DNMM,remote,65201099999,65100099999,65208099999"
"Abeokuta, Ogun, Nigeria",2024-01-10,93.4,78.6,84.9,107.4,78.6,93.5,76.8,78.8,0.236,100,4.17,rain,0,0,16.1,8.1,254.8,1012.4,61.1,5.4,185.0,16.0,7,10,2024-01-10T07:02:03,2024-01-10T18:46:03,0.97,"Rain, Partially cloudy",Partly cloudy throughout the day with late afternoon rain.,rain,"DNIB,DNMM,65201099999,65100099999,65208099999"
"Abeokuta, Ogun, Nigeria",2024-01-11,97.6,78.8,86.1,102.6,78.8,91.6,72.8,69.3,0.0,0,0.0,,0,0,15.7,9.2,299.1,1011.4,51.9,6.9,226.0,19.5,8,30,2024-01-11T07:02:22,2024-01-11T18:46:33,0.0,Partially cloudy,Partly cloudy throughout the day.,partly-cloudy-day,"DNIB,DNMM,remote,65201099999,65100099999,65208099999"
"Abeokuta, Ogun, Nigeria",2024-01-12,95.0,79.1,85.9,102.4,79.1,94.3,75.5,74.4,0.008,100,8.33,rain,0,0,15.2,13.9,271.6,1010.8,60.4,10.3,224.5,19.3,8,10,2024-01-12T07:02:41,2024-01-12T18:47:02,0.03,"Rain, Partially cloudy",Partly cloudy throughout the day with morning rain.,rain,"DNIB,DNMM,remote,65201099999,65100099999,65208099999"
"Abeokuta, Ogun, Nigeria",2024-01-13,95.1,78.7,85.6,105.1,78.7,93.6,76.0,75.8,0.0,0,0.0,,0,0,15.7,9.4,218.3,1011.9,42.8,4.8,234.7,20.3,9,10,2024-01-13T07:02:58,2024-01-13T18:47:30,0.07,Partially cloudy,Partly cloudy throughout the day.,partly-cloudy-day,"DNIB,DNMM,65201099999,65100099999,65208099999"
"Abeokuta, Ogun, Nigeria",2024-01-14,94.7,78.8,84.6,102.6,78.8,91.6,76.0,77.6,0.0,0,0.0,,0,0,15.4,10.3,261.9,1012.7,42.8,4.5,232.8,20.2,9,10,2024-01-14T07:03:15,2024-01-14T18:47:58,0.1,Partially cloudy,Partly cloudy throughout the day.,partly-cloudy-day,"DNIB,DNMM,65201099999,65100099999,65208099999"
"Abeokuta, Ogun, Nigeria",2024-01-15,96.8,78.0,85.1,106.5,78.0,91.1,74.1,73.1,0.0,0,0.0,,0,0,17.2,11.4,261.6,1013.7,42.3,4.3,247.0,21.3,9,10,2024-01-15T07:03:31,2024-01-15T18:48:26,0.14,Partially cloudy,Partly cloudy throughout the day.,partly-cloudy-day,"DNIB,DNMM,65201099999,65100099999,65208099999"
"Abeokuta, Ogun, Nigeria",2024-01-16,96.8,75.9,85.1,103.2,75.9,88.1,69.6,65.9,0.0,0,0.0,,0,0,17.2,9.4,310.2,1014.0,26.5,4.3,265.0,22.7,9,10,2024-01-16T07:03:46,2024-01-16T18:48:53,0.17,Partially cloudy,Partly cloudy throughout the day.,partly-cloudy-day,"DNIB,DNMM,remote,65201099999,65100099999,65208099999"
"Abeokuta, Ogun, Nigeria",2024-01-17,98.7,75.2,84.2,101.4,75.2,86.5,67.1,63.6,0.0,0,0.0,,0,0,15.0,10.3,289.6,1014.1,27.2,5.6,262.2,22.7,9,10,2024-01-17T07:04:00,2024-01-17T18:49:20,0.21,Partially cloudy,Partly cloudy throughout the day.,partly-cloudy-day,"DNIB,DNMM,remote,65201099999,65100099999,65208099999"
"Abeokuta, Ogun, Nigeria",2024-01-18,95.6,72.5,84.2,96.7,72.5,87.1,69.6,65.7,0.0,0,0.0,,0,0,16.6,8.7,93.5,1013.0,30.3,3.6,254.3,21.9,9,10,2024-01-18T07:04:13,2024-01-18T18:49:47,0.25,Partially cloudy,Partly cloudy throughout the day.,partly-cloudy-day,"DNIB,DNMM,remote,65201099999,65100099999,65208099999"
"Abeokuta, Ogun, Nigeria",2024-01-19,93.2,74.7,83.2,107.5,74.7,86.5,72.0,71.7,0.0,0,0.0,,0,0,16.3,9.2,278.9,1013.0,24.7,4.9,247.8,21.4,9,10,2024-01-19T07:04:25,2024-01-19T18:50:12,0.28,Partially cloudy,Partly cloudy throughout the day.,partly-cloudy-day,"DNIB,DNMM,remote,65201099999,65100099999,65208099999"
"Abeokuta, Ogun, Nigeria",2024-01-20,97.1,75.2,85.1,99.4,75.2,86.4,66.7,60.7,0.0,0,0.0,,0,0,14.5,7.8,320.1,1013.4,22.3,6.2,255.8,22.2,9,10,2024-01-20T07:04:37,2024-01-20T18:50:38,0.31,Partially cloudy,Partly cloudy throughout the day.,partly-cloudy-day,"DNIB,DNMM,remote,65201099999,65100099999,65208099999"
"Abeokuta, Ogun, Nigeria",2024-01-21,95.4,75.0,84.0,108.1,75.0,89.9,70.6,65.7,0.0,0,0.0,,0,0,17.4,10.3,234.5,1013.2,39.1,3.2,250.0,21.4,9,10,2024-01-21T07:04:47,2024-01-21T18:51:02,0.35,Partially cloudy,Partly cloudy throughout the day.,partly-cloudy-day,"DNIB,DNMM,65201099999,65100099999,65208099999"
"Abeokuta, Ogun, Nigeria",2024-01-22,96.8,77.9,85.1,103.4,77.9,90.1,73.7,72.8,0.0,0,0.0,,0,0,19.0,11.2,222.8,1013.4,36.2,4.0,256.3,22.3,9,60,2024-01-22T07:04:57,2024-01-22T18:51:27,0.38,Partially cloudy,Partly cloudy throughout the day.,partly-cloudy-day,"DNIB,DNMM,65201099999,65100099999,65208099999"
"Abeokuta, Ogun, Nigeria",2024-01-23,94.3,77.1,84.7,103.6,77.1,90.9,75.0,75.2,0.0,0,0.0,,0,0,20.1,12.8,214.5,1013.9,41.3,4.2,221.8,19.2,8,30,2024-01-23T07:05:05,2024-01-23T18:51:50,0.42,Partially cloudy,Partly cloudy throughout the day.,partly-cloudy-day,"DNIB,DNMM,65201099999,65100099999,65208099999"
"Abeokuta, Ogun, Nigeria",2024-01-24,95.0,78.6,86.0,107.5,78.6,94.5,76.2,74.5,0.0,0,0.0,,0,0,20.6,9.2,180.4,1013.7,43.0,4.6,179.3,15.5,7,30,2024-01-24T07:05:13,2024-01-24T18:52:13,0.45,Partially cloudy,Partly cloudy throughout the day.,partly-cloudy-day,"DNIB,DNMM,65201099999,65100099999,65208099999"
"Abeokuta, Ogun, Nigeria",2024-01-25,96.7,78.5,85.6,96.1,78.5,86.8,63.1,52.6,0.0,0,0.0,,0,0,20.1,17.2,60.2,1013.5,24.4,3.2,260.5,22.7,9,60,2024-01-25T07:05:19,2024-01-25T18:52:36,0.5,Partially cloudy,Partly cloudy throughout the day.,partly-cloudy-day,"DNIB,DNMM,remote,65201099999,65100099999,65208099999"
"Abeokuta, Ogun, Nigeria",2024-01-26,95.7,74.5,84.2,94.2,74.5,84.3,61.7,50.0,0.0,0,0.0,,0,0,17.4,13.9,81.4,1013.4,27.9,1.3,269.2,23.2,9,10,2024-01-26T07:05:25,2024-01-26T18:52:57,0.52,Partially cloudy,Partly cloudy throughout the day.,partly-cloudy-day,"DNIB,DNMM,65201099999,65100099999,65208099999"
"Abeokuta, Ogun, Nigeria",2024-01-27,95.8,72.4,83.2,94.9,72.4,82.9,59.9,49.5,0.0,0,0.0,,0,0,14.3,8.7,69.6,1012.8,30.5,1.5,269.1,23.2,9,10,2024-01-27T07:05:30,2024-01-27T18:53:18,0.56,Partially cloudy,Partly cloudy throughout the day.,partly-cloudy-day,"DNIB,DNMM,remote,65201099999,65100099999,65208099999"
"Abeokuta, Ogun, Nigeria",2024-01-28,95.0,74.3,83.4,93.2,74.3,83.0,58.8,46.1,0.0,0,0.0,,0,0,17.2,15.0,43.4,1012.5,25.7,1.0,270.4,23.3,9,10,2024-01-28T07:05:33,2024-01-28T18:53:39,0.59,Partially cloudy,Partly cloudy throughout the day.,partly-cloudy-day,"DNIB,DNMM,65201099999,65100099999,65208099999"
"Abeokuta, Ogun, Nigeria",2024-01-29,96.8,76.0,84.3,94.5,76.0,84.4,61.1,49.8,0.0,0,0.0,,0,0,16.8,8.1,99.5,1012.7,25.5,1.8,268.2,23.1,9,10,2024-01-29T07:05:36,2024-01-29T18:53:59,0.62,Partially cloudy,Partly cloudy throughout the day.,partly-cloudy-day,"DNIB,DNMM,remote,65201099999,65100099999,65208099999"
"Abeokuta, Ogun, Nigeria",2024-01-30,97.2,76.2,84.6,103.6,76.2,87.8,70.1,65.3,0.0,0,0.0,,0,0,17.2,11.4,241.5,1012.1,39.8,1.2,264.2,23.1,9,10,2024-01-30T07:05:38,2024-01-30T18:54:18,0.65,Partially cloudy,Partly cloudy throughout the day.,partly-cloudy-day,"DNIB,DNMM,65201099999,65100099999,65208099999"
"Abeokuta, Ogun, Nigeria",2024-01-31,95.1,77.7,84.9,107.4,77.7,90.8,74.1,72.2,0.0,0,0.0,,0,0,20.4,11.4,230.6,1012.9,37.1,1.9,261.9,22.7,9,10,2024-01-31T07:05:39,2024-01-31T18:54:36,0.69,Partially cloudy,Partly cloudy throughout the day.,partly-cloudy-day,"DNIB,DNMM,remote,65201099999,65100099999,65208099999"
"Abeokuta, Ogun, Nigeria",2024-02-01,96.5,77.0,85.1,104.1,77.0,91.5,74.8,73.5,0.0,0,0.0,,0,0,17.9,9.4,241.4,1013.9,39.6,2.1,248.2,21.5,9,30,2024-02-01T07:05:39,2024-02-01T18:54:54,0.72,Partially cloudy,Partly cloudy throughout the day.,partly-cloudy-day,"DNIB,DNMM,65201099999,65100099999,65208099999"
"Abeokuta, Ogun, Nigeria",2024-02-02,95.0,78.8,85.1,100.7,78.8,92.8,75.3,75.6,0.0,0,0.0,,0,0,17.9,15.1,254.0,1012.6,41.0,2.1,262.8,22.8,9,30,2024-02-02T07:05:38,2024-02-02T18:55:11,0.75,Partially cloudy,Partly cloudy throughout the day.,partly-cloudy-day,"DNIB,DNMM,65201099999,65100099999,65208099999"
"Abeokuta, Ogun, Nigeria",2024-02-03,96.8,75.2,84.9,93.7,75.2,85.6,60.3,48.9,0.0,0,0.0,,0,0,15.0,10.6,68.7,1011.5,34.0,1.5,274.5,23.8,9,10,2024-02-03T07:05:36,2024-02-03T18:55:28,0.75,Partially cloudy,Partly cloudy throughout the day.,partly-cloudy-day,"DNIB,DNMM,65201099999,65100099999,65208099999"
"Abeokuta, Ogun, Nigeria",2024-02-04,95.4,75.0,83.6,93.8,75.0,83.1,60.6,49.3,0.0,0,0.0,,0,0,17.0,11.4,91.3,1012.1,29.4,1.9,275.9,23.8,9,10,2024-02-04T07:05:32,2024-02-04T18:55:43,0.82,Partially cloudy,Partly cloudy throughout the day.,partly-cloudy-day,"DNMM,remote,65201099999"
"Abeokuta, Ogun, Nigeria",2024-02-05,98.4,73.4,84.4,95.2,73.4,83.2,55.4,41.3,0.0,0,0.0,,0,0,16.1,10.7,69.1,1013.9,41.5,1.4,275.1,23.8,9,10,2024-02-05T07:05:29,2024-02-05T18:55:58,0.85,Partially cloudy,Partly cloudy throughout the day.,partly-cloudy-day,"DNIB,DNMM,remote,65201099999,65100099999,65208099999"
"Abeokuta, Ogun, Nigeria",2024-02-06,96.4,72.6,83.5,96.2,72.6,82.9,56.7,43.0,0.0,0,0.0,,0,0,19.7,10.5,67.2,1014.0,44.9,0.8,273.0,23.6,9,10,2024-02-06T07:05:24,2024-02-06T18:56:13,0.88,Partially cloudy,Partly cloudy throughout the day.,partly-cloudy-day,"DNIB,DNMM,65201099999,65100099999,65208099999"
"Abeokuta, Ogun, Nigeria",2024-02-07,97.0,73.2,84.3,93.5,73.2,83.2,56.2,43.2,0.0,0,0.0,,0,0,17.2,10.2,75.1,1013.4,30.5,0.7,279.6,24.1,10,10,2024-02-07T07:05:18,2024-02-07T18:56:26,0.92,Partially cloudy,Partly cloudy throughout the day.,partly-cloudy-day,"DNIB,DNMM,65201099999,65100099999,65208099999"
"Abeokuta, Ogun, Nigeria",2024-02-08,98.6,71.6,84.6,96.1,71.6,85.0,60.2,47.6,0.0,0,0.0,,0,0,17.7,8.1,171.0,1012.8,25.8,0.8,278.4,24.1,9,10,2024-02-08T07:05:11,2024-02-08T18:56:39,0.95,Partially cloudy,Partly cloudy throughout the day.,partly-cloudy-day,"DNIB,DNMM,65201099999,65100099999,65208099999"
"Abeokuta, Ogun, Nigeria",2024-02-09,95.8,76.2,84.7,101.7,76.2,87.9,69.8,64.0,0.0,0,0.0,,0,0,15.7,6.9,215.5,1012.9,35.3,1.3,273.3,23.7,9,10,2024-02-09T07:05:03,2024-02-09T18:56:52,0.0,Partially cloudy,Partly cloudy throughout the day.,partly-cloudy-day,"DNIB,DNMM,remote,65201099999,65100099999,65208099999"
"Abeokuta, Ogun, Nigeria",2024-02-10,96.0,77.0,85.5,107.8,77.0,94.5,75.8,74.3,0.0,0,0.0,,0,0,19.2,12.8,211.0,1012.0,35.4,1.7,262.7,22.7,9,10,2024-02-10T07:04:55,2024-02-10T18:57:03,0.02,Partially cloudy,Partly cloudy throughout the day.,partly-cloudy-day,"DNIB,DNMM,remote,65201099999,65100099999,65208099999"
"Abeokuta, Ogun, Nigeria",2024-02-11,98.5,80.1,87.1,112.9,86.3,98.7,77.6,75.8,0.0,0,0.0,,0,0,22.1,13.9,212.0,1011.1,42.7,4.1,265.3,22.9,9,30,2024-02-11T07:04:45,2024-02-11T18:57:14,0.05,Partially cloudy,Partly cloudy throughout the day.,partly-cloudy-day,"DNIB,DNMM,remote,65201099999,65100099999,65208099999"
"Abeokuta, Ogun, Nigeria",2024-02-12,97.0,80.6,87.0,112.9,87.7,98.6,77.9,76.6,0.0,0,0.0,,0,0,22.4,10.5,219.6,1011.0,49.1,4.0,244.1,21.1,8,30,2024-02-12T07:04:35,2024-02-12T18:57:24,0.09,Partially cloudy,Partly cloudy throughout the day.,partly-cloudy-day,"DNIB,DNMM,remote,65201099999,65100099999,65208099999"
"Abeokuta, Ogun, Nigeria",2024-02-13,98.3,82.3,87.7,113.1,92.2,102.1,79.5,78.7,0.0,0,0.0,,0,0,22.4,16.1,226.4,1011.5,53.8,4.5,225.8,19.5,9,30,2024-02-13T07:04:24,2024-02-13T18:57:34,0.12,Partially cloudy,Partly cloudy throughout the day.,partly-cloudy-day,"DNIB,DNMM,65201099999,65100099999,65208099999"
"Abeokuta, Ogun, Nigeria",2024-02-14,98.7,82.4,88.5,114.3,93.4,101.8,78.4,74.6,0.0,0,0.0,rain,0,0,23.9,12.8,223.4,1011.9,49.3,4.8,240.2,20.7,9,60,2024-02-14T07:04:12,2024-02-14T18:57:43,0.15,Partially cloudy,Partly cloudy throughout the day.,partly-cloudy-day,"DNIB,DNMM,65201099999,65100099999,65208099999"
"Abeokuta, Ogun, Nigeria",2024-02-15,97.1,81.6,87.4,110.9,90.4,99.5,77.7,75.6,0.0,0,0.0,rain,0,0,23.9,11.9,225.0,1011.5,46.4,5.2,250.7,21.6,9,75,2024-02-15T07:03:59,2024-02-15T18:57:51,0.19,Partially cloudy,Partly cloudy throughout the day.,partly-cloudy-day,"DNIB,DNMM,remote,65201099999,65100099999,65208099999"
"Abeokuta, Ogun, Nigeria",2024-02-16,98.6,80.5,86.9,107.4,87.1,97.2,76.6,73.9,0.079,100,4.17,rain,0,0,22.6,11.4,225.2,1011.5,44.6,5.2,245.7,21.3,9,60,2024-02-16T07:03:45,2024-02-16T18:57:58,0.25,"Rain, Partially cloudy",Partly cloudy throughout the day with early morning rain.,rain,"DNIB,DNMM,remote,65201099999,65100099999,65208099999"
"Abeokuta, Ogun, Nigeria",2024-02-17,96.8,79.5,86.2,112.4,79.5,96.4,76.9,75.6,0.0,0,0.0,,0,0,22.8,13.9,228.0,1011.8,49.5,5.3,253.4,21.8,9,30,2024-02-17T07:03:31,2024-02-17T18:58:05,0.26,Partially cloudy,Partly cloudy throughout the day.,partly-cloudy-day,"DNIB,DNMM,remote,65201099999,65100099999,65208099999"
"Abeokuta, Ogun, Nigeria",2024-02-18,96.0,80.6,86.5,110.4,87.1,98.1,77.9,77.2,0.0,0,0.0,,0,0,22.1,11.4,223.2,1011.4,51.8,5.5,241.4,20.8,9,60,2024-02-18T07:03:15,2024-02-18T18:58:11,0.29,Partially cloudy,Partly cloudy throughout the day.,partly-cloudy-day,"DNIB,DNMM,65201099999,65100099999,65208099999"
"Abeokuta, Ogun, Nigeria",2024-02-19,96.8,80.9,87.0,109.9,88.9,99.6,78.3,76.9,0.0,0,0.0,rain,0,0,19.2,11.4,218.1,1010.9,53.8,5.6,232.5,20.1,9,60,2024-02-19T07:02:59,2024-02-19T18:58:17,0.33,Partially cloudy,Partly cloudy throughout the day.,partly-cloudy-day,"DNIB,DNMM,remote,65201099999,65100099999,65208099999"
"Abeokuta, Ogun, Nigeria",2024-02-20,93.2,74.2,83.6,102.7,74.2,91.9,76.1,79.4,1.575,100,4.17,rain,0,0,19.9,10.3,195.7,1009.5,50.3,5.7,214.9,18.6,8,60,2024-02-20T07:02:43,2024-02-20T18:58:22,0.36,"Rain, Partially cloudy",Partly cloudy throughout the day with afternoon rain.,rain,"DNIB,DNMM,remote,65201099999,65100099999,65208099999"
"Abeokuta, Ogun, Nigeria",2024-02-21,98.5,80.0,86.0,116.1,86.0,97.5,78.0,78.9,0.043,100,12.5,rain,0,0,21.3,10.3,216.6,1008.3,57.8,7.0,220.3,18.9,9,30,2024-02-21T07:02:25,2024-02-21T18:58:26,0.39,"Rain, Partially cloudy",Partly cloudy throughout the day with afternoon rain.,rain,"DNIB,DNMM,remote,65201099999,65100099999,65208099999"
"Abeokuta, Ogun, Nigeria",2024-02-22,89.8,73.4,81.6,100.0,73.4,88.4,75.8,83.3,1.575,100,4.17,rain,0,0,40.3,13.9,145.5,1009.0,58.7,5.2,244.6,21.1,8,60,2024-02-22T07:02:07,2024-02-22T18:58:30,0.43,"Rain, Partially cloudy",Partly cloudy throughout the day with afternoon rain.,rain,"DNIB,DNMM,65201099999,65100099999,65208099999"
"Abeokuta, Ogun, Nigeria",2024-02-23,89.7,78.5,83.8,101.7,78.5,93.5,77.6,82.1,0.0,0,0.0,rain,0,0,16.8,8.1,179.5,1010.1,48.0,5.2,140.0,12.1,5,10,2024-02-23T07:01:48,2024-02-23T18:58:34,0.46,Partially cloudy,Partly cloudy throughout the day.,partly-cloudy-day,"DNIB,DNMM,65201099999,65100099999,65208099999"
"Abeokuta, Ogun, Nigeria",2024-02-24,92.9,77.0,83.5,99.9,77.0,88.2,74.3,75.8,0.945,100,4.17,rain,0,0,21.9,13.9,143.5,1011.8,45.7,4.8,92.6,8.0,5,10,2024-02-24T07:01:28,2024-02-24T18:58:36,0.5,"Rain, Partially cloudy",Partly cloudy throughout the day with morning rain.,rain,"DNIB,DNMM,65201099999,65100099999,65208099999"
"Abeokuta, Ogun, Nigeria",2024-02-25,95.0,77.2,85.3,110.0,77.2,93.7,76.0,75.2,0.866,100,4.17,rain,0,0,17.7,11.4,201.3,1012.4,44.3,5.3,237.2,20.5,9,10,2024-02-25T07:01:08,2024-02-25T18:58:39,0.53,"Rain, Partially cloudy",Partly cloudy throughout the day with early morning rain.,rain,"DNIB,DNMM,65201099999,65100099999,65208099999"
"Abeokuta, Ogun, Nigeria",2024-02-26,94.8,80.6,85.9,110.5,87.1,98.0,78.7,80.6,0.0,0,0.0,,0,0,19.2,13.9,202.7,1011.3,50.7,5.9,233.2,20.1,9,30,2024-02-26T07:00:47,2024-02-26T18:58:40,0.57,Partially cloudy,Partly cloudy throughout the day.,partly-cloudy-day,"DNIB,DNMM,65201099999,65100099999,65208099999"
"Abeokuta, Ogun, Nigeria",2024-02-27,93.2,79.7,85.8,110.4,79.7,97.6,78.7,80.5,0.0,0,0.0,,0,0,20.6,12.8,213.3,1010.3,48.7,6.3,250.8,21.8,9,60,2024-02-27T07:00:25,2024-02-27T18:58:41,0.6,Partially cloudy,Partly cloudy throughout the day.,partly-cloudy-day,"DNIB,DNMM,remote,65201099999,65100099999,65208099999"
"Abeokuta, Ogun, Nigeria",2024-02-28,98.9,80.5,86.8,110.7,87.8,99.0,78.4,77.9,0.0,0,0.0,,0,0,18.3,12.7,218.0,1009.4,55.6,8.1,249.9,21.7,9,60,2024-02-28T07:00:03,2024-02-28T18:58:42,0.63,Partially cloudy,Partly cloudy throughout the day.,partly-cloudy-day,"DNIB,DNMM,remote,65201099999,65100099999,65208099999"
"Abeokuta, Ogun, Nigeria",2024-02-29,95.2,80.6,86.7,112.9,88.1,98.7,78.2,77.6,0.0,0,0.0,,0,0,23.7,19.7,225.7,1009.0,47.7,6.1,253.4,21.9,9,60,2024-02-29T06:59:40,2024-02-29T18:58:42,0.67,Partially cloudy,Partly cloudy throughout the day.,partly-cloudy-day,"DNIB,DNMM,65201099999,65100099999,65208099999"
"Abeokuta, Ogun, Nigeria",2024-03-01,93.3,80.4,85.5,110.4,87.5,97.2,78.5,80.7,0.024,100,8.33,rain,0,0,23.7,13.9,224.3,1009.7,52.1,6.2,142.9,12.4,5,75,2024-03-01T06:59:17,2024-03-01T18:58:42,0.7,"Rain, Partially cloudy",Partly cloudy throughout the day with rain in the morning and afternoon.,rain,"DNIB,DNMM,remote,65201099999,65100099999,65208099999"
"Abeokuta, Ogun, Nigeria",2024-03-02,95.7,79.7,85.7,116.1,79.7,96.8,78.3,79.7,0.0,0,0.0,rain,0,0,18.3,15.0,211.1,1010.9,54.9,6.1,230.4,19.9,9,60,2024-03-02T06:58:53,2024-03-02T18:58:41,0.73,Partially cloudy,Partly cloudy throughout the day.,partly-cloudy-day,"DNIB,DNMM,65201099999,65100099999,65208099999"
"Abeokuta, Ogun, Nigeria",2024-03-03,94.2,76.8,84.2,105.4,76.8,91.2,74.8,74.5,0.004,100,4.17,rain,0,0,17.2,10.3,202.7,1011.5,64.2,7.6,213.0,18.4,8,60,2024-03-03T06:58:29,2024-03-03T18:58:40,0.75,"Rain, Partially cloudy",Partly cloudy throughout the day with morning rain.,rain,"DNIB,DNMM,remote,65201099999,65100099999,65208099999"
"Abeokuta, Ogun, Nigeria",2024-03-04,95.8,78.0,85.2,108.1,78.0,92.2,75.8,75.5,0.0,0,0.0,,0,0,21.9,12.8,215.8,1010.8,41.3,6.0,271.2,23.5,10,10,2024-03-04T06:58:04,2024-03-04T18:58:38,0.8,Partially cloudy,Partly cloudy throughout the day.,partly-cloudy-day,"DNIB,DNMM,65201099999,65100099999,65208099999"
"Abeokuta, Ogun, Nigeria",2024-03-05,95.0,78.8,86.0,110.4,78.8,95.4,76.4,74.7,0.0,0,0.0,,0,0,19.5,12.8,222.2,1010.6,48.2,6.6,264.5,23.0,10,30,2024-03-05T06:57:39,2024-03-05T18:58:36,0.83,Partially cloudy,Partly cloudy throughout the day.,partly-cloudy-day,"DNIB,DNMM,remote,65201099999,65100099999,65208099999"
"Abeokuta, Ogun, Nigeria",2024-03-06,95.1,80.6,86.6,112.9,87.7,98.8,78.2,77.3,0.004,100,4.17,rain,0,0,21.9,16.1,216.4,1011.2,59.2,6.2,253.7,21.8,9,60,2024-03-06T06:57:13,2024-03-06T18:58:34,0.87,"Rain, Partially cloudy",Partly cloudy throughout the day with afternoon rain.,rain,"DNIB,DNMM,remote,65201099999,65100099999,65208099999"
"Abeokuta, Ogun, Nigeria",2024-03-07,95.0,77.0,83.9,112.9,77.0,92.1,77.0,80.9,0.0,0,0.0,,0,0,20.1,13.5,227.9,1012.1,51.2,6.4,229.4,19.7,8,60,2024-03-07T06:56:47,2024-03-07T18:58:31,0.9,Partially cloudy,Partly cloudy throughout the day.,partly-cloudy-day,"DNIB,DNMM,remote,65201099999,65100099999,65208099999"
"Abeokuta, Ogun, Nigeria",2024-03-08,97.2,78.8,85.5,109.8,78.8,94.9,77.1,77.7,0.866,100,4.17,rain,0,0,23.0,13.9,228.0,1011.6,57.2,7.3,243.4,20.9,9,30,2024-03-08T06:56:20,2024-03-08T18:58:28,0.94,"Rain, Partially cloudy",Partly cloudy throughout the day with early morning rain.,rain,"DNIB,DNMM,remote,65201099999,65100099999,65208099999"
"Abeokuta, Ogun, Nigeria",2024-03-09,93.2,69.8,80.7,107.8,69.8,86.4,74.4,82.7,1.024,100,8.33,rain,0,0,25.3,15.2,185.0,1011.8,60.5,5.3,236.7,20.5,9,30,2024-03-09T06:55:53,2024-03-09T18:58:24,0.97,"Rain, Partially cloudy",Partly cloudy throughout the day with rain clearing later.,rain,"DNIB,DNMM,remote,65201099999,65100099999,65208099999"
"Abeokuta, Ogun, Nigeria",2024-03-10,96.5,77.2,85.1,110.0,77.2,92.7,76.6,77.7,0.0,0,0.0,,0,0,20.6,12.8,193.7,1010.6,43.0,5.6,273.6,23.8,9,60,2024-03-10T06:55:26,2024-03-10T18:58:21,0.0,Partially cloudy,Partly cloudy throughout the day.,partly-cloudy-day,"DNIB,DNMM,65201099999,65100099999,65208099999"
"Abeokuta, Ogun, Nigeria",2024-03-11,93.3,78.8,85.8,110.4,78.8,96.1,77.6,77.7,0.0,0,0.0,,0,0,22.4,15.0,213.8,1011.6,54.1,7.3,237.6,20.7,8,60,2024-03-11T06:54:58,2024-03-11T18:58:16,0.04,Partially cloudy,Partly cloudy throughout the day.,partly-cloudy-day,"DNIB,DNMM,remote,65201099999,65100099999,65208099999"
"Abeokuta, Ogun, Nigeria",2024-03-12,94.9,80.5,86.4,110.4,86.9,98.4,78.1,77.7,0.016,100,4.17,rain,0,0,20.1,13.9,216.1,1012.0,62.8,8.7,204.7,17.9,8,60,2024-03-12T06:54:30,2024-03-12T18:58:12,0.07,"Rain, Partially cloudy",Partly cloudy throughout the day with afternoon rain.,rain,"DNIB,DNMM,remote,65201099999,65100099999,65208099999"
"Abeokuta, Ogun, Nigeria",2024-03-13,94.2,80.4,85.7,108.2,87.4,97.0,77.9,78.4,0.012,100,4.17,rain,0,0,24.2,11.4,207.6,1011.9,67.9,8.0,219.0,18.9,8,60,2024-03-13T06:54:02,2024-03-13T18:58:08,0.1,"Rain, Partially cloudy",Partly cloudy throughout the day with afternoon rain.,rain,"DNIB,DNMM,remote,65201099999,65100099999,65208099999"
"Abeokuta, Ogun, Nigeria",2024-03-14,94.7,80.6,86.2,107.3,86.5,96.7,77.1,75.6,0.048,100,12.5,rain,0,0,27.3,9.6,214.5,1012.1,55.2,8.0,247.0,21.4,9,60,2024-03-14T06:53:34,2024-03-14T18:58:03,0.14,"Rain, Partially cloudy",Partly cloudy throughout the day with rain.,rain,"DNIB,DNMM,remote,65201099999,65100099999,65208099999"
"Abeokuta, Ogun, Nigeria",2024-03-15,99.6,78.9,87.4,115.4,78.9,96.6,76.3,72.0,0.0,0,0.0,rain,0,0,15.2,11.8,221.0,1010.8,57.5,8.8,240.5,20.8,8,30,2024-03-15T06:53:05,2024-03-15T18:57:58,0.17,Partially cloudy,Partly cloudy throughout the day.,partly-cloudy-day,"DNIB,DNMM,remote,65201099999,65100099999,65208099999"
"Abeokuta, Ogun, Nigeria",2024-03-16,98.3,78.8,86.4,115.5,78.8,97.3,77.8,77.3,0.0,0,0.0,,0,0,21.3,16.1,204.6,1010.0,52.8,8.6,254.8,22.0,9,60,2024-03-16T06:52:36,2024-03-16T18:57:52,0.2,Partially cloudy,Partly cloudy throughout the day.,partly-cloudy-day,"DNIB,DNMM,remote,65201099999,65100099999,65208099999"
"Abeokuta, Ogun, Nigeria",2024-03-17,95.0,77.0,86.1,115.4,77.0,97.8,78.1,78.5,0.004,100,4.17,rain,0,0,19.5,11.4,202.4,1009.4,54.3,8.1,227.6,19.7,9,75,2024-03-17T06:52:07,2024-03-17T18:57:47,0.25,"Rain, Partially cloudy",Partly cloudy throughout the day with morning rain.,rain,"DNIB,DNMM,remote,65201099999,65100099999,65208099999"
"Abeokuta, Ogun, Nigeria",2024-03-18,95.0,77.0,85.6,112.9,77.0,97.1,78.9,81.8,0.0,0,0.0,,0,0,18.6,17.2,201.3,1008.5,53.6,6.1,250.5,21.8,9,60,2024-03-18T06:51:37,2024-03-18T18:57:41,0.27,Partially cloudy,Partly cloudy throughout the day.,partly-cloudy-day,"DNIB,DNMM,65201099999,65100099999,65208099999"
"Abeokuta, Ogun, Nigeria",2024-03-19,98.6,77.0,85.5,112.4,77.0,93.1,75.7,75.0,0.0,0,0.0,,0,0,21.7,11.4,210.2,1008.0,55.6,8.0,260.8,22.6,9,60,2024-03-19T06:51:08,2024-03-19T18:57:36,0.3,Partially cloudy,Partly cloudy throughout the day.,partly-cloudy-day,"DNIB,DNMM,remote,65201099999,65100099999,65208099999"
"Abeokuta, Ogun, Nigeria",2024-03-20,95.1,78.5,87.0,111.2,78.5,98.8,78.1,76.5,0.0,0,0.0,,0,0,20.1,12.8,213.6,1008.0,70.1,9.8,245.8,21.2,9,30,2024-03-20T06:50:38,2024-03-20T18:57:30,0.34,Partially cloudy,Partly cloudy throughout the day.,partly-cloudy-day,"DNIB,65213099999,DNMM,remote,65201099999,65100099999,65208099999"
"Abeokuta, Ogun, Nigeria",2024-03-21,96.8,75.3,85.2,115.3,75.3,96.9,78.3,80.8,0.363,100,20.83,rain,0,0,16.1,11.4,223.6,1008.9,74.7,9.5,242.6,20.8,9,60,2024-03-21T06:50:08,2024-03-21T18:57:24,0.37,"Rain, Partially cloudy",Partly cloudy throughout the day with rain.,rain,"DNIB,DNMM,remote,65201099999,65100099999,65208099999"
"Abeokuta, Ogun, Nigeria",2024-03-22,98.0,77.0,83.9,113.3,77.0,91.2,76.5,80.1,0.0,0,0.0,,0,0,38.0,20.8,202.8,1008.7,51.6,7.1,257.2,22.1,9,60,2024-03-22T06:49:38,2024-03-22T18:57:18,0.41,Partially cloudy,Partly cloudy throughout the day.,partly-cloudy-day,"DNIB,DNMM,remote,65201099999,65100099999,65208099999"
"Abeokuta, Ogun, Nigeria",2024-03-23,95.8,75.8,85.1,108.1,75.8,93.4,76.4,77.1,0.016,100,4.17,rain,0,0,24.8,10.3,183.2,1009.1,49.0,6.0,221.2,19.1,8,60,2024-03-23T06:49:08,2024-03-23T18:57:12,0.44,"Rain, Partially cloudy",Partly cloudy throughout the day with afternoon rain.,rain,"DNIB,DNMM,remote,65201099999,65100099999,65208099999"
"Abeokuta, Ogun, Nigeria",2024-03-24,95.4,79.1,86.1,110.4,79.1,96.9,78.0,78.3,0.0,0,0.0,,0,0,16.8,9.2,214.3,1009.6,52.1,6.9,247.8,21.5,9,30,2024-03-24T06:48:38,2024-03-24T18:57:06,0.47,Partially cloudy,Partly cloudy throughout the day.,partly-cloudy-day,"DNIB,DNMM,remote,65201099999,65100099999,65208099999"
"Abeokuta, Ogun, Nigeria",2024-03-25,95.1,77.0,86.1,114.7,77.0,98.3,78.3,78.6,0.0,0,0.0,rain,0,0,21.5,17.2,214.7,1010.6,55.9,5.8,252.8,21.9,9,60,2024-03-25T06:48:08,2024-03-25T18:56:59,0.5,Partially cloudy,Partly cloudy throughout the day.,partly-cloudy-day,"DNIB,DNMM,65201099999,65100099999,65208099999"
"Abeokuta, Ogun, Nigeria",2024-03-26,93.9,77.0,84.6,109.9,77.0,93.0,76.7,78.6,0.079,100,4.17,rain,0,0,19.5,10.3,188.3,1010.8,49.7,6.5,206.7,17.9,8,60,2024-03-26T06:47:38,2024-03-26T18:56:53,0.54,"Rain, Partially cloudy",Partly cloudy throughout the day with morning rain.,rain,"DNIB,DNMM,remote,65201099999,65100099999,65208099999"
"Abeokuta, Ogun, Nigeria",2024-03-27,97.6,80.6,87.2,118.6,88.0,100.9,79.1,78.2,0.0,0,0.0,,0,0,19.5,12.8,208.8,1009.9,42.4,7.2,252.6,21.8,9,30,2024-03-27T06:47:08,2024-03-27T18:56:47,0.57,Partially cloudy,Partly cloudy throughout the day.,partly-cloudy-day,"DNIB,DNMM,remote,65201099999,65100099999,65208099999"
"Abeokuta, Ogun, Nigeria",2024-03-28,94.9,80.5,87.3,114.0,87.9,101.9,79.6,79.2,0.004,100,4.17,rain,0,0,21.9,12.4,207.2,1010.3,48.9,7.3,254.6,21.8,9,75,2024-03-28T06:46:38,2024-03-28T18:56:41,0.61,"Rain, Partially cloudy",Partly cloudy throughout the day with late afternoon rain.,rain,"DNIB,DNMM,remote"
"Abeokuta, Ogun, Nigeria",2024-03-29,96.4,81.6,88.1,118.5,91.9,104.4,80.3,78.8,0.024,100,8.33,rain,0,0,24.8,15.5,219.1,1009.8,43.5,6.9,258.8,22.2,9,60,2024-03-29T06:46:09,2024-03-29T18:56:35,0.64,"Rain, Partially cloudy",Partly cloudy throughout the day with afternoon rain.,rain,"DNIB,DNMM,remote"
"Abeokuta, Ogun, Nigeria",2024-03-30,95.7,81.6,87.4,112.6,90.6,101.0,78.8,77.0,0.04,100,20.83,rain,0,0,19.0,13.2,208.3,1010.2,46.8,7.3,234.2,20.3,9,75,2024-03-30T06:45:39,2024-03-30T18:56:29,0.68,"Rain, Partially cloudy",Partly cloudy throughout the day with rain in the morning and afternoon.,rain,"DNIB,DNMM,remote"
"Abeokuta, Ogun, Nigeria",2024-03-31,94.9,80.5,87.3,112.6,87.9,100.7,78.8,77.2,0.004,100,4.17,rain,0,0,19.9,15.0,202.5,1010.6,48.4,6.2,250.0,21.5,9,60,2024-03-31T06:45:09,2024-03-31T18:56:23,0.71,"Rain, Partially cloudy",Partly cloudy throughout the day with afternoon rain.,rain,"DNIB,DNMM"
"Abeokuta, Ogun, Nigeria",2024-04-01,94.2,82.1,86.7,110.6,91.6,101.0,79.5,79.9,0.091,100,41.67,rain,0,0,20.6,14.7,211.7,1011.2,70.4,8.0,194.9,16.9,7,60,2024-04-01T06:44:40,2024-04-01T18:56:17,0.75,"Rain, Partially cloudy",Partly cloudy throughout the day with rain in the morning and afternoon.,rain,"DNIB,DNMM,remote,65201099999,65100099999,65208099999"
"Abeokuta, Ogun, Nigeria",2024-04-02,96.4,78.3,87.4,115.8,78.3,100.9,78.8,77.1,0.012,100,8.33,rain,0,0,20.1,15.0,201.5,1009.7,52.8,7.6,254.0,22.1,9,60,2024-04-02T06:44:10,2024-04-02T18:56:11,0.75,"Rain, Partially cloudy",Partly cloudy throughout the day with rain.,rain,"DNIB,DNMM,remote,65201099999"
"Abeokuta, Ogun, Nigeria",2024-04-03,93.8,73.4,81.9,105.0,73.4,88.0,74.5,79.7,0.394,100,4.17,rain,0,0,57.5,9.8,182.3,1008.6,57.5,9.0,239.6,20.8,8,75,2024-04-03T06:43:41,2024-04-03T18:56:05,0.82,"Rain, Partially cloudy",Partly cloudy throughout the day with early morning rain.,rain,"DNIB,DNMM,remote,65201099999,65100099999,65208099999"
"Abeokuta, Ogun, Nigeria",2024-04-04,96.0,78.0,85.6,108.6,78.0,93.8,76.5,76.1,0.0,0,0.0,rain,0,0,21.9,11.5,205.4,1009.1,59.7,8.4,261.6,22.7,9,60,2024-04-04T06:43:12,2024-04-04T18:55:59,0.85,Partially cloudy,Partly cloudy throughout the day.,partly-cloudy-day,"DNIB,DNMM,remote,65201099999,65100099999,65208099999"
"Abeokuta, Ogun, Nigeria",2024-04-05,95.8,80.4,85.9,114.4,86.7,98.8,79.1,81.1,0.0,0,0.0,rain,0,0,21.9,15.0,214.7,1010.4,64.3,6.1,173.7,15.0,8,60,2024-04-05T06:42:43,2024-04-05T18:55:54,0.89,Partially cloudy,Partly cloudy throughout the day.,partly-cloudy-day,"DNIB,DNMM,65201099999,65100099999,65208099999"
"Abeokuta, Ogun, Nigeria",2024-04-06,91.2,81.2,85.6,108.1,88.5,99.2,79.6,82.9,0.024,100,8.33,rain,0,0,17.7,13.9,216.1,1011.3,49.4,6.2,227.7,19.6,8,60,2024-04-06T06:42:14,2024-04-06T18:55:49,0.92,"Rain, Partially cloudy",Partly cloudy throughout the day with afternoon rain.,rain,"DNIB,DNMM,65201099999,65100099999,65208099999"
"Abeokuta, Ogun, Nigeria",2024-04-07,96.0,78.4,86.0,111.0,78.4,96.4,77.9,78.7,0.0,0,0.0,rain,0,0,18.6,13.9,228.7,1011.1,42.1,6.1,279.3,24.1,10,60,2024-04-07T06:41:46,2024-04-07T18:55:44,0.95,Partially cloudy,Partly cloudy throughout the day.,partly-cloudy-day,"DNIB,DNMM,65201099999,65100099999,65208099999"
"Abeokuta, Ogun, Nigeria",2024-04-08,91.4,77.0,83.8,105.1,77.0,90.7,75.4,76.6,0.0,0,0.0,rain,0,0,24.6,11.6,221.8,1010.1,49.5,6.6,265.8,22.8,10,30,2024-04-08T06:41:18,2024-04-08T18:55:39,0.0,Partially cloudy,Partly cloudy throughout the day.,partly-cloudy-day,"DNIB,DNMM,remote,65201099999,65100099999,65208099999"
"Abeokuta, Ogun, Nigeria",2024-04-09,93.2,78.8,85.9,109.8,78.8,96.5,77.8,77.6,0.0,0,0.0,,0,0,19.5,16.1,176.4,1009.6,53.3,6.1,241.9,20.9,9,30,2024-04-09T06:40:50,2024-04-09T18:55:34,0.02,Partially cloudy,Partly cloudy throughout the day.,partly-cloudy-day,"DNIB,DNMM,65201099999,65100099999,65208099999"
"Abeokuta, Ogun, Nigeria",2024-04-10,95.6,76.7,86.1,116.4,76.7,98.3,78.0,77.8,0.0,0,0.0,rain,0,0,21.9,16.1,197.0,1009.2,58.6,6.1,258.9,22.4,9,60,2024-04-10T06:40:23,2024-04-10T18:55:30,0.06,Partially cloudy,Partly cloudy throughout the day.,partly-cloudy-day,"DNIB,DNMM,65201099999,65100099999,65208099999"
"Abeokuta, Ogun, Nigeria",2024-04-11,93.5,76.2,84.2,110.8,76.2,93.3,76.8,79.4,0.0,0,0.0,rain,0,0,18.8,12.7,236.8,1009.9,67.8,6.6,217.4,18.7,8,60,2024-04-11T06:39:55,2024-04-11T18:55:26,0.09,Partially cloudy,Partly cloudy throughout the day.,partly-cloudy-day,"DNIB,DNMM,remote,65201099999,65100099999,65208099999"
"Abeokuta, Ogun, Nigeria",2024-04-12,95.4,80.6,86.3,110.8,87.1,97.4,77.4,76.0,0.0,0,0.0,,0,0,21.9,19.7,198.8,1010.7,54.8,7.2,171.7,14.7,7,60,2024-04-12T06:39:29,2024-04-12T18:55:22,0.12,Partially cloudy,Partly cloudy throughout the day.,partly-cloudy-day,"DNIB,DNMM,remote,65201099999,65100099999,65208099999"
"Abeokuta, Ogun, Nigeria",2024-04-13,95.0,80.5,86.9,112.9,87.1,98.5,77.5,74.6,0.0,0,0.0,rain,0,0,21.0,16.1,216.0,1010.3,47.0,6.9,229.2,19.8,8,30,2024-04-13T06:39:02,2024-04-13T18:55:18,0.15,Partially cloudy,Partly cloudy throughout the day.,partly-cloudy-day,"DNIB,DNMM,remote,65201099999,65100099999,65208099999"
"Abeokuta, Ogun, Nigeria",2024-04-14,86.0,79.8,82.8,99.4,79.8,91.4,77.1,83.2,0.157,100,4.17,rain,0,0,15.9,13.9,292.7,1011.0,40.2,6.1,235.5,20.3,8,30,2024-04-14T06:38:36,2024-04-14T18:55:15,0.19,"Rain, Partially cloudy",Partly cloudy throughout the day with afternoon rain.,rain,"DNIB,DNMM,remote,65201099999,65100099999,65208099999"
"Abeokuta, Ogun, Nigeria",2024-04-15,95.2,80.2,86.7,116.1,87.0,99.1,78.3,77.2,0.0,0,0.0,rain,0,0,14.1,12.8,200.7,1010.9,52.5,7.3,146.7,12.6,5,30,2024-04-15T06:38:10,2024-04-15T18:55:11,0.25,Partially cloudy,Partly cloudy throughout the day.,partly-cloudy-day,"65210099999,DNIB,DNMM,remote,65201099999,65100099999,65208099999"
"Abeokuta, Ogun, Nigeria",2024-04-16,89.9,79.3,84.3,105.7,79.3,95.0,78.6,83.6,0.079,100,4.17,rain,0,0,17.4,10.3,225.4,1010.7,61.6,5.4,203.9,17.8,8,75,2024-04-16T06:37:45,2024-04-16T18:55:09,0.25,"Rain, Partially cloudy",Partly cloudy throughout the day with morning rain.,rain,"DNIB,DNMM,65201099999,65100099999,65208099999"
"Abeokuta, Ogun, Nigeria",2024-04-17,91.5,77.4,84.9,106.8,77.4,95.2,77.8,80.5,0.0,0,0.0,,0,0,17.9,10.3,220.7,1009.5,49.8,6.3,222.2,18.9,8,30,2024-04-17T06:37:20,2024-04-17T18:55:06,0.29,Partially cloudy,Partly cloudy throughout the day.,partly-cloudy-day,"DNIB,DNMM,remote,65201099999,65100099999,65208099999"
"Abeokuta, Ogun, Nigeria",2024-04-18,96.8,80.6,87.3,111.6,88.1,100.3,78.8,77.6,0.012,100,4.17,rain,0,0,20.6,16.1,206.2,1009.9,45.3,7.5,271.6,23.5,9,30,2024-04-18T06:36:56,2024-04-18T18:55:04,0.32,"Rain, Partially cloudy",Partly cloudy throughout the day with afternoon rain.,rain,"DNIB,DNMM,remote,65201099999,65100099999,65208099999"
"Abeokuta, Ogun, Nigeria",2024-04-19,95.0,81.2,87.8,113.5,89.8,102.6,79.4,77.3,0.0,0,0.0,,0,0,19.7,15.9,199.6,1010.2,60.5,7.3,238.9,20.7,9,60,2024-04-19T06:36:32,2024-04-19T18:55:02,0.35,Partially cloudy,Partly cloudy throughout the day.,partly-cloudy-day,"DNIB,DNMM,remote,65201099999,65100099999,65208099999"
"Abeokuta, Ogun, Nigeria",2024-04-20,95.8,80.3,87.4,111.2,86.7,100.6,78.5,76.0,0.0,0,0.0,rain,0,0,21.9,15.3,219.6,1009.1,58.1,6.5,230.8,19.7,7,60,2024-04-20T06:36:09,2024-04-20T18:55:01,0.38,Partially cloudy,Partly cloudy throughout the day.,partly-cloudy-day,"DNIB,DNMM,remote,65201099999,65100099999,65208099999"
"Abeokuta, Ogun, Nigeria",2024-04-21,93.1,77.0,82.8,110.1,77.0,91.1,77.3,84.3,0.276,100,4.17,rain,0,0,61.1,15.4,226.3,1008.8,52.7,6.1,234.6,20.1,8,60,2024-04-21T06:35:46,2024-04-21T18:55:00,0.42,"Rain, Partially cloudy",Partly cloudy throughout the day with late afternoon rain.,rain,"DNIB,DNMM,remote,65201099999,65100099999,65208099999"
"Abeokuta, Ogun, Nigeria",2024-04-22,98.6,73.4,84.4,112.2,73.4,91.9,75.4,76.5,0.0,0,0.0,,0,0,18.8,12.8,246.6,1009.6,40.1,5.8,269.8,23.4,9,30,2024-04-22T06:35:23,2024-04-22T18:54:59,0.45,Partially cloudy,Partly cloudy throughout the day.,partly-cloudy-day,"DNIB,DNMM,65201099999,65100099999,65208099999"
"Abeokuta, Ogun, Nigeria",2024-04-23,88.8,73.4,81.3,98.0,73.4,87.2,75.3,83.0,0.433,100,8.33,rain,0,0,46.1,25.3,124.6,1010.6,51.1,5.0,113.3,9.7,5,30,2024-04-23T06:35:01,2024-04-23T18:54:59,0.48,"Rain, Partially cloudy",Partly cloudy throughout the day with rain in the morning and afternoon.,rain,"DNIB,DNMM,65201099999,65100099999,65208099999"
"Abeokuta, Ogun, Nigeria",2024-04-24,92.8,78.4,84.9,109.4,78.4,93.2,76.1,76.1,0.0,0,0.0,,0,0,21.0,13.9,189.9,1010.5,51.6,6.0,222.0,19.2,7,30,2024-04-24T06:34:40,2024-04-24T18:54:59,0.5,Partially cloudy,Partly cloudy throughout the day.,partly-cloudy-day,"DNIB,DNMM,remote,65201099999,65100099999,65208099999"
"Abeokuta, Ogun, Nigeria",2024-04-25,93.2,78.8,85.5,107.8,78.8,95.4,77.5,78.0,0.0,0,0.0,,0,0,19.7,11.7,212.3,1010.3,47.1,6.2,254.1,22.0,9,60,2024-04-25T06:34:19,2024-04-25T18:54:59,0.55,Partially cloudy,Partly cloudy throughout the day.,partly-cloudy-day,"DNIB,DNMM,65201099999,65100099999,65208099999"
"Abeokuta, Ogun, Nigeria",2024-04-26,94.2,78.6,86.4,113.6,78.6,99.9,79.4,80.5,0.004,100,4.17,rain,0,0,18.6,16.1,216.2,1009.3,52.6,6.4,260.0,22.5,9,30,2024-04-26T06:33:59,2024-04-26T18:55:00,0.59,"Rain, Partially cloudy",Partly cloudy throughout the day with morning rain.,rain,"DNIB,DNMM,remote,65201099999,65100099999,65208099999"
"Abeokuta, Ogun, Nigeria",2024-04-27,94.2,80.6,86.3,110.6,88.1,99.6,79.1,80.3,0.0,0,0.0,rain,0,0,17.9,10.4,208.4,1008.2,48.4,6.2,218.4,18.9,8,60,2024-04-27T06:33:39,2024-04-27T18:55:01,0.62,Partially cloudy,Partly cloudy throughout the day.,partly-cloudy-day,"DNIB,DNMM,65201099999,65100099999,65208099999"
"Abeokuta, Ogun, Nigeria",2024-04-28,94.2,81.1,86.9,113.6,90.1,101.6,79.9,80.9,0.0,0,0.0,,0,0,21.9,15.0,199.2,1008.9,47.2,6.1,213.4,18.5,7,75,2024-04-28T06:33:20,2024-04-28T18:55:03,0.66,Partially cloudy,Partly cloudy throughout the day.,partly-cloudy-day,"DNIB,DNMM,65201099999,65100099999,65208099999"
"Abeokuta, Ogun, Nigeria",2024-04-29,93.5,81.3,87.1,111.3,89.9,102.0,79.7,79.6,0.0,0,0.0,rain,0,0,23.5,13.1,216.3,1009.6,49.1,6.2,220.8,19.1,7,60,2024-04-29T06:33:02,2024-04-29T18:55:05,0.69,Partially cloudy,Partly cloudy throughout the day.,partly-cloudy-day,"DNIB,DNMM,65201099999,65100099999,65208099999"
"Abeokuta, Ogun, Nigeria",2024-04-30,94.9,76.9,86.6,112.6,76.9,99.8,78.9,78.9,0.0,0,0.0,,0,0,46.1,16.8,198.7,1008.5,52.4,5.9,253.0,21.9,9,60,2024-04-30T06:32:44,2024-04-30T18:55:08,0.73,Partially cloudy,Partly cloudy throughout the day.,partly-cloudy-day,"DNIB,DNMM,65201099999,65100099999,65208099999"
"Abeokuta, Ogun, Nigeria",2024-05-01,83.5,75.9,80.6,93.7,75.9,85.5,76.4,87.3,0.004,100,4.17,rain,0,0,18.1,11.4,195.5,1008.0,57.0,7.9,187.5,16.1,7,75,2024-05-01T06:32:27,2024-05-01T18:55:11,0.75,"Rain, Partially cloudy",Partly cloudy throughout the day with afternoon rain.,rain,"DNIB,DNMM,remote,65201099999"
"Abeokuta, Ogun, Nigeria",2024-05-02,95.0,76.8,85.3,110.0,76.8,94.5,76.8,76.9,0.0,0,0.0,,0,0,20.8,12.8,193.3,1009.7,39.5,5.9,223.9,19.1,9,30,2024-05-02T06:32:10,2024-05-02T18:55:14,0.8,Partially cloudy,Partly cloudy throughout the day.,partly-cloudy-day,"DNIB,DNMM,65201099999,65100099999,65208099999"
"Abeokuta, Ogun, Nigeria",2024-05-03,86.0,77.0,81.6,99.4,77.0,88.4,76.0,83.3,1.339,100,4.17,rain,0,0,21.7,17.2,178.0,1011.7,46.8,6.4,250.9,21.8,9,60,2024-05-03T06:31:55,2024-05-03T18:55:18,0.83,"Rain, Partially cloudy",Partly cloudy throughout the day with afternoon rain.,rain,"DNIB,DNMM,remote,65201099999,65100099999,65208099999"
"Abeokuta, Ogun, Nigeria",2024-05-04,92.2,75.1,83.4,104.9,75.1,89.6,74.8,76.7,0.0,0,0.0,,0,0,20.1,12.8,184.7,1011.4,38.3,6.4,261.1,22.7,9,30,2024-05-04T06:31:39,2024-05-04T18:55:22,0.87,Partially cloudy,Partly cloudy throughout the day.,partly-cloudy-day,"DNIB,DNMM,remote,65201099999,65100099999,65208099999"
"Abeokuta, Ogun, Nigeria",2024-05-05,95.0,79.6,86.8,110.9,79.6,99.8,78.9,78.7,0.0,0,0.0,,0,0,19.0,13.9,179.0,1009.7,48.8,5.9,223.1,19.3,8,60,2024-05-05T06:31:25,2024-05-05T18:55:27,0.91,Partially cloudy,Partly cloudy throughout the day.,partly-cloudy-day,"DNIB,DNMM,65201099999,65100099999,65208099999"
"Abeokuta, Ogun, Nigeria",2024-05-06,90.2,75.5,82.1,103.1,75.5,88.5,75.8,81.8,0.507,100,8.33,rain,0,0,40.3,12.0,196.4,1009.1,51.7,5.5,230.0,19.7,8,60,2024-05-06T06:31:11,2024-05-06T18:55:32,0.94,"Rain, Partially cloudy",Partly cloudy throughout the day with rain in the morning and afternoon.,rain,"DNIB,DNMM,65201099999,65100099999,65208099999"
"Abeokuta, Ogun, Nigeria",2024-05-07,91.9,78.8,84.3,102.7,78.8,92.0,76.5,78.6,0.043,100,4.17,rain,0,0,16.3,17.2,4.9,1009.9,49.6,6.2,221.6,19.2,8,30,2024-05-07T06:30:58,2024-05-07T18:55:38,0.98,"Rain, Partially cloudy",Partly cloudy throughout the day with afternoon rain.,rain,"DNIB,DNMM,remote,65201099999,65100099999,65208099999"
"Abeokuta, Ogun, Nigeria",2024-05-08,92.2,78.0,85.1,107.8,78.0,95.1,77.6,79.1,0.0,0,0.0,,0,0,21.0,11.0,199.5,1010.0,49.4,6.0,240.3,20.7,9,60,2024-05-08T06:30:45,2024-05-08T18:55:44,0.0,Partially cloudy,Partly cloudy throughout the day.,partly-cloudy-day,"DNIB,DNMM,remote,65201099999,65100099999,65208099999"
"Abeokuta, Ogun, Nigeria",2024-05-09,93.2,79.8,85.8,113.5,79.8,97.4,78.7,80.2,0.0,0,0.0,,0,0,19.0,13.9,206.6,1009.4,58.5,6.0,249.3,21.6,9,30,2024-05-09T06:30:34,2024-05-09T18:55:50,0.04,Partially cloudy,Partly cloudy throughout the day.,partly-cloudy-day,"DNIB,DNMM,65201099999,65100099999,65208099999"
"Abeokuta, Ogun, Nigeria",2024-05-10,92.9,80.6,85.7,108.7,88.0,97.9,78.6,80.3,0.0,0,0.0,,0,0,21.7,11.4,192.6,1009.5,55.7,6.6,227.5,19.6,8,60,2024-05-10T06:30:23,2024-05-10T18:55:57,0.08,Partially cloudy,Partly cloudy throughout the day.,partly-cloudy-day,"DNIB,DNMM,remote,65201099999,65100099999,65208099999"
"Abeokuta, Ogun, Nigeria",2024-05-11,89.6,77.0,81.5,108.6,77.0,88.3,77.2,87.1,1.536,100,8.33,rain,0,0,51.9,15.6,266.8,1010.0,49.0,6.4,243.8,21.2,9,60,2024-05-11T06:30:12,2024-05-11T18:56:04,0.11,"Rain, Partially cloudy",Partly cloudy throughout the day with rain.,rain,"DNIB,DNMM,remote,65201099999,65100099999,65208099999"
"Abeokuta, Ogun, Nigeria",2024-05-12,91.4,75.2,83.3,106.6,75.2,90.7,77.1,82.7,0.0,0,0.0,rain,0,0,18.8,11.4,179.7,1010.9,52.7,4.6,186.1,15.9,7,60,2024-05-12T06:30:03,2024-05-12T18:56:12,0.14,Partially cloudy,Partly cloudy throughout the day.,partly-cloudy-day,"DNIB,DNMM,65201099999,65100099999,65208099999"
"Abeokuta, Ogun, Nigeria",2024-05-13,93.2,75.2,84.4,108.5,75.2,93.1,76.9,79.7,0.182,100,20.83,rain,0,0,19.0,12.8,228.1,1011.3,51.3,6.7,246.0,21.2,9,60,2024-05-13T06:29:54,2024-05-13T18:56:20,0.17,"Rain, Partially cloudy",Partly cloudy throughout the day with rain.,rain,"DNIB,DNMM,remote,65201099999,65100099999,65208099999"
"Abeokuta, Ogun, Nigeria",2024-05-14,93.0,75.1,82.5,103.1,75.1,88.2,74.4,77.9,0.004,100,4.17,rain,0,0,14.8,11.4,177.7,1010.8,57.8,8.5,211.6,18.2,7,30,2024-05-14T06:29:46,2024-05-14T18:56:29,0.2,"Rain, Partially cloudy",Partly cloudy throughout the day with early morning rain.,rain,"DNIB,DNMM,remote,65201099999,65100099999,65208099999"
"Abeokuta, Ogun, Nigeria",2024-05-15,93.2,79.4,85.9,110.4,79.4,96.8,78.5,79.8,0.043,100,4.17,rain,0,0,21.5,12.8,189.4,1010.4,57.4,8.3,242.6,20.9,9,30,2024-05-15T06:29:38,2024-05-15T18:56:38,0.25,"Rain, Partially cloudy",Partly cloudy throughout the day with afternoon rain.,rain,"DNIB,DNMM,remote,65201099999,65100099999,65208099999"
"Abeokuta, Ogun, Nigeria",2024-05-16,84.2,73.4,79.1,98.3,73.4,83.4,76.5,91.8,1.457,100,8.33,rain,0,0,26.4,17.2,168.8,1012.0,49.2,6.1,126.7,10.9,5,60,2024-05-16T06:29:31,2024-05-16T18:56:47,0.27,"Rain, Partially cloudy",Partly cloudy throughout the day with rain.,rain,"DNIB,DNMM,remote,65201099999,65100099999,65208099999"
"Abeokuta, Ogun, Nigeria",2024-05-17,93.0,75.2,83.3,110.8,75.2,92.2,77.2,82.7,0.0,0,0.0,,0,0,15.0,8.1,281.3,1012.6,52.5,5.5,248.7,21.5,8,30,2024-05-17T06:29:25,2024-05-17T18:56:57,0.3,Partially cloudy,Partly cloudy throughout the day.,partly-cloudy-day,"DNIB,DNMM,65201099999,65100099999,65208099999"
"Abeokuta, Ogun, Nigeria",2024-05-18,91.1,77.0,84.2,107.1,77.0,93.7,77.4,80.8,0.0,0,0.0,rain,0,0,51.9,46.1,169.7,1011.8,51.8,6.3,178.6,15.4,5,60,2024-05-18T06:29:20,2024-05-18T18:57:07,0.33,Partially cloudy,Partly cloudy throughout the day.,wind,"DNIB,DNMM,remote,65201099999,65100099999,65208099999"
"Abeokuta, Ogun, Nigeria",2024-05-19,92.0,80.6,85.6,108.1,88.1,97.5,78.4,79.8,0.036,100,33.33,rain,0,0,17.0,12.8,196.5,1010.3,45.3,10.1,228.7,19.6,8,60,2024-05-19T06:29:16,2024-05-19T18:57:18,0.37,"Rain, Partially cloudy",Partly cloudy throughout the day with rain.,rain,"DNIB,DNMM,remote,65201099999,65100099999,65208099999"
"Abeokuta, Ogun, Nigeria",2024-05-20,92.2,79.8,86.2,108.9,79.8,99.2,79.0,80.0,0.0,0,0.0,rain,0,0,17.9,14.0,197.4,1011.2,51.7,6.2,258.0,22.3,8,60,2024-05-20T06:29:12,2024-05-20T18:57:29,0.4,Partially cloudy,Partly cloudy throughout the day.,partly-cloudy-day,"DNIB,DNMM,65201099999,65100099999,65208099999"
"Abeokuta, Ogun, Nigeria",2024-05-21,94.2,81.1,86.5,110.3,89.4,100.0,79.2,79.9,0.0,0,0.0,rain,0,0,20.8,13.5,195.2,1012.1,55.0,6.0,229.6,20.0,8,60,2024-05-21T06:29:09,2024-05-21T18:57:40,0.43,Partially cloudy,Partly cloudy throughout the day.,partly-cloudy-day,"DNIB,DNMM,65201099999,65100099999,65208099999"
"Abeokuta, Ogun, Nigeria",2024-05-22,87.8,73.4,81.0,102.4,73.4,87.2,75.7,84.4,2.087,100,8.33,rain,0,0,57.5,9.0,194.5,1012.6,56.4,6.8,179.8,15.2,6,75,2024-05-22T06:29:06,2024-05-22T18:57:51,0.46,"Rain, Partially cloudy",Partly cloudy throughout the day with rain in the morning and afternoon.,rain,"DNIB,DNMM,remote,65201099999,65100099999,65208099999"
"Abeokuta, Ogun, Nigeria",2024-05-23,91.4,76.2,83.8,110.9,76.2,92.9,77.7,82.8,0.0,0,0.0,,0,0,20.6,8.8,203.6,1011.9,46.8,5.8,214.9,18.5,6,60,2024-05-23T06:29:05,2024-05-23T18:58:03,0.5,Partially cloudy,Partly cloudy throughout the day.,partly-cloudy-day,"DNIB,DNMM,65201099999,65100099999,65208099999"
"Abeokuta, Ogun, Nigeria",2024-05-24,92.4,78.8,83.8,108.5,78.8,94.0,78.5,84.6,0.354,100,4.17,rain,0,0,18.8,11.4,215.9,1012.0,63.0,6.6,194.5,16.7,7,60,2024-05-24T06:29:04,2024-05-24T18:58:15,0.53,"Rain, Partially cloudy",Partly cloudy throughout the day with late afternoon rain.,rain,"DNIB,DNMM,remote,65201099999,65100099999,65208099999"
"Abeokuta, Ogun, Nigeria",2024-05-25,86.0,73.7,79.5,97.2,73.7,83.4,75.8,88.9,2.402,100,12.5,rain,0,0,18.3,13.9,118.7,1013.0,59.6,5.5,139.4,11.9,6,30,2024-05-25T06:29:03,2024-05-25T18:58:28,0.57,"Rain, Partially cloudy",Partly cloudy throughout the day with a chance of rain throughout the day.,rain,"DNIB,DNMM,remote,65201099999,65100099999,65208099999"
"Abeokuta, Ogun, Nigeria",2024-05-26,91.4,77.1,83.4,107.1,77.1,91.8,78.0,84.7,0.008,100,4.17,rain,0,0,15.2,10.3,192.2,1013.0,46.1,5.8,219.5,19.1,8,30,2024-05-26T06:29:04,2024-05-26T18:58:41,0.6,"Rain, Partially cloudy",Partly cloudy throughout the day with afternoon rain.,rain,"DNIB,DNMM,remote,65201099999,65100099999,65208099999"
"Abeokuta, Ogun, Nigeria",2024-05-27,91.4,77.7,84.2,108.3,77.7,93.8,77.8,81.8,0.0,0,0.0,,0,0,15.0,11.2,233.5,1013.3,49.9,6.2,225.6,19.4,7,30,2024-05-27T06:29:05,2024-05-27T18:58:54,0.64,Partially cloudy,Partly cloudy throughout the day.,partly-cloudy-day,"DNIB,DNMM,65201099999,65100099999,65208099999"
"Abeokuta, Ogun, Nigeria",2024-05-28,90.5,78.8,84.3,109.5,78.8,95.2,78.5,83.2,0.0,0,0.0,rain,0,0,18.1,13.4,229.0,1013.3,58.7,6.0,203.5,17.5,6,60,2024-05-28T06:29:06,2024-05-28T18:59:07,0.67,Partially cloudy,Partly cloudy throughout the day.,partly-cloudy-day,"DNIB,DNMM,65201099999,65100099999,65208099999"
"Abeokuta, Ogun, Nigeria",2024-05-29,90.6,78.9,84.7,107.2,78.9,95.4,78.3,82.0,0.0,0,0.0,rain,0,0,18.6,12.8,201.9,1013.5,54.8,6.2,222.4,19.1,7,30,2024-05-29T06:29:09,2024-05-29T18:59:21,0.71,Partially cloudy,Partly cloudy throughout the day.,partly-cloudy-day,"DNIB,DNMM,65201099999,65100099999,65208099999"
"Abeokuta, Ogun, Nigeria",2024-05-30,91.9,79.6,83.5,105.9,79.6,92.5,77.5,83.0,1.024,100,4.17,rain,0,0,20.4,8.1,249.1,1012.8,55.1,6.5,268.6,23.1,9,30,2024-05-30T06:29:12,2024-05-30T18:59:34,0.75,"Rain, Partially cloudy",Partly cloudy throughout the day with late afternoon rain.,rain,"DNIB,DNMM,remote,65201099999,65100099999,65208099999"
"Abeokuta, Ogun, Nigeria",2024-05-31,87.8,77.0,80.9,99.9,77.0,86.5,77.0,88.4,0.669,100,4.17,rain,0,0,21.3,18.3,225.0,1013.5,63.1,6.9,156.6,13.5,6,30,2024-05-31T06:29:15,2024-05-31T18:59:48,0.78,"Rain, Partially cloudy",Partly cloudy throughout the day with afternoon rain.,rain,"DNIB,DNMM,remote,65201099999,65100099999,65208099999"
"Abeokuta, Ogun, Nigeria",2024-06-01,91.4,76.0,83.4,105.5,76.0,90.5,77.1,82.5,0.0,0,0.0,rain,0,0,20.4,11.4,196.0,1014.0,52.9,5.7,182.1,15.7,7,30,2024-06-01T06:29:20,2024-06-01T19:00:02,0.82,Partially cloudy,Partly cloudy throughout the day.,partly-cloudy-day,"DNIB,DNMM,remote,65201099999,65100099999,65208099999"
"Abeokuta, Ogun, Nigeria",2024-06-02,83.4,71.6,77.9,92.4,71.6,80.2,75.1,91.2,0.008,100,4.17,rain,0,0,63.3,40.3,51.4,1013.9,66.7,7.1,79.1,6.8,4,30,2024-06-02T06:29:25,2024-06-02T19:00:17,0.85,"Rain, Partially cloudy",Partly cloudy throughout the day with afternoon rain.,rain,"DNIB,DNMM,remote,65201099999,65100099999,65208099999"
"Abeokuta, Ogun, Nigeria",2024-06-03,91.1,76.2,82.5,105.2,76.2,89.1,76.5,83.1,0.906,100,4.17,rain,0,0,24.6,11.8,154.2,1013.8,47.2,6.4,239.8,20.6,9,60,2024-06-03T06:29:30,2024-06-03T19:00:31,0.89,"Rain, Partially cloudy",Partly cloudy throughout the day with early morning rain.,rain,"DNIB,DNMM,remote,65201099999,65100099999,65208099999"
"Abeokuta, Ogun, Nigeria",2024-06-04,89.6,77.8,82.9,105.2,77.8,91.4,77.8,85.1,0.004,100,4.17,rain,0,0,21.5,15.0,217.9,1013.1,56.1,7.9,213.2,18.3,8,60,2024-06-04T06:29:36,2024-06-04T19:00:46,0.93,"Rain, Partially cloudy",Partly cloudy throughout the day with morning rain.,rain,"DNIB,DNMM,remote,65201099999,65100099999,65208099999"
"Abeokuta, Ogun, Nigeria",2024-06-05,90.2,77.0,83.5,104.4,77.0,92.1,77.7,83.5,0.551,100,4.17,rain,0,0,20.1,13.9,222.1,1013.2,54.5,5.9,222.1,19.3,8,30,2024-06-05T06:29:43,2024-06-05T19:01:00,0.96,"Rain, Partially cloudy",Partly cloudy throughout the day with afternoon rain.,rain,"DNIB,DNMM,65201099999,65100099999,65208099999"
"Abeokuta, Ogun, Nigeria",2024-06-06,89.6,73.4,80.3,108.1,73.4,85.7,76.4,88.5,0.059,100,12.5,rain,0,0,17.7,10.3,213.7,1013.7,60.3,6.4,163.2,14.0,6,30,2024-06-06T06:29:50,2024-06-06T19:01:15,0.0,"Rain, Partially cloudy",Partly cloudy throughout the day with afternoon rain.,rain,"DNIB,DNMM,remote,65201099999,65100099999,65208099999"
"Abeokuta, Ogun, Nigeria",2024-06-07,88.2,75.2,80.5,100.7,75.2,85.3,76.0,86.9,1.378,100,4.17,rain,0,0,13.2,10.7,211.6,1015.1,65.2,5.8,153.0,13.3,6,30,2024-06-07T06:29:58,2024-06-07T19:01:30,0.03,"Rain, Partially cloudy",Partly cloudy throughout the day with morning rain.,rain,"DNIB,DNMM,remote,65201099999,65100099999,65208099999"
"Abeokuta, Ogun, Nigeria",2024-06-08,86.8,77.8,80.8,97.5,77.8,85.4,76.4,86.9,0.0,0,0.0,,0,0,17.2,15.0,234.9,1015.2,46.0,5.9,214.8,18.6,8,30,2024-06-08T06:30:06,2024-06-08T19:01:44,0.06,Partially cloudy,Partly cloudy throughout the day.,partly-cloudy-day,"DNIB,DNMM,65201099999,65100099999,65208099999"
"Abeokuta, Ogun, Nigeria",2024-06-09,87.8,76.0,81.4,101.3,76.0,87.4,76.2,84.8,0.024,100,4.17,rain,0,0,20.4,17.2,248.2,1013.7,54.3,6.5,193.2,16.7,8,30,2024-06-09T06:30:14,2024-06-09T19:01:59,0.09,"Rain, Partially cloudy",Partly cloudy throughout the day with late afternoon rain.,rain,"DNIB,DNMM,remote,65201099999,65100099999,65208099999"
"Abeokuta, Ogun, Nigeria",2024-06-10,88.8,77.6,82.5,102.9,77.6,89.3,77.4,85.2,0.039,100,4.17,rain,0,0,19.2,12.4,213.5,1013.8,70.1,6.4,187.0,16.0,7,60,2024-06-10T06:30:24,2024-06-10T19:02:14,0.13,"Rain, Partially cloudy",Partly cloudy throughout the day with morning rain.,rain,"DNIB,DNMM,remote,65201099999,65100099999,65208099999"
"Abeokuta, Ogun, Nigeria",2024-06-11,85.2,77.3,80.9,98.3,77.3,86.2,77.1,88.4,0.157,100,8.33,rain,0,0,19.9,12.8,212.8,1014.5,68.6,6.1,156.0,13.4,5,30,2024-06-11T06:30:33,2024-06-11T19:02:29,0.16,"Rain, Partially cloudy",Partly cloudy throughout the day with rain in the morning and afternoon.,rain,"DNIB,DNMM,remote,65201099999,65100099999,65208099999"
"Abeokuta, Ogun, Nigeria",2024-06-12,89.7,74.2,81.7,100.5,74.2,86.3,75.4,82.3,0.315,100,8.33,rain,0,0,16.1,10.7,235.3,1013.2,52.5,7.3,230.5,19.8,8,30,2024-06-12T06:30:43,2024-06-12T19:02:43,0.19,"Rain, Partially cloudy",Partly cloudy throughout the day with rain clearing later.,rain,"DNIB,DNMM,remote,65201099999,65100099999,65208099999"
"Abeokuta, Ogun, Nigeria",2024-06-13,89.6,78.0,83.2,100.3,78.0,90.6,76.9,82.2,0.079,100,4.17,rain,0,0,17.9,11.4,233.1,1012.8,52.1,6.2,231.4,19.9,8,60,2024-06-13T06:30:54,2024-06-13T19:02:58,0.22,"Rain, Partially cloudy",Partly cloudy throughout the day with afternoon rain.,rain,"DNIB,DNMM,remote,65201099999,65100099999,65208099999"
"Abeokuta, Ogun, Nigeria",2024-06-14,80.7,74.4,79.1,87.2,74.4,81.3,75.7,89.4,0.827,100,4.17,rain,0,0,18.6,8.6,239.1,1012.8,53.9,5.9,161.4,13.8,6,60,2024-06-14T06:31:05,2024-06-14T19:03:12,0.25,"Rain, Partially cloudy",Partly cloudy throughout the day with afternoon rain.,rain,"DNIB,DNMM,65201099999,65100099999,65208099999"
"Abeokuta, Ogun, Nigeria",2024-06-15,86.3,75.2,79.9,97.2,75.2,83.1,75.8,87.9,0.079,100,4.17,rain,0,0,16.1,11.4,264.2,1012.8,75.3,7.4,133.7,11.5,6,30,2024-06-15T06:31:16,2024-06-15T19:03:26,0.29,"Rain, Partially cloudy",Partly cloudy throughout the day with afternoon rain.,rain,"DNIB,DNMM,remote,65201099999,65100099999,65208099999"
"Abeokuta, Ogun, Nigeria",2024-06-16,85.6,74.9,79.9,93.7,74.9,83.1,74.6,84.8,0.024,100,12.5,rain,0,0,14.3,10.3,180.5,1012.5,89.8,13.2,161.3,13.9,7,10,2024-06-16T06:31:28,2024-06-16T19:03:41,0.32,"Rain, Partially cloudy",Partly cloudy throughout the day with rain clearing later.,rain,"remote,65201099999,65208099999"
"Abeokuta, Ogun, Nigeria",2024-06-17,87.8,75.5,80.9,99.4,75.5,85.8,76.4,87.2,0.551,100,8.33,rain,0,0,17.2,8.7,207.6,1012.8,77.7,9.2,104.8,9.1,5,30,2024-06-17T06:31:39,2024-06-17T19:03:54,0.35,"Rain, Partially cloudy",Partly cloudy throughout the day with rain.,rain,"DNIB,DNMM,remote,65201099999,65100099999,65208099999"
"Abeokuta, Ogun, Nigeria",2024-06-18,88.6,75.5,81.3,99.0,75.5,86.2,76.4,85.8,0.004,100,4.17,rain,0,0,14.1,8.1,230.9,1012.7,57.8,6.4,202.4,17.6,7,30,2024-06-18T06:31:52,2024-06-18T19:04:08,0.38,"Rain, Partially cloudy",Partly cloudy throughout the day with afternoon rain.,rain,"DNIB,DNMM,remote,65201099999,65100099999,65208099999"
"Abeokuta, Ogun, Nigeria",2024-06-19,90.4,77.1,83.2,104.4,77.1,90.6,77.0,82.6,0.0,0,0.0,rain,0,0,21.5,10.5,237.2,1011.7,58.4,5.6,203.2,17.3,7,60,2024-06-19T06:32:04,2024-06-19T19:04:22,0.42,Partially cloudy,Partly cloudy throughout the day.,partly-cloudy-day,"DNIB,DNMM,65201099999,65100099999,65208099999"
"Abeokuta, Ogun, Nigeria",2024-06-20,88.3,77.0,82.4,100.6,77.0,89.6,76.8,83.7,0.0,0,0.0,rain,0,0,20.1,10.8,242.9,1012.1,61.9,5.8,217.2,18.7,8,30,2024-06-20T06:32:17,2024-06-20T19:04:35,0.45,Partially cloudy,Partly cloudy throughout the day.,partly-cloudy-day,"DNIB,DNMM,65201099999,65100099999,65208099999"
"Abeokuta, Ogun, Nigeria",2024-06-21,86.0,75.2,79.6,97.2,75.2,83.2,75.9,88.7,1.614,100,4.17,rain,0,0,15.0,12.8,269.9,1013.5,60.8,5.1,164.8,14.3,6,30,2024-06-21T06:32:30,2024-06-21T19:04:48,0.48,"Rain, Partially cloudy",Partly cloudy throughout the day with late afternoon rain.,rain,"DNIB,DNMM,65201099999,65100099999,65208099999"
"Abeokuta, Ogun, Nigeria",2024-06-22,87.8,75.1,80.7,99.4,75.1,85.6,75.8,86.1,0.236,100,4.17,rain,0,0,16.1,12.2,217.2,1013.2,56.9,5.4,183.2,15.9,5,30,2024-06-22T06:32:43,2024-06-22T19:05:01,0.5,"Rain, Partially cloudy",Partly cloudy throughout the day with early morning rain.,rain,"DNIB,DNMM,65201099999,65100099999,65208099999"
"Abeokuta, Ogun, Nigeria",2024-06-23,88.4,77.0,82.6,101.1,77.0,89.4,76.9,83.7,0.039,100,4.17,rain,0,0,16.1,10.9,250.1,1012.8,52.6,6.3,195.4,16.8,6,60,2024-06-23T06:32:57,2024-06-23T19:05:13,0.55,"Rain, Partially cloudy",Partly cloudy throughout the day with afternoon rain.,rain,"DNIB,DNMM,remote,65201099999,65100099999,65208099999"
"Abeokuta, Ogun, Nigeria",2024-06-24,87.8,74.4,79.1,99.9,74.4,81.9,75.5,89.2,0.236,100,4.17,rain,0,0,43.8,11.4,226.7,1012.3,61.1,5.5,195.2,16.8,8,60,2024-06-24T06:33:10,2024-06-24T19:05:25,0.59,"Rain, Partially cloudy",Partly cloudy throughout the day with late afternoon rain.,rain,"DNIB,DNMM,65201099999,65100099999,65208099999"
"Abeokuta, Ogun, Nigeria",2024-06-25,82.7,74.0,78.0,90.1,74.0,80.2,74.6,89.5,1.181,100,4.17,rain,0,0,12.8,10.9,357.3,1012.5,67.2,3.8,72.9,6.3,3,30,2024-06-25T06:33:24,2024-06-25T19:05:36,0.62,"Rain, Partially cloudy",Partly cloudy throughout the day with afternoon rain.,rain,"DNIB,65202099999,DNMM,65201099999,65100099999,65208099999"
"Abeokuta, Ogun, Nigeria",2024-06-26,87.8,73.2,79.9,98.1,73.2,83.9,74.3,83.8,3.307,100,8.33,rain,0,0,17.2,13.9,232.7,1012.8,68.8,5.6,202.2,17.5,7,30,2024-06-26T06:33:38,2024-06-26T19:05:48,0.66,"Rain, Partially cloudy",Partly cloudy throughout the day with rain clearing later.,rain,"DNIB,DNMM,remote,65201099999,65100099999,65208099999"
"Abeokuta, Ogun, Nigeria",2024-06-27,88.1,73.4,79.8,96.2,73.4,83.3,73.2,81.3,0.472,100,4.17,rain,0,0,18.8,10.0,170.2,1012.2,46.2,5.9,206.5,17.8,7,60,2024-06-27T06:33:52,2024-06-27T19:05:58,0.69,"Rain, Partially cloudy",Partly cloudy throughout the day with early morning rain.,rain,"DNIB,DNMM,65201099999,65100099999,65208099999"
"Abeokuta, Ogun, Nigeria",2024-06-28,86.8,75.2,81.2,98.4,75.2,87.0,76.6,86.4,0.13,100,8.33,rain,0,0,18.3,16.4,232.3,1012.4,70.8,6.3,174.1,15.0,7,60,2024-06-28T06:34:06,2024-06-28T19:06:09,0.75,"Rain, Partially cloudy",Partly cloudy throughout the day with late afternoon rain.,rain,"DNIB,DNMM,remote,65201099999,65100099999,65208099999"
"Abeokuta, Ogun, Nigeria",2024-06-29,87.8,76.0,80.3,99.4,76.0,84.4,76.4,88.3,0.472,100,4.17,rain,0,0,17.7,13.9,245.2,1012.7,65.1,5.9,173.4,14.9,6,30,2024-06-29T06:34:20,2024-06-29T19:06:19,0.77,"Rain, Partially cloudy",Partly cloudy throughout the day with morning rain.,rain,"DNIB,DNMM,remote,65201099999,65100099999,65208099999"
"Abeokuta, Ogun, Nigeria",2024-06-30,88.6,76.2,81.8,103.1,76.2,87.9,76.5,84.8,0.118,100,4.17,rain,0,0,19.7,13.7,239.8,1013.0,58.2,5.4,168.6,14.6,6,30,2024-06-30T06:34:34,2024-06-30T19:06:28,0.8,"Rain, Partially cloudy",Partly cloudy throughout the day with afternoon rain.,rain,"DNIB,DNMM,65201099999,65100099999,65208099999"
"Abeokuta, Ogun, Nigeria",2024-07-01,89.6,76.8,82.1,105.2,76.8,88.2,76.7,84.3,0.0,0,0.0,rain,0,0,16.3,11.4,253.3,1013.6,57.9,6.3,227.9,19.7,8,60,2024-07-01T06:34:48,2024-07-01T19:06:37,0.84,Partially cloudy,Partly cloudy throughout the day.,partly-cloudy-day,"DNIB,DNMM,remote,65201099999,65100099999,65208099999"
"Abeokuta, Ogun, Nigeria",2024-07-02,85.9,76.7,79.5,96.7,76.7,81.6,76.5,90.7,0.276,100,4.17,rain,0,0,18.6,13.9,226.3,1012.9,83.6,8.5,134.0,11.5,5,30,2024-07-02T06:35:02,2024-07-02T19:06:45,0.87,"Rain, Partially cloudy",Partly cloudy throughout the day with late afternoon rain.,rain,"DNIB,DNMM,remote,65201099999,65100099999,65208099999"
"Abeokuta, Ogun, Nigeria",2024-07-03,81.6,73.9,77.5,88.7,73.9,77.8,75.8,94.8,6.142,100,8.33,rain,0,0,17.4,11.4,217.1,1013.0,79.1,5.4,103.5,9.0,4,10,2024-07-03T06:35:16,2024-07-03T19:06:53,0.91,"Rain, Partially cloudy",Partly cloudy throughout the day with rain.,rain,"DNIB,DNMM,remote,65201099999,65100099999,65208099999"
"Abeokuta, Ogun, Nigeria",2024-07-04,84.5,75.0,79.8,93.9,75.0,84.0,75.1,86.2,0.0,0,0.0,rain,0,0,16.6,13.9,237.0,1014.1,53.7,5.3,177.8,15.4,7,30,2024-07-04T06:35:30,2024-07-04T19:07:00,0.95,Partially cloudy,Partly cloudy throughout the day.,partly-cloudy-day,"DNIB,DNMM,65201099999,65100099999,65208099999"
"Abeokuta, Ogun, Nigeria",2024-07-05,85.2,74.9,80.4,95.2,74.9,85.3,75.6,85.6,0.0,0,0.0,rain,0,0,15.2,9.8,238.8,1014.3,63.6,6.1,142.7,12.3,5,30,2024-07-05T06:35:44,2024-07-05T19:07:07,0.0,Partially cloudy,Partly cloudy throughout the day.,partly-cloudy-day,"DNIB,DNMM,remote,65201099999,65100099999,65208099999"
"Abeokuta, Ogun, Nigeria",2024-07-06,86.0,75.8,80.8,97.2,75.8,85.2,75.5,84.3,0.004,100,4.17,rain,0,0,13.9,10.3,228.4,1013.7,65.9,5.5,97.8,8.6,4,30,2024-07-06T06:35:57,2024-07-06T19:07:13,0.02,"Rain, Partially cloudy",Partly cloudy throughout the day with morning rain.,rain,"DNIB,DNMM,65201099999,65100099999,65208099999"
"Abeokuta, Ogun, Nigeria",2024-07-07,86.8,75.3,80.8,97.5,75.3,84.9,76.0,86.2,0.0,0,0.0,rain,0,0,19.2,13.9,229.6,1013.3,72.0,6.2,139.0,11.9,5,30,2024-07-07T06:36:11,2024-07-07T19:07:19,0.05,Partially cloudy,Partly cloudy throughout the day.,partly-cloudy-day,"DNIB,DNMM,remote,65201099999,65100099999,65208099999"
"Abeokuta, Ogun, Nigeria",2024-07-08,81.5,78.0,79.4,87.9,78.0,81.1,75.7,88.5,0.0,0,0.0,rain,0,0,15.4,9.2,223.5,1013.6,63.5,4.8,126.8,11.0,6,30,2024-07-08T06:36:24,2024-07-08T19:07:24,0.08,Partially cloudy,Partly cloudy throughout the day.,partly-cloudy-day,"DNIB,DNMM,65201099999,65100099999,65208099999"
"Abeokuta, Ogun, Nigeria",2024-07-09,86.8,75.2,80.3,95.2,75.2,83.8,74.8,84.2,0.0,0,0.0,rain,0,0,19.0,11.6,220.2,1012.9,54.3,5.5,186.7,16.1,7,30,2024-07-09T06:36:38,2024-07-09T19:07:28,0.11,Partially cloudy,Partly cloudy throughout the day.,partly-cloudy-day,"DNIB,DNMM,remote,65201099999,65100099999,65208099999"
"Abeokuta, Ogun, Nigeria",2024-07-10,82.4,76.0,79.0,90.9,76.0,82.1,76.1,91.1,0.197,100,4.17,rain,0,0,19.7,16.1,225.9,1013.4,58.1,6.1,212.8,18.4,8,30,2024-07-10T06:36:51,2024-07-10T19:07:31,0.15,"Rain, Partially cloudy",Partly cloudy throughout the day with afternoon rain.,rain,"DNIB,DNMM,remote,65201099999,65100099999,65208099999"
"Abeokuta, Ogun, Nigeria",2024-07-11,79.8,76.1,77.9,79.8,76.1,77.9,75.2,91.6,1.023,100,8.33,rain,0,0,18.1,16.0,237.9,1014.2,60.4,5.2,102.6,8.8,4,30,2024-07-11T06:37:03,2024-07-11T19:07:34,0.18,"Rain, Partially cloudy",Partly cloudy throughout the day with rain.,rain,"DNIB,DNMM,remote,65201099999,65100099999,65208099999"
"Abeokuta, Ogun, Nigeria",2024-07-12,82.7,76.2,79.0,89.5,76.2,81.4,75.1,88.2,0.0,0,0.0,rain,0,0,18.1,11.4,233.5,1014.4,58.6,5.5,119.7,10.4,5,30,2024-07-12T06:37:16,2024-07-12T19:07:37,0.21,Partially cloudy,Partly cloudy throughout the day.,partly-cloudy-day,"DNIB,DNMM,65201099999,65100099999,65208099999"
"Abeokuta, Ogun, Nigeria",2024-07-13,84.2,76.7,79.7,94.2,76.7,83.4,75.5,87.3,0.032,100,20.83,rain,0,0,17.4,10.3,220.6,1014.9,63.1,5.8,184.7,15.7,6,30,2024-07-13T06:37:28,2024-07-13T19:07:38,0.25,"Rain, Partially cloudy",Partly cloudy throughout the day with a chance of rain throughout the day.,rain,"DNIB,DNMM,remote,65201099999,65100099999"
"Abeokuta, Ogun, Nigeria",2024-07-14,84.2,76.0,79.7,92.5,76.0,82.5,74.8,85.3,0.079,100,4.17,rain,0,0,16.3,9.7,212.6,1015.1,62.0,5.9,141.0,12.1,5,30,2024-07-14T06:37:40,2024-07-14T19:07:39,0.27,"Rain, Partially cloudy",Partly cloudy throughout the day with morning rain.,rain,"DNIB,DNMM,65201099999,65100099999,65208099999"
"Abeokuta, Ogun, Nigeria",2024-07-15,84.2,75.8,79.4,94.0,75.8,82.2,75.0,86.9,0.0,0,0.0,rain,0,0,20.8,14.0,233.7,1015.3,66.2,7.4,163.7,14.3,6,30,2024-07-15T06:37:52,2024-07-15T19:07:39,0.31,Partially cloudy,Partly cloudy throughout the day.,partly-cloudy-day,"DNIB,DNMM,remote,65201099999,65100099999,65208099999"
"Abeokuta, Ogun, Nigeria",2024-07-16,80.6,75.2,78.2,86.2,75.2,79.1,74.8,89.2,0.012,100,4.17,rain,0,0,15.2,11.4,238.5,1015.3,65.8,4.9,89.4,7.7,4,30,2024-07-16T06:38:03,2024-07-16T19:07:39,0.34,"Rain, Partially cloudy",Partly cloudy throughout the day with morning rain.,rain,"DNIB,DNMM,65201099999,65100099999,65208099999"
"Abeokuta, Ogun, Nigeria",2024-07-17,81.4,74.9,78.1,87.2,74.9,79.3,74.4,88.6,0.0,0,0.0,rain,0,0,14.8,10.3,223.0,1014.7,72.6,5.6,125.1,10.9,5,30,2024-07-17T06:38:15,2024-07-17T19:07:37,0.37,Partially cloudy,Partly cloudy throughout the day.,partly-cloudy-day,"DNIB,DNMM,remote,65201099999,65100099999,65208099999"
"Abeokuta, Ogun, Nigeria",2024-07-18,83.4,75.2,78.8,89.8,75.2,80.4,74.5,87.2,0.0,0,0.0,rain,0,0,20.8,12.8,214.1,1015.1,73.1,5.4,151.4,13.2,5,30,2024-07-18T06:38:25,2024-07-18T19:07:35,0.4,Partially cloudy,Partly cloudy throughout the day.,partly-cloudy-day,"DNIB,DNMM,65201099999,65100099999,65208099999"
"Abeokuta, Ogun, Nigeria",2024-07-19,82.4,75.3,78.8,89.5,75.3,80.3,74.3,86.3,0.008,100,4.17,rain,0,0,18.8,13.9,209.3,1015.0,64.0,6.4,115.3,9.8,4,30,2024-07-19T06:38:36,2024-07-19T19:07:33,0.44,"Rain, Partially cloudy",Partly cloudy throughout the day with early morning rain.,rain,"DNIB,DNMM,remote,65201099999,65100099999,65208099999"
"Abeokuta, Ogun, Nigeria",2024-07-20,82.5,76.0,78.4,89.2,76.0,79.4,74.5,88.1,0.02,100,12.5,rain,0,0,24.2,14.5,236.6,1013.7,81.4,7.8,139.2,12.1,6,10,2024-07-20T06:38:46,2024-07-20T19:07:29,0.47,"Rain, Partially cloudy",Partly cloudy throughout the day with rain in the morning and afternoon.,rain,"DNIB,DNMM,remote,65201099999,65100099999,65208099999"
"Abeokuta, Ogun, Nigeria",2024-07-21,83.2,75.2,78.4,89.6,75.2,80.0,73.6,85.7,0.197,100,4.17,rain,0,0,20.8,11.9,236.6,1015.0,62.4,5.9,186.1,16.1,7,10,2024-07-21T06:38:56,2024-07-21T19:07:25,0.5,"Rain, Partially cloudy",Partly cloudy throughout the day with morning rain.,rain,"DNIB,DNMM,remote,65201099999,65100099999,65208099999"
"Abeokuta, Ogun, Nigeria",2024-07-22,85.2,74.4,78.9,92.7,74.4,81.2,73.5,84.0,0.0,0,0.0,rain,0,0,15.7,10.3,219.1,1016.2,55.3,6.2,166.7,14.4,6,30,2024-07-22T06:39:05,2024-07-22T19:07:20,0.54,Partially cloudy,Partly cloudy throughout the day.,partly-cloudy-day,"DNIB,DNMM,65201099999,65100099999,65208099999"
"Abeokuta, Ogun, Nigeria",2024-07-23,83.8,74.5,78.4,89.1,74.5,80.0,73.0,83.9,0.0,0,0.0,rain,0,0,17.0,12.8,218.7,1017.1,59.3,6.0,175.2,15.2,6,10,2024-07-23T06:39:14,2024-07-23T19:07:14,0.57,Partially cloudy,Partly cloudy throughout the day.,partly-cloudy-day,"DNIB,DNMM,65201099999,65100099999,65208099999"
"Abeokuta, Ogun, Nigeria",2024-07-24,85.0,73.4,78.9,92.3,73.4,81.3,73.4,83.8,0.0,0,0.0,rain,0,0,15.2,9.0,220.4,1016.7,55.5,5.8,177.8,15.5,6,10,2024-07-24T06:39:22,2024-07-24T19:07:07,0.61,Partially cloudy,Partly cloudy throughout the day.,partly-cloudy-day,"DNIB,DNMM,65201099999,65100099999,65208099999"
"Abeokuta, Ogun, Nigeria",2024-07-25,83.7,75.9,79.6,90.6,75.9,82.7,73.7,82.4,0.0,0,0.0,rain,0,0,17.0,12.8,215.3,1015.5,64.7,6.5,146.1,12.5,5,10,2024-07-25T06:39:30,2024-07-25T19:07:00,0.64,Partially cloudy,Partly cloudy throughout the day.,partly-cloudy-day,"DNIB,DNMM,remote,65201099999,65100099999,65208099999"
"Abeokuta, Ogun, Nigeria",2024-07-26,84.2,75.2,79.2,92.5,75.2,81.2,73.7,83.6,0.0,0,0.0,rain,0,0,19.5,12.8,232.9,1015.2,62.1,5.9,189.5,16.6,7,10,2024-07-26T06:39:38,2024-07-26T19:06:52,0.68,Partially cloudy,Partly cloudy throughout the day.,partly-cloudy-day,"DNIB,DNMM,65201099999,65100099999,65208099999"
"Abeokuta, Ogun, Nigeria",2024-07-27,82.4,74.6,77.8,89.5,74.6,79.0,73.7,87.4,0.039,100,4.17,rain,0,0,19.0,10.3,221.0,1015.3,68.3,6.1,161.9,13.9,6,10,2024-07-27T06:39:45,2024-07-27T19:06:43,0.71,"Rain, Partially cloudy",Partly cloudy throughout the day with afternoon rain.,rain,"DNIB,DNMM,65201099999,65100099999,65208099999"
"Abeokuta, Ogun, Nigeria",2024-07-28,86.0,74.3,78.9,93.5,74.3,80.8,73.3,83.8,0.0,0,0.0,rain,0,0,19.5,12.3,218.8,1015.1,70.0,6.0,145.2,12.4,5,10,2024-07-28T06:39:52,2024-07-28T19:06:34,0.75,Partially cloudy,Partly cloudy throughout the day.,partly-cloudy-day,"DNIB,DNMM,65201099999,65100099999,65208099999"
"Abeokuta, Ogun, Nigeria",2024-07-29,82.4,75.1,78.4,88.3,75.1,79.6,73.2,84.5,0.0,0,0.0,rain,0,0,17.9,10.5,207.3,1014.9,68.3,7.7,144.1,12.5,6,30,2024-07-29T06:39:58,2024-07-29T19:06:23,0.79,Partially cloudy,Partly cloudy throughout the day.,partly-cloudy-day,"DNIB,DNMM,remote,65201099999,65100099999,65208099999"
"Abeokuta, Ogun, Nigeria",2024-07-30,84.2,76.6,80.1,93.7,76.6,83.6,74.4,83.2,0.0,0,0.0,rain,0,0,18.8,12.8,209.5,1014.6,61.9,6.2,197.1,16.9,7,30,2024-07-30T06:40:04,2024-07-30T19:06:12,0.82,Partially cloudy,Partly cloudy throughout the day.,partly-cloudy-day,"DNIB,DNMM,65201099999,65100099999,65208099999"
"Abeokuta, Ogun, Nigeria",2024-07-31,82.4,75.2,78.6,88.4,75.2,79.7,74.0,86.1,0.039,100,4.17,rain,0,0,19.0,12.8,209.0,1014.0,62.7,5.9,167.6,14.5,7,10,2024-07-31T06:40:09,2024-07-31T19:06:00,0.86,"Rain, Partially cloudy",Partly cloudy throughout the day with late afternoon rain.,rain,"DNIB,DNMM,65201099999,65100099999,65208099999"
"Abeokuta, Ogun, Nigeria",2024-08-01,84.2,76.6,79.0,92.5,76.6,81.2,73.7,84.1,0.0,0,0.0,rain,0,0,18.8,12.8,206.6,1014.3,69.6,6.1,167.7,14.4,6,10,2024-08-01T06:40:14,2024-08-01T19:05:48,0.89,Partially cloudy,Partly cloudy throughout the day.,partly-cloudy-day,"DNMM,65201099999"
"Abeokuta, Ogun, Nigeria",2024-08-02,84.6,75.2,79.3,92.8,75.2,81.6,73.7,83.4,0.035,100,4.17,rain,0,0,18.3,13.9,203.2,1014.3,61.5,5.9,182.7,15.8,7,10,2024-08-02T06:40:18,2024-08-02T19:05:35,0.93,"Rain, Partially cloudy",Partly cloudy throughout the day with morning rain.,rain,"DNMM,65201099999"
"Abeokuta, Ogun, Nigeria",2024-08-03,87.8,75.5,80.4,97.2,75.5,83.9,73.5,80.2,0.0,0,0.0,rain,0,0,17.9,11.9,200.2,1014.9,60.0,6.2,180.2,15.4,6,10,2024-08-03T06:40:22,2024-08-03T19:05:20,0.96,Partially cloudy,Partly cloudy throughout the day.,partly-cloudy-day,"DNIB,DNMM,65201099999,65100099999,65208099999"
"Abeokuta, Ogun, Nigeria",2024-08-04,86.0,74.4,79.9,96.0,74.4,83.9,74.6,84.4,0.004,100,4.17,rain,0,0,17.2,12.8,205.5,1016.0,58.0,6.1,158.2,13.6,5,10,2024-08-04T06:40:26,2024-08-04T19:05:06,0.0,"Rain, Partially cloudy",Partly cloudy throughout the day with afternoon rain.,rain,"DNIB,DNMM,65201099999,65100099999,65208099999"
"Abeokuta, Ogun, Nigeria",2024-08-05,86.0,73.6,79.7,92.2,73.6,82.0,73.0,80.6,0.004,100,4.17,rain,0,0,16.8,12.8,220.8,1015.3,57.6,6.8,151.5,13.0,5,10,2024-08-05T06:40:29,2024-08-05T19:04:50,0.03,"Rain, Partially cloudy",Partly cloudy throughout the day with afternoon rain.,rain,"DNIB,DNMM,remote,65201099999,65100099999,65208099999"
"Abeokuta, Ogun, Nigeria",2024-08-06,84.2,75.5,79.0,90.9,75.5,80.6,73.0,82.2,0.0,0,0.0,rain,0,0,18.8,10.4,211.1,1014.0,59.8,6.6,169.4,14.6,6,10,2024-08-06T06:40:31,2024-08-06T19:04:34,0.07,Partially cloudy,Partly cloudy throughout the day.,partly-cloudy-day,"DNIB,DNMM,remote,65201099999,65100099999,65208099999"
"Abeokuta, Ogun, Nigeria",2024-08-07,84.2,74.8,78.8,90.9,74.8,80.4,73.3,83.6,0.0,0,0.0,rain,0,0,17.9,14.0,218.1,1013.1,65.3,6.0,143.0,12.4,7,10,2024-08-07T06:40:34,2024-08-07T19:04:17,0.1,Partially cloudy,Partly cloudy throughout the day.,partly-cloudy-day,"DNIB,DNMM,65201099999,65100099999,65208099999"
"Abeokuta, Ogun, Nigeria",2024-08-08,82.2,75.3,78.0,88.0,75.3,78.8,73.8,87.4,0.035,100,4.17,rain,0,0,21.0,12.8,225.0,1013.4,63.4,5.9,154.5,13.3,6,10,2024-08-08T06:40:35,2024-08-08T19:03:59,0.13,"Rain, Partially cloudy",Partly cloudy throughout the day with afternoon rain.,rain,"DNIB,DNMM,65201099999,65100099999,65208099999"
"Abeokuta, Ogun, Nigeria",2024-08-09,87.5,72.6,79.7,94.2,72.6,82.5,72.9,81.0,0.0,0,0.0,,0,0,15.0,11.4,222.9,1013.7,63.9,6.1,183.5,15.9,6,10,2024-08-09T06:40:36,2024-08-09T19:03:41,0.16,Partially cloudy,Partly cloudy throughout the day.,partly-cloudy-day,"DNIB,DNMM,65201099999,65100099999,65208099999"
"Abeokuta, Ogun, Nigeria",2024-08-10,86.0,74.2,79.8,93.5,74.2,82.6,73.1,80.9,0.0,0,0.0,rain,0,0,17.4,12.8,209.6,1013.4,59.0,6.5,170.7,14.7,6,10,2024-08-10T06:40:37,2024-08-10T19:03:22,0.2,Partially cloudy,Partly cloudy throughout the day.,partly-cloudy-day,"DNIB,DNMM,remote,65201099999,65100099999,65208099999"
"Abeokuta, Ogun, Nigeria",2024-08-11,87.6,75.2,79.8,93.8,75.2,82.0,72.6,79.7,0.0,0,0.0,rain,0,0,19.7,12.6,205.7,1013.5,58.8,6.2,195.5,16.9,7,10,2024-08-11T06:40:37,2024-08-11T19:03:02,0.23,Partially cloudy,Partly cloudy throughout the day.,partly-cloudy-day,"DNIB,DNMM,65201099999,65100099999,65208099999"
"Abeokuta, Ogun, Nigeria",2024-08-12,84.4,76.2,79.3,91.2,76.2,81.5,73.1,81.7,0.064,100,33.33,rain,0,0,18.8,12.5,206.2,1013.2,53.0,6.5,146.8,12.7,5,10,2024-08-12T06:40:37,2024-08-12T19:02:42,0.25,"Rain, Partially cloudy",Partly cloudy throughout the day with rain in the morning and afternoon.,rain,"DNIB,DNMM,remote,65201099999"
"Abeokuta, Ogun, Nigeria",2024-08-13,84.2,76.2,79.5,90.3,76.2,81.9,73.6,82.7,0.0,0,0.0,rain,0,0,24.6,15.8,201.4,1014.0,64.1,6.2,183.8,15.7,6,10,2024-08-13T06:40:36,2024-08-13T19:02:21,0.29,Partially cloudy,Partly cloudy throughout the day.,partly-cloudy-day,"DNIB,DNMM,65201099999,65100099999,65208099999"
"Abeokuta, Ogun, Nigeria",2024-08-14,85.6,75.5,80.2,94.8,75.5,83.8,74.9,84.3,0.008,100,8.33,rain,0,0,20.1,15.0,205.4,1014.9,70.4,6.8,209.9,18.1,8,10,2024-08-14T06:40:35,2024-08-14T19:01:59,0.33,"Rain, Partially cloudy",Partly cloudy throughout the day with rain.,rain,"DNIB,DNMM,remote,65201099999,65100099999,65208099999"
"Abeokuta, Ogun, Nigeria",2024-08-15,83.8,74.6,78.5,90.1,74.6,80.3,73.7,85.6,0.0,0,0.0,rain,0,0,15.2,9.3,219.2,1014.8,71.3,6.4,205.8,17.6,7,10,2024-08-15T06:40:33,2024-08-15T19:01:37,0.36,Partially cloudy,Partly cloudy throughout the day.,partly-cloudy-day,"DNIB,DNMM,remote,65201099999,65100099999,65208099999"
"Abeokuta, Ogun, Nigeria",2024-08-16,81.9,74.9,78.0,87.1,74.9,79.5,73.0,84.7,0.0,0,0.0,rain,0,0,19.9,12.4,202.7,1013.7,71.7,6.6,148.2,12.9,7,30,2024-08-16T06:40:31,2024-08-16T19:01:14,0.39,Partially cloudy,Partly cloudy throughout the day.,partly-cloudy-day,"DNIB,DNMM,remote,65201099999,65100099999,65208099999"
"Abeokuta, Ogun, Nigeria",2024-08-17,87.8,74.3,79.7,95.9,74.3,82.0,72.6,79.9,0.0,0,0.0,rain,0,0,21.9,15.0,203.4,1014.2,64.6,6.7,199.7,17.3,7,10,2024-08-17T06:40:29,2024-08-17T19:00:51,0.42,Partially cloudy,Partly cloudy throughout the day.,partly-cloudy-day,"DNIB,DNMM,remote,65201099999,65100099999,65208099999"
"Abeokuta, Ogun, Nigeria",2024-08-18,86.0,73.4,79.6,93.5,73.4,82.4,73.4,82.1,0.0,0,0.0,rain,0,0,13.0,9.1,230.1,1015.3,61.2,6.3,186.8,16.2,6,30,2024-08-18T06:40:26,2024-08-18T19:00:27,0.46,Partially cloudy,Partly cloudy throughout the day.,partly-cloudy-day,"DNIB,DNMM,remote,65201099999,65100099999,65208099999"
"Abeokuta, Ogun, Nigeria",2024-08-19,86.0,74.4,77.7,93.5,74.4,79.0,73.2,86.6,0.157,100,4.17,rain,0,0,20.4,15.0,210.1,1014.8,66.6,6.1,178.9,15.6,8,10,2024-08-19T06:40:22,2024-08-19T19:00:02,0.5,"Rain, Partially cloudy",Partly cloudy throughout the day with late afternoon rain.,rain,"DNIB,DNMM,remote,65201099999,65100099999,65208099999"
"Abeokuta, Ogun, Nigeria",2024-08-20,86.1,73.3,77.8,93.5,73.3,79.3,72.7,85.1,0.254,100,25.0,rain,0,0,16.6,13.9,216.6,1014.4,58.8,5.6,70.9,6.2,3,10,2024-08-20T06:40:19,2024-08-20T18:59:37,0.52,"Rain, Partially cloudy",Partly cloudy throughout the day with rain clearing later.,rain,"DNIB,DNMM,65201099999,65100099999,65208099999"
"Abeokuta, Ogun, Nigeria",2024-08-21,86.0,74.4,78.9,93.5,74.4,80.9,73.5,84.5,0.02,100,4.17,rain,0,0,17.0,10.7,214.1,1015.0,66.9,6.0,205.3,17.7,7,30,2024-08-21T06:40:15,2024-08-21T18:59:11,0.56,"Rain, Partially cloudy",Partly cloudy throughout the day with morning rain.,rain,"DNIB,DNMM,remote,65201099999,65100099999,65208099999"
"Abeokuta, Ogun, Nigeria",2024-08-22,86.0,74.3,78.6,93.5,74.3,80.9,73.5,84.7,0.0,0,0.0,rain,0,0,17.0,9.5,220.9,1013.8,63.1,5.7,155.0,13.5,6,30,2024-08-22T06:40:10,2024-08-22T18:58:45,0.59,Partially cloudy,Partly cloudy throughout the day.,partly-cloudy-day,"DNIB,DNMM,65201099999,65100099999,65208099999"
"Abeokuta, Ogun, Nigeria",2024-08-23,80.6,74.4,76.8,86.2,74.4,77.2,73.8,90.5,0.197,100,8.33,rain,0,0,19.9,17.2,211.4,1012.5,78.5,6.2,74.8,6.5,3,30,2024-08-23T06:40:05,2024-08-23T18:58:19,0.63,"Rain, Partially cloudy",Partly cloudy throughout the day with rain.,rain,"DNIB,DNMM,remote,65201099999,65100099999,65208099999"
"Abeokuta, Ogun, Nigeria",2024-08-24,84.2,74.9,78.2,94.2,74.9,80.3,74.7,89.6,0.472,100,8.33,rain,0,0,16.6,12.8,196.8,1014.6,72.6,6.1,104.7,9.1,6,30,2024-08-24T06:40:00,2024-08-24T18:57:51,0.66,"Rain, Partially cloudy",Partly cloudy throughout the day with rain in the morning and afternoon.,rain,"DNIB,DNMM,remote,65201099999,65100099999,65208099999"
"Abeokuta, Ogun, Nigeria",2024-08-25,84.2,74.4,78.6,90.9,74.4,80.7,74.1,86.6,0.0,0,0.0,rain,0,0,15.7,10.3,237.7,1014.9,67.5,5.9,165.4,14.4,7,30,2024-08-25T06:39:54,2024-08-25T18:57:24,0.7,Partially cloudy,Partly cloudy throughout the day.,partly-cloudy-day,"DNIB,DNMM,65201099999,65100099999,65208099999"
"Abeokuta, Ogun, Nigeria",2024-08-26,84.2,71.6,77.0,90.9,71.6,77.9,72.7,86.9,0.394,100,4.17,rain,0,0,20.8,13.0,217.7,1012.9,68.8,6.3,185.8,16.1,7,30,2024-08-26T06:39:49,2024-08-26T18:56:56,0.75,"Rain, Partially cloudy",Partly cloudy throughout the day with morning rain.,rain,"DNIB,DNMM,65201099999,65100099999,65208099999"
"Abeokuta, Ogun, Nigeria",2024-08-27,83.4,74.9,77.7,90.4,74.9,79.0,73.8,88.0,0.0,0,0.0,rain,0,0,27.7,11.7,216.8,1012.9,74.5,5.2,192.9,16.7,7,30,2024-08-27T06:39:42,2024-08-27T18:56:27,0.77,Partially cloudy,Partly cloudy throughout the day.,partly-cloudy-day,"DNIB,DNMM,65201099999,65100099999,65208099999"
"Abeokuta, Ogun, Nigeria",2024-08-28,83.2,74.2,78.5,90.2,74.2,80.8,74.2,87.1,0.197,100,4.17,rain,0,0,18.1,11.4,206.7,1015.0,55.8,5.7,205.1,17.8,7,30,2024-08-28T06:39:36,2024-08-28T18:55:58,0.8,"Rain, Partially cloudy",Partly cloudy throughout the day with early morning rain.,rain,"DNIB,DNMM,65201099999,65100099999,65208099999"
"Abeokuta, Ogun, Nigeria",2024-08-29,84.2,74.4,78.9,90.9,74.4,81.3,73.8,84.8,0.0,0,0.0,rain,0,0,16.1,13.9,223.4,1014.8,69.7,6.2,138.5,12.0,4,30,2024-08-29T06:39:29,2024-08-29T18:55:29,0.84,Partially cloudy,Partly cloudy throughout the day.,partly-cloudy-day,"DNIB,DNMM,65201099999,65100099999,65208099999"
"Abeokuta, Ogun, Nigeria",2024-08-30,82.4,74.4,77.8,88.3,74.4,79.0,73.5,86.7,0.083,100,20.83,rain,0,0,22.1,17.2,218.2,1013.3,68.4,5.8,105.7,9.2,4,30,2024-08-30T06:39:22,2024-08-30T18:54:59,0.87,"Rain, Partially cloudy",Partly cloudy throughout the day with rain.,rain,"DNIB,DNMM,remote,65201099999,65100099999,65208099999"
"Abeokuta, Ogun, Nigeria",2024-08-31,87.8,73.4,78.0,94.2,73.4,79.6,72.5,84.3,0.079,100,4.17,rain,0,0,20.8,13.9,210.1,1013.4,70.5,5.5,158.2,13.6,6,10,2024-08-31T06:39:14,2024-08-31T18:54:29,0.91,"Rain, Partially cloudy",Partly cloudy throughout the day with morning rain.,rain,"DNIB,DNMM,65201099999,65100099999,65208099999"
"Abeokuta, Ogun, Nigeria",2024-09-01,87.4,72.4,78.8,93.4,72.4,80.7,72.4,82.0,0.0,0,0.0,rain,0,0,19.5,11.2,208.6,1014.2,59.9,5.8,172.9,15.1,7,10,2024-09-01T06:39:07,2024-09-01T18:53:59,0.94,Partially cloudy,Partly cloudy throughout the day.,partly-cloudy-day,"DNIB,DNMM,65201099999,65100099999,65208099999"
"Abeokuta, Ogun, Nigeria",2024-09-02,87.8,74.0,79.8,94.4,74.0,82.2,72.2,78.9,0.039,100,4.17,rain,0,0,16.1,13.9,204.8,1014.4,53.4,6.4,190.7,16.3,6,10,2024-09-02T06:38:59,2024-09-02T18:53:28,0.98,"Rain, Partially cloudy",Partly cloudy throughout the day with afternoon rain.,rain,"DNIB,DNMM,remote,65201099999,65100099999,65208099999"
"Abeokuta, Ogun, Nigeria",2024-09-03,86.0,72.5,79.4,95.2,72.5,82.9,73.2,82.3,0.0,0,0.0,,0,0,17.2,13.9,203.6,1013.9,61.6,6.5,222.1,19.2,7,10,2024-09-03T06:38:51,2024-09-03T18:52:57,0.0,Partially cloudy,Partly cloudy throughout the day.,partly-cloudy-day,"DNIB,DNMM,remote,65201099999,65100099999,65208099999"
"Abeokuta, Ogun, Nigeria",2024-09-04,87.8,73.4,79.9,94.2,73.4,82.0,72.4,78.9,0.0,0,0.0,,0,0,18.3,13.9,196.3,1014.2,58.3,6.1,194.2,16.8,7,10,2024-09-04T06:38:42,2024-09-04T18:52:26,0.05,Partially cloudy,Partly cloudy throughout the day.,partly-cloudy-day,"DNIB,DNMM,65201099999,65100099999,65208099999"
"Abeokuta, Ogun, Nigeria",2024-09-05,88.7,73.7,79.5,94.3,73.7,81.7,72.1,79.6,0.0,0,0.0,rain,0,0,16.3,10.3,215.3,1014.2,56.6,6.2,187.5,16.2,6,10,2024-09-05T06:38:34,2024-09-05T18:51:54,0.08,Partially cloudy,Partly cloudy throughout the day.,partly-cloudy-day,"DNIB,DNMM,65201099999,65100099999,65208099999"
"Abeokuta, Ogun, Nigeria",2024-09-06,87.4,74.4,79.4,94.0,74.4,81.5,72.4,80.2,0.0,0,0.0,rain,0,0,17.2,11.7,212.7,1013.6,59.1,6.0,221.2,19.1,8,10,2024-09-06T06:38:25,2024-09-06T18:51:22,0.11,Partially cloudy,Partly cloudy throughout the day.,partly-cloudy-day,"DNIB,DNMM,65201099999,65100099999,65208099999"
"Abeokuta, Ogun, Nigeria",2024-09-07,83.2,74.9,77.9,89.4,74.9,79.0,72.8,84.8,0.0,0,0.0,rain,0,0,17.4,11.4,215.7,1014.4,66.4,5.8,130.0,11.3,7,10,2024-09-07T06:38:16,2024-09-07T18:50:50,0.15,Partially cloudy,Partly cloudy throughout the day.,partly-cloudy-day,"DNIB,DNMM,65201099999,65100099999,65208099999"
"Abeokuta, Ogun, Nigeria",2024-09-08,88.1,73.4,80.5,95.9,73.4,84.0,72.9,79.0,0.004,100,4.17,rain,0,0,17.9,12.8,210.5,1014.6,54.7,6.3,235.7,20.2,8,10,2024-09-08T06:38:07,2024-09-08T18:50:18,0.18,"Rain, Partially cloudy",Partly cloudy throughout the day with early morning rain.,rain,"DNIB,DNMM,remote,65201099999,65100099999,65208099999"
"Abeokuta, Ogun, Nigeria",2024-09-09,89.6,73.4,81.3,98.2,73.4,84.6,73.0,77.1,0.0,0,0.0,rain,0,0,16.1,13.9,212.0,1014.3,46.6,5.9,265.4,23.0,9,30,2024-09-09T06:37:58,2024-09-09T18:49:46,0.21,Partially cloudy,Partly cloudy throughout the day.,partly-cloudy-day,"DNIB,DNMM,65201099999,65100099999,65208099999"
"Abeokuta, Ogun, Nigeria",2024-09-10,86.8,76.1,79.8,94.5,76.1,82.1,73.8,82.7,0.079,100,4.17,rain,0,0,16.8,12.2,211.5,1013.1,63.0,6.1,148.9,12.9,5,30,2024-09-10T06:37:48,2024-09-10T18:49:13,0.25,"Rain, Partially cloudy",Partly cloudy throughout the day with afternoon rain.,rain,"DNIB,DNMM,65201099999,65100099999,65208099999"
"Abeokuta, Ogun, Nigeria",2024-09-11,87.4,77.0,80.4,97.1,77.0,83.7,74.2,81.8,0.012,100,4.17,rain,0,0,16.1,16.1,208.5,1012.7,62.9,5.9,168.1,14.6,7,30,2024-09-11T06:37:39,2024-09-11T18:48:40,0.25,"Rain, Partially cloudy",Partly cloudy throughout the day with afternoon rain.,rain,"DNIB,DNMM,65201099999,65100099999,65208099999"
"Abeokuta, Ogun, Nigeria",2024-09-12,84.1,77.0,79.4,90.7,77.0,81.2,74.4,84.8,0.035,100,4.17,rain,0,0,17.4,10.0,214.0,1013.9,74.7,5.8,125.6,10.8,6,30,2024-09-12T06:37:29,2024-09-12T18:48:08,0.31,"Rain, Partially cloudy",Partly cloudy throughout the day with afternoon rain.,rain,"DNIB,DNMM,65201099999,65100099999,65208099999"
"Abeokuta, Ogun, Nigeria",2024-09-13,85.9,76.3,79.8,95.0,76.3,83.0,74.6,84.6,0.15,100,16.67,rain,0,0,17.0,12.8,222.7,1014.0,62.5,6.1,161.5,14.0,5,60,2024-09-13T06:37:20,2024-09-13T18:47:35,0.35,"Rain, Partially cloudy",Partly cloudy throughout the day with rain.,rain,"DNIB,DNMM,65201099999,65100099999,65208099999"
"Abeokuta, Ogun, Nigeria",2024-09-14,84.2,75.0,79.0,90.9,75.0,81.0,74.3,85.7,0.0,0,0.0,rain,0,0,13.9,9.2,214.3,1014.1,61.7,6.1,150.1,13.0,6,10,2024-09-14T06:37:10,2024-09-14T18:47:02,0.38,Partially cloudy,Partly cloudy throughout the day.,partly-cloudy-day,"DNIB,DNMM,65201099999,65100099999,65208099999"
"Abeokuta, Ogun, Nigeria",2024-09-15,88.6,75.3,80.6,97.0,75.3,83.4,74.1,81.7,0.0,0,0.0,rain,0,0,18.1,9.0,216.0,1013.8,61.3,6.6,185.0,16.0,7,30,2024-09-15T06:37:00,2024-09-15T18:46:29,0.41,Partially cloudy,Partly cloudy throughout the day.,partly-cloudy-day,"DNIB,DNMM,remote,65201099999,65100099999,65208099999"
"Abeokuta, Ogun, Nigeria",2024-09-16,86.5,76.2,81.0,95.2,76.2,84.8,74.8,82.0,0.0,0,0.0,rain,0,0,13.9,13.9,210.9,1014.3,64.2,6.5,175.0,15.2,5,30,2024-09-16T06:36:51,2024-09-16T18:45:55,0.45,Partially cloudy,Partly cloudy throughout the day.,partly-cloudy-day,"DNIB,DNMM,remote,65201099999,65100099999,65208099999"
"Abeokuta, Ogun, Nigeria",2024-09-17,86.0,75.5,80.2,95.2,75.5,83.6,74.5,83.3,0.016,100,4.17,rain,0,0,19.9,13.9,205.1,1013.6,60.4,6.4,148.1,12.9,6,30,2024-09-17T06:36:41,2024-09-17T18:45:22,0.48,"Rain, Partially cloudy",Partly cloudy throughout the day with afternoon rain.,rain,"DNIB,DNMM,remote,65201099999,65100099999,65208099999"
"Abeokuta, Ogun, Nigeria",2024-09-18,88.8,74.8,79.6,99.6,74.8,82.5,75.3,87.4,1.693,100,4.17,rain,0,0,17.2,17.9,214.2,1013.2,63.2,6.2,160.8,13.8,6,10,2024-09-18T06:36:31,2024-09-18T18:44:49,0.5,"Rain, Partially cloudy",Partly cloudy throughout the day with morning rain.,rain,"DNIB,DNMM,remote,65201099999,65100099999,65208099999"
"Abeokuta, Ogun, Nigeria",2024-09-19,86.9,76.1,80.0,95.6,76.1,82.7,74.8,84.8,0.008,100,4.17,rain,0,0,18.3,9.0,211.5,1013.0,58.6,6.2,178.8,15.3,7,30,2024-09-19T06:36:22,2024-09-19T18:44:16,0.55,"Rain, Partially cloudy",Partly cloudy throughout the day with late afternoon rain.,rain,"DNIB,DNMM,65201099999,65100099999,65208099999"
"Abeokuta, Ogun, Nigeria",2024-09-20,86.6,75.2,80.1,94.6,75.2,83.0,74.5,83.7,0.004,100,4.17,rain,0,0,12.8,9.5,215.5,1012.5,61.6,7.2,178.5,15.3,6,30,2024-09-20T06:36:12,2024-09-20T18:43:43,0.58,"Rain, Partially cloudy",Partly cloudy throughout the day with morning rain.,rain,"DNIB,DNMM,remote,65201099999,65100099999,65208099999"
"Abeokuta, Ogun, Nigeria",2024-09-21,86.0,77.0,79.5,95.2,77.0,81.6,75.0,86.6,0.157,100,4.17,rain,0,0,14.1,11.2,217.7,1011.6,67.3,5.9,178.8,15.4,7,30,2024-09-21T06:36:03,2024-09-21T18:43:10,0.61,"Rain, Partially cloudy",Partly cloudy throughout the day with late afternoon rain.,rain,"DNIB,DNMM,65201099999,65100099999,65208099999"
"Abeokuta, Ogun, Nigeria",2024-09-22,87.8,77.0,81.1,98.1,77.0,84.9,75.2,83.2,0.0,0,0.0,rain,0,0,17.2,10.3,194.4,1011.7,61.1,6.2,177.2,15.2,7,30,2024-09-22T06:35:53,2024-09-22T18:42:37,0.65,Partially cloudy,Partly cloudy throughout the day.,partly-cloudy-day,"DNIB,DNMM,65201099999,65100099999,65208099999"
"Abeokuta, Ogun, Nigeria",2024-09-23,89.9,75.9,82.4,100.4,75.9,87.5,74.9,79.2,0.0,0,0.0,rain,0,0,17.4,13.9,202.8,1012.7,52.2,6.1,212.9,18.6,8,30,2024-09-23T06:35:44,2024-09-23T18:42:04,0.68,Partially cloudy,Partly cloudy throughout the day.,partly-cloudy-day,"DNIB,DNMM,65201099999,65100099999,65208099999"
"Abeokuta, Ogun, Nigeria",2024-09-24,87.8,76.7,80.4,97.8,76.7,83.4,74.8,83.6,0.0,0,0.0,rain,0,0,15.0,10.3,211.9,1012.8,72.5,6.1,164.2,14.3,6,30,2024-09-24T06:35:35,2024-09-24T18:41:32,0.75,Partially cloudy,Partly cloudy throughout the day.,partly-cloudy-day,"DNIB,DNMM,65201099999,65100099999,65208099999"
"Abeokuta, Ogun, Nigeria",2024-09-25,81.8,75.2,77.8,88.7,75.2,78.4,74.7,90.3,0.472,100,8.33,rain,0,0,19.0,9.3,208.9,1013.3,66.9,5.5,170.3,14.6,7,30,2024-09-25T06:35:25,2024-09-25T18:40:59,0.75,"Rain, Partially cloudy",Partly cloudy throughout the day with rain.,rain,"DNIB,DNMM,65201099999,65100099999,65208099999"
"Abeokuta, Ogun, Nigeria",2024-09-26,89.6,75.2,80.4,98.2,75.2,83.9,74.1,82.1,0.039,100,4.17,rain,0,0,17.7,10.3,225.6,1013.4,54.5,6.2,218.9,18.8,9,30,2024-09-26T06:35:17,2024-09-26T18:40:27,0.78,"Rain, Partially cloudy",Partly cloudy throughout the day with early morning rain.,rain,"DNIB,DNMM,remote,65201099999,65100099999,65208099999"
"Abeokuta, Ogun, Nigeria",2024-09-27,88.3,73.2,80.0,97.3,73.2,83.0,74.0,82.8,0.039,100,4.17,rain,0,0,15.4,10.3,203.8,1013.1,56.2,6.1,108.4,9.3,3,60,2024-09-27T06:35:08,2024-09-27T18:39:55,0.82,"Rain, Partially cloudy",Partly cloudy throughout the day with morning rain.,rain,"DNIB,DNMM,65201099999,65100099999,65208099999"
"Abeokuta, Ogun, Nigeria",2024-09-28,86.0,76.1,80.3,97.2,76.1,83.6,75.3,85.3,0.039,100,4.17,rain,0,0,18.3,11.4,199.7,1013.2,62.5,6.0,193.0,16.8,8,30,2024-09-28T06:34:59,2024-09-28T18:39:23,0.85,"Rain, Partially cloudy",Partly cloudy throughout the day with morning rain.,rain,"DNIB,DNMM,65201099999,65100099999,65208099999"
"Abeokuta, Ogun, Nigeria",2024-09-29,86.0,77.0,80.6,95.2,77.0,84.0,75.2,84.3,0.157,100,4.17,rain,0,0,11.4,9.2,230.5,1013.3,60.8,6.4,142.2,12.3,6,30,2024-09-29T06:34:51,2024-09-29T18:38:51,0.89,"Rain, Partially cloudy",Partly cloudy throughout the day with late afternoon rain.,rain,"DNIB,DNMM,remote,65201099999,65100099999,65208099999"
"Abeokuta, Ogun, Nigeria",2024-09-30,86.0,75.2,79.9,95.2,75.2,83.1,75.1,85.7,0.157,100,4.17,rain,0,0,15.7,13.9,197.9,1011.9,63.5,5.8,161.4,13.9,6,60,2024-09-30T06:34:43,2024-09-30T18:38:20,0.92,"Rain, Partially cloudy",Partly cloudy throughout the day with afternoon rain.,rain,"DNIB,DNMM,65201099999,65100099999,65208099999"
"Abeokuta, Ogun, Nigeria",2024-10-01,88.1,75.2,80.8,97.9,75.2,84.4,75.0,83.5,0.0,0,0.0,rain,0,0,15.0,12.8,190.0,1011.1,58.1,6.2,170.2,14.6,7,30,2024-10-01T06:34:35,2024-10-01T18:37:49,0.95,Partially cloudy,Partly cloudy throughout the day.,partly-cloudy-day,"DNIB,DNMM,remote,65201099999,65100099999"
"Abeokuta, Ogun, Nigeria",2024-10-02,87.9,72.6,80.7,98.1,72.6,85.1,74.6,82.6,0.004,100,4.17,rain,0,0,14.8,12.8,224.9,1010.4,59.1,6.8,206.7,17.9,7,30,2024-10-02T06:34:28,2024-10-02T18:37:18,0.0,"Rain, Partially cloudy",Partly cloudy throughout the day with morning rain.,rain,"DNIB,DNMM,remote,65201099999,65100099999,65208099999"
"Abeokuta, Ogun, Nigeria",2024-10-03,86.6,72.6,79.5,93.9,72.6,82.3,74.2,84.4,0.118,100,4.17,rain,0,0,51.9,11.2,229.6,1011.4,53.5,6.5,143.8,12.4,6,30,2024-10-03T06:34:20,2024-10-03T18:36:48,0.02,"Rain, Partially cloudy",Partly cloudy throughout the day with afternoon rain.,rain,"DNIB,DNMM,remote,65201099999,65100099999,65208099999"
"Abeokuta, Ogun, Nigeria",2024-10-04,85.0,75.0,78.8,93.6,75.0,81.1,74.8,88.1,0.228,100,33.33,rain,0,0,17.7,9.2,217.7,1012.4,74.7,7.0,113.6,9.7,5,30,2024-10-04T06:34:13,2024-10-04T18:36:18,0.06,"Rain, Partially cloudy",Partly cloudy throughout the day with rain.,rain,"DNIB,DNMM,remote,65201099999,65100099999,65208099999"
"Abeokuta, Ogun, Nigeria",2024-10-05,86.0,72.8,76.6,97.2,72.8,77.7,74.3,92.8,0.079,100,4.17,rain,0,0,20.6,13.9,201.3,1013.3,92.3,8.1,119.8,10.4,6,30,2024-10-05T06:34:07,2024-10-05T18:35:48,0.09,"Rain, Overcast",Cloudy skies throughout the day with early morning rain.,rain,"DNIB,DNMM,remote,65201099999,65100099999,65208099999"
"Abeokuta, Ogun, Nigeria",2024-10-06,86.8,72.4,78.3,96.6,72.4,80.8,74.6,89.0,0.115,100,45.83,rain,0,0,17.7,16.1,173.8,1014.0,87.5,9.2,164.2,14.0,7,30,2024-10-06T06:34:01,2024-10-06T18:35:19,0.13,"Rain, Partially cloudy",Partly cloudy throughout the day with a chance of rain throughout the day.,rain,"DNIB,DNMM,remote,65201099999,65100099999,65208099999"
"Abeokuta, Ogun, Nigeria",2024-10-07,87.8,75.1,80.0,95.9,75.1,82.8,75.1,86.3,0.012,100,8.33,rain,0,0,13.6,11.4,237.3,1014.1,62.2,5.7,163.2,14.1,7,30,2024-10-07T06:33:55,2024-10-07T18:34:50,0.16,"Rain, Partially cloudy",Partly cloudy throughout the day with rain.,rain,"DNIB,DNMM,remote,65201099999,65100099999,65208099999"
"Abeokuta, Ogun, Nigeria",2024-10-08,85.2,75.1,78.5,94.3,75.1,80.2,74.7,88.6,0.63,100,8.33,rain,0,0,57.4,20.8,113.9,1014.5,65.7,7.4,225.4,19.4,8,60,2024-10-08T06:33:49,2024-10-08T18:34:21,0.19,"Rain, Partially cloudy",Partly cloudy throughout the day with rain.,rain,"DNIB,DNMM,remote,65201099999,65100099999,65208099999"
"Abeokuta, Ogun, Nigeria",2024-10-09,87.8,75.2,79.4,97.8,75.2,82.5,74.4,85.4,0.126,100,29.17,rain,0,0,19.7,8.2,182.2,1014.3,65.5,8.9,155.9,13.7,6,30,2024-10-09T06:33:44,2024-10-09T18:33:53,0.23,"Rain, Partially cloudy",Partly cloudy throughout the day with rain in the morning and afternoon.,rain,"DNIB,DNMM,remote,65201099999,65100099999,65208099999"
"Abeokuta, Ogun, Nigeria",2024-10-10,88.7,75.5,81.0,98.3,75.5,85.5,75.1,83.3,0.0,0,0.0,rain,0,0,13.9,10.3,187.4,1012.9,55.9,6.2,202.8,17.4,7,60,2024-10-10T06:33:40,2024-10-10T18:33:26,0.25,Partially cloudy,Partly cloudy throughout the day.,partly-cloudy-day,"DNIB,DNMM,remote,65201099999,65100099999,65208099999"
"Abeokuta, Ogun, Nigeria",2024-10-11,88.4,76.2,81.5,101.1,76.2,86.0,75.5,82.7,0.0,0,0.0,rain,0,0,14.1,10.3,211.4,1013.0,58.3,6.1,231.4,20.1,8,60,2024-10-11T06:33:35,2024-10-11T18:32:59,0.3,Partially cloudy,Partly cloudy throughout the day.,partly-cloudy-day,"DNIB,DNMM,65201099999,65100099999,65208099999"
"Abeokuta, Ogun, Nigeria",2024-10-12,87.5,73.4,79.8,97.2,73.4,83.2,74.5,84.7,0.472,100,4.17,rain,0,0,13.6,54.1,123.6,1013.2,63.6,6.8,146.2,12.4,5,30,2024-10-12T06:33:32,2024-10-12T18:32:33,0.33,"Rain, Partially cloudy",Partly cloudy throughout the day with morning rain.,rain,"DNIB,DNMM,remote,65201099999,65100099999,65208099999"
"Abeokuta, Ogun, Nigeria",2024-10-13,82.5,73.1,77.6,89.6,73.1,79.8,73.6,87.8,0.551,100,8.33,rain,0,0,16.1,11.4,166.3,1014.2,59.0,5.4,151.7,13.0,5,60,2024-10-13T06:33:28,2024-10-13T18:32:07,0.36,"Rain, Partially cloudy",Partly cloudy throughout the day with rain in the morning and afternoon.,rain,"DNIB,DNMM,remote,65201099999,65100099999,65208099999"
"Abeokuta, Ogun, Nigeria",2024-10-14,83.0,74.0,78.2,90.3,74.0,80.1,74.7,89.2,0.039,100,4.17,rain,0,0,13.2,8.7,161.2,1014.6,73.1,7.1,106.1,9.3,5,60,2024-10-14T06:33:26,2024-10-14T18:31:42,0.4,"Rain, Partially cloudy",Partly cloudy throughout the day with afternoon rain.,rain,"DNIB,DNMM,remote,65201099999,65100099999,65208099999"
"Abeokuta, Ogun, Nigeria",2024-10-15,89.6,73.8,80.6,100.3,73.8,84.5,74.5,82.9,0.0,0,0.0,,0,0,15.7,10.3,205.3,1013.8,57.1,6.9,194.2,16.8,7,30,2024-10-15T06:33:23,2024-10-15T18:31:17,0.43,Partially cloudy,Partly cloudy throughout the day.,partly-cloudy-day,"DNIB,DNMM,remote,65201099999,65100099999,65208099999"
"Abeokuta, Ogun, Nigeria",2024-10-16,87.8,74.9,80.1,99.9,74.9,84.3,75.7,86.9,0.0,0,0.0,rain,0,0,16.3,10.3,213.2,1013.8,61.6,5.9,173.4,14.8,7,60,2024-10-16T06:33:22,2024-10-16T18:30:53,0.47,Partially cloudy,Partly cloudy throughout the day.,partly-cloudy-day,"DNIB,DNMM,65201099999,65100099999,65208099999"
"Abeokuta, Ogun, Nigeria",2024-10-17,84.4,75.2,78.9,91.2,75.2,81.4,75.1,88.4,1.968,100,12.5,rain,0,0,20.1,11.4,183.5,1014.3,73.6,6.2,113.2,9.8,5,30,2024-10-17T06:33:20,2024-10-17T18:30:29,0.5,"Rain, Partially cloudy",Partly cloudy throughout the day with rain.,rain,"DNIB,DNMM,remote,65201099999,65100099999,65208099999"
"Abeokuta, Ogun, Nigeria",2024-10-18,87.8,72.8,79.8,97.8,72.8,83.3,74.0,83.6,0.0,0,0.0,rain,0,0,14.5,14.3,207.6,1013.7,54.0,6.2,225.6,19.6,8,30,2024-10-18T06:33:20,2024-10-18T18:30:07,0.53,Partially cloudy,Partly cloudy throughout the day.,partly-cloudy-day,"DNIB,DNMM,remote,65201099999,65100099999,65208099999"
"Abeokuta, Ogun, Nigeria",2024-10-19,87.9,76.6,80.7,99.4,76.6,84.7,75.3,84.2,0.004,100,4.17,rain,0,0,18.6,11.4,221.2,1012.7,66.2,7.0,237.5,20.5,9,60,2024-10-19T06:33:20,2024-10-19T18:29:45,0.57,"Rain, Partially cloudy",Partly cloudy throughout the day with afternoon rain.,rain,"DNIB,DNMM,remote,65201099999,65100099999,65208099999"
"Abeokuta, Ogun, Nigeria",2024-10-20,87.8,76.8,80.6,99.9,76.8,84.0,76.0,86.4,0.157,100,8.33,rain,0,0,15.7,12.8,213.3,1012.6,71.8,7.3,183.4,15.8,7,60,2024-10-20T06:33:20,2024-10-20T18:29:23,0.6,"Rain, Partially cloudy",Partly cloudy throughout the day with rain.,rain,"DNIB,DNMM,remote,65201099999,65100099999,65208099999"
"Abeokuta, Ogun, Nigeria",2024-10-21,89.6,77.0,81.3,99.9,77.0,85.9,76.1,85.3,0.354,100,4.17,rain,0,0,14.8,11.8,196.8,1012.8,59.4,5.9,248.1,21.5,9,60,2024-10-21T06:33:21,2024-10-21T18:29:03,0.63,"Rain, Partially cloudy",Partly cloudy throughout the day with early morning rain.,rain,"DNIB,DNMM,65201099999,65100099999,65208099999"
"Abeokuta, Ogun, Nigeria",2024-10-22,84.6,74.4,78.6,96.1,74.4,81.2,75.3,90.0,0.315,100,4.17,rain,0,0,51.9,13.9,213.6,1012.6,72.3,6.1,170.2,14.5,7,60,2024-10-22T06:33:23,2024-10-22T18:28:43,0.67,"Rain, Partially cloudy",Partly cloudy throughout the day with late afternoon rain.,rain,"DNIB,DNMM,remote,65201099999,65100099999,65208099999"
"Abeokuta, Ogun, Nigeria",2024-10-23,89.6,71.9,80.5,102.6,71.9,85.6,74.7,83.7,0.0,0,0.0,,0,0,12.8,10.3,196.0,1012.6,46.0,5.2,224.6,19.3,8,60,2024-10-23T06:33:25,2024-10-23T18:28:24,0.7,Partially cloudy,Partly cloudy throughout the day.,partly-cloudy-day,"DNIB,DNMM,65201099999,65100099999,65208099999"
"Abeokuta, Ogun, Nigeria",2024-10-24,91.4,77.0,82.6,105.5,77.0,88.7,76.3,82.2,0.0,0,0.0,rain,0,0,15.2,10.3,232.4,1012.4,60.1,5.9,204.0,17.5,7,60,2024-10-24T06:33:28,2024-10-24T18:28:06,0.75,Partially cloudy,Partly cloudy throughout the day.,partly-cloudy-day,"DNIB,DNMM,65201099999,65100099999,65208099999"
"Abeokuta, Ogun, Nigeria",2024-10-25,91.0,74.4,80.4,106.6,74.4,84.5,76.4,88.5,1.103,100,8.33,rain,0,0,19.7,17.2,245.4,1012.8,67.1,4.9,156.5,13.4,6,30,2024-10-25T06:33:32,2024-10-25T18:27:48,0.77,"Rain, Partially cloudy",Partly cloudy throughout the day with rain.,rain,"DNIB,DNMM,65201099999,65100099999,65208099999"
"Abeokuta, Ogun, Nigeria",2024-10-26,91.4,73.4,80.4,101.3,73.4,84.8,74.5,83.6,0.945,100,4.17,rain,0,0,12.8,12.8,79.6,1012.5,47.0,5.5,165.4,14.2,7,30,2024-10-26T06:33:36,2024-10-26T18:27:31,0.8,"Rain, Partially cloudy",Partly cloudy throughout the day with early morning rain.,rain,"DNIB,DNMM,65201099999,65100099999,65208099999"
"Abeokuta, Ogun, Nigeria",2024-10-27,92.1,74.4,82.9,105.5,74.4,89.1,75.8,80.3,0.0,0,0.0,,0,0,12.8,9.2,196.8,1011.7,50.0,6.5,238.2,20.6,8,60,2024-10-27T06:33:41,2024-10-27T18:27:15,0.83,Partially cloudy,Partly cloudy throughout the day.,partly-cloudy-day,"DNIB,DNMM,remote,65201099999,65100099999,65208099999"
"Abeokuta, Ogun, Nigeria",2024-10-28,87.0,77.0,81.3,97.0,77.0,87.3,76.9,87.0,0.197,100,4.17,rain,0,0,19.7,16.1,216.9,1011.4,52.8,5.5,259.0,22.4,9,60,2024-10-28T06:33:47,2024-10-28T18:27:00,0.86,"Rain, Partially cloudy",Partly cloudy throughout the day with afternoon rain.,rain,"DNIB,DNMM,65201099999,65100099999,65208099999"
"Abeokuta, Ogun, Nigeria",2024-10-29,89.2,74.9,79.7,101.6,74.9,83.4,75.4,87.2,1.024,100,12.5,rain,0,0,18.6,8.1,211.6,1012.0,60.1,4.9,202.4,17.7,8,30,2024-10-29T06:33:53,2024-10-29T18:26:46,0.9,"Rain, Partially cloudy",Partly cloudy throughout the day with rain.,rain,"DNIB,DNMM,65201099999,65100099999,65208099999"
"Abeokuta, Ogun, Nigeria",2024-10-30,89.6,75.8,81.5,102.6,75.8,87.3,76.2,84.8,0.0,0,0.0,,0,0,16.6,8.7,179.2,1011.9,60.1,5.4,213.2,18.5,8,30,2024-10-30T06:34:00,2024-10-30T18:26:33,0.93,Partially cloudy,Partly cloudy throughout the day.,partly-cloudy-day,"DNIB,DNMM,65201099999,65100099999,65208099999"
"Abeokuta, Ogun, Nigeria",2024-10-31,91.4,76.5,83.3,105.5,76.5,90.1,76.6,81.5,0.0,0,0.0,,0,0,14.5,13.9,174.3,1012.1,57.7,5.8,228.3,19.8,9,30,2024-10-31T06:34:08,2024-10-31T18:26:21,0.96,Partially cloudy,Partly cloudy throughout the day.,partly-cloudy-day,"DNIB,DNMM,65201099999,65100099999,65208099999"
"Abeokuta, Ogun, Nigeria",2024-11-01,91.4,78.6,83.2,105.1,78.6,89.9,76.5,81.7,0.0,0,0.0,,0,0,14.3,8.1,225.0,1011.6,60.5,6.0,239.1,20.6,9,30,2024-11-01T06:34:16,2024-11-01T18:26:09,0.0,Partially cloudy,Partly cloudy throughout the day.,partly-cloudy-day,"DNIB,DNMM,remote,65201099999,65100099999,65208099999"
"Abeokuta, Ogun, Nigeria",2024-11-02,89.2,78.0,82.4,102.0,78.0,88.4,77.2,85.0,0.0,0,0.0,,0,0,19.9,15.0,192.3,1011.3,56.7,5.7,225.9,19.3,9,60,2024-11-02T06:34:25,2024-11-02T18:25:59,0.03,Partially cloudy,Partly cloudy throughout the day.,partly-cloudy-day,"DNIB,DNMM,65201099999,65100099999,65208099999"
"Abeokuta, Ogun, Nigeria",2024-11-03,91.4,76.5,82.1,104.6,76.5,88.1,76.5,84.4,0.236,100,4.17,rain,0,0,13.2,8.1,282.5,1012.7,65.0,6.8,209.9,18.3,7,30,2024-11-03T06:34:35,2024-11-03T18:25:49,0.07,"Rain, Partially cloudy",Partly cloudy throughout the day with late afternoon rain.,rain,"DNIB,DNMM,remote,65201099999,65100099999,65208099999"
"Abeokuta, Ogun, Nigeria",2024-11-04,92.2,73.8,82.7,96.9,73.8,86.6,73.2,76.8,1.26,100,4.17,rain,0,0,28.9,11.4,124.9,1012.3,42.5,7.1,263.0,22.7,9,10,2024-11-04T06:34:46,2024-11-04T18:25:40,0.1,"Rain, Partially cloudy",Partly cloudy throughout the day with early morning rain.,rain,"DNIB,DNMM,remote,65201099999,65100099999,65208099999"
"Abeokuta, Ogun, Nigeria",2024-11-05,93.5,77.0,84.0,99.9,77.0,89.3,74.9,76.8,0.0,0,0.0,,0,0,11.4,8.7,359.8,1010.7,43.7,5.2,270.2,23.2,9,10,2024-11-05T06:34:57,2024-11-05T18:25:33,0.14,Partially cloudy,Partly cloudy throughout the day.,partly-cloudy-day,"DNIB,DNMM,65201099999,65100099999,65208099999"
"Abeokuta, Ogun, Nigeria",2024-11-06,93.2,76.2,83.1,98.8,76.2,87.3,74.1,76.7,0.0,0,0.0,,0,0,11.9,8.1,227.9,1009.7,42.2,6.5,241.7,20.8,8,10,2024-11-06T06:35:09,2024-11-06T18:25:26,0.17,Partially cloudy,Partly cloudy throughout the day.,partly-cloudy-day,"DNIB,DNMM,remote,65201099999,65100099999,65208099999"
"Abeokuta, Ogun, Nigeria",2024-11-07,91.5,78.0,83.0,97.2,78.0,87.8,74.8,78.2,0.0,0,0.0,,0,0,15.2,6.9,39.9,1010.9,47.2,4.5,233.4,20.2,9,10,2024-11-07T06:35:22,2024-11-07T18:25:20,0.21,Partially cloudy,Partly cloudy throughout the day.,partly-cloudy-day,"DNIB,DNMM,65201099999,65100099999,65208099999"
"Abeokuta, Ogun, Nigeria",2024-11-08,93.2,76.7,83.6,104.4,76.7,90.2,76.1,79.7,0.0,0,0.0,,0,0,15.2,10.5,211.0,1011.8,43.5,4.4,239.0,20.7,9,10,2024-11-08T06:35:36,2024-11-08T18:25:15,0.24,Partially cloudy,Partly cloudy throughout the day.,partly-cloudy-day,"DNIB,DNMM,65201099999,65100099999,65208099999"
"Abeokuta, Ogun, Nigeria",2024-11-09,90.6,78.6,83.7,102.0,78.6,91.3,76.5,80.0,0.004,100,4.17,rain,0,0,16.6,8.1,221.6,1012.1,56.1,5.4,211.3,18.2,8,30,2024-11-09T06:35:50,2024-11-09T18:25:11,0.25,"Rain, Partially cloudy",Partly cloudy throughout the day with afternoon rain.,rain,"DNIB,DNMM,remote,65201099999,65100099999,65208099999"
"Abeokuta, Ogun, Nigeria",2024-11-10,91.4,73.2,81.6,102.1,73.2,86.0,74.0,79.7,1.024,100,4.17,rain,0,0,32.2,13.9,143.5,1012.6,51.2,5.2,230.4,19.7,8,30,2024-11-10T06:36:05,2024-11-10T18:25:09,0.31,"Rain, Partially cloudy",Partly cloudy throughout the day with morning rain.,rain,"DNIB,DNMM,65201099999,65100099999,65208099999"
"Abeokuta, Ogun, Nigeria",2024-11-11,91.2,76.0,82.3,102.5,76.0,87.3,75.6,81.4,0.0,0,0.0,,0,0,13.9,9.2,163.2,1010.9,48.2,5.4,236.9,20.4,9,30,2024-11-11T06:36:21,2024-11-11T18:25:07,0.35,Partially cloudy,Partly cloudy throughout the day.,partly-cloudy-day,"DNIB,DNMM,65201099999,65100099999,65208099999"
"Abeokuta, Ogun, Nigeria",2024-11-12,92.2,75.9,82.7,102.0,75.9,88.1,75.6,80.8,0.354,100,4.17,rain,0,0,20.8,11.6,221.2,1010.2,46.8,5.3,240.0,21.0,9,10,2024-11-12T06:36:37,2024-11-12T18:25:06,0.38,"Rain, Partially cloudy",Partly cloudy throughout the day with late afternoon rain.,rain,"DNIB,DNMM,65201099999,65100099999,65208099999"
"Abeokuta, Ogun, Nigeria",2024-11-13,92.9,77.0,84.4,103.5,77.0,91.6,76.4,79.0,0.0,0,0.0,,0,0,17.4,7.2,195.8,1010.4,51.2,4.8,251.9,21.7,9,30,2024-11-13T06:36:54,2024-11-13T18:25:06,0.42,Partially cloudy,Partly cloudy throughout the day.,partly-cloudy-day,"DNIB,DNMM,65201099999,65100099999,65208099999"
"Abeokuta, Ogun, Nigeria",2024-11-14,93.2,79.4,84.5,107.5,79.4,92.7,76.8,79.2,0.0,0,0.0,,0,0,18.6,9.2,213.3,1010.3,59.4,5.6,224.8,19.3,9,10,2024-11-14T06:37:12,2024-11-14T18:25:07,0.45,Partially cloudy,Partly cloudy throughout the day.,partly-cloudy-day,"DNIB,DNMM,65201099999,65100099999,65208099999"
"Abeokuta, Ogun, Nigeria",2024-11-15,92.9,76.4,83.3,104.3,76.4,88.6,74.8,77.0,0.0,0,0.0,,0,0,14.3,8.9,179.0,1011.0,47.9,5.5,218.6,19.0,9,30,2024-11-15T06:37:31,2024-11-15T18:25:09,0.5,Partially cloudy,Partly cloudy throughout the day.,partly-cloudy-day,"DNIB,DNMM,65201099999,65100099999,65208099999"
"Abeokuta, Ogun, Nigeria",2024-11-16,93.2,77.0,83.9,102.8,77.0,90.7,75.9,78.6,0.0,0,0.0,,0,0,17.4,10.5,168.4,1010.8,46.9,5.5,254.9,21.9,9,30,2024-11-16T06:37:50,2024-11-16T18:25:13,0.52,Partially cloudy,Partly cloudy throughout the day.,partly-cloudy-day,"DNIB,DNMM,65201099999,65100099999,65208099999"
"Abeokuta, Ogun, Nigeria",2024-11-17,88.8,78.4,82.2,101.9,78.4,89.5,77.2,85.3,0.157,100,8.33,rain,0,0,13.9,10.3,247.7,1010.9,48.9,5.8,266.3,23.1,9,10,2024-11-17T06:38:10,2024-11-17T18:25:17,0.55,"Rain, Partially cloudy",Partly cloudy throughout the day with rain.,rain,"DNIB,DNMM,65201099999,65100099999,65208099999"
"Abeokuta, Ogun, Nigeria",2024-11-18,92.8,76.2,83.0,104.9,76.2,88.2,75.6,80.3,0.0,0,0.0,,0,0,13.4,6.8,147.1,1011.2,39.7,5.3,248.4,21.3,9,10,2024-11-18T06:38:31,2024-11-18T18:25:22,0.58,Partially cloudy,Partly cloudy throughout the day.,partly-cloudy-day,"DNIB,DNMM"
"Abeokuta, Ogun, Nigeria",2024-11-19,94.9,76.2,83.6,99.7,76.2,87.6,73.9,76.1,0.0,0,0.0,,0,0,12.1,6.9,209.0,1011.6,47.7,4.5,250.6,21.7,9,10,2024-11-19T06:38:52,2024-11-19T18:25:28,0.62,Partially cloudy,Partly cloudy throughout the day.,partly-cloudy-day,"DNIB,DNMM"
"Abeokuta, Ogun, Nigeria",2024-11-20,96.7,76.9,84.8,100.4,76.9,90.0,73.7,72.6,0.0,0,0.0,,0,0,12.5,8.1,232.7,1012.3,25.9,4.6,261.2,22.6,9,10,2024-11-20T06:39:14,2024-11-20T18:25:35,0.65,Partially cloudy,Partly cloudy throughout the day.,partly-cloudy-day,"DNIB,DNMM"
"Abeokuta, Ogun, Nigeria",2024-11-21,93.1,76.9,84.2,107.3,76.9,92.2,76.5,78.9,0.0,0,0.0,,0,0,20.8,11.4,208.9,1011.7,39.4,3.9,259.1,22.5,9,10,2024-11-21T06:39:36,2024-11-21T18:25:44,0.68,Partially cloudy,Partly cloudy throughout the day.,partly-cloudy-day,"DNIB,DNMM,65201099999"
"Abeokuta, Ogun, Nigeria",2024-11-22,93.2,77.4,83.8,100.4,77.4,90.1,75.0,77.0,0.157,100,4.17,rain,0,0,11.6,8.1,278.4,1012.0,49.0,4.9,264.5,22.9,9,10,2024-11-22T06:40:00,2024-11-22T18:25:53,0.71,"Rain, Partially cloudy",Partly cloudy throughout the day with late afternoon rain.,rain,"DNIB,DNMM,65201099999,65100099999,65208099999"
"Abeokuta, Ogun, Nigeria",2024-11-23,93.2,78.5,83.0,105.0,78.5,88.6,75.8,80.6,0.0,0,0.0,,0,0,16.1,9.4,240.8,1012.2,52.0,4.2,231.1,19.9,8,10,2024-11-23T06:40:23,2024-11-23T18:26:03,0.75,Partially cloudy,Partly cloudy throughout the day.,partly-cloudy-day,"DNIB,DNMM,65201099999,65100099999,65208099999"
"Abeokuta, Ogun, Nigeria",2024-11-24,95.0,73.4,83.1,105.1,73.4,87.5,74.1,76.9,0.0,0,0.0,,0,0,13.6,10.3,174.1,1012.5,48.8,5.0,248.6,21.4,9,10,2024-11-24T06:40:48,2024-11-24T18:26:14,0.78,Partially cloudy,Partly cloudy throughout the day.,partly-cloudy-day,"DNIB,DNMM,remote,65201099999,65100099999,65208099999"
"Abeokuta, Ogun, Nigeria",2024-11-25,95.0,76.1,83.9,105.2,76.1,88.8,74.1,75.3,0.0,0,0.0,,0,0,15.0,8.1,261.3,1012.8,49.3,4.8,253.4,22.0,9,10,2024-11-25T06:41:13,2024-11-25T18:26:26,0.81,Partially cloudy,Partly cloudy throughout the day.,partly-cloudy-day,"DNIB,DNMM,65201099999,65100099999,65208099999"
"Abeokuta, Ogun, Nigeria",2024-11-26,93.2,77.0,83.5,105.6,77.0,88.7,74.5,76.8,0.0,0,0.0,,0,0,13.9,10.3,198.7,1012.8,47.9,6.4,240.2,20.8,9,10,2024-11-26T06:41:38,2024-11-26T18:26:39,0.84,Partially cloudy,Partly cloudy throughout the day.,partly-cloudy-day,"DNIB,DNMM,remote,65201099999,65100099999,65208099999"
"Abeokuta, Ogun, Nigeria",2024-11-27,94.0,76.7,83.5,100.5,76.7,87.4,73.1,74.1,0.0,0,0.0,,0,0,13.9,10.3,263.9,1012.8,45.4,5.7,245.1,21.1,9,10,2024-11-27T06:42:04,2024-11-27T18:26:53,0.88,Partially cloudy,Partly cloudy throughout the day.,partly-cloudy-day,"DNIB,DNMM,remote,65201099999,65100099999,65208099999"
"Abeokuta, Ogun, Nigeria",2024-11-28,93.2,74.1,83.0,97.7,74.1,85.8,71.8,72.2,0.0,0,0.0,,0,0,13.6,8.1,25.9,1013.0,42.8,3.7,250.9,21.5,9,10,2024-11-28T06:42:30,2024-11-28T18:27:08,0.91,Partially cloudy,Partly cloudy throughout the day.,partly-cloudy-day,"DNIB,DNMM,65201099999,65100099999,65208099999"
"Abeokuta, Ogun, Nigeria",2024-11-29,93.5,74.4,82.7,95.4,74.4,83.6,67.4,63.7,0.0,0,0.0,,0,0,15.4,13.2,52.0,1013.6,32.7,2.9,264.3,22.8,9,10,2024-11-29T06:42:57,2024-11-29T18:27:24,0.94,Partially cloudy,Partly cloudy throughout the day.,partly-cloudy-day,"DNIB,DNMM,65201099999,65100099999,65208099999"
"Abeokuta, Ogun, Nigeria",2024-11-30,95.0,74.1,83.5,96.2,74.1,83.1,62.4,53.5,0.0,0,0.0,,0,0,15.0,11.4,44.0,1013.2,25.7,3.4,259.7,22.3,9,10,2024-11-30T06:43:25,2024-11-30T18:27:40,0.97,Partially cloudy,Partly cloudy throughout the day.,partly-cloudy-day,"DNIB,DNMM,65201099999,65100099999,65208099999"
"Abeokuta, Ogun, Nigeria",2024-12-01,96.7,73.3,82.1,98.1,73.3,82.7,64.9,59.5,0.0,0,0.0,,0,0,14.8,11.4,25.2,1011.5,34.8,2.9,256.7,22.1,9,10,2024-12-01T06:43:53,2024-12-01T18:27:58,0.0,Partially cloudy,Clearing in the afternoon.,partly-cloudy-day,"DNIB,DNMM,65201099999"
"Abeokuta, Ogun, Nigeria",2024-12-02,95.8,73.0,83.3,96.9,73.0,83.7,65.9,60.1,0.0,0,0.0,,0,0,16.6,8.5,155.8,1011.0,19.4,4.7,257.2,22.2,9,10,2024-12-02T06:44:21,2024-12-02T18:28:16,0.04,Clear,Clear conditions throughout the day.,clear-day,"DNIB,DNMM,remote,65201099999,65100099999,65208099999"
"Abeokuta, Ogun, Nigeria",2024-12-03,95.0,75.2,84.0,105.0,75.2,88.1,72.1,70.9,0.0,0,0.0,,0,0,17.7,10.3,202.2,1010.8,27.7,7.5,241.1,20.8,8,10,2024-12-03T06:44:49,2024-12-03T18:28:35,0.08,Partially cloudy,Partly cloudy throughout the day.,partly-cloudy-day,"DNIB,DNMM,remote,65201099999,65100099999,65208099999"
"Abeokuta, Ogun, Nigeria",2024-12-04,94.2,77.0,84.9,107.5,77.0,91.6,74.7,74.3,0.0,0,0.0,,0,0,16.6,8.1,168.9,1011.4,51.0,4.1,232.2,20.0,8,10,2024-12-04T06:45:18,2024-12-04T18:28:55,0.11,Partially cloudy,Partly cloudy throughout the day.,partly-cloudy-day,"DNIB,DNMM,65201099999,65100099999,65208099999"
"Abeokuta, Ogun, Nigeria",2024-12-05,93.2,77.3,84.0,101.7,77.3,88.8,73.2,74.0,0.0,0,0.0,,0,0,15.7,8.1,145.2,1011.9,48.7,5.2,223.0,19.2,8,10,2024-12-05T06:45:47,2024-12-05T18:29:16,0.15,Partially cloudy,Partly cloudy throughout the day.,partly-cloudy-day,"DNIB,DNMM,remote,65201099999,65100099999,65208099999"
"Abeokuta, Ogun, Nigeria",2024-12-06,95.0,76.1,83.4,100.3,76.1,88.3,73.9,76.1,0.0,0,0.0,,0,0,13.9,11.4,217.7,1011.4,40.1,4.2,219.3,18.9,8,10,2024-12-06T06:46:17,2024-12-06T18:29:37,0.18,Partially cloudy,Partly cloudy throughout the day.,partly-cloudy-day,"DNIB,DNMM,65201099999,65100099999,65208099999"
"Abeokuta, Ogun, Nigeria",2024-12-07,96.8,74.7,84.2,99.8,74.7,86.6,68.9,64.5,0.0,0,0.0,,0,0,15.7,11.4,104.5,1011.2,30.3,4.8,252.3,21.8,9,10,2024-12-07T06:46:47,2024-12-07T18:30:00,0.22,Partially cloudy,Becoming cloudy in the afternoon.,partly-cloudy-day,"DNIB,DNMM,remote,65201099999,65100099999,65208099999"
"Abeokuta, Ogun, Nigeria",2024-12-08,95.0,75.2,84.1,97.3,75.2,85.3,65.3,56.5,0.0,0,0.0,,0,0,16.6,11.4,35.6,1011.3,24.6,3.3,255.0,22.0,9,10,2024-12-08T06:47:17,2024-12-08T18:30:23,0.25,Partially cloudy,Partly cloudy throughout the day.,partly-cloudy-day,"DNIB,DNMM,65201099999,65100099999,65208099999"
"Abeokuta, Ogun, Nigeria",2024-12-09,91.5,73.3,82.2,91.6,73.3,82.9,66.6,62.7,0.0,0,0.0,,0,0,13.0,8.1,32.6,1011.6,36.1,3.4,250.2,21.5,9,10,2024-12-09T06:47:47,2024-12-09T18:30:46,0.29,Partially cloudy,Partly cloudy throughout the day.,partly-cloudy-day,"DNIB,DNMM,65201099999,65100099999,65208099999"
"Abeokuta, Ogun, Nigeria",2024-12-10,98.8,69.8,82.6,97.3,69.8,83.5,65.9,61.8,0.0,0,0.0,,0,0,12.3,8.0,117.1,1011.1,29.9,3.8,251.9,21.8,9,10,2024-12-10T06:48:17,2024-12-10T18:31:11,0.33,Partially cloudy,Partly cloudy throughout the day.,partly-cloudy-day,"DNIB,DNMM,65201099999,65100099999,65208099999"
"Abeokuta, Ogun, Nigeria",2024-12-11,93.2,76.4,82.9,101.0,76.4,87.5,74.1,76.6,0.0,0,0.0,,0,0,16.8,9.7,210.7,1011.2,35.1,3.9,208.6,17.9,8,10,2024-12-11T06:48:48,2024-12-11T18:31:36,0.36,Partially cloudy,Partly cloudy throughout the day.,partly-cloudy-day,"DNIB,DNMM,65201099999,65100099999,65208099999"
"Abeokuta, Ogun, Nigeria",2024-12-12,93.5,78.0,84.5,107.9,78.0,92.5,76.4,78.1,0.0,0,0.0,,0,0,17.4,10.3,186.2,1010.7,48.7,5.2,218.7,18.7,8,30,2024-12-12T06:49:18,2024-12-12T18:32:01,0.4,Partially cloudy,Partly cloudy throughout the day.,partly-cloudy-day,"DNIB,DNMM,remote,65201099999,65100099999,65208099999"
"Abeokuta, Ogun, Nigeria",2024-12-13,92.4,78.3,83.7,102.6,78.3,89.2,75.4,78.1,0.039,100,4.17,rain,0,0,17.2,10.0,189.5,1011.0,51.1,5.5,213.0,18.4,8,10,2024-12-13T06:49:49,2024-12-13T18:32:27,0.43,"Rain, Partially cloudy",Partly cloudy throughout the day with late afternoon rain.,rain,"DNIB,DNMM,remote,65201099999,65100099999,65208099999"
"Abeokuta, Ogun, Nigeria",2024-12-14,93.8,75.1,83.6,105.1,75.1,88.7,74.6,77.4,0.0,0,0.0,,0,0,15.4,8.4,175.3,1010.8,43.4,3.8,257.2,22.2,9,10,2024-12-14T06:50:19,2024-12-14T18:32:54,0.47,Partially cloudy,Partly cloudy throughout the day.,partly-cloudy-day,"DNIB,DNMM,65201099999,65100099999,65208099999"
"Abeokuta, Ogun, Nigeria",2024-12-15,95.0,74.7,83.0,107.4,74.7,87.7,74.5,78.1,0.0,0,0.0,,0,0,11.6,9.6,220.5,1011.4,44.0,3.8,245.2,21.0,9,10,2024-12-15T06:50:50,2024-12-15T18:33:21,0.5,Partially cloudy,Partly cloudy throughout the day.,partly-cloudy-day,"DNIB,DNMM,65201099999,65100099999,65208099999"
"Abeokuta, Ogun, Nigeria",2024-12-16,95.6,71.6,83.6,105.1,71.6,89.3,73.4,73.9,0.0,0,0.0,,0,0,13.2,10.3,242.8,1012.3,35.7,3.5,251.0,21.6,9,10,2024-12-16T06:51:21,2024-12-16T18:33:49,0.53,Partially cloudy,Partly cloudy throughout the day.,partly-cloudy-day,"DNIB,DNMM,65201099999,65100099999,65208099999"
"Abeokuta, Ogun, Nigeria",2024-12-17,95.0,77.0,84.0,97.7,77.0,87.1,71.9,70.9,0.0,0,0.0,,0,0,15.4,10.4,233.5,1012.3,31.3,2.4,250.0,21.6,9,10,2024-12-17T06:51:51,2024-12-17T18:34:17,0.57,Partially cloudy,Partly cloudy throughout the day.,partly-cloudy-day,"DNIB,DNMM,65201099999,65100099999,65208099999"
"Abeokuta, Ogun, Nigeria",2024-12-18,95.7,75.0,83.6,99.4,75.0,85.9,70.3,68.0,0.0,0,0.0,,0,0,12.5,9.2,141.7,1012.4,24.8,2.2,252.5,21.9,9,10,2024-12-18T06:52:22,2024-12-18T18:34:46,0.6,Partially cloudy,Partly cloudy throughout the day.,partly-cloudy-day,"DNIB,DNMM,remote,65201099999,65100099999,65208099999"
"Abeokuta, Ogun, Nigeria",2024-12-19,94.1,73.4,82.5,92.3,73.4,82.4,63.4,57.4,0.0,0,0.0,,0,0,17.7,11.4,53.4,1013.2,32.6,2.3,256.6,22.2,9,10,2024-12-19T06:52:52,2024-12-19T18:35:15,0.63,Partially cloudy,Partly cloudy throughout the day.,partly-cloudy-day,"DNIB,DNMM,65201099999,65100099999,65208099999"
"Abeokuta, Ogun, Nigeria",2024-12-20,94.0,68.3,80.1,92.1,68.3,79.5,56.9,48.9,0.0,0,0.0,,0,0,19.5,13.9,19.0,1013.1,23.2,3.2,256.2,22.0,9,10,2024-12-20T06:53:22,2024-12-20T18:35:44,0.66,Partially cloudy,Clearing in the afternoon.,partly-cloudy-day,"DNIB,DNMM,65201099999,65100099999,65208099999"
"Abeokuta, Ogun, Nigeria",2024-12-21,95.0,69.8,80.7,93.2,69.8,79.9,50.4,39.8,0.0,0,0.0,,0,0,19.7,15.0,35.9,1011.8,23.5,3.8,253.9,22.0,9,10,2024-12-21T06:53:52,2024-12-21T18:36:14,0.7,Partially cloudy,Partly cloudy throughout the day.,partly-cloudy-day,"DNIB,DNMM,remote,65201099999,65100099999,65208099999"
"Abeokuta, Ogun, Nigeria",2024-12-22,95.0,69.8,81.3,92.6,69.8,80.6,59.8,53.2,0.0,0,0.0,,0,0,16.1,12.8,358.5,1012.0,20.3,1.4,253.6,22.0,9,10,2024-12-22T06:54:22,2024-12-22T18:36:44,0.75,Partially cloudy,Clearing in the afternoon.,partly-cloudy-day,"DNIB,DNMM,65201099999,65100099999,65208099999"
"Abeokuta, Ogun, Nigeria",2024-12-23,96.0,72.6,82.3,94.6,72.6,82.9,64.3,58.0,0.0,0,0.0,,0,0,13.6,6.9,38.6,1011.6,18.8,1.9,252.7,22.0,9,10,2024-12-23T06:54:51,2024-12-23T18:37:14,0.76,Clear,Clear conditions throughout the day.,clear-day,"DNIB,DNMM,remote,65201099999,65100099999,65208099999"
"Abeokuta, Ogun, Nigeria",2024-12-24,95.0,73.7,82.8,105.2,73.7,86.0,71.4,70.9,0.0,0,0.0,,0,0,17.0,10.3,207.2,1011.3,27.4,1.8,248.3,21.4,9,10,2024-12-24T06:55:20,2024-12-24T18:37:45,0.79,Partially cloudy,Partly cloudy throughout the day.,partly-cloudy-day,"DNIB,DNMM,remote,65201099999,65100099999,65208099999"
"Abeokuta, Ogun, Nigeria",2024-12-25,97.5,75.3,84.1,98.1,75.3,86.4,70.4,67.9,0.0,0,0.0,,0,0,12.8,7.8,292.2,1011.2,22.7,2.5,247.9,21.4,9,10,2024-12-25T06:55:49,2024-12-25T18:38:15,0.82,Partially cloudy,Partly cloudy throughout the day.,partly-cloudy-day,"DNIB,DNMM,remote,65201099999,65100099999,65208099999"
"Abeokuta, Ogun, Nigeria",2024-12-26,97.4,77.0,85.6,100.1,77.0,87.4,69.0,65.1,0.0,0,0.0,,0,0,16.3,9.2,222.8,1010.9,26.1,9.3,251.2,21.8,9,10,2024-12-26T06:56:17,2024-12-26T18:38:46,0.86,Partially cloudy,Partly cloudy throughout the day.,partly-cloudy-day,"DNMM,remote,65201099999"
"Abeokuta, Ogun, Nigeria",2024-12-27,97.6,76.6,84.6,102.6,76.6,88.6,72.9,72.6,0.0,0,0.0,,0,0,17.0,10.3,222.2,1011.2,38.2,6.2,246.5,21.5,9,10,2024-12-27T06:56:45,2024-12-27T18:39:17,0.89,Partially cloudy,Partly cloudy throughout the day.,partly-cloudy-day,"DNIB,DNMM,remote,65201099999,65100099999,65208099999"
"Abeokuta, Ogun, Nigeria",2024-12-28,94.5,75.2,83.5,102.8,75.2,87.1,73.2,74.3,0.0,0,0.0,,0,0,15.4,7.6,202.3,1011.8,36.0,2.9,243.5,21.1,9,10,2024-12-28T06:57:13,2024-12-28T18:39:48,0.92,Partially cloudy,Partly cloudy throughout the day.,partly-cloudy-day,"DNIB,DNMM,65201099999,65100099999,65208099999"
"Abeokuta, Ogun, Nigeria",2024-12-29,95.0,74.9,83.8,105.2,74.9,89.1,74.4,75.6,0.0,0,0.0,,0,0,17.2,9.2,183.9,1011.7,31.3,3.9,247.3,21.5,9,10,2024-12-29T06:57:40,2024-12-29T18:40:20,0.95,Partially cloudy,Partly cloudy throughout the day.,partly-cloudy-day,"DNIB,DNMM,remote,65201099999,65100099999,65208099999"
"Abeokuta, Ogun, Nigeria",2024-12-30,95.8,77.0,84.5,103.2,77.0,89.8,74.4,75.4,0.0,0,0.0,,0,0,17.0,15.0,144.5,1011.7,33.7,3.1,241.9,21.1,9,10,2024-12-30T06:58:06,2024-12-30T18:40:51,0.0,Partially cloudy,Partly cloudy throughout the day.,partly-cloudy-day,"DNIB,DNMM,65201099999,65100099999,65208099999"
"Abeokuta, Ogun, Nigeria",2024-12-31,93.2,76.5,83.2,107.5,76.5,89.7,76.2,81.0,0.0,0,0.0,,0,0,17.0,12.8,199.6,1011.2,33.0,2.9,243.0,21.1,9,10,2024-12-31T06:58:32,2024-12-31T18:41:22,0.02,Partially cloudy,Partly cloudy throughout the day.,partly-cloudy-day,"DNIB,DNMM,65201099999,65100099999,65208099999"
