name,datetime,tempmax,tempmin,temp,feelslikemax,feelslikemin,feelslike,dew,humidity,precip,precipprob,precipcover,preciptype,snow,snowdepth,windgust,windspeed,winddir,sealevelpressure,cloudcover,visibility,solarradiation,solarenergy,uvindex,severerisk,sunrise,sunset,moonphase,conditions,description,icon,stations
"Abeokuta, Ogun, Nigeria",2023-01-01,95.6,68.6,80.7,92.7,68.6,80.1,57.1,47.5,0.0,0,0.0,,0,0,14.3,8.1,53.0,1011.7,26.0,3.1,259.7,22.4,9,10,2023-01-01T06:58:44,2023-01-01T18:41:36,0.31,Partially cloudy,Partly cloudy throughout the day.,partly-cloudy-day,"DNIB,DNMM,NII0000DNMM,remote,65201099999,65100099999,65208099999"
"Abeokuta, Ogun, Nigeria",2023-01-02,95.0,68.5,80.1,93.5,68.5,79.6,58.3,51.2,0.0,0,0.0,,0,0,18.3,14.0,46.1,1011.5,28.1,3.1,259.1,22.4,9,10,2023-01-02T06:59:09,2023-01-02T18:42:07,0.35,Partially cloudy,Partly cloudy throughout the day.,partly-cloudy-day,"65210099999,DNIB,DNMM,remote,65201099999,65100099999,65208099999"
"Abeokuta, Ogun, Nigeria",2023-01-03,93.2,71.6,80.7,92.8,71.6,80.6,59.3,49.9,0.0,0,0.0,,0,0,15.0,10.8,28.9,1011.8,23.6,1.9,254.9,22.0,9,10,2023-01-03T06:59:34,2023-01-03T18:42:38,0.38,Partially cloudy,Partly cloudy throughout the day.,partly-cloudy-day,"DNIB,DNMM,65201099999,65100099999,65208099999"
"Abeokuta, Ogun, Nigeria",2023-01-04,93.8,71.4,81.1,92.6,71.4,80.9,62.3,56.6,0.0,0,0.0,,0,0,16.1,10.5,53.5,1012.0,28.5,1.5,253.0,21.8,9,10,2023-01-04T06:59:58,2023-01-04T18:43:09,0.41,Partially cloudy,Partly cloudy throughout the day.,partly-cloudy-day,"65210099999,DNIB,DNMM,65201099999,65100099999,65208099999"
"Abeokuta, Ogun, Nigeria",2023-01-05,93.2,71.3,81.1,94.2,71.3,81.7,64.5,59.4,0.0,0,0.0,,0,0,15.9,9.2,224.2,1012.2,27.5,1.4,248.0,21.3,9,10,2023-01-05T07:00:21,2023-01-05T18:43:40,0.45,Partially cloudy,Partly cloudy throughout the day.,partly-cloudy-day,"DNIB,65213099999,DNMM,65201099999,65100099999,65208099999"
"Abeokuta, Ogun, Nigeria",2023-01-06,91.7,73.0,81.8,98.7,73.0,85.3,70.3,69.1,0.0,0,0.0,,0,0,14.5,10.3,133.1,1012.9,21.1,2.3,231.1,20.0,8,10,2023-01-06T07:00:44,2023-01-06T18:44:10,0.48,Partially cloudy,Partly cloudy throughout the day.,partly-cloudy-day,"65210099999,DNIB,DNMM,remote,65201099999,65100099999,65208099999"
"Abeokuta, Ogun, Nigeria",2023-01-07,96.0,75.2,84.0,102.6,75.2,88.2,72.5,70.9,0.0,0,0.0,,0,0,15.4,10.3,197.9,1012.5,32.1,2.9,249.8,21.6,9,10,2023-01-07T07:01:06,2023-01-07T18:44:41,0.5,Partially cloudy,Partly cloudy throughout the day.,partly-cloudy-day,"65210099999,DNIB,DNMM,remote,65201099999,65100099999,65208099999"
"Abeokuta, Ogun, Nigeria",2023-01-08,95.0,76.8,83.3,102.8,76.8,87.7,74.4,76.8,0.0,0,0.0,,0,0,15.2,8.1,228.4,1012.5,34.7,3.9,249.6,21.6,9,10,2023-01-08T07:01:27,2023-01-08T18:45:11,0.55,Partially cloudy,Partly cloudy throughout the day.,partly-cloudy-day,"65210099999,DNIB,DNMM,remote,65201099999,65100099999,65208099999"
"Abeokuta, Ogun, Nigeria",2023-01-09,97.4,74.9,84.0,101.1,74.9,87.5,72.5,72.2,0.0,0,0.0,,0,0,14.1,7.4,305.2,1012.8,29.9,2.9,258.5,22.3,9,10,2023-01-09T07:01:48,2023-01-09T18:45:41,0.58,Partially cloudy,Partly cloudy throughout the day.,partly-cloudy-day,"65210099999,DNIB,DNMM,65201099999,65100099999,65208099999"
"Abeokuta, Ogun, Nigeria",2023-01-10,95.8,75.0,84.4,97.4,75.0,88.0,72.0,70.1,0.0,0,0.0,,0,0,13.9,11.4,34.8,1013.7,34.0,2.9,263.2,22.8,9,10,2023-01-10T07:02:07,2023-01-10T18:46:10,0.62,Partially cloudy,Partly cloudy throughout the day.,partly-cloudy-day,"DNIB,DNMM,65201099999,65100099999,65208099999"
"Abeokuta, Ogun, Nigeria",2023-01-11,95.0,74.9,83.2,100.2,74.9,86.8,72.2,72.0,0.0,0,0.0,,0,0,13.9,11.4,268.3,1013.7,31.9,3.5,265.1,22.9,9,10,2023-01-11T07:02:26,2023-01-11T18:46:39,0.65,Partially cloudy,Partly cloudy throughout the day.,partly-cloudy-day,"65210099999,DNIB,DNMM,65201099999,65100099999,65208099999"
"Abeokuta, Ogun, Nigeria",2023-01-12,95.8,74.7,82.7,98.2,74.7,85.3,72.3,74.7,0.0,0,0.0,,0,0,16.8,13.9,56.7,1011.9,29.8,3.3,261.0,22.5,9,10,2023-01-12T07:02:45,2023-01-12T18:47:08,0.68,Partially cloudy,Partly cloudy throughout the day.,partly-cloudy-day,"DNIB,DNMM,remote,65201099999,65100099999,65208099999"
"Abeokuta, Ogun, Nigeria",2023-01-13,93.7,76.6,83.0,97.8,76.6,86.6,72.8,73.7,0.0,0,0.0,,0,0,16.8,8.6,151.9,1011.1,31.7,3.1,259.5,22.3,9,10,2023-01-13T07:03:02,2023-01-13T18:47:37,0.72,Partially cloudy,Partly cloudy throughout the day.,partly-cloudy-day,"DNIB,DNMM,65201099999,65100099999,65208099999"
"Abeokuta, Ogun, Nigeria",2023-01-14,95.0,75.2,83.3,101.0,75.2,87.0,73.0,74.5,0.0,0,0.0,,0,0,17.7,6.3,186.0,1012.2,31.9,2.4,252.8,21.7,9,10,2023-01-14T07:03:18,2023-01-14T18:48:05,0.75,Partially cloudy,Partly cloudy throughout the day.,partly-cloudy-day,"DNIB,DNMM,65201099999,65100099999,65208099999"
"Abeokuta, Ogun, Nigeria",2023-01-15,92.4,75.3,83.3,99.7,75.3,88.5,73.7,74.4,0.0,0,0.0,,0,0,16.3,7.4,152.6,1011.6,35.9,3.3,217.3,18.8,8,10,2023-01-15T07:03:34,2023-01-15T18:48:32,0.75,Partially cloudy,Partly cloudy throughout the day.,partly-cloudy-day,"65210099999,DNIB,DNMM,65201099999,65100099999,65208099999"
"Abeokuta, Ogun, Nigeria",2023-01-16,95.3,73.0,83.6,100.9,73.0,87.7,71.2,69.0,0.0,0,0.0,,0,0,14.5,16.1,7.0,1011.1,26.8,3.2,258.8,22.2,9,10,2023-01-16T07:03:49,2023-01-16T18:49:00,0.82,Partially cloudy,Partly cloudy throughout the day.,partly-cloudy-day,"65210099999,DNIB,DNMM,65201099999,65100099999,65208099999"
"Abeokuta, Ogun, Nigeria",2023-01-17,95.0,74.9,84.0,99.2,74.9,87.1,70.9,68.7,0.0,0,0.0,,0,0,16.1,13.9,160.5,1011.3,31.0,3.1,258.7,22.5,9,10,2023-01-17T07:04:03,2023-01-17T18:49:26,0.85,Partially cloudy,Partly cloudy throughout the day.,partly-cloudy-day,"DNIB,DNMM,remote,65201099999,65100099999"
"Abeokuta, Ogun, Nigeria",2023-01-18,95.0,73.4,82.9,103.2,73.4,87.4,73.1,74.1,0.0,0,0.0,,0,0,17.9,9.9,202.9,1011.2,38.3,3.8,256.7,22.1,9,10,2023-01-18T07:04:16,2023-01-18T18:49:52,0.89,Partially cloudy,Partly cloudy throughout the day.,partly-cloudy-day,"65210099999,DNIB,DNMM,remote,65201099999,65100099999"
"Abeokuta, Ogun, Nigeria",2023-01-19,93.3,74.4,82.7,104.7,74.4,88.7,75.6,80.7,0.0,0,0.0,,0,0,17.4,13.9,192.7,1011.6,37.1,4.0,248.3,21.5,9,10,2023-01-19T07:04:28,2023-01-19T18:50:18,0.92,Partially cloudy,Partly cloudy throughout the day.,partly-cloudy-day,"65210099999,DNIB,DNMM,remote,65201099999,65100099999,65208099999"
"Abeokuta, Ogun, Nigeria",2023-01-20,94.2,77.0,83.8,103.6,77.0,89.2,75.3,77.6,0.0,0,0.0,,0,0,19.0,11.4,182.1,1011.3,46.3,4.7,222.5,19.2,8,30,2023-01-20T07:04:39,2023-01-20T18:50:43,0.95,Partially cloudy,Partly cloudy throughout the day.,partly-cloudy-day,"DNIB,DNMM,65201099999,65100099999,65208099999"
"Abeokuta, Ogun, Nigeria",2023-01-21,93.2,77.2,84.0,103.8,77.2,90.9,75.8,78.0,0.0,0,0.0,,0,0,22.4,11.4,189.4,1011.1,47.0,5.0,214.8,18.3,8,30,2023-01-21T07:04:49,2023-01-21T18:51:08,0.0,Partially cloudy,Partly cloudy throughout the day.,partly-cloudy-day,"DNIB,DNMM,65201099999,65100099999,65208099999"
"Abeokuta, Ogun, Nigeria",2023-01-22,93.2,78.8,84.1,106.1,78.8,91.9,76.5,79.3,0.0,0,0.0,,0,0,21.0,9.2,211.1,1010.3,46.9,5.0,198.7,17.3,7,60,2023-01-22T07:04:58,2023-01-22T18:51:32,0.02,Partially cloudy,Partly cloudy throughout the day.,partly-cloudy-day,"65210099999,DNIB,DNMM,65201099999,65100099999,65208099999"
"Abeokuta, Ogun, Nigeria",2023-01-23,93.2,78.8,84.7,105.0,78.8,92.4,75.9,76.3,0.0,0,0.0,,0,0,21.7,8.8,195.1,1010.4,49.6,5.8,212.5,18.3,8,30,2023-01-23T07:05:07,2023-01-23T18:51:55,0.05,Partially cloudy,Partly cloudy throughout the day.,partly-cloudy-day,"65210099999,DNIB,DNMM,remote,65201099999,65100099999,65208099999"
"Abeokuta, Ogun, Nigeria",2023-01-24,95.0,77.0,84.6,107.4,77.0,92.5,76.6,78.7,0.0,0,0.0,,0,0,21.0,11.4,193.2,1010.4,46.1,5.8,224.8,19.4,8,30,2023-01-24T07:05:14,2023-01-24T18:52:18,0.09,Partially cloudy,Partly cloudy throughout the day.,partly-cloudy-day,"65210099999,DNIB,DNMM,remote,65201099999,65100099999,65208099999"
"Abeokuta, Ogun, Nigeria",2023-01-25,95.0,77.5,84.7,107.4,77.5,92.3,76.3,77.6,0.0,0,0.0,,0,0,18.6,11.4,181.8,1009.7,48.2,5.3,240.2,20.8,8,30,2023-01-25T07:05:20,2023-01-25T18:52:40,0.12,Partially cloudy,Partly cloudy throughout the day.,partly-cloudy-day,"65210099999,DNIB,DNMM,65201099999,65100099999,65208099999"
"Abeokuta, Ogun, Nigeria",2023-01-26,95.0,78.0,84.9,107.5,78.0,93.7,77.0,78.6,0.0,0,0.0,rain,0,0,23.3,13.9,200.5,1009.5,47.8,5.5,219.1,18.9,9,60,2023-01-26T07:05:26,2023-01-26T18:53:02,0.15,Partially cloudy,Partly cloudy throughout the day.,partly-cloudy-day,"65210099999,DNIB,DNMM,65201099999,65100099999,65208099999"
"Abeokuta, Ogun, Nigeria",2023-01-27,95.8,78.7,85.1,109.2,78.7,94.0,77.1,79.0,0.012,100,4.17,rain,0,0,24.2,10.8,205.2,1009.4,60.5,5.7,222.9,19.2,8,60,2023-01-27T07:05:30,2023-01-27T18:53:23,0.19,"Rain, Partially cloudy",Partly cloudy throughout the day with afternoon rain.,rain,"DNIB,DNMM,65201099999,65100099999,65208099999"
"Abeokuta, Ogun, Nigeria",2023-01-28,91.6,73.7,82.5,103.4,73.7,88.2,76.1,82.4,0.236,100,4.17,rain,0,0,19.5,16.1,205.9,1010.4,53.6,5.8,187.7,16.2,7,60,2023-01-28T07:05:34,2023-01-28T18:53:43,0.25,"Rain, Partially cloudy",Partly cloudy throughout the day with afternoon rain.,rain,"65210099999,DNIB,DNMM,65201099999,65100099999,65208099999"
"Abeokuta, Ogun, Nigeria",2023-01-29,93.2,77.8,83.3,105.0,77.8,88.5,75.5,78.9,0.236,100,4.17,rain,0,0,18.3,9.9,216.0,1010.4,51.1,6.2,203.8,17.4,8,30,2023-01-29T07:05:36,2023-01-29T18:54:03,0.25,"Rain, Partially cloudy",Partly cloudy throughout the day with early morning rain.,rain,"65210099999,DNIB,DNMM,remote,65201099999,65100099999,65208099999"
"Abeokuta, Ogun, Nigeria",2023-01-30,93.2,75.5,83.6,102.8,75.5,89.8,75.3,77.8,0.059,100,4.17,rain,0,0,22.6,9.0,201.5,1010.6,52.0,6.0,220.2,18.8,8,30,2023-01-30T07:05:38,2023-01-30T18:54:22,0.29,"Rain, Partially cloudy",Partly cloudy throughout the day with afternoon rain.,rain,"DNIB,DNMM,remote,65201099999,65100099999,65208099999"
"Abeokuta, Ogun, Nigeria",2023-01-31,92.2,76.9,83.4,102.7,76.9,90.1,76.2,79.9,0.0,0,0.0,,0,0,17.2,11.4,221.6,1011.5,50.2,5.5,224.5,19.5,8,30,2023-01-31T07:05:38,2023-01-31T18:54:40,0.32,Partially cloudy,Partly cloudy throughout the day.,partly-cloudy-day,"65210099999,DNIB,DNMM,65201099999,65100099999,65208099999"
"Abeokuta, Ogun, Nigeria",2023-02-01,93.2,75.5,83.8,105.0,75.5,89.1,74.9,77.1,0.0,0,0.0,,0,0,23.5,10.3,186.5,1011.2,47.7,5.8,252.6,21.9,9,30,2023-02-01T07:05:38,2023-02-01T18:54:58,0.36,Partially cloudy,Partly cloudy throughout the day.,partly-cloudy-day,"65210099999,DNIB,DNMM,remote,65201099999,65100099999,65208099999"
"Abeokuta, Ogun, Nigeria",2023-02-02,93.7,77.7,84.4,105.4,77.7,92.1,76.2,77.9,0.0,0,0.0,rain,0,0,24.6,10.3,195.5,1011.6,51.6,5.7,214.4,18.7,8,30,2023-02-02T07:05:37,2023-02-02T18:55:15,0.39,Partially cloudy,Partly cloudy throughout the day.,partly-cloudy-day,"65210099999,DNIB,DNMM,65201099999,65100099999,65208099999"
"Abeokuta, Ogun, Nigeria",2023-02-03,94.1,78.4,84.5,108.0,78.4,93.2,77.1,79.8,0.0,0,0.0,,0,0,19.2,9.2,204.5,1011.5,49.0,6.3,225.1,19.4,9,75,2023-02-03T07:05:34,2023-02-03T18:55:31,0.42,Partially cloudy,Partly cloudy throughout the day.,partly-cloudy-day,"65210099999,DNIB,DNMM,remote,65201099999,65100099999,65208099999"
"Abeokuta, Ogun, Nigeria",2023-02-04,93.2,77.0,84.6,107.5,77.0,93.3,77.4,80.5,0.0,0,0.0,,0,0,21.0,12.8,199.6,1011.3,53.7,5.8,246.2,21.2,9,60,2023-02-04T07:05:31,2023-02-04T18:55:47,0.46,Partially cloudy,Partly cloudy throughout the day.,partly-cloudy-day,"65210099999,DNIB,DNMM,65201099999,65100099999,65208099999"
"Abeokuta, Ogun, Nigeria",2023-02-05,95.0,79.9,85.5,107.6,79.9,95.7,77.7,78.8,0.0,0,0.0,rain,0,0,19.2,10.3,205.8,1011.0,58.7,7.0,225.8,19.3,9,60,2023-02-05T07:05:27,2023-02-05T18:56:01,0.5,Partially cloudy,Partly cloudy throughout the day.,partly-cloudy-day,"65210099999,DNMM,remote,65201099999,65208099999"
"Abeokuta, Ogun, Nigeria",2023-02-06,93.2,78.8,84.8,107.5,78.8,92.0,76.2,76.9,0.0,0,0.0,rain,0,0,25.3,11.4,203.4,1010.7,56.5,6.6,207.1,17.8,9,60,2023-02-06T07:05:22,2023-02-06T18:56:16,0.52,Partially cloudy,Partly cloudy throughout the day.,partly-cloudy-day,"DNIB,DNMM,remote,65201099999,65100099999,65208099999"
"Abeokuta, Ogun, Nigeria",2023-02-07,94.0,76.2,84.2,105.6,76.2,89.1,73.6,72.6,0.016,100,4.17,rain,0,0,18.8,10.5,189.1,1010.7,62.3,7.7,187.6,16.3,7,60,2023-02-07T07:05:16,2023-02-07T18:56:29,0.56,"Rain, Partially cloudy",Partly cloudy throughout the day with late afternoon rain.,rain,"65210099999,DNIB,DNMM,remote,65201099999,65100099999,65208099999"
"Abeokuta, Ogun, Nigeria",2023-02-08,94.6,77.0,84.0,107.8,77.0,91.6,76.6,79.7,0.0,0,0.0,,0,0,17.7,10.3,205.5,1011.2,49.5,5.7,219.7,19.0,8,30,2023-02-08T07:05:09,2023-02-08T18:56:42,0.59,Partially cloudy,Partly cloudy throughout the day.,partly-cloudy-day,"DNIB,DNMM,65201099999,65100099999,65208099999"
"Abeokuta, Ogun, Nigeria",2023-02-09,93.2,77.8,84.5,105.7,77.8,92.6,76.8,79.1,0.004,100,4.17,rain,0,0,18.8,11.1,203.3,1010.9,49.7,5.7,236.3,20.5,9,30,2023-02-09T07:05:01,2023-02-09T18:56:54,0.63,"Rain, Partially cloudy",Partly cloudy throughout the day with morning rain.,rain,"65210099999,DNIB,DNMM,65201099999,65100099999,65208099999"
"Abeokuta, Ogun, Nigeria",2023-02-10,95.2,78.5,85.3,107.1,78.5,93.5,76.5,77.0,0.0,0,0.0,rain,0,0,18.8,9.5,206.1,1010.8,50.0,6.5,239.7,20.7,9,60,2023-02-10T07:04:52,2023-02-10T18:57:05,0.66,Partially cloudy,Partly cloudy throughout the day.,partly-cloudy-day,"DNIB,65203099999,DNMM,remote,65201099999,65100099999,65208099999"
"Abeokuta, Ogun, Nigeria",2023-02-11,95.0,78.8,85.5,110.0,78.8,95.6,77.3,77.8,0.0,0,0.0,,0,0,19.9,12.0,207.3,1010.5,52.2,6.2,239.3,20.7,9,30,2023-02-11T07:04:42,2023-02-11T18:57:16,0.7,Partially cloudy,Partly cloudy throughout the day.,partly-cloudy-day,"65210099999,DNIB,DNMM,remote,65201099999,65100099999,65208099999"
"Abeokuta, Ogun, Nigeria",2023-02-12,95.8,78.8,85.6,108.1,78.8,93.2,76.1,76.0,0.0,0,0.0,,0,0,19.2,9.3,216.8,1009.8,41.8,6.1,234.2,20.3,9,30,2023-02-12T07:04:32,2023-02-12T18:57:26,0.73,Partially cloudy,Partly cloudy throughout the day.,partly-cloudy-day,"65210099999,DNIB,DNMM,remote,65201099999,65100099999,65208099999"
"Abeokuta, Ogun, Nigeria",2023-02-13,96.0,78.8,85.5,109.4,78.8,92.7,75.4,75.2,0.0,0,0.0,,0,0,19.0,8.1,194.7,1010.4,41.3,5.0,259.7,22.6,9,30,2023-02-13T07:04:20,2023-02-13T18:57:35,0.75,Partially cloudy,Partly cloudy throughout the day.,partly-cloudy-day,"65210099999,DNIB,DNMM,65201099999,65100099999"
"Abeokuta, Ogun, Nigeria",2023-02-14,96.1,78.6,85.5,103.2,78.6,90.9,74.0,72.1,0.0,0,0.0,,0,0,16.8,10.3,173.3,1010.5,46.9,4.0,246.5,21.4,9,30,2023-02-14T07:04:08,2023-02-14T18:57:44,0.8,Partially cloudy,Partly cloudy throughout the day.,partly-cloudy-day,"65210099999,DNIB,DNMM,65201099999,65100099999,65208099999"
"Abeokuta, Ogun, Nigeria",2023-02-15,96.9,78.0,86.0,97.3,78.0,88.7,69.2,61.8,0.0,0,0.0,,0,0,17.2,10.7,36.3,1009.5,35.7,3.4,280.7,24.4,10,60,2023-02-15T07:03:55,2023-02-15T18:57:52,0.83,Partially cloudy,Partly cloudy throughout the day.,partly-cloudy-day,"65210099999,DNIB,DNMM,65201099999,65100099999,65208099999"
"Abeokuta, Ogun, Nigeria",2023-02-16,95.9,76.2,85.0,94.5,76.2,85.8,63.3,52.2,0.0,0,0.0,,0,0,17.7,13.9,11.5,1009.1,24.5,2.2,286.9,24.9,10,10,2023-02-16T07:03:41,2023-02-16T18:57:59,0.87,Partially cloudy,Partly cloudy throughout the day.,partly-cloudy-day,"65210099999,DNIB,DNMM,65201099999,65100099999,65208099999"
"Abeokuta, Ogun, Nigeria",2023-02-17,96.0,76.0,84.3,93.5,76.0,83.9,57.8,43.5,0.0,0,0.0,,0,0,18.8,11.7,38.0,1010.4,22.3,0.9,286.4,24.9,10,10,2023-02-17T07:03:27,2023-02-17T18:58:06,0.9,Partially cloudy,Partly cloudy throughout the day.,partly-cloudy-day,"DNIB,DNMM,65201099999,65100099999,65208099999"
"Abeokuta, Ogun, Nigeria",2023-02-18,97.6,72.9,84.6,95.6,72.9,84.0,56.7,42.7,0.0,0,0.0,,0,0,15.9,9.2,99.5,1009.6,25.5,1.4,269.7,23.4,9,10,2023-02-18T07:03:11,2023-02-18T18:58:12,0.94,Partially cloudy,Partly cloudy throughout the day.,partly-cloudy-day,"65210099999,DNIB,DNMM,remote,65201099999,65100099999,65208099999"
"Abeokuta, Ogun, Nigeria",2023-02-19,95.0,76.3,84.1,99.0,76.3,86.4,64.9,53.0,0.0,0,0.0,,0,0,18.8,9.6,259.8,1009.9,28.1,0.6,286.4,24.7,10,10,2023-02-19T07:02:55,2023-02-19T18:58:18,0.97,Partially cloudy,Partly cloudy throughout the day.,fog,"DNIB,DNMM,65201099999,65100099999,65208099999"
"Abeokuta, Ogun, Nigeria",2023-02-20,95.1,76.8,85.0,105.0,76.8,91.1,72.9,68.7,0.0,0,0.0,,0,0,18.1,11.4,186.5,1010.0,22.5,1.0,281.4,24.6,10,10,2023-02-20T07:02:38,2023-02-20T18:58:23,0.0,Partially cloudy,Partly cloudy throughout the day.,partly-cloudy-day,"65210099999,DNMM,65201099999"
"Abeokuta, Ogun, Nigeria",2023-02-21,99.9,78.8,86.1,106.4,78.8,93.9,75.4,74.0,0.0,0,0.0,,0,0,21.3,11.5,216.6,1009.8,35.8,2.9,280.1,24.2,10,30,2023-02-21T07:02:20,2023-02-21T18:58:27,0.04,Partially cloudy,Partly cloudy throughout the day.,partly-cloudy-day,"65210099999,DNIB,DNMM,remote,65201099999,65100099999,65208099999"
"Abeokuta, Ogun, Nigeria",2023-02-22,95.5,78.8,85.6,107.4,78.8,94.4,76.5,76.2,0.0,0,0.0,,0,0,22.6,10.3,200.4,1010.7,37.9,2.1,248.1,21.3,9,30,2023-02-22T07:02:02,2023-02-22T18:58:31,0.07,Partially cloudy,Partly cloudy throughout the day.,partly-cloudy-day,"DNIB,DNMM,65201099999,65100099999,65208099999"
"Abeokuta, Ogun, Nigeria",2023-02-23,96.1,80.5,86.1,110.7,87.3,97.8,78.4,79.6,0.0,0,0.0,,0,0,22.4,10.0,200.4,1010.4,39.4,3.1,258.3,22.4,9,30,2023-02-23T07:01:42,2023-02-23T18:58:34,0.1,Partially cloudy,Partly cloudy throughout the day.,partly-cloudy-day,"65210099999,DNIB,DNMM,65201099999,65100099999,65208099999"
"Abeokuta, Ogun, Nigeria",2023-02-24,99.9,78.8,86.8,108.6,78.8,96.4,76.7,74.7,0.051,100,8.33,rain,0,0,24.4,11.4,202.1,1009.6,60.9,8.9,245.5,21.1,9,60,2023-02-24T07:01:23,2023-02-24T18:58:36,0.14,"Rain, Partially cloudy",Partly cloudy throughout the day with rain.,rain,"65210099999,DNIB,DNMM,remote,65201099999,65100099999,65208099999"
"Abeokuta, Ogun, Nigeria",2023-02-25,94.0,80.9,86.2,106.7,86.0,96.0,76.2,73.3,0.035,100,4.17,rain,0,0,24.2,15.0,197.1,1010.3,87.4,11.5,233.6,20.1,9,60,2023-02-25T07:01:02,2023-02-25T18:58:38,0.17,"Rain, Partially cloudy",Partly cloudy throughout the day with late afternoon rain.,rain,"DNMM,remote,65201099999,65208099999"
"Abeokuta, Ogun, Nigeria",2023-02-26,99.2,75.1,85.6,111.1,75.1,91.1,72.9,68.9,0.012,100,4.17,rain,0,0,21.7,15.0,192.0,1010.7,53.9,11.2,246.2,21.3,9,60,2023-02-26T07:00:41,2023-02-26T18:58:40,0.2,"Rain, Partially cloudy",Partly cloudy throughout the day with afternoon rain.,rain,"65210099999,DNIB,DNMM,remote,65201099999,65100099999,65208099999"
"Abeokuta, Ogun, Nigeria",2023-02-27,95.0,80.5,85.8,105.0,87.2,95.3,76.7,76.2,0.008,100,4.17,rain,0,0,21.0,31.3,200.0,1012.1,67.9,10.5,262.1,22.5,9,30,2023-02-27T07:00:19,2023-02-27T18:58:41,0.25,"Rain, Partially cloudy",Partly cloudy throughout the day with afternoon rain.,rain,"DNIB,DNMM,remote,65201099999,65100099999,65208099999"
"Abeokuta, Ogun, Nigeria",2023-02-28,97.7,75.2,84.5,107.5,75.2,89.8,74.2,74.0,0.035,100,4.17,rain,0,0,23.0,13.9,188.0,1013.3,43.6,5.9,268.4,23.2,10,30,2023-02-28T06:59:57,2023-02-28T18:58:41,0.27,"Rain, Partially cloudy",Partly cloudy throughout the day with early morning rain.,rain,"DNIB,DNMM,65201099999,65100099999,65208099999"
"Abeokuta, Ogun, Nigeria",2023-03-01,95.8,75.2,83.9,107.4,75.2,89.8,74.7,75.9,1.142,100,8.33,rain,0,0,21.0,11.4,187.7,1012.2,46.8,5.6,262.5,22.7,9,60,2023-03-01T06:59:34,2023-03-01T18:58:41,0.3,"Rain, Partially cloudy",Partly cloudy throughout the day with rain clearing later.,rain,"65210099999,DNIB,DNMM,65201099999,65100099999"
"Abeokuta, Ogun, Nigeria",2023-03-02,93.6,78.8,85.1,107.7,78.8,94.0,77.1,78.1,0.0,0,0.0,,0,0,21.0,13.9,181.3,1011.0,54.0,6.0,226.4,19.5,9,60,2023-03-02T06:59:11,2023-03-02T18:58:41,0.33,Partially cloudy,Partly cloudy throughout the day.,partly-cloudy-day,"65210099999,DNIB,DNMM,65201099999,65100099999,65208099999"
"Abeokuta, Ogun, Nigeria",2023-03-03,93.2,76.8,83.4,110.4,76.8,92.3,77.5,83.6,0.004,100,4.17,rain,0,0,21.0,33.2,186.9,1010.9,58.5,5.7,208.5,18.0,8,60,2023-03-03T06:58:47,2023-03-03T18:58:40,0.37,"Rain, Partially cloudy",Partly cloudy throughout the day with early morning rain.,rain,"DNIB,DNMM,65201099999,65100099999,65208099999"
"Abeokuta, Ogun, Nigeria",2023-03-04,93.2,75.1,83.1,108.7,75.1,90.5,75.8,79.8,0.0,0,0.0,rain,0,0,20.6,11.4,213.3,1011.1,59.9,5.4,196.7,17.1,6,60,2023-03-04T06:58:22,2023-03-04T18:58:39,0.4,Partially cloudy,Partly cloudy throughout the day.,partly-cloudy-day,"DNIB,DNMM,65201099999,65100099999,65208099999"
"Abeokuta, Ogun, Nigeria",2023-03-05,95.0,77.1,84.1,110.0,77.1,92.2,77.0,80.4,0.0,0,0.0,rain,0,0,19.7,12.8,201.9,1010.3,47.6,5.9,211.9,18.4,8,30,2023-03-05T06:57:57,2023-03-05T18:58:37,0.43,Partially cloudy,Partly cloudy throughout the day.,partly-cloudy-day,"65210099999,DNIB,DNMM,65201099999,65100099999,65208099999"
"Abeokuta, Ogun, Nigeria",2023-03-06,93.2,78.9,85.2,110.4,78.9,95.4,77.1,77.6,0.0,0,0.0,rain,0,0,20.8,13.9,190.4,1009.3,58.6,7.0,232.6,20.2,9,60,2023-03-06T06:57:32,2023-03-06T18:58:35,0.46,Partially cloudy,Partly cloudy throughout the day.,partly-cloudy-day,"DNMM,remote,65201099999"
"Abeokuta, Ogun, Nigeria",2023-03-07,91.5,73.4,81.5,104.0,73.4,87.4,74.5,80.7,1.457,100,4.17,rain,0,0,22.1,13.9,171.7,1009.2,44.3,5.5,205.9,17.7,8,30,2023-03-07T06:57:06,2023-03-07T18:58:32,0.5,"Rain, Partially cloudy",Partly cloudy throughout the day with early morning rain.,rain,"DNIB,DNMM,65201099999,65100099999,65208099999"
"Abeokuta, Ogun, Nigeria",2023-03-08,94.0,78.0,85.2,105.9,78.0,93.5,76.6,77.4,0.0,0,0.0,,0,0,20.6,12.8,182.1,1009.9,48.7,6.2,229.7,19.8,8,30,2023-03-08T06:56:40,2023-03-08T18:58:30,0.53,Partially cloudy,Partly cloudy throughout the day.,partly-cloudy-day,"65210099999,DNIB,DNMM,65201099999,65100099999,65208099999"
"Abeokuta, Ogun, Nigeria",2023-03-09,92.4,77.6,84.4,105.4,77.6,92.8,76.3,77.7,0.0,0,0.0,rain,0,0,19.0,11.8,180.4,1010.5,48.7,6.2,235.4,20.4,9,30,2023-03-09T06:56:13,2023-03-09T18:58:26,0.57,Partially cloudy,Partly cloudy throughout the day.,partly-cloudy-day,"DNIB,DNMM,65201099999,65100099999,65208099999"
"Abeokuta, Ogun, Nigeria",2023-03-10,93.2,76.5,82.9,107.8,76.5,89.0,74.9,77.6,0.02,100,4.17,rain,0,0,22.8,10.5,207.5,1010.2,52.9,6.1,235.5,20.3,9,30,2023-03-10T06:55:46,2023-03-10T18:58:23,0.6,"Rain, Partially cloudy",Partly cloudy throughout the day with afternoon rain.,rain,"DNIB,DNMM,65201099999,65100099999,65208099999"
"Abeokuta, Ogun, Nigeria",2023-03-11,89.9,75.6,83.0,103.3,75.6,88.6,74.5,76.4,0.035,100,4.17,rain,0,0,21.9,16.1,160.7,1010.2,50.5,5.4,222.3,19.1,8,60,2023-03-11T06:55:19,2023-03-11T18:58:19,0.64,"Rain, Partially cloudy",Partly cloudy throughout the day with early morning rain.,rain,"65210099999,DNIB,DNMM,65201099999,65100099999,65208099999"
"Abeokuta, Ogun, Nigeria",2023-03-12,93.2,76.2,84.3,105.0,76.2,91.2,75.0,74.9,0.0,0,0.0,,0,0,22.1,16.1,189.4,1010.1,52.8,7.2,250.2,22.0,9,30,2023-03-12T06:54:51,2023-03-12T18:58:15,0.67,Partially cloudy,Partly cloudy throughout the day.,partly-cloudy-day,"DNIB,DNMM,remote,65201099999,65100099999,65208099999"
"Abeokuta, Ogun, Nigeria",2023-03-13,94.9,77.0,83.9,105.0,77.0,89.0,73.3,72.1,0.0,0,0.0,,0,0,19.0,13.9,211.8,1010.1,49.4,6.8,230.7,19.8,8,60,2023-03-13T06:54:23,2023-03-13T18:58:10,0.71,Partially cloudy,Partly cloudy throughout the day.,partly-cloudy-day,"65210099999,DNIB,DNMM,remote,65201099999,65100099999,65208099999"
"Abeokuta, Ogun, Nigeria",2023-03-14,93.2,77.0,84.1,107.5,77.0,91.6,75.6,76.7,0.0,0,0.0,,0,0,21.3,16.1,197.2,1009.3,53.1,6.1,251.6,21.8,9,60,2023-03-14T06:53:55,2023-03-14T18:58:06,0.74,Partially cloudy,Partly cloudy throughout the day.,partly-cloudy-day,"65210099999,DNIB,DNMM,65201099999,65100099999,65208099999"
"Abeokuta, Ogun, Nigeria",2023-03-15,93.2,78.7,84.2,110.4,78.7,93.1,77.2,80.5,0.197,100,8.33,rain,0,0,22.8,18.3,194.7,1008.9,48.9,6.9,235.6,20.2,10,60,2023-03-15T06:53:26,2023-03-15T18:58:01,0.75,"Rain, Partially cloudy",Partly cloudy throughout the day with rain.,rain,"65210099999,DNIB,DNMM,remote,65201099999,65100099999"
"Abeokuta, Ogun, Nigeria",2023-03-16,95.0,73.4,82.0,110.0,73.4,86.5,74.5,79.6,0.394,100,4.17,rain,0,0,51.9,13.9,196.5,1008.8,52.2,5.8,237.8,20.5,9,60,2023-03-16T06:52:57,2023-03-16T18:57:56,0.81,"Rain, Partially cloudy",Partly cloudy throughout the day with late afternoon rain.,rain,"65210099999,DNIB,DNMM,remote,65201099999,65100099999,65208099999"
"Abeokuta, Ogun, Nigeria",2023-03-17,95.0,75.2,83.5,105.2,75.2,89.4,74.7,77.1,0.004,100,4.17,rain,0,0,21.7,12.8,193.8,1009.2,52.0,5.8,220.2,18.9,9,60,2023-03-17T06:52:28,2023-03-17T18:57:51,0.85,"Rain, Partially cloudy",Partly cloudy throughout the day with afternoon rain.,rain,"DNIB,DNMM,remote,65201099999,65100099999,65208099999"
"Abeokuta, Ogun, Nigeria",2023-03-18,91.4,73.7,81.3,105.1,73.7,86.0,74.1,79.9,2.008,100,8.33,rain,0,0,30.0,13.9,187.8,1010.4,55.7,5.5,242.1,20.9,9,60,2023-03-18T06:51:59,2023-03-18T18:57:45,0.88,"Rain, Partially cloudy",Partly cloudy throughout the day with rain clearing later.,rain,"65210099999,DNIB,DNMM,65201099999,65100099999,65208099999"
"Abeokuta, Ogun, Nigeria",2023-03-19,91.4,77.0,83.1,100.5,77.0,87.1,73.3,74.1,0.0,0,0.0,,0,0,25.5,13.9,196.7,1011.6,54.2,6.9,264.9,22.8,9,30,2023-03-19T06:51:29,2023-03-19T18:57:39,0.92,Partially cloudy,Partly cloudy throughout the day.,partly-cloudy-day,"DNIB,DNMM,remote,65201099999,65100099999,65208099999"
"Abeokuta, Ogun, Nigeria",2023-03-20,93.3,76.3,84.2,104.4,76.3,89.7,74.6,74.9,0.024,100,12.5,rain,0,0,22.1,11.4,181.2,1010.8,46.3,9.3,231.0,19.9,9,30,2023-03-20T06:51:00,2023-03-20T18:57:34,0.96,"Rain, Partially cloudy",Partly cloudy throughout the day with rain in the morning and afternoon.,rain,"DNIB,DNMM,remote,65201099999,65100099999,65208099999"
"Abeokuta, Ogun, Nigeria",2023-03-21,92.0,77.3,83.5,102.7,77.3,89.1,75.0,76.7,0.012,100,12.5,rain,0,0,21.7,20.8,198.1,1010.8,45.2,9.4,217.0,18.7,9,60,2023-03-21T06:50:30,2023-03-21T18:57:28,0.0,"Rain, Partially cloudy",Partly cloudy throughout the day with rain in the morning and afternoon.,rain,"65210099999,DNIB,DNMM,remote,65201099999,65100099999,65208099999"
"Abeokuta, Ogun, Nigeria",2023-03-22,90.4,73.4,80.7,99.5,73.4,84.8,73.6,80.3,0.669,100,4.17,rain,0,0,20.4,8.6,190.1,1011.9,48.6,5.8,232.7,20.0,9,30,2023-03-22T06:50:00,2023-03-22T18:57:22,0.02,"Rain, Partially cloudy",Partly cloudy throughout the day with morning rain.,rain,"DNIB,DNMM,remote,65201099999,65100099999,65208099999"
"Abeokuta, Ogun, Nigeria",2023-03-23,93.2,75.5,83.2,107.8,75.5,89.0,75.3,78.5,0.0,0,0.0,,0,0,17.2,13.9,202.0,1011.0,47.1,6.1,250.3,21.5,10,30,2023-03-23T06:49:31,2023-03-23T18:57:16,0.06,Partially cloudy,Partly cloudy throughout the day.,partly-cloudy-day,"65210099999,DNIB,DNMM,65201099999,65100099999,65208099999"
"Abeokuta, Ogun, Nigeria",2023-03-24,92.0,73.5,81.3,100.8,73.5,85.5,73.6,78.9,0.157,100,4.17,rain,0,0,30.0,14.0,175.7,1011.0,56.8,6.6,224.8,19.3,10,30,2023-03-24T06:49:01,2023-03-24T18:57:10,0.09,"Rain, Partially cloudy",Partly cloudy throughout the day with early morning rain.,rain,"65210099999,DNIB,DNMM,remote,65201099999,65100099999,65208099999"
"Abeokuta, Ogun, Nigeria",2023-03-25,91.4,77.8,84.2,105.1,77.8,92.6,76.4,78.1,0.0,0,0.0,rain,0,0,16.8,11.4,169.1,1011.5,49.5,6.1,193.6,16.7,7,60,2023-03-25T06:48:31,2023-03-25T18:57:04,0.12,Partially cloudy,Partly cloudy throughout the day.,partly-cloudy-day,"65210099999,DNIB,DNMM,65201099999,65100099999,65208099999"
"Abeokuta, Ogun, Nigeria",2023-03-26,91.1,77.0,84.2,101.4,77.0,92.0,76.0,77.4,0.0,0,0.0,rain,0,0,18.6,16.1,172.1,1011.9,50.8,5.7,234.6,20.3,9,30,2023-03-26T06:48:01,2023-03-26T18:56:57,0.15,Partially cloudy,Partly cloudy throughout the day.,partly-cloudy-day,"DNIB,DNMM,65201099999,65100099999,65208099999"
"Abeokuta, Ogun, Nigeria",2023-03-27,88.8,73.4,80.6,99.9,73.4,86.0,74.7,83.1,0.669,100,4.17,rain,0,0,20.1,9.2,217.4,1011.3,52.1,6.0,213.7,18.4,8,10,2023-03-27T06:47:31,2023-03-27T18:56:51,0.19,"Rain, Partially cloudy",Partly cloudy throughout the day with morning rain.,rain,"DNIB,DNMM,remote,65201099999,65100099999,65208099999"
"Abeokuta, Ogun, Nigeria",2023-03-28,91.8,78.8,84.2,105.2,78.8,91.2,76.0,77.7,0.0,0,0.0,,0,0,18.3,11.4,187.6,1010.8,50.0,6.2,239.2,20.7,9,10,2023-03-28T06:47:01,2023-03-28T18:56:45,0.22,Partially cloudy,Partly cloudy throughout the day.,partly-cloudy-day,"65210099999,DNIB,DNMM,65201099999,65100099999,65208099999"
"Abeokuta, Ogun, Nigeria",2023-03-29,92.9,79.1,84.9,105.1,79.1,93.6,76.2,76.2,0.0,0,0.0,,0,0,16.6,15.0,190.1,1011.5,49.8,6.6,272.9,23.6,9,60,2023-03-29T06:46:31,2023-03-29T18:56:39,0.25,Partially cloudy,Partly cloudy throughout the day.,partly-cloudy-day,"DNIB,DNMM,remote,65201099999,65100099999,65208099999"
"Abeokuta, Ogun, Nigeria",2023-03-30,93.2,79.8,84.6,110.4,79.8,93.5,77.4,79.9,0.047,100,8.33,rain,0,0,19.2,15.0,209.0,1011.7,57.7,7.3,234.2,20.2,9,60,2023-03-30T06:46:01,2023-03-30T18:56:33,0.28,"Rain, Partially cloudy",Partly cloudy throughout the day with rain.,rain,"DNIB,DNMM,remote,65201099999,65100099999,65208099999"
"Abeokuta, Ogun, Nigeria",2023-03-31,90.2,77.3,83.4,99.9,77.3,88.6,74.4,75.5,0.0,0,0.0,,0,0,19.5,10.3,203.0,1011.4,41.4,6.2,243.7,21.0,9,30,2023-03-31T06:45:31,2023-03-31T18:56:26,0.31,Partially cloudy,Partly cloudy throughout the day.,partly-cloudy-day,"65210099999,DNIB,DNMM,65201099999,65100099999,65208099999"
"Abeokuta, Ogun, Nigeria",2023-04-01,91.4,78.6,84.3,105.1,78.6,91.7,76.0,77.5,0.0,0,0.0,,0,0,18.1,13.9,211.4,1011.4,52.0,6.1,173.4,15.0,6,60,2023-04-01T06:45:01,2023-04-01T18:56:20,0.35,Partially cloudy,Partly cloudy throughout the day.,partly-cloudy-day,"65210099999,DNIB,DNMM,65201099999,65100099999,65208099999"
"Abeokuta, Ogun, Nigeria",2023-04-02,93.2,78.8,84.6,105.4,78.8,92.4,76.4,77.7,0.0,0,0.0,,0,0,17.2,15.0,212.6,1010.2,57.2,6.9,236.4,20.4,9,30,2023-04-02T06:44:32,2023-04-02T18:56:15,0.38,Partially cloudy,Partly cloudy throughout the day.,partly-cloudy-day,"65210099999,DNIB,DNMM,remote,65201099999,65100099999,65208099999"
"Abeokuta, Ogun, Nigeria",2023-04-03,91.5,79.2,85.2,105.1,79.2,94.0,76.3,75.9,0.0,0,0.0,rain,0,0,21.3,72.5,200.0,1009.0,49.6,6.5,176.8,15.3,6,60,2023-04-03T06:44:02,2023-04-03T18:56:09,0.41,Partially cloudy,Partly cloudy throughout the day.,wind,"65210099999,DNIB,DNMM,remote,65201099999,65100099999,65208099999"
"Abeokuta, Ogun, Nigeria",2023-04-04,91.5,78.6,84.4,102.7,78.6,91.8,75.4,75.3,0.0,0,0.0,,0,0,24.2,20.8,195.4,1008.8,40.1,5.5,258.9,22.3,10,60,2023-04-04T06:43:33,2023-04-04T18:56:03,0.44,Partially cloudy,Partly cloudy throughout the day.,partly-cloudy-day,"DNIB,DNMM,65201099999,65100099999,65208099999"
"Abeokuta, Ogun, Nigeria",2023-04-05,92.4,77.0,84.5,102.7,77.0,91.0,75.0,74.6,0.0,0,0.0,,0,0,16.3,10.9,191.1,1009.3,51.1,6.5,236.6,20.4,8,30,2023-04-05T06:43:04,2023-04-05T18:55:57,0.48,Partially cloudy,Partly cloudy throughout the day.,partly-cloudy-day,"DNIB,DNMM,remote,65201099999,65100099999,65208099999"
"Abeokuta, Ogun, Nigeria",2023-04-06,93.2,78.9,85.4,107.8,78.9,95.0,76.5,75.6,0.004,100,4.17,rain,0,0,19.7,30.4,230.3,1009.1,54.6,6.5,266.8,22.9,9,30,2023-04-06T06:42:35,2023-04-06T18:55:52,0.5,"Rain, Partially cloudy",Partly cloudy throughout the day with afternoon rain.,rain,"65210099999,DNIB,DNMM,remote,65201099999,65100099999,65208099999"
"Abeokuta, Ogun, Nigeria",2023-04-07,92.4,78.9,85.1,106.9,78.9,94.7,76.9,77.3,0.0,0,0.0,,0,0,23.0,14.0,211.5,1009.5,56.9,6.2,191.8,16.6,7,60,2023-04-07T06:42:07,2023-04-07T18:55:47,0.55,Partially cloudy,Partly cloudy throughout the day.,partly-cloudy-day,"65210099999,DNIB,DNMM,65201099999,65100099999,65208099999"
"Abeokuta, Ogun, Nigeria",2023-04-08,93.2,77.0,83.3,107.8,77.0,90.3,76.1,79.9,0.0,0,0.0,rain,0,0,18.3,16.1,227.5,1009.7,63.6,6.1,200.6,17.1,7,60,2023-04-08T06:41:39,2023-04-08T18:55:42,0.58,Partially cloudy,Partly cloudy throughout the day.,partly-cloudy-day,"DNIB,DNMM,65201099999,65100099999,65208099999"
"Abeokuta, Ogun, Nigeria",2023-04-09,89.6,73.9,81.6,98.2,73.9,85.9,74.2,79.4,0.079,100,4.17,rain,0,0,19.9,16.1,201.9,1010.8,58.4,6.7,156.3,13.6,6,30,2023-04-09T06:41:11,2023-04-09T18:55:37,0.62,"Rain, Partially cloudy",Partly cloudy throughout the day with early morning rain.,rain,"65210099999,DNIB,DNMM,remote,65201099999,65100099999,65208099999"
"Abeokuta, Ogun, Nigeria",2023-04-10,93.2,77.5,84.8,107.5,77.5,92.8,76.1,76.4,0.0,0,0.0,,0,0,19.5,11.4,200.2,1010.8,47.7,6.1,274.0,23.7,9,30,2023-04-10T06:40:43,2023-04-10T18:55:32,0.65,Partially cloudy,Partly cloudy throughout the day.,partly-cloudy-day,"DNIB,DNMM,65201099999,65100099999,65208099999"
"Abeokuta, Ogun, Nigeria",2023-04-11,93.2,73.3,83.2,105.4,73.3,90.2,75.8,79.8,0.0,0,0.0,rain,0,0,22.1,42.5,210.0,1010.3,62.9,5.8,228.7,19.7,8,30,2023-04-11T06:40:15,2023-04-11T18:55:28,0.69,Partially cloudy,Partly cloudy throughout the day.,wind,"DNIB,DNMM,65201099999,65100099999,65208099999"
"Abeokuta, Ogun, Nigeria",2023-04-12,91.0,74.7,81.9,106.1,74.7,88.4,75.5,82.1,1.693,100,4.17,rain,0,0,16.6,12.1,206.6,1010.1,56.9,5.8,156.5,13.4,7,60,2023-04-12T06:39:48,2023-04-12T18:55:24,0.72,"Rain, Partially cloudy",Partly cloudy throughout the day with morning rain.,rain,"65210099999,DNIB,DNMM,65201099999,65100099999,65208099999"
"Abeokuta, Ogun, Nigeria",2023-04-13,91.6,79.0,84.5,107.8,79.0,94.1,77.8,81.1,0.0,0,0.0,rain,0,0,18.6,15.0,212.4,1010.0,58.4,6.0,235.6,20.4,9,60,2023-04-13T06:39:22,2023-04-13T18:55:20,0.75,Partially cloudy,Partly cloudy throughout the day.,partly-cloudy-day,"DNIB,DNMM,65201099999,65100099999,65208099999"
"Abeokuta, Ogun, Nigeria",2023-04-14,93.2,80.3,85.3,110.5,86.8,96.7,78.2,80.3,0.004,100,4.17,rain,0,0,22.6,10.8,231.2,1009.8,56.6,6.4,278.8,24.2,10,60,2023-04-14T06:38:55,2023-04-14T18:55:16,0.8,"Rain, Partially cloudy",Partly cloudy throughout the day with late afternoon rain.,rain,"65210099999,DNIB,DNMM,remote,65201099999,65100099999,65208099999"
"Abeokuta, Ogun, Nigeria",2023-04-15,91.4,78.9,83.9,108.3,78.9,93.5,77.5,81.3,0.157,100,4.17,rain,0,0,24.4,14.1,224.6,1010.9,62.2,6.2,193.3,16.8,8,60,2023-04-15T06:38:29,2023-04-15T18:55:13,0.83,"Rain, Partially cloudy",Partly cloudy throughout the day with afternoon rain.,rain,"65210099999,DNIB,DNMM,65201099999,65100099999,65208099999"
"Abeokuta, Ogun, Nigeria",2023-04-16,95.0,75.2,83.4,102.8,75.2,89.3,74.5,76.4,0.0,0,0.0,rain,0,0,18.3,16.1,190.7,1009.3,45.4,6.4,256.2,22.1,9,60,2023-04-16T06:38:04,2023-04-16T18:55:10,0.87,Partially cloudy,Partly cloudy throughout the day.,partly-cloudy-day,"65210099999,DNIB,DNMM,remote,65201099999,65100099999,65208099999"
"Abeokuta, Ogun, Nigeria",2023-04-17,93.2,78.6,85.6,107.5,78.6,95.6,76.9,76.3,0.0,0,0.0,,0,0,19.7,17.2,217.4,1008.8,44.9,6.1,208.5,18.0,7,60,2023-04-17T06:37:38,2023-04-17T18:55:07,0.9,Partially cloudy,Partly cloudy throughout the day.,partly-cloudy-day,"65210099999,DNIB,DNMM,65201099999,65100099999,65208099999"
"Abeokuta, Ogun, Nigeria",2023-04-18,93.2,78.8,85.1,107.5,78.8,95.2,77.7,79.8,0.0,0,0.0,,0,0,18.8,11.4,199.6,1008.7,56.2,6.1,247.6,21.5,9,60,2023-04-18T06:37:14,2023-04-18T18:55:05,0.94,Partially cloudy,Partly cloudy throughout the day.,partly-cloudy-day,"65210099999,DNIB,DNMM,65201099999,65100099999,65208099999"
"Abeokuta, Ogun, Nigeria",2023-04-19,86.7,75.2,80.9,96.1,75.2,86.4,75.9,85.2,0.866,100,4.17,rain,0,0,18.6,8.7,258.9,1010.4,53.4,5.5,222.7,19.2,9,30,2023-04-19T06:36:49,2023-04-19T18:55:03,0.97,"Rain, Partially cloudy",Partly cloudy throughout the day with afternoon rain.,rain,"DNIB,DNMM,remote,65201099999,65100099999,65208099999"
"Abeokuta, Ogun, Nigeria",2023-04-20,93.2,75.2,83.2,105.5,75.2,90.0,75.6,79.3,0.0,0,0.0,,0,0,18.3,12.8,212.1,1009.1,45.3,5.9,260.7,22.6,10,60,2023-04-20T06:36:26,2023-04-20T18:55:01,0.0,Partially cloudy,Partly cloudy throughout the day.,partly-cloudy-day,"DNIB,DNMM,65201099999,65100099999,65208099999"
"Abeokuta, Ogun, Nigeria",2023-04-21,93.2,79.0,85.2,108.0,79.0,94.7,76.9,77.2,0.0,0,0.0,,0,0,20.8,13.9,213.8,1008.5,53.3,6.6,166.8,14.3,6,60,2023-04-21T06:36:02,2023-04-21T18:55:00,0.04,Partially cloudy,Partly cloudy throughout the day.,partly-cloudy-day,"DNIB,DNMM,remote,65201099999,65100099999,65208099999"
"Abeokuta, Ogun, Nigeria",2023-04-22,92.8,79.6,85.5,107.8,79.6,96.5,78.3,80.0,0.0,0,0.0,,0,0,20.1,16.1,221.9,1008.3,57.5,6.1,197.1,16.9,7,75,2023-04-22T06:35:39,2023-04-22T18:54:59,0.07,Partially cloudy,Partly cloudy throughout the day.,partly-cloudy-day,"65210099999,DNIB,DNMM,65201099999,65100099999,65208099999"
"Abeokuta, Ogun, Nigeria",2023-04-23,82.4,75.2,80.0,92.4,75.2,85.1,77.5,92.0,1.614,100,4.17,rain,0,0,21.0,12.2,210.4,1009.5,63.2,5.5,183.3,15.8,7,60,2023-04-23T06:35:17,2023-04-23T18:54:58,0.11,"Rain, Partially cloudy",Partly cloudy throughout the day with afternoon rain.,rain,"DNIB,DNMM,65201099999,65100099999,65208099999"
"Abeokuta, Ogun, Nigeria",2023-04-24,93.2,76.2,83.6,113.5,76.2,92.0,77.6,83.5,0.315,100,4.17,rain,0,0,14.1,10.3,262.6,1011.0,49.7,5.9,240.1,20.8,8,30,2023-04-24T06:34:55,2023-04-24T18:54:58,0.14,"Rain, Partially cloudy",Partly cloudy throughout the day with afternoon rain.,rain,"65210099999,DNIB,DNMM,65201099999,65100099999,65208099999"
"Abeokuta, Ogun, Nigeria",2023-04-25,91.7,73.4,84.3,108.1,73.4,94.4,77.8,81.8,0.0,0,0.0,rain,0,0,20.1,13.9,208.2,1010.5,48.4,5.6,274.4,23.8,10,60,2023-04-25T06:34:34,2023-04-25T18:54:58,0.17,Partially cloudy,Partly cloudy throughout the day.,partly-cloudy-day,"65210099999,DNIB,DNMM,65201099999,65100099999,65208099999"
"Abeokuta, Ogun, Nigeria",2023-04-26,89.6,76.1,82.0,102.6,76.1,88.3,76.2,83.2,0.197,100,4.17,rain,0,0,19.7,8.2,221.4,1009.8,50.5,6.0,213.4,18.5,8,30,2023-04-26T06:34:14,2023-04-26T18:54:59,0.2,"Rain, Partially cloudy",Partly cloudy throughout the day with morning rain.,rain,"DNIB,DNMM,remote,65201099999,65100099999,65208099999"
"Abeokuta, Ogun, Nigeria",2023-04-27,82.4,75.2,79.1,90.9,75.2,81.6,75.4,88.5,3.583,100,4.17,rain,0,0,34.4,11.9,164.1,1011.5,58.5,6.0,98.3,8.4,4,30,2023-04-27T06:33:53,2023-04-27T18:55:00,0.25,"Rain, Partially cloudy",Partly cloudy throughout the day with afternoon rain.,rain,"65210099999,DNIB,DNMM,remote,65201099999,65100099999,65208099999"
"Abeokuta, Ogun, Nigeria",2023-04-28,91.4,74.6,82.4,102.7,74.6,88.6,75.6,80.9,0.394,100,4.17,rain,0,0,15.7,8.6,215.8,1012.4,50.2,5.8,179.3,15.4,7,30,2023-04-28T06:33:34,2023-04-28T18:55:01,0.27,"Rain, Partially cloudy",Partly cloudy throughout the day with morning rain.,rain,"65210099999,DNIB,DNMM,65201099999,65100099999,65208099999"
"Abeokuta, Ogun, Nigeria",2023-04-29,87.8,75.2,80.6,102.8,75.2,85.6,76.0,86.5,0.157,100,4.17,rain,0,0,14.8,7.3,319.6,1013.1,54.8,5.0,190.6,16.5,8,60,2023-04-29T06:33:15,2023-04-29T18:55:03,0.3,"Rain, Partially cloudy",Partly cloudy throughout the day with late afternoon rain.,rain,"65210099999,DNIB,DNMM,65201099999,65100099999,65208099999"
"Abeokuta, Ogun, Nigeria",2023-04-30,89.3,75.1,80.9,101.2,75.1,86.0,74.7,82.2,0.0,0,0.0,,0,0,15.0,8.7,235.8,1012.1,42.5,5.7,141.7,12.3,5,30,2023-04-30T06:32:57,2023-04-30T18:55:05,0.33,Partially cloudy,Partly cloudy throughout the day.,partly-cloudy-day,"65210099999,DNIB,DNMM,65201099999,65100099999,65208099999"
"Abeokuta, Ogun, Nigeria",2023-05-01,91.4,73.4,80.8,105.2,73.4,85.4,75.4,84.5,0.236,100,4.17,rain,0,0,57.5,15.0,220.7,1011.3,55.1,5.5,235.5,20.4,9,75,2023-05-01T06:32:39,2023-05-01T18:55:08,0.36,"Rain, Partially cloudy",Partly cloudy throughout the day with late afternoon rain.,rain,"65210099999,DNIB,DNMM,65201099999,65100099999,65208099999"
"Abeokuta, Ogun, Nigeria",2023-05-02,89.6,75.2,81.8,105.2,75.2,88.6,76.2,84.0,0.0,0,0.0,,0,0,19.5,12.8,202.0,1011.6,58.6,6.0,244.3,21.2,8,60,2023-05-02T06:32:22,2023-05-02T18:55:11,0.39,Partially cloudy,Partly cloudy throughout the day.,partly-cloudy-day,"DNIB,DNMM,65201099999,65100099999,65208099999"
"Abeokuta, Ogun, Nigeria",2023-05-03,92.0,77.9,84.3,104.5,77.9,93.1,76.8,79.2,0.0,0,0.0,rain,0,0,18.1,9.2,191.0,1013.0,51.5,6.0,228.0,19.6,8,60,2023-05-03T06:32:06,2023-05-03T18:55:14,0.43,Partially cloudy,Partly cloudy throughout the day.,partly-cloudy-day,"65210099999,DNIB,DNMM,65201099999,65100099999,65208099999"
"Abeokuta, Ogun, Nigeria",2023-05-04,93.2,78.4,82.6,109.1,78.4,89.1,77.5,85.3,0.039,100,4.17,rain,0,0,34.4,21.9,210.9,1013.7,57.7,6.1,227.0,19.7,8,60,2023-05-04T06:31:50,2023-05-04T18:55:18,0.46,"Rain, Partially cloudy",Partly cloudy throughout the day with late afternoon rain.,rain,"DNIB,DNMM,remote,65201099999,65100099999,65208099999"
"Abeokuta, Ogun, Nigeria",2023-05-05,94.1,75.2,83.6,107.5,75.2,89.7,75.3,77.9,0.0,0,0.0,,0,0,15.0,12.8,209.5,1013.1,40.6,5.7,176.4,15.2,6,10,2023-05-05T06:31:35,2023-05-05T18:55:23,0.5,Partially cloudy,Partly cloudy throughout the day.,partly-cloudy-day,"DNIB,DNMM,65201099999,65100099999,65208099999"
"Abeokuta, Ogun, Nigeria",2023-05-06,87.5,77.9,81.5,97.2,77.9,86.7,75.6,82.7,0.551,100,4.17,rain,0,0,42.5,41.9,163.3,1012.5,47.6,6.1,206.1,17.8,8,30,2023-05-06T06:31:21,2023-05-06T18:55:27,0.53,"Rain, Partially cloudy",Partly cloudy throughout the day with afternoon rain.,rain,"DNIB,DNMM,65201099999,65100099999,65208099999"
"Abeokuta, Ogun, Nigeria",2023-05-07,91.4,76.4,83.0,105.1,76.4,89.1,75.4,79.0,0.0,0,0.0,,0,0,19.2,12.8,195.2,1011.5,53.8,5.7,234.5,20.4,7,30,2023-05-07T06:31:07,2023-05-07T18:55:33,0.56,Partially cloudy,Partly cloudy throughout the day.,partly-cloudy-day,"DNIB,DNMM,65201099999,65100099999,65208099999"
"Abeokuta, Ogun, Nigeria",2023-05-08,92.2,77.9,84.1,106.6,77.9,92.9,77.2,80.5,0.0,0,0.0,,0,0,17.7,11.4,216.2,1012.3,57.7,6.2,230.2,19.9,8,30,2023-05-08T06:30:54,2023-05-08T18:55:38,0.6,Partially cloudy,Partly cloudy throughout the day.,partly-cloudy-day,"65210099999,DNIB,DNMM,65201099999,65100099999,65208099999"
"Abeokuta, Ogun, Nigeria",2023-05-09,93.1,78.7,84.8,107.3,78.7,94.6,77.8,80.8,0.0,0,0.0,,0,0,15.0,12.8,224.9,1011.1,45.3,6.3,227.7,19.8,8,60,2023-05-09T06:30:42,2023-05-09T18:55:45,0.63,Partially cloudy,Partly cloudy throughout the day.,partly-cloudy-day,"65210099999,DNIB,DNMM,65201099999,65100099999,65208099999"
"Abeokuta, Ogun, Nigeria",2023-05-10,93.3,78.6,85.6,110.4,78.6,95.4,77.5,78.1,0.0,0,0.0,,0,0,19.0,13.9,202.5,1010.5,50.0,6.2,207.0,17.7,7,60,2023-05-10T06:30:30,2023-05-10T18:55:51,0.67,Partially cloudy,Partly cloudy throughout the day.,partly-cloudy-day,"DNIB,DNMM,65201099999,65100099999,65208099999"
"Abeokuta, Ogun, Nigeria",2023-05-11,93.2,79.8,86.4,110.4,79.8,97.9,77.9,76.9,0.004,100,4.17,rain,0,0,22.4,15.0,209.3,1010.7,50.7,6.1,217.6,19.1,7,75,2023-05-11T06:30:19,2023-05-11T18:55:58,0.71,"Rain, Partially cloudy",Partly cloudy throughout the day with afternoon rain.,rain,"DNIB,DNMM,65201099999,65100099999,65208099999"
"Abeokuta, Ogun, Nigeria",2023-05-12,91.1,80.2,84.8,106.7,87.0,95.8,78.2,81.5,0.016,100,4.17,rain,0,0,16.1,9.2,225.4,1011.8,61.6,6.1,243.1,21.0,9,60,2023-05-12T06:30:09,2023-05-12T18:56:05,0.75,"Rain, Partially cloudy",Partly cloudy throughout the day with late afternoon rain.,rain,"65210099999,DNIB,DNMM,65201099999,65100099999,65208099999"
"Abeokuta, Ogun, Nigeria",2023-05-13,91.6,79.4,83.7,105.8,79.4,92.9,77.5,82.4,0.0,0,0.0,rain,0,0,31.1,21.9,160.7,1012.4,56.2,6.0,243.8,21.1,8,60,2023-05-13T06:30:00,2023-05-13T18:56:13,0.78,Partially cloudy,Partly cloudy throughout the day.,partly-cloudy-day,"DNIB,DNMM,65201099999,65100099999,65208099999"
"Abeokuta, Ogun, Nigeria",2023-05-14,89.3,76.6,83.1,105.2,76.6,92.5,77.9,84.7,0.197,100,4.17,rain,0,0,19.7,10.5,217.5,1013.3,57.8,5.6,166.6,14.4,6,60,2023-05-14T06:29:51,2023-05-14T18:56:22,0.81,"Rain, Partially cloudy",Partly cloudy throughout the day with late afternoon rain.,rain,"65210099999,DNIB,DNMM,65201099999,65100099999,65208099999"
"Abeokuta, Ogun, Nigeria",2023-05-15,86.0,73.0,79.8,98.3,73.0,85.8,76.3,89.7,2.52,100,4.17,rain,0,0,23.0,8.6,94.2,1013.3,61.8,5.2,90.4,7.8,3,30,2023-05-15T06:29:43,2023-05-15T18:56:30,0.85,"Rain, Partially cloudy",Partly cloudy throughout the day with morning rain.,rain,"DNIB,DNMM,65201099999,65100099999,65208099999"
"Abeokuta, Ogun, Nigeria",2023-05-16,89.7,78.6,83.9,105.2,78.6,94.3,78.4,84.2,0.0,0,0.0,rain,0,0,18.8,12.8,231.9,1012.9,46.7,5.7,238.9,20.6,8,60,2023-05-16T06:29:36,2023-05-16T18:56:39,0.88,Partially cloudy,Partly cloudy throughout the day.,partly-cloudy-day,"DNIB,DNMM,65201099999,65100099999,65208099999"
"Abeokuta, Ogun, Nigeria",2023-05-17,93.2,78.0,84.7,107.8,78.0,94.6,77.8,80.8,0.008,100,4.17,rain,0,0,19.9,12.8,216.8,1011.9,50.0,6.1,257.7,22.3,8,30,2023-05-17T06:29:29,2023-05-17T18:56:49,0.92,"Rain, Partially cloudy",Partly cloudy throughout the day with afternoon rain.,rain,"65210099999,DNIB,DNMM,65201099999,65100099999,65208099999"
"Abeokuta, Ogun, Nigeria",2023-05-18,89.5,75.2,81.9,102.3,75.2,88.1,75.5,81.8,2.323,100,12.5,rain,0,0,50.8,12.8,238.8,1012.3,51.4,5.8,192.9,16.7,7,60,2023-05-18T06:29:23,2023-05-18T18:56:59,0.96,"Rain, Partially cloudy",Partly cloudy throughout the day with rain.,rain,"65210099999,DNIB,DNMM,65201099999,65100099999,65208099999"
"Abeokuta, Ogun, Nigeria",2023-05-19,92.4,76.9,84.0,110.3,76.9,92.0,76.9,80.3,0.0,0,0.0,rain,0,0,18.6,8.6,240.3,1012.3,45.6,6.5,210.9,18.1,7,60,2023-05-19T06:29:18,2023-05-19T18:57:09,0.0,Partially cloudy,Partly cloudy throughout the day.,partly-cloudy-day,"65210099999,DNIB,DNMM,remote,65201099999,65100099999,65208099999"
"Abeokuta, Ogun, Nigeria",2023-05-20,87.9,77.0,82.2,97.9,77.0,88.6,76.4,83.0,0.197,100,4.17,rain,0,0,19.5,9.2,211.9,1012.2,56.0,6.5,207.0,17.9,8,60,2023-05-20T06:29:14,2023-05-20T18:57:20,0.03,"Rain, Partially cloudy",Partly cloudy throughout the day with afternoon rain.,rain,"DNIB,DNMM,remote,65201099999,65100099999,65208099999"
"Abeokuta, Ogun, Nigeria",2023-05-21,92.4,77.2,83.5,106.5,77.2,90.8,76.8,81.3,0.0,0,0.0,rain,0,0,19.9,10.8,225.4,1012.6,54.8,6.0,217.9,18.9,8,30,2023-05-21T06:29:10,2023-05-21T18:57:30,0.06,Partially cloudy,Partly cloudy throughout the day.,partly-cloudy-day,"DNIB,DNMM,65201099999,65100099999,65208099999"
"Abeokuta, Ogun, Nigeria",2023-05-22,90.1,78.2,83.5,104.7,78.2,91.8,77.7,83.4,0.0,0,0.0,rain,0,0,20.4,12.8,209.9,1012.4,59.7,6.2,187.6,16.0,7,60,2023-05-22T06:29:07,2023-05-22T18:57:42,0.09,Partially cloudy,Partly cloudy throughout the day.,partly-cloudy-day,"DNIB,DNMM,remote,65201099999,65100099999,65208099999"
"Abeokuta, Ogun, Nigeria",2023-05-23,90.6,77.0,82.9,108.1,77.0,90.3,77.5,84.6,0.472,100,4.17,rain,0,0,16.1,10.3,209.4,1011.7,57.1,5.2,185.2,16.1,7,60,2023-05-23T06:29:05,2023-05-23T18:57:53,0.12,"Rain, Partially cloudy",Partly cloudy throughout the day with morning rain.,rain,"65210099999,DNIB,DNMM,65201099999,65100099999,65208099999"
"Abeokuta, Ogun, Nigeria",2023-05-24,90.6,75.1,83.6,107.2,75.1,93.4,78.0,84.0,0.031,100,4.17,rain,0,0,20.8,16.1,203.2,1011.2,53.9,5.8,211.8,18.3,7,60,2023-05-24T06:29:04,2023-05-24T18:58:05,0.15,"Rain, Partially cloudy",Partly cloudy throughout the day with late afternoon rain.,rain,"DNIB,DNMM,remote,65201099999,65100099999,65208099999"
"Abeokuta, Ogun, Nigeria",2023-05-25,91.7,74.2,82.6,104.7,74.2,89.1,75.5,80.4,0.276,100,4.17,rain,0,0,40.3,12.8,200.2,1011.2,63.0,7.2,216.6,18.7,7,60,2023-05-25T06:29:03,2023-05-25T18:58:18,0.19,"Rain, Partially cloudy",Partly cloudy throughout the day with early morning rain.,rain,"65210099999,DNIB,DNMM,remote,65201099999,65100099999,65208099999"
"Abeokuta, Ogun, Nigeria",2023-05-26,92.2,78.7,84.8,107.7,78.7,95.3,78.2,81.4,0.276,100,4.17,rain,0,0,17.2,13.9,225.2,1011.1,53.7,6.1,262.1,22.7,9,60,2023-05-26T06:29:03,2023-05-26T18:58:30,0.22,"Rain, Partially cloudy",Partly cloudy throughout the day with early morning rain.,rain,"DNIB,DNMM,65201099999,65100099999,65208099999"
"Abeokuta, Ogun, Nigeria",2023-05-27,81.8,73.4,78.1,90.7,73.4,80.6,75.8,92.7,0.079,100,4.17,rain,0,0,40.3,17.1,18.2,1011.7,57.5,5.6,179.4,15.3,6,60,2023-05-27T06:29:03,2023-05-27T18:58:43,0.25,"Rain, Partially cloudy",Partly cloudy throughout the day with afternoon rain.,rain,"DNIB,DNMM,65201099999,65100099999,65208099999"
"Abeokuta, Ogun, Nigeria",2023-05-28,89.9,74.2,81.7,104.4,74.2,88.5,75.8,83.2,0.0,0,0.0,rain,0,0,18.1,11.1,185.3,1012.1,47.8,5.8,188.5,16.3,6,60,2023-05-28T06:29:04,2023-05-28T18:58:56,0.28,Partially cloudy,Partly cloudy throughout the day.,partly-cloudy-day,"DNIB,DNMM,65201099999,65100099999,65208099999"
"Abeokuta, Ogun, Nigeria",2023-05-29,82.3,74.7,79.0,92.0,74.7,81.5,75.7,89.9,0.787,100,4.17,rain,0,0,19.7,13.2,85.3,1012.5,52.1,5.1,143.6,12.4,6,60,2023-05-29T06:29:06,2023-05-29T18:59:10,0.32,"Rain, Partially cloudy",Partly cloudy throughout the day with afternoon rain.,rain,"DNIB,DNMM,65201099999,65100099999,65208099999"
"Abeokuta, Ogun, Nigeria",2023-05-30,89.6,73.4,81.6,102.6,73.4,87.3,75.2,81.9,0.0,0,0.0,rain,0,0,17.9,13.9,150.9,1013.4,45.9,5.9,230.8,19.9,8,30,2023-05-30T06:29:09,2023-05-30T18:59:23,0.35,Partially cloudy,Partly cloudy throughout the day.,partly-cloudy-day,"65210099999,DNIB,DNMM,remote,65201099999,65100099999,65208099999"
"Abeokuta, Ogun, Nigeria",2023-05-31,91.4,77.9,84.0,107.8,77.9,92.6,77.5,81.6,0.004,100,4.17,rain,0,0,20.4,13.9,211.8,1012.7,53.5,6.7,217.5,18.8,8,75,2023-05-31T06:29:12,2023-05-31T18:59:37,0.38,"Rain, Partially cloudy",Partly cloudy throughout the day with afternoon rain.,rain,"DNIB,DNMM,remote,65201099999,65100099999,65208099999"
"Abeokuta, Ogun, Nigeria",2023-06-01,89.6,76.4,82.4,105.2,76.4,90.1,77.3,85.1,0.197,100,4.17,rain,0,0,23.5,14.3,221.4,1011.9,62.2,6.3,201.2,17.2,7,60,2023-06-01T06:29:16,2023-06-01T18:59:51,0.41,"Rain, Partially cloudy",Partly cloudy throughout the day with morning rain.,rain,"65210099999,DNIB,DNMM,remote,65201099999,65100099999,65208099999"
"Abeokuta, Ogun, Nigeria",2023-06-02,88.4,77.0,82.3,105.2,77.0,88.5,77.1,85.0,0.315,100,4.17,rain,0,0,22.1,13.7,214.7,1012.3,57.2,6.1,184.1,15.9,7,60,2023-06-02T06:29:20,2023-06-02T19:00:05,0.45,"Rain, Partially cloudy",Partly cloudy throughout the day with morning rain.,rain,"65210099999,DNIB,DNMM,65201099999,65100099999,65208099999"
"Abeokuta, Ogun, Nigeria",2023-06-03,86.0,76.9,80.5,97.3,76.9,84.7,76.3,87.6,0.276,100,4.17,rain,0,0,20.1,12.8,243.4,1013.7,47.1,6.0,185.8,16.0,7,30,2023-06-03T06:29:25,2023-06-03T19:00:19,0.48,"Rain, Partially cloudy",Partly cloudy throughout the day with afternoon rain.,rain,"65210099999,DNIB,DNMM,65201099999,65100099999,65208099999"
"Abeokuta, Ogun, Nigeria",2023-06-04,89.6,76.6,83.0,102.6,76.6,90.3,75.9,79.5,0.0,0,0.0,,0,0,17.2,13.9,236.6,1013.3,53.8,6.0,190.4,16.5,6,60,2023-06-04T06:29:31,2023-06-04T19:00:34,0.5,Partially cloudy,Partly cloudy throughout the day.,partly-cloudy-day,"DNIB,DNMM,65201099999,65100099999,65208099999"
"Abeokuta, Ogun, Nigeria",2023-06-05,90.4,78.3,83.7,105.7,78.3,92.1,77.5,82.2,0.0,0,0.0,rain,0,0,20.1,13.9,221.5,1013.1,51.6,6.2,206.7,17.9,8,60,2023-06-05T06:29:37,2023-06-05T19:00:48,0.55,Partially cloudy,Partly cloudy throughout the day.,partly-cloudy-day,"65210099999,DNIB,DNMM,65201099999,65100099999,65208099999"
"Abeokuta, Ogun, Nigeria",2023-06-06,85.2,74.8,78.9,97.1,74.8,82.0,76.1,91.4,1.299,100,8.33,rain,0,0,28.9,10.3,221.9,1013.3,66.0,5.6,109.8,9.5,5,30,2023-06-06T06:29:44,2023-06-06T19:01:03,0.58,"Rain, Partially cloudy",Partly cloudy throughout the day with rain.,rain,"65210099999,DNIB,DNMM,65201099999,65100099999,65208099999"
"Abeokuta, Ogun, Nigeria",2023-06-07,87.8,75.0,79.8,99.9,75.0,83.9,75.1,86.1,0.0,0,0.0,rain,0,0,20.8,12.8,221.2,1014.2,65.4,5.4,123.7,10.6,4,60,2023-06-07T06:29:51,2023-06-07T19:01:18,0.62,Partially cloudy,Partly cloudy throughout the day.,partly-cloudy-day,"65210099999,DNIB,DNMM,65201099999,65100099999,65208099999"
"Abeokuta, Ogun, Nigeria",2023-06-08,84.2,70.9,77.2,92.5,70.9,79.1,73.1,87.4,2.606,100,12.5,rain,0,0,28.9,11.4,253.9,1015.2,51.4,5.7,137.3,11.8,5,10,2023-06-08T06:29:59,2023-06-08T19:01:32,0.65,"Rain, Partially cloudy",Partly cloudy throughout the day with a chance of rain throughout the day.,rain,"DNIB,DNMM,65201099999,65100099999,65208099999"
"Abeokuta, Ogun, Nigeria",2023-06-09,88.1,75.2,81.4,97.8,75.2,86.5,75.3,82.7,0.0,0,0.0,rain,0,0,18.8,9.6,188.1,1014.0,47.7,5.7,199.0,17.2,6,30,2023-06-09T06:30:07,2023-06-09T19:01:47,0.69,Partially cloudy,Partly cloudy throughout the day.,partly-cloudy-day,"DNIB,DNMM,65201099999,65100099999,65208099999"
"Abeokuta, Ogun, Nigeria",2023-06-10,87.0,77.8,80.7,98.8,77.8,84.5,76.1,86.2,0.0,0,0.0,rain,0,0,18.3,13.2,221.5,1013.3,66.9,5.9,174.3,14.9,6,60,2023-06-10T06:30:16,2023-06-10T19:02:02,0.75,Partially cloudy,Partly cloudy throughout the day.,partly-cloudy-day,"65210099999,DNIB,DNMM,65201099999,65100099999,65208099999"
"Abeokuta, Ogun, Nigeria",2023-06-11,80.6,75.2,77.3,87.1,75.2,77.8,75.3,93.6,2.637,100,8.33,rain,0,0,18.6,11.4,234.1,1014.7,59.2,5.4,115.4,10.0,5,30,2023-06-11T06:30:25,2023-06-11T19:02:17,0.76,"Rain, Partially cloudy",Partly cloudy throughout the day with rain.,rain,"DNIB,DNMM,65201099999,65100099999,65208099999"
"Abeokuta, Ogun, Nigeria",2023-06-12,89.6,73.8,81.8,102.6,73.8,86.5,74.5,79.9,0.0,0,0.0,rain,0,0,17.2,11.1,246.8,1014.9,61.4,7.2,256.8,22.1,8,30,2023-06-12T06:30:35,2023-06-12T19:02:31,0.8,Partially cloudy,Partly cloudy throughout the day.,partly-cloudy-day,"65210099999,DNIB,DNMM,remote,65201099999,65100099999,65208099999"
"Abeokuta, Ogun, Nigeria",2023-06-13,89.5,77.0,82.2,99.5,77.0,87.1,74.6,78.6,0.0,0,0.0,,0,0,16.1,10.3,249.0,1014.3,42.0,6.2,240.1,20.5,8,30,2023-06-13T06:30:45,2023-06-13T19:02:46,0.83,Partially cloudy,Partly cloudy throughout the day.,partly-cloudy-day,"65210099999,DNIB,DNMM,65201099999,65100099999,65208099999"
"Abeokuta, Ogun, Nigeria",2023-06-14,85.2,73.4,79.2,94.1,73.4,81.5,74.1,85.0,0.709,100,4.17,rain,0,0,17.4,10.5,242.3,1013.7,54.3,5.9,164.2,14.0,7,10,2023-06-14T06:30:56,2023-06-14T19:03:00,0.87,"Rain, Partially cloudy",Partly cloudy throughout the day with afternoon rain.,rain,"65210099999,DNIB,DNMM,65201099999,65100099999,65208099999"
"Abeokuta, Ogun, Nigeria",2023-06-15,80.3,76.6,78.3,85.5,76.6,78.7,75.7,91.9,3.937,100,4.17,rain,0,0,15.0,9.2,212.6,1014.2,67.8,4.8,92.5,7.9,4,30,2023-06-15T06:31:07,2023-06-15T19:03:15,0.9,"Rain, Partially cloudy",Partly cloudy throughout the day with late afternoon rain.,rain,"65210099999,DNIB,DNMM,65201099999,65100099999,65208099999"
"Abeokuta, Ogun, Nigeria",2023-06-16,86.6,76.6,80.6,96.9,76.6,84.6,75.8,86.1,0.236,100,4.17,rain,0,0,15.0,10.9,248.3,1014.0,58.8,5.3,148.0,12.9,6,30,2023-06-16T06:31:18,2023-06-16T19:03:29,0.94,"Rain, Partially cloudy",Partly cloudy throughout the day with morning rain.,rain,"DNIB,DNMM,65201099999,65100099999,65208099999"
"Abeokuta, Ogun, Nigeria",2023-06-17,89.2,76.4,82.8,102.0,76.4,89.4,76.8,83.0,0.0,0,0.0,,0,0,17.0,11.5,236.4,1013.2,54.2,5.9,229.6,19.8,8,30,2023-06-17T06:31:30,2023-06-17T19:03:43,0.97,Partially cloudy,Partly cloudy throughout the day.,partly-cloudy-day,"65210099999,DNIB,DNMM,65201099999,65100099999,65208099999"
"Abeokuta, Ogun, Nigeria",2023-06-18,87.9,73.4,81.5,102.7,73.4,87.8,76.6,85.4,0.028,100,8.33,rain,0,0,18.1,12.0,231.3,1013.1,61.2,6.5,158.4,13.5,6,30,2023-06-18T06:31:42,2023-06-18T19:03:57,0.0,"Rain, Partially cloudy",Partly cloudy throughout the day with rain.,rain,"65210099999,DNIB,DNMM,remote,65201099999,65100099999,65208099999"
"Abeokuta, Ogun, Nigeria",2023-06-19,85.6,72.5,78.3,94.1,72.5,80.7,73.9,87.4,0.748,100,4.17,rain,0,0,15.7,9.5,219.7,1013.6,57.6,5.8,194.9,16.9,7,30,2023-06-19T06:31:54,2023-06-19T19:04:11,0.04,"Rain, Partially cloudy",Partly cloudy throughout the day with early morning rain.,rain,"DNIB,DNMM,65201099999,65100099999,65208099999"
"Abeokuta, Ogun, Nigeria",2023-06-20,86.0,75.1,79.6,96.3,75.1,82.7,75.1,86.4,0.035,100,4.17,rain,0,0,19.2,12.5,223.4,1013.4,65.2,6.5,178.5,15.2,7,30,2023-06-20T06:32:07,2023-06-20T19:04:24,0.07,"Rain, Partially cloudy",Partly cloudy throughout the day with late afternoon rain.,rain,"65210099999,DNIB,DNMM,remote,65201099999,65100099999,65208099999"
"Abeokuta, Ogun, Nigeria",2023-06-21,82.6,76.0,78.5,90.6,76.0,80.2,74.8,88.7,0.039,100,4.17,rain,0,0,19.9,17.2,224.5,1014.1,61.6,5.8,160.8,13.7,6,30,2023-06-21T06:32:19,2023-06-21T19:04:37,0.11,"Rain, Partially cloudy",Partly cloudy throughout the day with late afternoon rain.,rain,"DNIB,DNMM,65201099999,65100099999,65208099999"
"Abeokuta, Ogun, Nigeria",2023-06-22,84.5,74.1,79.5,93.1,74.1,82.8,74.4,84.8,0.012,100,4.17,rain,0,0,23.0,16.1,254.7,1014.3,55.9,5.8,81.1,6.7,3,10,2023-06-22T06:32:32,2023-06-22T19:04:50,0.14,"Rain, Partially cloudy",Partly cloudy throughout the day with afternoon rain.,rain,"65210099999,DNIB,65202099999,DNMM,65201099999,65100099999,65208099999"
"Abeokuta, Ogun, Nigeria",2023-06-23,85.0,75.2,79.1,93.6,75.2,81.7,74.9,87.6,0.079,100,4.17,rain,0,0,19.5,17.2,238.8,1013.5,64.6,5.8,212.6,18.4,8,30,2023-06-23T06:32:46,2023-06-23T19:05:03,0.17,"Rain, Partially cloudy",Partly cloudy throughout the day with late afternoon rain.,rain,"65210099999,DNIB,DNMM,remote,65201099999,65100099999,65208099999"
"Abeokuta, Ogun, Nigeria",2023-06-24,79.6,74.9,76.8,79.6,74.9,76.8,74.4,92.4,1.024,100,16.67,rain,0,0,16.1,13.4,220.3,1013.9,64.4,4.7,45.7,4.1,2,10,2023-06-24T06:32:59,2023-06-24T19:05:15,0.2,"Rain, Partially cloudy",Partly cloudy throughout the day with a chance of rain throughout the day.,rain,"DNIB,DNMM,65201099999,65100099999,65208099999"
"Abeokuta, Ogun, Nigeria",2023-06-25,85.5,75.2,79.3,93.2,75.2,81.7,73.6,83.6,0.157,100,4.17,rain,0,0,19.7,15.0,214.8,1014.7,59.2,6.0,190.0,16.3,7,30,2023-06-25T06:33:13,2023-06-25T19:05:27,0.24,"Rain, Partially cloudy",Partly cloudy throughout the day with early morning rain.,rain,"DNIB,DNMM,65201099999,65100099999,65208099999"
"Abeokuta, Ogun, Nigeria",2023-06-26,86.0,73.2,78.6,93.5,73.2,80.6,72.3,81.7,0.004,100,4.17,rain,0,0,17.2,15.0,229.9,1014.2,64.2,6.9,173.7,15.0,6,10,2023-06-26T06:33:27,2023-06-26T19:05:38,0.25,"Rain, Partially cloudy",Partly cloudy throughout the day with afternoon rain.,rain,"DNIB,DNMM,remote,65201099999,65100099999,65208099999"
"Abeokuta, Ogun, Nigeria",2023-06-27,88.1,74.2,80.6,96.7,74.2,83.7,72.7,78.0,0.0,0,0.0,rain,0,0,40.3,15.0,245.8,1013.3,59.9,6.1,215.8,18.6,7,30,2023-06-27T06:33:40,2023-06-27T19:05:49,0.3,Partially cloudy,Partly cloudy throughout the day.,partly-cloudy-day,"DNIB,DNMM,65201099999,65100099999,65208099999"
"Abeokuta, Ogun, Nigeria",2023-06-28,79.9,72.5,76.8,79.9,72.5,76.8,73.8,90.5,1.259,100,12.5,rain,0,0,40.3,12.5,235.6,1014.2,63.9,5.6,46.8,3.9,2,10,2023-06-28T06:33:54,2023-06-28T19:06:00,0.34,"Rain, Partially cloudy",Partly cloudy throughout the day with rain.,rain,"DNIB,DNMM,65201099999,65100099999,65208099999"
"Abeokuta, Ogun, Nigeria",2023-06-29,84.2,75.5,78.8,93.4,75.5,80.9,75.2,89.2,0.118,100,4.17,rain,0,0,16.8,10.0,222.4,1015.6,51.1,5.5,169.7,14.6,5,30,2023-06-29T06:34:08,2023-06-29T19:06:10,0.37,"Rain, Partially cloudy",Partly cloudy throughout the day with afternoon rain.,rain,"DNIB,DNMM,65201099999,65100099999,65208099999"
"Abeokuta, Ogun, Nigeria",2023-06-30,86.0,75.2,79.9,95.6,75.2,83.4,74.6,84.7,0.0,0,0.0,rain,0,0,15.0,9.6,233.4,1015.2,64.8,6.9,158.4,13.6,5,30,2023-06-30T06:34:22,2023-06-30T19:06:20,0.4,Partially cloudy,Partly cloudy throughout the day.,partly-cloudy-day,"65210099999,DNIB,DNMM,remote,65201099999,65100099999,65208099999"
"Abeokuta, Ogun, Nigeria",2023-07-01,87.0,75.3,80.4,97.9,75.3,84.4,75.3,85.2,0.0,0,0.0,rain,0,0,19.2,9.8,217.2,1013.9,59.2,7.6,243.6,21.0,9,60,2023-07-01T06:34:36,2023-07-01T19:06:29,0.43,Partially cloudy,Partly cloudy throughout the day.,partly-cloudy-day,"DNIB,DNMM,remote,65201099999,65100099999,65208099999"
"Abeokuta, Ogun, Nigeria",2023-07-02,84.2,75.1,79.4,94.2,75.1,82.2,75.6,88.5,0.472,100,4.17,rain,0,0,16.3,9.2,209.8,1014.7,61.5,6.3,165.3,14.3,6,30,2023-07-02T06:34:50,2023-07-02T19:06:38,0.47,"Rain, Partially cloudy",Partly cloudy throughout the day with morning rain.,rain,"DNIB,DNMM,remote,65201099999,65100099999,65208099999"
"Abeokuta, Ogun, Nigeria",2023-07-03,87.8,74.5,80.8,99.9,74.5,85.1,75.4,84.6,0.012,100,12.5,rain,0,0,14.1,9.4,224.6,1015.3,53.9,6.4,177.5,15.4,7,60,2023-07-03T06:35:05,2023-07-03T19:06:46,0.5,"Rain, Partially cloudy",Partly cloudy throughout the day with rain.,rain,"65210099999,DNIB,DNMM,remote,65201099999,65100099999,65208099999"
"Abeokuta, Ogun, Nigeria",2023-07-04,85.6,74.7,79.8,95.0,74.7,83.7,75.2,86.2,0.0,0,0.0,rain,0,0,18.6,12.8,230.4,1014.9,65.4,10.5,226.4,19.7,8,30,2023-07-04T06:35:18,2023-07-04T19:06:54,0.53,Partially cloudy,Partly cloudy throughout the day.,partly-cloudy-day,"DNIB,DNMM,remote,65201099999,65100099999"
"Abeokuta, Ogun, Nigeria",2023-07-05,86.0,75.5,80.7,95.2,75.5,85.0,75.0,83.0,0.079,100,4.17,rain,0,0,16.3,8.7,195.7,1014.9,54.8,6.5,211.5,18.2,7,30,2023-07-05T06:35:32,2023-07-05T19:07:01,0.57,"Rain, Partially cloudy",Partly cloudy throughout the day with early morning rain.,rain,"65210099999,DNIB,DNMM,remote,65201099999,65100099999,65208099999"
"Abeokuta, Ogun, Nigeria",2023-07-06,86.8,75.2,80.7,95.5,75.2,84.5,74.7,82.9,0.0,0,0.0,rain,0,0,16.3,10.1,227.3,1013.1,48.9,6.2,217.6,18.8,7,30,2023-07-06T06:35:46,2023-07-06T19:07:08,0.6,Partially cloudy,Partly cloudy throughout the day.,partly-cloudy-day,"DNIB,DNMM,65201099999,65100099999,65208099999"
"Abeokuta, Ogun, Nigeria",2023-07-07,83.1,76.7,78.7,91.2,76.7,80.2,75.6,90.5,2.008,100,4.17,rain,0,0,18.6,10.2,236.0,1013.7,67.2,5.4,182.1,15.8,7,60,2023-07-07T06:36:00,2023-07-07T19:07:14,0.64,"Rain, Partially cloudy",Partly cloudy throughout the day with afternoon rain.,rain,"DNIB,DNMM,65201099999,65100099999,65208099999"
"Abeokuta, Ogun, Nigeria",2023-07-08,84.2,75.2,77.5,94.2,75.2,78.2,75.0,92.0,0.275,100,8.33,rain,0,0,16.1,14.1,225.8,1013.9,62.6,6.8,154.2,13.2,7,30,2023-07-08T06:36:13,2023-07-08T19:07:19,0.67,"Rain, Partially cloudy",Partly cloudy throughout the day with rain.,rain,"65210099999,DNIB,DNMM,remote,65201099999,65100099999,65208099999"
"Abeokuta, Ogun, Nigeria",2023-07-09,80.6,75.2,77.7,87.1,75.2,78.4,75.2,92.2,0.197,100,4.17,rain,0,0,15.4,9.2,224.2,1015.4,55.7,5.2,80.9,7.1,3,10,2023-07-09T06:36:27,2023-07-09T19:07:24,0.71,"Rain, Partially cloudy",Partly cloudy throughout the day with late afternoon rain.,rain,"65210099999,DNIB,DNMM,65201099999,65100099999,65208099999"
"Abeokuta, Ogun, Nigeria",2023-07-10,86.0,74.4,79.9,96.4,74.4,84.0,75.3,86.3,0.004,100,4.17,rain,0,0,17.2,13.9,223.1,1014.5,56.9,5.4,175.0,15.2,6,60,2023-07-10T06:36:40,2023-07-10T19:07:28,0.75,"Rain, Partially cloudy",Partly cloudy throughout the day with early morning rain.,rain,"DNIB,DNMM,65201099999,65100099999,65208099999"
"Abeokuta, Ogun, Nigeria",2023-07-11,86.8,76.0,80.6,97.5,76.0,84.4,75.4,84.8,0.0,0,0.0,rain,0,0,18.3,13.9,234.2,1013.0,57.8,5.7,188.0,16.1,6,30,2023-07-11T06:36:53,2023-07-11T19:07:31,0.78,Partially cloudy,Partly cloudy throughout the day.,partly-cloudy-day,"65210099999,DNIB,DNMM,65201099999,65100099999,65208099999"
"Abeokuta, Ogun, Nigeria",2023-07-12,84.5,73.4,78.9,94.7,73.4,81.5,75.6,89.7,0.039,100,4.17,rain,0,0,17.2,9.8,208.7,1012.4,64.1,5.7,60.1,5.1,3,10,2023-07-12T06:37:06,2023-07-12T19:07:34,0.81,"Rain, Partially cloudy",Partly cloudy throughout the day with late afternoon rain.,rain,"DNIB,DNMM,remote,65201099999,65100099999,65208099999"
"Abeokuta, Ogun, Nigeria",2023-07-13,86.1,73.6,79.1,95.3,73.6,82.0,74.9,87.3,0.039,100,4.17,rain,0,0,13.9,8.6,209.2,1013.2,48.8,5.6,143.7,12.5,5,30,2023-07-13T06:37:18,2023-07-13T19:07:36,0.85,"Rain, Partially cloudy",Partly cloudy throughout the day with afternoon rain.,rain,"DNIB,DNMM,65201099999,65100099999,65208099999"
"Abeokuta, Ogun, Nigeria",2023-07-14,85.8,75.2,80.4,97.6,75.2,84.7,75.5,85.5,0.0,0,0.0,rain,0,0,16.3,9.2,237.2,1013.8,53.6,5.6,176.1,15.2,7,60,2023-07-14T06:37:30,2023-07-14T19:07:38,0.88,Partially cloudy,Partly cloudy throughout the day.,partly-cloudy-day,"DNIB,DNMM,65201099999,65100099999,65208099999"
"Abeokuta, Ogun, Nigeria",2023-07-15,86.4,76.7,79.9,97.2,76.7,83.0,75.8,87.7,0.185,100,12.5,rain,0,0,17.2,8.6,230.4,1013.5,71.6,7.5,173.1,15.2,7,60,2023-07-15T06:37:42,2023-07-15T19:07:38,0.92,"Rain, Partially cloudy",Partly cloudy throughout the day with afternoon rain.,rain,"65210099999,DNIB,DNMM,remote,65201099999,65100099999,65208099999"
"Abeokuta, Ogun, Nigeria",2023-07-16,87.8,76.2,80.5,99.9,76.2,84.2,76.1,87.1,0.099,100,8.33,rain,0,0,17.2,10.3,244.9,1013.5,65.4,6.3,215.9,18.6,8,30,2023-07-16T06:37:54,2023-07-16T19:07:38,0.95,"Rain, Partially cloudy",Partly cloudy throughout the day with afternoon rain.,rain,"65210099999,DNIB,DNMM,remote,65201099999,65100099999,65208099999"
"Abeokuta, Ogun, Nigeria",2023-07-17,86.8,76.5,81.1,97.5,76.5,85.8,76.1,85.3,0.512,100,8.33,rain,0,0,15.4,10.3,226.9,1014.2,59.3,5.9,186.7,16.2,7,60,2023-07-17T06:38:05,2023-07-17T19:07:38,0.0,"Rain, Partially cloudy",Partly cloudy throughout the day with rain.,rain,"65210099999,DNIB,DNMM,65201099999,65100099999,65208099999"
"Abeokuta, Ogun, Nigeria",2023-07-18,85.0,75.2,80.4,95.5,75.2,84.9,75.8,86.3,0.004,100,4.17,rain,0,0,17.2,11.1,226.8,1015.2,54.0,6.4,174.1,15.1,6,60,2023-07-18T06:38:16,2023-07-18T19:07:36,0.02,"Rain, Partially cloudy",Partly cloudy throughout the day with late afternoon rain.,rain,"DNIB,DNMM,remote,65201099999,65100099999,65208099999"
"Abeokuta, Ogun, Nigeria",2023-07-19,87.8,76.5,81.2,99.9,76.5,86.0,75.9,84.6,0.004,100,4.17,rain,0,0,16.8,11.4,229.0,1015.1,55.5,5.8,192.6,16.6,8,30,2023-07-19T06:38:27,2023-07-19T19:07:34,0.06,"Rain, Partially cloudy",Partly cloudy throughout the day with afternoon rain.,rain,"65210099999,DNIB,DNMM,65201099999,65100099999,65208099999"
"Abeokuta, Ogun, Nigeria",2023-07-20,87.8,76.8,81.6,99.1,76.8,86.8,75.6,82.5,0.0,0,0.0,rain,0,0,19.2,16.1,226.5,1014.8,54.4,6.0,194.0,16.8,7,30,2023-07-20T06:38:37,2023-07-20T19:07:31,0.09,Partially cloudy,Partly cloudy throughout the day.,partly-cloudy-day,"65210099999,DNIB,DNMM,65201099999,65100099999,65208099999"
"Abeokuta, Ogun, Nigeria",2023-07-21,84.2,77.0,80.2,92.5,77.0,83.6,75.2,85.1,0.004,100,4.17,rain,0,0,20.8,16.1,232.1,1014.8,63.0,6.7,171.4,15.0,7,30,2023-07-21T06:38:47,2023-07-21T19:07:27,0.12,"Rain, Partially cloudy",Partly cloudy throughout the day with morning rain.,rain,"DNIB,DNMM,remote,65201099999,65100099999,65208099999"
"Abeokuta, Ogun, Nigeria",2023-07-22,80.6,74.9,77.7,86.2,74.9,77.9,74.8,91.0,2.007,100,8.33,rain,0,0,19.5,11.0,233.4,1015.6,65.9,5.5,170.0,14.6,7,30,2023-07-22T06:38:57,2023-07-22T19:07:23,0.16,"Rain, Partially cloudy",Partly cloudy throughout the day with rain.,rain,"DNIB,DNMM,remote,65201099999,65100099999,65208099999"
"Abeokuta, Ogun, Nigeria",2023-07-23,79.3,73.4,76.1,79.3,73.4,76.1,74.1,93.4,1.142,100,8.33,rain,0,0,20.8,12.8,237.6,1016.6,54.4,4.5,116.5,10.0,4,10,2023-07-23T06:39:06,2023-07-23T19:07:18,0.19,"Rain, Partially cloudy",Partly cloudy throughout the day with rain.,rain,"DNIB,DNMM,65201099999,65100099999,65208099999"
"Abeokuta, Ogun, Nigeria",2023-07-24,83.4,73.4,78.0,92.1,73.4,80.3,74.4,89.2,0.039,100,8.33,rain,0,0,20.1,12.8,227.3,1015.7,60.5,5.2,148.3,12.9,7,10,2023-07-24T06:39:15,2023-07-24T19:07:12,0.22,"Rain, Partially cloudy",Partly cloudy throughout the day with rain.,rain,"65210099999,DNIB,DNMM,65201099999,65100099999,65208099999"
"Abeokuta, Ogun, Nigeria",2023-07-25,86.0,75.7,79.6,97.2,75.7,82.7,75.6,87.9,0.0,0,0.0,rain,0,0,17.2,12.8,221.9,1014.9,61.4,5.8,223.1,19.3,8,30,2023-07-25T06:39:23,2023-07-25T19:07:05,0.25,Partially cloudy,Partly cloudy throughout the day.,partly-cloudy-day,"65210099999,DNIB,DNMM,65201099999,65100099999,65208099999"
"Abeokuta, Ogun, Nigeria",2023-07-26,84.2,75.1,79.7,92.5,75.1,83.9,75.6,87.9,0.0,0,0.0,rain,0,0,16.8,11.4,234.3,1014.6,56.6,5.6,184.3,16.0,6,30,2023-07-26T06:39:31,2023-07-26T19:06:58,0.29,Partially cloudy,Partly cloudy throughout the day.,partly-cloudy-day,"DNIB,DNMM,65201099999,65100099999,65208099999"
"Abeokuta, Ogun, Nigeria",2023-07-27,86.3,77.7,81.1,96.3,77.7,85.6,76.1,85.2,0.016,100,4.17,rain,0,0,18.8,12.4,222.9,1014.8,58.7,6.1,174.8,15.0,6,60,2023-07-27T06:39:39,2023-07-27T19:06:49,0.32,"Rain, Partially cloudy",Partly cloudy throughout the day with afternoon rain.,rain,"65210099999,DNIB,DNMM,65201099999,65100099999,65208099999"
"Abeokuta, Ogun, Nigeria",2023-07-28,86.0,75.2,79.4,94.4,75.2,81.9,75.3,87.7,0.008,100,8.33,rain,0,0,19.7,17.2,221.8,1015.0,68.2,6.2,154.9,13.4,6,30,2023-07-28T06:39:46,2023-07-28T19:06:40,0.36,"Rain, Partially cloudy",Partly cloudy throughout the day with morning rain.,rain,"65210099999,DNIB,DNMM,65201099999,65100099999,65208099999"
"Abeokuta, Ogun, Nigeria",2023-07-29,81.4,75.5,78.6,87.6,75.5,80.1,75.1,89.2,0.551,100,12.5,rain,0,0,22.4,11.6,229.0,1015.7,67.9,6.0,198.2,17.2,7,30,2023-07-29T06:39:52,2023-07-29T19:06:31,0.39,"Rain, Partially cloudy",Partly cloudy throughout the day with a chance of rain throughout the day.,rain,"DNIB,DNMM,remote,65201099999,65100099999,65208099999"
"Abeokuta, Ogun, Nigeria",2023-07-30,85.0,76.2,79.5,94.7,76.2,82.4,75.5,87.8,0.0,0,0.0,rain,0,0,15.9,11.9,228.1,1016.2,60.3,5.8,149.2,12.9,5,30,2023-07-30T06:39:59,2023-07-30T19:06:20,0.42,Partially cloudy,Partly cloudy throughout the day.,partly-cloudy-day,"DNIB,DNMM,65201099999,65100099999,65208099999"
"Abeokuta, Ogun, Nigeria",2023-07-31,83.2,75.9,79.2,92.3,75.9,81.3,75.6,89.0,0.0,0,0.0,rain,0,0,21.0,14.1,232.7,1015.8,63.1,6.1,160.7,13.7,7,30,2023-07-31T06:40:04,2023-07-31T19:06:09,0.46,Partially cloudy,Partly cloudy throughout the day.,partly-cloudy-day,"DNIB,DNMM,65201099999,65100099999,65208099999"
"Abeokuta, Ogun, Nigeria",2023-08-01,80.6,76.1,77.7,87.1,76.1,78.4,75.0,91.6,0.197,100,4.17,rain,0,0,21.9,16.1,231.7,1015.2,67.0,5.4,104.1,9.0,4,30,2023-08-01T06:40:10,2023-08-01T19:05:57,0.5,"Rain, Partially cloudy",Partly cloudy throughout the day with late afternoon rain.,rain,"65210099999,DNIB,DNMM,65201099999,65100099999,65208099999"
"Abeokuta, Ogun, Nigeria",2023-08-02,84.2,74.2,78.7,92.5,74.2,81.1,74.3,87.0,0.0,0,0.0,rain,0,0,22.1,15.0,224.3,1016.1,71.0,6.0,185.2,15.9,8,10,2023-08-02T06:40:14,2023-08-02T19:05:44,0.52,Partially cloudy,Partly cloudy throughout the day.,partly-cloudy-day,"DNIB,DNMM,65201099999,65100099999,65208099999"
"Abeokuta, Ogun, Nigeria",2023-08-03,82.4,75.6,78.4,89.5,75.6,79.9,73.9,86.3,0.044,100,20.83,rain,0,0,17.0,12.8,215.7,1016.2,73.2,7.6,129.6,11.2,5,30,2023-08-03T06:40:19,2023-08-03T19:05:30,0.56,"Rain, Partially cloudy",Partly cloudy throughout the day with afternoon rain.,rain,"DNIB,DNMM,remote,65201099999,65100099999,65208099999"
"Abeokuta, Ogun, Nigeria",2023-08-04,85.2,74.4,79.3,95.1,74.4,82.4,74.3,85.0,0.008,100,8.33,rain,0,0,19.0,10.6,216.2,1015.1,66.0,9.5,200.7,17.3,8,30,2023-08-04T06:40:23,2023-08-04T19:05:16,0.59,"Rain, Partially cloudy",Partly cloudy throughout the day with morning rain.,rain,"DNIB,DNMM,remote,65201099999,65100099999,65208099999"
"Abeokuta, Ogun, Nigeria",2023-08-05,83.0,74.4,78.1,89.7,74.4,79.3,74.3,88.6,0.012,100,4.17,rain,0,0,18.6,11.4,223.6,1016.3,76.3,7.3,183.9,15.8,7,30,2023-08-05T06:40:26,2023-08-05T19:05:01,0.63,"Rain, Partially cloudy",Partly cloudy throughout the day with afternoon rain.,rain,"DNIB,DNMM,remote,65201099999,65100099999,65208099999"
"Abeokuta, Ogun, Nigeria",2023-08-06,83.7,75.0,78.2,90.2,75.0,79.6,74.0,87.3,0.044,100,37.5,rain,0,0,20.1,11.4,228.2,1016.8,74.2,8.1,168.6,14.7,6,30,2023-08-06T06:40:29,2023-08-06T19:04:46,0.66,"Rain, Partially cloudy",Partly cloudy throughout the day with rain.,rain,"DNIB,DNMM,remote,65201099999,65100099999,65208099999"
"Abeokuta, Ogun, Nigeria",2023-08-07,84.8,74.4,77.8,92.2,74.4,78.8,74.5,89.7,0.012,100,4.17,rain,0,0,19.5,11.4,230.8,1016.0,66.6,6.1,182.2,15.5,8,30,2023-08-07T06:40:31,2023-08-07T19:04:29,0.69,"Rain, Partially cloudy",Partly cloudy throughout the day with late afternoon rain.,rain,"DNIB,DNMM,remote,65201099999,65100099999,65208099999"
"Abeokuta, Ogun, Nigeria",2023-08-08,83.2,76.1,78.9,90.2,76.1,80.9,74.6,87.0,0.039,100,4.17,rain,0,0,22.6,18.3,212.9,1014.6,70.8,6.6,175.0,15.1,5,30,2023-08-08T06:40:33,2023-08-08T19:04:12,0.75,"Rain, Partially cloudy",Partly cloudy throughout the day with afternoon rain.,rain,"DNIB,DNMM,remote,65201099999,65100099999,65208099999"
"Abeokuta, Ogun, Nigeria",2023-08-09,84.2,75.9,78.9,92.5,75.9,80.8,75.1,88.3,0.008,100,4.17,rain,0,0,21.5,16.1,213.5,1014.2,72.9,6.0,142.5,12.3,5,30,2023-08-09T06:40:35,2023-08-09T19:03:54,0.76,"Rain, Partially cloudy",Partly cloudy throughout the day with late afternoon rain.,rain,"DNIB,DNMM,65201099999,65100099999,65208099999"
"Abeokuta, Ogun, Nigeria",2023-08-10,84.4,76.1,79.1,91.2,76.1,81.1,74.1,85.1,0.008,100,4.17,rain,0,0,19.7,12.8,229.5,1014.6,65.0,5.5,143.6,12.3,5,30,2023-08-10T06:40:36,2023-08-10T19:03:36,0.8,"Rain, Partially cloudy",Partly cloudy throughout the day with afternoon rain.,rain,"DNIB,DNMM,65201099999,65100099999,65208099999"
"Abeokuta, Ogun, Nigeria",2023-08-11,82.5,74.4,78.6,89.1,74.4,80.7,74.6,88.0,0.0,0,0.0,rain,0,0,16.8,10.5,232.9,1014.2,64.5,6.2,142.2,12.3,5,30,2023-08-11T06:40:36,2023-08-11T19:03:16,0.83,Partially cloudy,Partly cloudy throughout the day.,partly-cloudy-day,"DNIB,DNMM,remote,65201099999,65100099999,65208099999"
"Abeokuta, Ogun, Nigeria",2023-08-12,82.8,74.3,78.1,90.4,74.3,79.7,74.6,89.4,0.004,100,4.17,rain,0,0,13.9,11.4,223.4,1012.9,67.1,4.9,143.7,12.5,6,30,2023-08-12T06:40:36,2023-08-12T19:02:57,0.87,"Rain, Partially cloudy",Partly cloudy throughout the day with late afternoon rain.,rain,"DNIB,DNMM,65201099999,65100099999,65208099999"
"Abeokuta, Ogun, Nigeria",2023-08-13,84.2,75.0,78.1,90.9,75.0,79.5,73.7,86.8,0.016,100,4.17,rain,0,0,21.7,61.8,238.1,1012.5,66.1,5.7,141.4,12.3,7,30,2023-08-13T06:40:36,2023-08-13T19:02:36,0.9,"Rain, Partially cloudy",Partly cloudy throughout the day with afternoon rain.,rain,"DNIB,DNMM,65201099999,65100099999,65208099999"
"Abeokuta, Ogun, Nigeria",2023-08-14,82.0,75.9,78.5,88.7,75.9,79.7,74.5,87.8,0.02,100,4.17,rain,0,0,15.0,11.4,231.2,1013.6,70.5,5.4,140.8,12.3,6,30,2023-08-14T06:40:35,2023-08-14T19:02:15,0.93,"Rain, Partially cloudy",Partly cloudy throughout the day with afternoon rain.,rain,"DNIB,DNMM,65201099999,65100099999,65208099999"
"Abeokuta, Ogun, Nigeria",2023-08-15,84.1,74.1,78.7,92.9,74.1,81.3,75.1,89.0,0.591,100,4.17,rain,0,0,15.0,8.2,244.8,1014.4,63.7,5.2,190.4,16.5,7,30,2023-08-15T06:40:34,2023-08-15T19:01:53,0.97,"Rain, Partially cloudy",Partly cloudy throughout the day with afternoon rain.,rain,"DNIB,DNMM,65201099999,65100099999,65208099999"
"Abeokuta, Ogun, Nigeria",2023-08-16,87.8,75.2,79.3,99.9,75.2,83.1,74.9,86.8,0.118,100,4.17,rain,0,0,13.4,10.3,258.1,1013.9,65.3,5.6,181.0,15.7,6,30,2023-08-16T06:40:32,2023-08-16T19:01:31,0.0,"Rain, Partially cloudy",Partly cloudy throughout the day with early morning rain.,rain,"DNIB,DNMM,65201099999,65100099999,65208099999"
"Abeokuta, Ogun, Nigeria",2023-08-17,87.0,73.3,79.9,96.7,73.3,83.6,74.6,84.6,0.115,100,8.33,rain,0,0,15.0,10.3,231.1,1012.2,67.6,5.7,165.6,14.2,7,60,2023-08-17T06:40:30,2023-08-17T19:01:08,0.04,"Rain, Partially cloudy",Partly cloudy throughout the day with afternoon rain.,rain,"DNIB,DNMM,65201099999,65100099999,65208099999"
"Abeokuta, Ogun, Nigeria",2023-08-18,84.2,76.1,78.9,94.2,76.1,81.0,75.4,89.2,0.087,100,8.33,rain,0,0,19.5,15.6,217.5,1012.7,71.9,5.8,173.7,14.9,6,30,2023-08-18T06:40:27,2023-08-18T19:00:44,0.07,"Rain, Partially cloudy",Partly cloudy throughout the day with rain.,rain,"65210099999,DNIB,DNMM,65201099999,65100099999,65208099999"
"Abeokuta, Ogun, Nigeria",2023-08-19,81.4,71.6,77.4,87.2,71.6,78.7,73.3,87.5,0.083,100,4.17,rain,0,0,21.9,11.5,243.2,1013.3,74.2,6.1,176.5,15.1,7,10,2023-08-19T06:40:24,2023-08-19T19:00:20,0.1,"Rain, Partially cloudy",Partly cloudy throughout the day with morning rain.,rain,"DNIB,DNMM,65201099999,65100099999,65208099999"
"Abeokuta, Ogun, Nigeria",2023-08-20,87.6,73.9,78.7,95.3,73.9,80.9,73.7,85.5,0.004,100,4.17,rain,0,0,17.2,12.8,209.5,1012.0,65.1,7.4,145.1,12.6,5,30,2023-08-20T06:40:21,2023-08-20T18:59:55,0.14,"Rain, Partially cloudy",Partly cloudy throughout the day with late afternoon rain.,rain,"DNIB,DNMM,remote,65201099999,65100099999,65208099999"
"Abeokuta, Ogun, Nigeria",2023-08-21,87.3,74.4,80.7,96.7,74.4,85.0,74.8,83.0,0.0,0,0.0,rain,0,0,13.2,10.3,216.7,1012.6,69.0,5.8,188.4,16.3,6,30,2023-08-21T06:40:17,2023-08-21T18:59:30,0.17,Partially cloudy,Partly cloudy throughout the day.,partly-cloudy-day,"DNIB,DNMM,65201099999,65100099999,65208099999"
"Abeokuta, Ogun, Nigeria",2023-08-22,86.0,75.8,80.8,95.2,75.8,85.2,75.2,83.5,0.0,0,0.0,rain,0,0,16.3,10.3,236.8,1012.0,63.9,6.0,193.4,16.8,7,30,2023-08-22T06:40:13,2023-08-22T18:59:04,0.21,Partially cloudy,Partly cloudy throughout the day.,partly-cloudy-day,"DNIB,DNMM,65201099999,65100099999,65208099999"
"Abeokuta, Ogun, Nigeria",2023-08-23,84.2,75.9,79.6,92.8,75.9,82.8,75.4,87.2,0.0,0,0.0,rain,0,0,16.6,11.0,239.8,1011.6,68.6,5.9,170.6,14.8,6,30,2023-08-23T06:40:08,2023-08-23T18:58:38,0.24,Partially cloudy,Partly cloudy throughout the day.,partly-cloudy-day,"65210099999,DNIB,DNMM,65201099999,65100099999,65208099999"
"Abeokuta, Ogun, Nigeria",2023-08-24,86.3,75.8,79.8,97.2,75.8,83.1,75.8,88.0,0.039,100,4.17,rain,0,0,15.4,12.8,221.8,1011.0,72.5,6.7,165.3,14.2,7,10,2023-08-24T06:40:03,2023-08-24T18:58:11,0.25,"Rain, Partially cloudy",Partly cloudy throughout the day with morning rain.,rain,"DNIB,DNMM,remote,65201099999,65100099999,65208099999"
"Abeokuta, Ogun, Nigeria",2023-08-25,86.9,76.2,80.8,96.8,76.2,85.0,76.0,86.0,0.079,100,4.17,rain,0,0,17.2,13.9,223.7,1011.6,60.8,6.1,180.3,15.5,7,60,2023-08-25T06:39:58,2023-08-25T18:57:44,0.31,"Rain, Partially cloudy",Partly cloudy throughout the day with early morning rain.,rain,"DNIB,DNMM,65201099999,65100099999,65208099999"
"Abeokuta, Ogun, Nigeria",2023-08-26,85.5,76.1,80.1,96.5,76.1,84.5,76.2,88.1,0.512,100,4.17,rain,0,0,18.3,10.7,222.4,1012.2,67.1,5.9,205.0,17.6,8,60,2023-08-26T06:39:52,2023-08-26T18:57:16,0.34,"Rain, Partially cloudy",Partly cloudy throughout the day with late afternoon rain.,rain,"DNIB,DNMM,65201099999,65100099999,65208099999"
"Abeokuta, Ogun, Nigeria",2023-08-27,82.4,73.3,78.1,90.3,73.3,80.4,75.6,92.1,0.197,100,4.17,rain,0,0,15.4,10.3,231.5,1013.7,78.9,5.3,182.6,15.6,7,30,2023-08-27T06:39:46,2023-08-27T18:56:48,0.38,"Rain, Partially cloudy",Partly cloudy throughout the day with afternoon rain.,rain,"DNIB,DNMM,remote,65201099999,65100099999,65208099999"
"Abeokuta, Ogun, Nigeria",2023-08-28,84.8,73.3,78.9,94.2,73.3,81.7,75.3,89.4,0.236,100,4.17,rain,0,0,15.0,13.9,191.7,1014.6,69.8,6.0,95.9,8.5,5,30,2023-08-28T06:39:40,2023-08-28T18:56:20,0.41,"Rain, Partially cloudy",Partly cloudy throughout the day with early morning rain.,rain,"DNIB,DNMM,remote,65201099999,65100099999,65208099999"
"Abeokuta, Ogun, Nigeria",2023-08-29,89.3,75.8,81.1,99.6,75.8,85.7,75.4,83.6,0.0,0,0.0,rain,0,0,17.2,12.8,222.6,1014.8,62.3,6.1,190.3,16.3,7,30,2023-08-29T06:39:33,2023-08-29T18:55:51,0.45,Partially cloudy,Partly cloudy throughout the day.,partly-cloudy-day,"DNIB,DNMM,65201099999,65100099999,65208099999"
"Abeokuta, Ogun, Nigeria",2023-08-30,86.0,76.1,79.3,95.0,76.1,81.4,75.5,88.5,0.0,0,0.0,rain,0,0,35.8,13.9,236.6,1014.4,65.2,6.0,128.0,11.2,6,30,2023-08-30T06:39:26,2023-08-30T18:55:21,0.48,Partially cloudy,Partly cloudy throughout the day.,partly-cloudy-day,"DNIB,DNMM,65201099999,65100099999,65208099999"
"Abeokuta, Ogun, Nigeria",2023-08-31,87.8,75.3,80.0,99.5,75.3,83.6,75.7,87.1,0.039,100,4.17,rain,0,0,18.8,12.8,217.0,1014.5,67.8,6.6,195.4,16.7,7,30,2023-08-31T06:39:19,2023-08-31T18:54:51,0.5,"Rain, Partially cloudy",Partly cloudy throughout the day with early morning rain.,rain,"DNIB,DNMM,remote,65201099999,65100099999,65208099999"
"Abeokuta, Ogun, Nigeria",2023-09-01,86.3,75.5,79.9,97.6,75.5,83.5,75.6,87.1,0.157,100,8.33,rain,0,0,20.1,12.8,227.8,1013.9,65.2,6.0,188.3,16.2,7,60,2023-09-01T06:39:12,2023-09-01T18:54:21,0.55,"Rain, Partially cloudy",Partly cloudy throughout the day with rain.,rain,"DNIB,DNMM,remote,65201099999,65100099999,65208099999"
"Abeokuta, Ogun, Nigeria",2023-09-02,80.6,70.6,76.7,84.9,70.6,77.4,72.8,88.3,0.669,100,8.33,rain,0,0,27.7,11.5,235.9,1012.9,65.4,6.2,124.7,10.6,4,10,2023-09-02T06:39:04,2023-09-02T18:53:51,0.58,"Rain, Partially cloudy",Partly cloudy throughout the day with rain in the morning and afternoon.,rain,"DNIB,DNMM,remote,65201099999,65100099999,65208099999"
"Abeokuta, Ogun, Nigeria",2023-09-03,80.0,74.0,76.5,84.6,74.0,76.7,73.6,90.7,0.591,100,4.17,rain,0,0,21.7,11.3,222.6,1014.3,71.3,5.9,127.3,10.9,5,30,2023-09-03T06:38:56,2023-09-03T18:53:20,0.61,"Rain, Partially cloudy",Partly cloudy throughout the day with afternoon rain.,rain,"65210099999,DNIB,DNMM,remote,65201099999,65100099999,65208099999"
"Abeokuta, Ogun, Nigeria",2023-09-04,82.4,74.4,78.0,90.9,74.4,79.9,74.7,89.9,1.732,100,8.33,rain,0,0,15.2,11.4,243.8,1014.9,69.6,6.2,153.9,13.3,5,30,2023-09-04T06:38:48,2023-09-04T18:52:49,0.65,"Rain, Partially cloudy",Partly cloudy throughout the day with rain.,rain,"65210099999,DNIB,DNMM,remote,65201099999,65100099999,65208099999"
"Abeokuta, Ogun, Nigeria",2023-09-05,80.9,74.9,77.5,87.6,74.9,78.7,74.8,91.4,0.354,100,8.33,rain,0,0,16.8,10.8,226.2,1013.8,84.1,6.9,106.3,9.2,4,30,2023-09-05T06:38:39,2023-09-05T18:52:18,0.68,"Rain, Partially cloudy",Partly cloudy throughout the day with rain in the morning and afternoon.,rain,"DNIB,DNMM,remote,65201099999,65100099999,65208099999"
"Abeokuta, Ogun, Nigeria",2023-09-06,89.6,75.0,79.8,100.3,75.0,82.6,74.6,85.3,0.118,100,4.17,rain,0,0,14.1,10.3,239.9,1013.8,58.8,6.8,200.2,17.3,7,30,2023-09-06T06:38:31,2023-09-06T18:51:46,0.75,"Rain, Partially cloudy",Partly cloudy throughout the day with morning rain.,rain,"DNIB,DNMM,remote,65201099999,65100099999,65208099999"
"Abeokuta, Ogun, Nigeria",2023-09-07,87.7,75.1,80.1,97.5,75.1,84.0,74.7,84.3,0.032,100,25.0,rain,0,0,14.8,9.2,241.2,1013.4,68.3,7.1,217.3,18.9,8,60,2023-09-07T06:38:22,2023-09-07T18:51:14,0.75,"Rain, Partially cloudy",Partly cloudy throughout the day with rain.,rain,"DNIB,DNMM,remote,65201099999,65100099999,65208099999"
"Abeokuta, Ogun, Nigeria",2023-09-08,87.0,73.1,79.1,100.1,73.1,82.0,74.4,86.1,0.224,100,16.67,rain,0,0,15.7,12.4,226.3,1013.1,76.9,7.8,142.5,12.3,6,60,2023-09-08T06:38:13,2023-09-08T18:50:42,0.78,"Rain, Partially cloudy",Partly cloudy throughout the day with rain.,rain,"DNIB,DNMM,remote,65201099999,65100099999,65208099999"
"Abeokuta, Ogun, Nigeria",2023-09-09,84.1,71.7,77.7,93.0,71.7,79.9,74.1,89.3,0.236,100,41.67,rain,0,0,16.8,10.5,211.2,1014.7,80.0,7.7,139.3,12.0,6,30,2023-09-09T06:38:04,2023-09-09T18:50:10,0.81,"Rain, Partially cloudy",Partly cloudy throughout the day with a chance of rain throughout the day.,rain,"DNIB,DNMM,remote,65201099999,65100099999,65208099999"
"Abeokuta, Ogun, Nigeria",2023-09-10,85.9,74.4,79.6,94.6,74.4,82.9,74.9,86.2,0.016,100,16.67,rain,0,0,11.9,7.4,236.6,1014.7,73.2,8.0,178.7,15.5,6,60,2023-09-10T06:37:55,2023-09-10T18:49:37,0.85,"Rain, Partially cloudy",Partly cloudy throughout the day with rain in the morning and afternoon.,rain,"DNIB,DNMM,remote,65201099999,65100099999,65208099999"
"Abeokuta, Ogun, Nigeria",2023-09-11,89.1,75.2,81.2,100.9,75.2,85.7,75.7,84.2,0.142,100,20.83,rain,0,0,18.1,7.6,225.8,1012.8,64.7,9.2,206.2,17.7,7,60,2023-09-11T06:37:45,2023-09-11T18:49:05,0.88,"Rain, Partially cloudy",Partly cloudy throughout the day with afternoon rain.,rain,"DNIB,remote,65100099999,65208099999"
"Abeokuta, Ogun, Nigeria",2023-09-12,81.6,69.5,75.6,86.4,69.5,76.3,72.0,88.8,0.088,100,45.83,rain,0,0,21.7,65.5,172.8,1011.7,73.9,9.4,138.4,12.1,5,30,2023-09-12T06:37:36,2023-09-12T18:48:32,0.91,"Rain, Partially cloudy",Partly cloudy throughout the day with a chance of rain throughout the day.,rain,"DNIB,DNMM,remote,65201099999,65100099999,65208099999"
"Abeokuta, Ogun, Nigeria",2023-09-13,83.9,73.4,77.1,91.9,73.4,78.6,73.8,90.1,0.04,100,29.17,rain,0,0,19.0,10.2,223.6,1012.2,70.5,8.4,170.7,14.8,7,30,2023-09-13T06:37:26,2023-09-13T18:47:59,0.95,"Rain, Partially cloudy",Partly cloudy throughout the day with rain.,rain,"DNIB,DNMM,remote,65201099999,65100099999,65208099999"
"Abeokuta, Ogun, Nigeria",2023-09-14,86.0,75.0,80.2,94.6,75.0,84.2,75.0,84.6,0.551,100,4.17,rain,0,0,14.8,7.7,234.2,1013.5,67.5,6.2,197.7,17.0,7,60,2023-09-14T06:37:17,2023-09-14T18:47:26,0.98,"Rain, Partially cloudy",Partly cloudy throughout the day with early morning rain.,rain,"DNIB,DNMM,remote,65201099999,65100099999,65208099999"
"Abeokuta, Ogun, Nigeria",2023-09-15,84.3,76.0,79.9,92.7,76.0,83.4,75.0,85.0,0.084,100,41.67,rain,0,0,18.3,11.8,240.4,1012.1,80.1,8.1,122.2,10.6,5,30,2023-09-15T06:37:07,2023-09-15T18:46:53,0.0,"Rain, Partially cloudy",Partly cloudy throughout the day with rain.,rain,"DNIB,DNMM,remote,65201099999,65100099999,65208099999"
"Abeokuta, Ogun, Nigeria",2023-09-16,82.3,73.4,77.6,89.0,73.4,78.9,74.3,89.8,1.137,100,83.33,rain,0,0,15.0,9.2,231.3,1012.8,76.2,8.4,121.2,10.4,5,30,2023-09-16T06:36:57,2023-09-16T18:46:20,0.05,"Rain, Partially cloudy",Partly cloudy throughout the day with a chance of rain throughout the day.,rain,"DNIB,DNMM,remote,65201099999,65100099999,65208099999"
"Abeokuta, Ogun, Nigeria",2023-09-17,86.0,73.5,77.8,95.2,73.5,79.9,73.9,88.3,0.427,100,66.67,rain,0,0,20.6,22.5,219.8,1013.0,85.7,9.1,152.1,13.2,7,30,2023-09-17T06:36:48,2023-09-17T18:45:47,0.08,"Rain, Partially cloudy",Partly cloudy throughout the day with a chance of rain throughout the day.,rain,"DNIB,remote,65100099999,65208099999"
"Abeokuta, Ogun, Nigeria",2023-09-18,84.6,75.2,78.5,92.9,75.2,80.7,74.3,87.1,0.167,100,45.83,rain,0,0,13.2,6.9,200.2,1012.3,82.9,11.8,192.2,16.5,8,60,2023-09-18T06:36:38,2023-09-18T18:45:14,0.12,"Rain, Partially cloudy",Partly cloudy throughout the day with rain.,rain,"DNIB,remote,65100099999,65208099999"
"Abeokuta, Ogun, Nigeria",2023-09-19,87.7,74.7,79.2,97.2,74.7,81.9,74.4,86.3,0.028,100,16.67,rain,0,0,14.8,15.0,227.9,1012.0,72.7,9.3,178.8,15.4,6,30,2023-09-19T06:36:28,2023-09-19T18:44:41,0.15,"Rain, Partially cloudy",Partly cloudy throughout the day with rain.,rain,"DNIB,DNMM,remote,65201099999,65100099999,65208099999"
"Abeokuta, Ogun, Nigeria",2023-09-20,89.6,75.4,80.8,98.5,75.4,84.6,74.9,83.0,0.185,100,16.67,rain,0,0,18.6,7.5,222.5,1012.4,60.8,7.6,214.3,18.6,8,60,2023-09-20T06:36:19,2023-09-20T18:44:07,0.19,"Rain, Partially cloudy",Partly cloudy throughout the day with afternoon rain.,rain,"DNIB,DNMM,remote,65201099999,65100099999,65208099999"
"Abeokuta, Ogun, Nigeria",2023-09-21,87.8,76.2,80.6,99.9,76.2,84.0,75.7,85.7,0.047,100,12.5,rain,0,0,13.2,10.3,218.8,1011.7,72.3,7.6,182.6,15.7,7,60,2023-09-21T06:36:09,2023-09-21T18:43:34,0.22,"Rain, Partially cloudy",Partly cloudy throughout the day with rain.,rain,"65210099999,DNIB,DNMM,remote,65201099999,65100099999,65208099999"
"Abeokuta, Ogun, Nigeria",2023-09-22,81.6,70.1,77.0,85.8,70.1,77.6,72.7,87.2,0.787,100,4.17,rain,0,0,13.2,11.4,199.8,1012.1,81.6,11.2,159.5,13.8,5,30,2023-09-22T06:36:00,2023-09-22T18:43:01,0.25,"Rain, Partially cloudy",Partly cloudy throughout the day with late afternoon rain.,rain,"DNIB,DNMM,remote,65201099999,65100099999,65208099999"
"Abeokuta, Ogun, Nigeria",2023-09-23,83.2,71.6,76.5,90.2,71.6,77.2,73.8,91.6,0.222,100,54.17,rain,0,0,13.6,14.8,160.9,1012.9,61.2,6.9,160.0,13.9,7,10,2023-09-23T06:35:50,2023-09-23T18:42:29,0.29,"Rain, Partially cloudy",Partly cloudy throughout the day with a chance of rain throughout the day.,rain,"DNIB,DNMM,remote,65201099999,65100099999,65208099999"
"Abeokuta, Ogun, Nigeria",2023-09-24,84.2,73.4,77.7,92.2,73.4,79.5,74.6,90.6,0.236,100,4.17,rain,0,0,12.8,8.5,190.6,1013.8,70.1,7.8,110.9,9.4,4,10,2023-09-24T06:35:41,2023-09-24T18:41:56,0.33,"Rain, Partially cloudy",Partly cloudy throughout the day with early morning rain.,rain,"DNIB,DNMM,remote,65201099999,65100099999,65208099999"
"Abeokuta, Ogun, Nigeria",2023-09-25,89.3,73.6,79.7,98.8,73.6,83.1,74.8,86.3,0.103,100,37.5,rain,0,0,14.5,6.9,143.7,1014.2,67.6,7.7,183.9,15.8,7,60,2023-09-25T06:35:32,2023-09-25T18:41:23,0.36,"Rain, Partially cloudy",Partly cloudy throughout the day with a chance of rain throughout the day.,rain,"DNIB,DNMM,remote,65201099999,65100099999,65208099999"
"Abeokuta, Ogun, Nigeria",2023-09-26,89.6,73.4,80.5,99.0,73.4,84.5,74.2,82.2,0.039,100,4.17,rain,0,0,11.9,8.1,196.8,1012.4,79.9,10.8,171.8,14.8,6,75,2023-09-26T06:35:23,2023-09-26T18:40:51,0.4,"Rain, Partially cloudy",Partly cloudy throughout the day with morning rain.,rain,"DNIB,DNMM,remote,65201099999,65100099999,65208099999"
"Abeokuta, Ogun, Nigeria",2023-09-27,89.7,73.4,81.6,102.9,73.4,86.4,75.2,82.1,0.0,0,0.0,rain,0,0,15.4,10.1,205.0,1010.9,64.8,10.9,185.5,15.9,8,75,2023-09-27T06:35:14,2023-09-27T18:40:18,0.43,Partially cloudy,Partly cloudy throughout the day.,partly-cloudy-day,"65210099999,DNIB,DNMM,remote,65201099999,65100099999,65208099999"
"Abeokuta, Ogun, Nigeria",2023-09-28,90.6,75.2,81.6,104.9,75.2,87.4,76.2,84.3,0.186,100,25.0,rain,0,0,16.6,11.0,215.5,1011.2,65.3,8.6,207.7,17.8,8,75,2023-09-28T06:35:05,2023-09-28T18:39:46,0.47,"Rain, Partially cloudy",Partly cloudy throughout the day with rain in the morning and afternoon.,rain,"DNIB,DNMM,remote,65201099999,65100099999,65208099999"
"Abeokuta, Ogun, Nigeria",2023-09-29,87.7,75.1,80.0,95.7,75.1,83.3,75.0,85.5,0.276,100,4.17,rain,0,0,13.2,7.5,192.5,1012.5,79.4,9.8,122.1,10.6,4,60,2023-09-29T06:34:57,2023-09-29T18:39:15,0.5,"Rain, Partially cloudy",Partly cloudy throughout the day with afternoon rain.,rain,"DNIB,DNMM,remote,65201099999,65100099999,65208099999"
"Abeokuta, Ogun, Nigeria",2023-09-30,87.8,74.6,80.7,102.4,74.6,86.4,75.6,85.4,1.614,100,4.17,rain,0,0,16.1,23.0,202.0,1012.6,68.3,6.2,214.2,18.5,9,30,2023-09-30T06:34:48,2023-09-30T18:38:43,0.53,"Rain, Partially cloudy",Partly cloudy throughout the day with early morning rain.,rain,"65210099999,DNIB,DNMM,remote,65201099999,65100099999,65208099999"
"Abeokuta, Ogun, Nigeria",2023-10-01,88.6,77.0,81.3,100.1,77.0,85.9,76.0,84.7,0.0,0,0.0,rain,0,0,18.1,12.8,217.1,1012.3,59.9,5.9,198.1,17.1,7,30,2023-10-01T06:34:40,2023-10-01T18:38:12,0.57,Partially cloudy,Partly cloudy throughout the day.,partly-cloudy-day,"DNIB,DNMM,65201099999,65100099999,65208099999"
"Abeokuta, Ogun, Nigeria",2023-10-02,89.3,76.2,81.5,100.2,76.2,86.5,76.0,83.9,0.433,100,8.33,rain,0,0,16.3,16.1,226.5,1012.0,61.0,5.9,205.8,17.9,7,30,2023-10-02T06:34:33,2023-10-02T18:37:41,0.6,"Rain, Partially cloudy",Partly cloudy throughout the day with rain in the morning and afternoon.,rain,"DNIB,DNMM,65201099999,65100099999,65208099999"
"Abeokuta, Ogun, Nigeria",2023-10-03,89.5,76.9,81.5,98.0,76.9,85.8,75.8,83.4,0.012,100,12.5,rain,0,0,17.2,15.0,218.0,1011.9,57.1,6.6,176.9,15.2,7,30,2023-10-03T06:34:25,2023-10-03T18:37:10,0.63,"Rain, Partially cloudy",Partly cloudy throughout the day with rain in the morning and afternoon.,rain,"DNIB,DNMM,remote,65201099999,65100099999,65208099999"
"Abeokuta, Ogun, Nigeria",2023-10-04,88.5,76.9,82.0,101.9,76.9,87.9,76.7,84.5,0.008,100,8.33,rain,0,0,16.1,13.9,254.4,1012.0,50.2,6.3,165.9,14.4,6,30,2023-10-04T06:34:18,2023-10-04T18:36:40,0.66,"Rain, Partially cloudy",Partly cloudy throughout the day with afternoon rain.,rain,"DNIB,DNMM,remote,65201099999,65100099999,65208099999"
"Abeokuta, Ogun, Nigeria",2023-10-05,88.4,75.4,80.8,98.6,75.4,85.3,75.8,85.4,0.334,100,16.67,rain,0,0,20.1,15.7,234.6,1012.1,69.8,7.8,120.8,10.3,5,30,2023-10-05T06:34:11,2023-10-05T18:36:10,0.7,"Rain, Partially cloudy",Partly cloudy throughout the day with rain in the morning and afternoon.,rain,"DNIB,DNMM,remote,65201099999,65100099999,65208099999"
"Abeokuta, Ogun, Nigeria",2023-10-06,86.6,76.4,80.0,96.4,76.4,83.3,75.6,86.7,0.095,100,29.17,rain,0,0,15.7,8.1,210.7,1012.2,72.9,7.2,154.4,13.3,6,30,2023-10-06T06:34:05,2023-10-06T18:35:40,0.75,"Rain, Partially cloudy",Partly cloudy throughout the day with rain.,rain,"DNIB,DNMM,remote,65201099999,65100099999,65208099999"
"Abeokuta, Ogun, Nigeria",2023-10-07,85.7,75.2,78.1,94.7,75.2,79.4,75.0,90.5,0.229,100,33.33,rain,0,0,15.4,5.2,295.9,1012.4,70.8,5.3,158.0,13.7,7,30,2023-10-07T06:33:59,2023-10-07T18:35:11,0.76,"Rain, Partially cloudy",Partly cloudy throughout the day with rain.,rain,"DNIB,DNMM,remote,65201099999,65100099999,65208099999"
"Abeokuta, Ogun, Nigeria",2023-10-08,87.5,75.2,80.0,99.4,75.2,84.1,76.0,88.1,0.146,100,16.67,rain,0,0,15.2,8.1,218.9,1012.8,64.5,7.8,169.2,14.6,6,30,2023-10-08T06:33:53,2023-10-08T18:34:42,0.79,"Rain, Partially cloudy",Partly cloudy throughout the day with rain in the morning and afternoon.,rain,"DNIB,DNMM,remote,65201099999,65100099999,65208099999"
"Abeokuta, Ogun, Nigeria",2023-10-09,87.0,73.4,79.9,97.9,73.4,83.6,75.4,86.7,0.0,0,0.0,rain,0,0,18.3,10.7,258.6,1013.6,67.3,8.4,195.2,16.7,8,60,2023-10-09T06:33:47,2023-10-09T18:34:14,0.83,Partially cloudy,Partly cloudy throughout the day.,partly-cloudy-day,"DNIB,DNMM,remote,65201099999,65100099999,65208099999"
"Abeokuta, Ogun, Nigeria",2023-10-10,89.9,74.2,81.7,103.3,74.2,87.4,75.6,82.5,0.004,100,4.17,rain,0,0,18.1,8.4,203.8,1013.5,52.8,5.8,216.7,18.6,9,60,2023-10-10T06:33:42,2023-10-10T18:33:46,0.86,"Rain, Partially cloudy",Partly cloudy throughout the day with late afternoon rain.,rain,"DNIB,DNMM,65201099999,65100099999,65208099999"
"Abeokuta, Ogun, Nigeria",2023-10-11,86.8,74.0,80.7,98.4,74.0,85.0,75.2,84.0,0.591,100,4.17,rain,0,0,40.3,56.6,165.1,1013.0,56.9,5.2,130.2,11.2,6,75,2023-10-11T06:33:38,2023-10-11T18:33:19,0.89,"Rain, Partially cloudy",Partly cloudy throughout the day with morning rain.,rain,"DNIB,DNMM,65201099999,65100099999,65208099999"
"Abeokuta, Ogun, Nigeria",2023-10-12,88.6,73.4,81.2,101.0,73.4,86.6,76.0,85.0,0.0,0,0.0,rain,0,0,17.2,34.4,138.3,1012.8,57.5,5.5,193.0,16.7,7,60,2023-10-12T06:33:34,2023-10-12T18:32:52,0.93,Partially cloudy,Partly cloudy throughout the day.,wind,"DNIB,DNMM,65201099999,65100099999,65208099999"
"Abeokuta, Ogun, Nigeria",2023-10-13,91.2,73.4,80.5,103.3,73.4,85.2,74.5,83.7,0.59,100,8.33,rain,0,0,16.6,8.5,88.4,1013.0,63.9,5.6,167.4,14.5,6,60,2023-10-13T06:33:30,2023-10-13T18:32:26,0.96,"Rain, Partially cloudy",Partly cloudy throughout the day with rain clearing later.,rain,"DNIB,DNMM,65201099999,65100099999,65208099999"
"Abeokuta, Ogun, Nigeria",2023-10-14,86.2,76.8,81.0,95.9,76.8,86.3,76.2,85.7,0.024,100,8.33,rain,0,0,18.3,9.3,184.0,1013.1,62.5,5.6,169.0,14.4,7,60,2023-10-14T06:33:27,2023-10-14T18:32:00,0.0,"Rain, Partially cloudy",Partly cloudy throughout the day with rain in the morning and afternoon.,rain,"DNIB,DNMM,remote,65201099999,65100099999,65208099999"
"Abeokuta, Ogun, Nigeria",2023-10-15,89.4,75.3,81.4,100.9,75.3,86.6,75.7,83.5,0.154,100,20.83,rain,0,0,20.1,10.3,193.3,1012.2,61.4,7.9,173.7,14.9,8,60,2023-10-15T06:33:24,2023-10-15T18:31:35,0.03,"Rain, Partially cloudy",Partly cloudy throughout the day with rain in the morning and afternoon.,rain,"DNIB,DNMM,remote,65201099999,65100099999,65208099999"
"Abeokuta, Ogun, Nigeria",2023-10-16,88.8,74.6,80.5,100.5,74.6,84.7,75.2,84.6,0.075,100,8.33,rain,0,0,20.1,9.6,221.7,1012.2,55.0,9.3,218.2,18.7,8,30,2023-10-16T06:33:22,2023-10-16T18:31:10,0.06,"Rain, Partially cloudy",Partly cloudy throughout the day with afternoon rain.,rain,"DNIB,DNMM,remote,65201099999,65100099999,65208099999"
"Abeokuta, Ogun, Nigeria",2023-10-17,85.7,71.3,78.2,93.1,71.3,79.7,73.5,86.3,0.394,100,4.17,rain,0,0,15.0,6.9,9.7,1012.9,68.4,6.8,103.4,8.8,4,30,2023-10-17T06:33:21,2023-10-17T18:30:47,0.1,"Rain, Partially cloudy",Partly cloudy throughout the day with morning rain.,rain,"DNIB,DNMM,remote,65201099999,65100099999,65208099999"
"Abeokuta, Ogun, Nigeria",2023-10-18,91.4,74.7,82.4,105.5,74.7,88.2,75.5,80.8,0.012,100,4.17,rain,0,0,15.9,8.7,198.5,1012.9,56.4,7.6,248.4,21.2,9,60,2023-10-18T06:33:19,2023-10-18T18:30:23,0.13,"Rain, Partially cloudy",Partly cloudy throughout the day with afternoon rain.,rain,"DNIB,DNMM,remote,65201099999,65100099999,65208099999"
"Abeokuta, Ogun, Nigeria",2023-10-19,89.9,75.2,81.5,106.6,75.2,87.1,75.6,83.1,0.032,100,16.67,rain,0,0,15.7,6.9,201.4,1013.3,72.4,10.0,187.1,16.0,7,60,2023-10-19T06:33:19,2023-10-19T18:30:01,0.17,"Rain, Partially cloudy",Partly cloudy throughout the day with rain.,rain,"DNIB,DNMM,remote,65201099999,65100099999,65208099999"
"Abeokuta, Ogun, Nigeria",2023-10-20,89.6,76.0,82.1,102.4,76.0,88.2,76.0,82.9,0.016,100,16.67,rain,0,0,15.0,9.2,192.8,1012.9,57.3,7.2,242.2,21.0,8,60,2023-10-20T06:33:19,2023-10-20T18:29:39,0.2,"Rain, Partially cloudy",Partly cloudy throughout the day with afternoon rain.,rain,"DNIB,DNMM,remote,65201099999,65100099999,65208099999"
"Abeokuta, Ogun, Nigeria",2023-10-21,88.8,75.2,81.2,99.9,75.2,86.0,75.9,84.9,0.02,100,4.17,rain,0,0,16.6,8.1,226.9,1012.4,54.3,8.7,214.4,18.4,8,60,2023-10-21T06:33:20,2023-10-21T18:29:18,0.24,"Rain, Partially cloudy",Partly cloudy throughout the day with afternoon rain.,rain,"DNIB,DNMM,remote,65201099999,65100099999,65208099999"
"Abeokuta, Ogun, Nigeria",2023-10-22,91.1,75.2,81.3,102.6,75.2,85.6,75.6,84.2,0.008,100,4.17,rain,0,0,16.3,12.1,205.2,1011.4,63.1,7.0,233.9,20.0,8,75,2023-10-22T06:33:21,2023-10-22T18:28:57,0.25,"Rain, Partially cloudy",Partly cloudy throughout the day with afternoon rain.,rain,"DNIB,DNMM,remote,65201099999,65100099999,65208099999"
"Abeokuta, Ogun, Nigeria",2023-10-23,87.0,75.2,80.8,99.1,75.2,85.3,75.8,85.4,0.012,100,8.33,rain,0,0,16.6,7.8,172.8,1011.6,63.6,7.4,195.0,16.7,8,60,2023-10-23T06:33:23,2023-10-23T18:28:38,0.31,"Rain, Partially cloudy",Partly cloudy throughout the day with rain in the morning and afternoon.,rain,"DNIB,DNMM,remote,65201099999,65100099999,65208099999"
"Abeokuta, Ogun, Nigeria",2023-10-24,91.1,75.2,82.0,102.6,75.2,87.8,76.2,83.5,0.032,100,8.33,rain,0,0,19.2,11.4,208.4,1011.0,53.5,9.3,201.3,17.3,7,60,2023-10-24T06:33:25,2023-10-24T18:28:19,0.34,"Rain, Partially cloudy",Partly cloudy throughout the day with afternoon rain.,rain,"DNIB,DNMM,remote,65201099999,65100099999,65208099999"
"Abeokuta, Ogun, Nigeria",2023-10-25,89.6,78.0,82.6,103.3,78.0,89.2,76.6,82.5,0.004,100,4.17,rain,0,0,18.3,23.0,238.3,1011.6,55.6,5.9,226.9,19.7,9,30,2023-10-25T06:33:28,2023-10-25T18:28:01,0.38,"Rain, Partially cloudy",Partly cloudy throughout the day with afternoon rain.,rain,"DNIB,DNMM,remote,65201099999,65100099999,65208099999"
"Abeokuta, Ogun, Nigeria",2023-10-26,90.3,75.3,82.1,103.3,75.3,88.0,75.5,81.1,0.079,100,4.17,rain,0,0,17.4,9.4,212.7,1012.1,46.4,5.4,204.5,17.7,9,30,2023-10-26T06:33:32,2023-10-26T18:27:43,0.42,"Rain, Partially cloudy",Partly cloudy throughout the day with morning rain.,rain,"DNIB,DNMM,65201099999,65100099999,65208099999"
"Abeokuta, Ogun, Nigeria",2023-10-27,90.1,76.8,83.0,102.6,76.8,88.7,75.9,80.5,0.0,0,0.0,,0,0,16.3,11.4,192.9,1012.4,54.7,5.8,218.9,18.9,9,30,2023-10-27T06:33:37,2023-10-27T18:27:27,0.45,Partially cloudy,Partly cloudy throughout the day.,partly-cloudy-day,"DNIB,DNMM,65201099999,65100099999,65208099999"
"Abeokuta, Ogun, Nigeria",2023-10-28,90.4,77.0,82.8,105.2,77.0,89.6,76.7,82.7,0.0,0,0.0,,0,0,15.9,8.1,223.0,1010.9,60.4,5.6,196.9,17.0,8,60,2023-10-28T06:33:42,2023-10-28T18:27:11,0.5,Partially cloudy,Partly cloudy throughout the day.,partly-cloudy-day,"DNIB,DNMM,65201099999,65100099999,65208099999"
"Abeokuta, Ogun, Nigeria",2023-10-29,93.2,73.4,81.8,107.5,73.4,87.5,75.2,81.8,1.024,100,4.17,rain,0,0,12.8,9.2,206.4,1009.5,44.1,5.4,173.0,14.9,5,75,2023-10-29T06:33:48,2023-10-29T18:26:56,0.52,"Rain, Partially cloudy",Partly cloudy throughout the day with early morning rain.,rain,"DNIB,DNMM,65201099999,65100099999,65208099999"
"Abeokuta, Ogun, Nigeria",2023-10-30,92.9,74.7,83.4,108.7,74.7,91.2,76.8,81.5,0.0,0,0.0,,0,0,15.0,19.7,191.3,1008.9,59.1,5.7,183.8,15.8,7,60,2023-10-30T06:33:54,2023-10-30T18:26:42,0.55,Partially cloudy,Partly cloudy throughout the day.,partly-cloudy-day,"DNIB,DNMM,65201099999,65100099999,65208099999"
"Abeokuta, Ogun, Nigeria",2023-10-31,86.0,73.1,79.1,95.2,73.1,82.1,74.2,85.8,1.732,100,8.33,rain,0,0,19.7,17.2,132.0,1010.1,44.5,5.8,122.0,10.5,5,30,2023-10-31T06:34:01,2023-10-31T18:26:29,0.58,"Rain, Partially cloudy",Partly cloudy throughout the day with rain clearing later.,rain,"DNIB,DNMM,65201099999,65100099999,65208099999"
"Abeokuta, Ogun, Nigeria",2023-11-01,87.8,76.2,81.4,101.3,76.2,86.9,76.3,85.1,0.095,100,8.33,rain,0,0,20.8,6.7,178.7,1011.5,61.0,7.3,208.7,17.9,8,30,2023-11-01T06:34:09,2023-11-01T18:26:17,0.62,"Rain, Partially cloudy",Partly cloudy throughout the day with afternoon rain.,rain,"DNIB,DNMM,remote,65201099999,65100099999"
"Abeokuta, Ogun, Nigeria",2023-11-02,90.6,76.4,82.8,104.3,76.4,89.0,76.4,82.1,0.0,0,0.0,,0,0,17.2,12.1,220.9,1012.0,72.6,7.2,230.6,20.0,8,60,2023-11-02T06:34:18,2023-11-02T18:26:06,0.65,Partially cloudy,Partly cloudy throughout the day.,partly-cloudy-day,"DNIB,DNMM,remote,65201099999,65100099999,65208099999"
"Abeokuta, Ogun, Nigeria",2023-11-03,89.6,78.0,82.8,100.9,78.0,90.4,77.3,84.2,0.197,100,4.17,rain,0,0,17.9,9.4,221.3,1011.4,58.0,5.8,209.6,18.1,8,60,2023-11-03T06:34:27,2023-11-03T18:25:56,0.68,"Rain, Partially cloudy",Partly cloudy throughout the day with late afternoon rain.,rain,"DNIB,DNMM,65201099999,65100099999,65208099999"
"Abeokuta, Ogun, Nigeria",2023-11-04,89.6,78.8,82.8,102.6,78.8,90.2,77.1,83.4,0.394,100,4.17,rain,0,0,25.3,14.4,221.5,1011.4,60.9,5.9,196.7,16.9,8,60,2023-11-04T06:34:37,2023-11-04T18:25:46,0.71,"Rain, Partially cloudy",Partly cloudy throughout the day with late afternoon rain.,rain,"DNIB,DNMM,65201099999,65100099999,65208099999"
"Abeokuta, Ogun, Nigeria",2023-11-05,90.4,76.8,82.4,104.0,76.8,89.3,76.7,83.4,0.118,100,4.17,rain,0,0,17.9,7.1,208.6,1011.5,52.6,5.7,170.7,14.8,7,30,2023-11-05T06:34:48,2023-11-05T18:25:38,0.75,"Rain, Partially cloudy",Partly cloudy throughout the day with morning rain.,rain,"DNIB,DNMM,65201099999,65100099999,65208099999"
"Abeokuta, Ogun, Nigeria",2023-11-06,93.2,73.3,80.7,113.5,73.3,85.6,76.0,86.6,0.0,0,0.0,rain,0,0,16.1,9.2,317.6,1012.0,59.6,5.4,136.4,11.8,5,60,2023-11-06T06:35:00,2023-11-06T18:25:30,0.78,Partially cloudy,Partly cloudy throughout the day.,partly-cloudy-day,"DNIB,DNMM,remote,65201099999,65100099999,65208099999"
"Abeokuta, Ogun, Nigeria",2023-11-07,88.8,73.4,79.6,104.4,73.4,84.7,75.3,87.5,2.087,100,4.17,rain,0,0,17.9,8.1,183.3,1011.7,54.7,4.7,138.8,11.9,6,60,2023-11-07T06:35:12,2023-11-07T18:25:24,0.81,"Rain, Partially cloudy",Partly cloudy throughout the day with early morning rain.,rain,"DNIB,DNMM,65201099999,65100099999,65208099999"
"Abeokuta, Ogun, Nigeria",2023-11-08,89.3,75.0,81.8,102.5,75.0,88.5,76.9,85.9,0.0,0,0.0,rain,0,0,14.3,11.4,223.9,1011.3,57.7,5.5,207.8,17.9,8,60,2023-11-08T06:35:25,2023-11-08T18:25:18,0.84,Partially cloudy,Partly cloudy throughout the day.,partly-cloudy-day,"DNIB,DNMM,65201099999,65100099999,65208099999"
"Abeokuta, Ogun, Nigeria",2023-11-09,89.6,76.7,82.1,101.6,76.7,87.7,76.1,82.7,0.004,100,4.17,rain,0,0,12.3,10.0,241.3,1011.4,66.5,7.4,188.4,16.2,7,30,2023-11-09T06:35:39,2023-11-09T18:25:14,0.87,"Rain, Partially cloudy",Partly cloudy throughout the day with morning rain.,rain,"DNIB,DNMM,remote,65201099999,65100099999,65208099999"
"Abeokuta, Ogun, Nigeria",2023-11-10,91.5,76.7,82.5,104.8,76.7,88.3,76.3,82.8,0.0,0,0.0,,0,0,15.2,8.3,225.8,1011.6,70.2,7.6,236.4,20.5,8,30,2023-11-10T06:35:53,2023-11-10T18:25:10,0.91,Partially cloudy,Partly cloudy throughout the day.,partly-cloudy-day,"DNIB,DNMM,remote,65201099999,65100099999,65208099999"
"Abeokuta, Ogun, Nigeria",2023-11-11,91.1,76.6,82.1,102.3,76.6,86.4,75.9,82.7,0.02,100,16.67,rain,0,0,13.2,10.3,232.1,1011.8,59.9,9.1,216.4,18.8,8,30,2023-11-11T06:36:08,2023-11-11T18:25:07,0.94,"Rain, Partially cloudy",Partly cloudy throughout the day with rain.,rain,"DNIB,DNMM,remote,65201099999,65100099999,65208099999"
"Abeokuta, Ogun, Nigeria",2023-11-12,91.5,75.5,82.3,105.2,75.5,88.4,76.7,84.1,0.02,100,8.33,rain,0,0,15.7,8.1,204.2,1011.7,52.8,11.1,208.4,18.1,7,60,2023-11-12T06:36:24,2023-11-12T18:25:06,0.97,"Rain, Partially cloudy",Partly cloudy throughout the day with afternoon rain.,rain,"DNIB,DNMM,remote,65201099999,65100099999,65208099999"
"Abeokuta, Ogun, Nigeria",2023-11-13,92.9,76.7,83.1,105.5,76.7,88.9,76.0,80.7,0.008,100,8.33,rain,0,0,18.1,10.3,206.9,1012.2,62.1,7.5,206.4,17.8,8,30,2023-11-13T06:36:41,2023-11-13T18:25:05,0.0,"Rain, Partially cloudy",Partly cloudy throughout the day with rain in the morning and afternoon.,rain,"DNIB,DNMM,remote,65201099999,65100099999,65208099999"
"Abeokuta, Ogun, Nigeria",2023-11-14,93.2,76.9,82.5,105.0,76.9,87.1,74.9,79.6,0.0,0,0.0,,0,0,16.8,8.1,183.5,1010.9,50.2,7.7,238.3,20.6,9,30,2023-11-14T06:36:58,2023-11-14T18:25:06,0.04,Partially cloudy,Partly cloudy throughout the day.,partly-cloudy-day,"DNIB,DNMM,remote,65201099999,65100099999,65208099999"
"Abeokuta, Ogun, Nigeria",2023-11-15,84.0,74.4,78.1,90.9,74.4,79.7,73.9,87.2,0.118,100,4.17,rain,0,0,17.4,13.9,108.2,1011.7,66.2,6.8,130.4,11.1,5,30,2023-11-15T06:37:16,2023-11-15T18:25:07,0.07,"Rain, Partially cloudy",Partly cloudy throughout the day with afternoon rain.,rain,"DNIB,DNMM,remote,65201099999,65100099999,65208099999"
"Abeokuta, Ogun, Nigeria",2023-11-16,91.5,75.1,81.7,101.2,75.1,87.0,74.9,81.5,0.0,0,0.0,,0,0,11.9,9.0,284.1,1011.2,51.2,4.8,215.1,18.7,8,10,2023-11-16T06:37:35,2023-11-16T18:25:10,0.11,Partially cloudy,Partly cloudy throughout the day.,partly-cloudy-day,"DNIB,DNMM,65201099999,65100099999,65208099999"
"Abeokuta, Ogun, Nigeria",2023-11-17,92.5,77.1,83.8,107.8,77.1,92.0,76.7,80.1,0.0,0,0.0,,0,0,18.6,15.0,216.5,1011.2,49.5,3.9,229.0,19.7,9,10,2023-11-17T06:37:54,2023-11-17T18:25:13,0.15,Partially cloudy,Partly cloudy throughout the day.,partly-cloudy-day,"DNIB,DNMM,65201099999,65100099999,65208099999"
"Abeokuta, Ogun, Nigeria",2023-11-18,92.0,78.6,84.2,104.6,78.6,91.6,76.6,79.0,0.0,0,0.0,,0,0,15.0,10.5,237.7,1011.8,54.5,4.2,221.8,19.2,8,30,2023-11-18T06:38:14,2023-11-18T18:25:17,0.18,Partially cloudy,Partly cloudy throughout the day.,partly-cloudy-day,"DNIB,DNMM,65201099999,65100099999,65208099999"
"Abeokuta, Ogun, Nigeria",2023-11-19,93.2,78.7,84.7,105.4,78.7,92.9,76.7,78.0,0.0,0,0.0,,0,0,31.3,11.8,222.9,1011.9,47.8,4.4,212.9,18.6,8,30,2023-11-19T06:38:35,2023-11-19T18:25:23,0.22,Partially cloudy,Partly cloudy throughout the day.,partly-cloudy-day,"DNIB,DNMM,65201099999,65100099999,65208099999"
"Abeokuta, Ogun, Nigeria",2023-11-20,91.4,78.8,84.4,105.2,78.8,93.7,77.6,81.0,0.0,0,0.0,,0,0,14.8,8.5,243.7,1011.6,50.3,4.5,209.5,18.0,8,30,2023-11-20T06:38:57,2023-11-20T18:25:29,0.25,Partially cloudy,Partly cloudy throughout the day.,partly-cloudy-day,"DNIB,DNMM,65201099999,65100099999,65208099999"
"Abeokuta, Ogun, Nigeria",2023-11-21,94.2,78.6,84.7,103.6,78.6,89.9,74.1,73.2,0.0,0,0.0,,0,0,14.8,8.1,281.4,1011.1,52.1,4.4,230.3,19.8,9,30,2023-11-21T06:39:19,2023-11-21T18:25:37,0.29,Partially cloudy,Partly cloudy throughout the day.,partly-cloudy-day,"DNIB,DNMM,65201099999,65100099999,65208099999"
"Abeokuta, Ogun, Nigeria",2023-11-22,91.4,78.7,83.6,99.8,78.7,89.4,76.0,79.5,0.004,100,4.17,rain,0,0,16.8,23.5,214.3,1011.1,67.1,6.5,213.5,18.4,8,30,2023-11-22T06:39:41,2023-11-22T18:25:45,0.32,"Rain, Partially cloudy",Partly cloudy throughout the day with morning rain.,rain,"DNIB,DNMM,remote,65201099999,65100099999,65208099999"
"Abeokuta, Ogun, Nigeria",2023-11-23,91.7,77.0,82.7,100.8,77.0,88.4,76.3,82.6,0.315,100,4.17,rain,0,0,23.0,13.5,209.1,1011.3,53.1,8.2,218.5,18.8,8,30,2023-11-23T06:40:05,2023-11-23T18:25:55,0.36,"Rain, Partially cloudy",Partly cloudy throughout the day with late afternoon rain.,rain,"DNIB,DNMM,remote,65201099999,65100099999,65208099999"
"Abeokuta, Ogun, Nigeria",2023-11-24,86.8,78.6,81.4,98.2,78.6,86.9,77.1,87.0,0.039,100,4.17,rain,0,0,17.4,7.1,194.9,1011.0,58.8,6.1,167.1,14.3,7,30,2023-11-24T06:40:29,2023-11-24T18:26:05,0.4,"Rain, Partially cloudy",Partly cloudy throughout the day with afternoon rain.,rain,"DNIB,DNMM,remote,65201099999,65100099999,65208099999"
"Abeokuta, Ogun, Nigeria",2023-11-25,91.4,75.3,81.5,100.5,75.3,85.9,75.5,83.1,0.307,100,25.0,rain,0,0,18.3,9.4,203.2,1010.8,58.9,5.6,160.5,13.9,7,60,2023-11-25T06:40:53,2023-11-25T18:26:16,0.43,"Rain, Partially cloudy",Partly cloudy throughout the day with rain in the morning and afternoon.,rain,"DNIB,DNMM,remote,65201099999,65100099999,65208099999"
"Abeokuta, Ogun, Nigeria",2023-11-26,81.9,76.1,78.5,87.4,76.1,79.6,74.9,88.8,1.889,100,12.5,rain,0,0,11.4,9.2,37.7,1012.8,63.5,5.3,105.8,9.1,5,10,2023-11-26T06:41:18,2023-11-26T18:26:29,0.47,"Rain, Partially cloudy",Partly cloudy throughout the day with rain.,rain,"DNIB,DNMM,65201099999,65100099999,65208099999"
"Abeokuta, Ogun, Nigeria",2023-11-27,92.9,75.2,82.2,105.1,75.2,87.2,75.0,80.5,0.0,0,0.0,rain,0,0,13.9,9.2,241.0,1012.5,44.7,5.9,243.6,21.2,9,30,2023-11-27T06:41:44,2023-11-27T18:26:42,0.5,Partially cloudy,Partly cloudy throughout the day.,partly-cloudy-day,"DNIB,DNMM,remote,65201099999,65100099999,65208099999"
"Abeokuta, Ogun, Nigeria",2023-11-28,91.1,77.0,83.3,101.7,77.0,89.3,75.8,79.4,0.0,0,0.0,rain,0,0,19.5,9.0,217.2,1011.7,53.9,5.5,214.7,18.6,8,30,2023-11-28T06:42:10,2023-11-28T18:26:56,0.53,Partially cloudy,Partly cloudy throughout the day.,partly-cloudy-day,"DNIB,DNMM,65201099999,65100099999,65208099999"
"Abeokuta, Ogun, Nigeria",2023-11-29,91.4,77.0,83.6,107.8,77.0,91.6,77.0,81.4,0.0,0,0.0,,0,0,16.6,12.8,235.8,1011.3,54.3,6.3,183.7,15.7,7,30,2023-11-29T06:42:36,2023-11-29T18:27:11,0.57,Partially cloudy,Partly cloudy throughout the day.,partly-cloudy-day,"DNIB,DNMM,remote,65201099999,65100099999,65208099999"
"Abeokuta, Ogun, Nigeria",2023-11-30,90.4,77.9,82.8,105.2,77.9,89.9,76.6,82.4,0.079,100,4.17,rain,0,0,14.8,9.0,227.5,1011.9,51.2,5.5,196.5,16.9,8,30,2023-11-30T06:43:03,2023-11-30T18:27:27,0.6,"Rain, Partially cloudy",Partly cloudy throughout the day with late afternoon rain.,rain,"DNIB,DNMM,65201099999,65100099999,65208099999"
"Abeokuta, Ogun, Nigeria",2023-12-01,92.4,76.6,83.0,107.8,76.6,89.0,76.8,83.3,0.0,0,0.0,,0,0,16.1,12.8,227.2,1012.2,55.2,5.5,210.3,18.2,8,30,2023-12-01T06:43:31,2023-12-01T18:27:44,0.63,Partially cloudy,Partly cloudy throughout the day.,partly-cloudy-day,"DNIB,DNMM,65201099999,65100099999,65208099999"
"Abeokuta, Ogun, Nigeria",2023-12-02,93.1,74.2,82.3,105.2,74.2,88.2,74.8,79.7,0.197,100,4.17,rain,0,0,15.9,9.2,214.5,1012.2,51.0,6.0,202.9,17.4,8,30,2023-12-02T06:43:59,2023-12-02T18:28:02,0.66,"Rain, Partially cloudy",Partly cloudy throughout the day with early morning rain.,rain,"DNIB,DNMM,remote,65201099999,65100099999,65208099999"
"Abeokuta, Ogun, Nigeria",2023-12-03,93.5,76.1,84.0,105.2,76.1,91.3,75.8,77.7,0.0,0,0.0,,0,0,17.9,10.6,216.9,1011.6,49.8,5.2,226.3,19.5,9,10,2023-12-03T06:44:27,2023-12-03T18:28:20,0.69,Partially cloudy,Partly cloudy throughout the day.,partly-cloudy-day,"DNIB,DNMM,65201099999,65100099999,65208099999"
"Abeokuta, Ogun, Nigeria",2023-12-04,94.0,77.6,84.6,104.5,77.6,91.9,76.1,77.3,0.0,0,0.0,,0,0,15.0,9.6,220.7,1012.0,52.4,5.7,233.4,20.1,9,30,2023-12-04T06:44:56,2023-12-04T18:28:39,0.73,Partially cloudy,Partly cloudy throughout the day.,partly-cloudy-day,"DNIB,DNMM,65201099999,65100099999,65208099999"
"Abeokuta, Ogun, Nigeria",2023-12-05,91.3,77.0,84.0,102.2,77.0,91.0,75.9,78.0,0.197,100,4.17,rain,0,0,15.7,7.8,231.2,1011.9,50.8,5.5,222.5,19.2,9,30,2023-12-05T06:45:25,2023-12-05T18:29:00,0.75,"Rain, Partially cloudy",Partly cloudy throughout the day with morning rain.,rain,"DNIB,DNMM,65201099999,65100099999,65208099999"
"Abeokuta, Ogun, Nigeria",2023-12-06,90.6,76.8,82.5,101.2,76.8,87.7,74.8,78.6,0.118,100,4.17,rain,0,0,13.9,15.7,223.9,1012.2,56.6,5.8,194.7,16.6,7,30,2023-12-06T06:45:54,2023-12-06T18:29:21,0.79,"Rain, Partially cloudy",Partly cloudy throughout the day with late afternoon rain.,rain,"DNIB,DNMM,65201099999,65100099999,65208099999"
"Abeokuta, Ogun, Nigeria",2023-12-07,91.5,75.2,82.8,107.8,75.2,90.3,76.3,81.8,0.0,0,0.0,,0,0,17.7,8.4,238.7,1012.7,49.0,5.1,208.7,17.9,8,30,2023-12-07T06:46:24,2023-12-07T18:29:42,0.82,Partially cloudy,Partly cloudy throughout the day.,partly-cloudy-day,"DNIB,DNMM,65201099999,65100099999,65208099999"
"Abeokuta, Ogun, Nigeria",2023-12-08,93.8,78.7,84.4,105.2,78.7,92.6,76.8,79.6,0.0,0,0.0,,0,0,14.5,9.2,246.2,1012.7,44.2,5.0,208.0,18.0,8,30,2023-12-08T06:46:53,2023-12-08T18:30:05,0.85,Partially cloudy,Partly cloudy throughout the day.,partly-cloudy-day,"DNIB,DNMM,65201099999,65100099999,65208099999"
"Abeokuta, Ogun, Nigeria",2023-12-09,93.2,78.6,84.6,107.8,78.6,92.6,76.4,78.0,0.0,0,0.0,,0,0,17.4,12.8,212.7,1010.6,53.3,5.3,223.4,19.4,8,30,2023-12-09T06:47:23,2023-12-09T18:30:28,0.89,Partially cloudy,Partly cloudy throughout the day.,partly-cloudy-day,"DNIB,DNMM,65201099999,65100099999,65208099999"
"Abeokuta, Ogun, Nigeria",2023-12-10,94.0,77.8,84.4,107.8,77.8,91.8,76.3,78.5,0.0,0,0.0,,0,0,15.7,9.0,232.4,1011.1,44.8,5.5,221.6,19.0,8,30,2023-12-10T06:47:54,2023-12-10T18:30:52,0.92,Partially cloudy,Partly cloudy throughout the day.,partly-cloudy-day,"DNIB,DNMM,65201099999,65100099999,65208099999"
"Abeokuta, Ogun, Nigeria",2023-12-11,93.6,78.4,84.6,105.0,78.4,91.2,75.3,76.4,0.0,0,0.0,,0,0,13.0,7.2,257.3,1011.4,50.5,5.2,232.0,20.0,9,30,2023-12-11T06:48:24,2023-12-11T18:31:16,0.95,Partially cloudy,Partly cloudy throughout the day.,partly-cloudy-day,"DNIB,DNMM,65201099999,65100099999,65208099999"
"Abeokuta, Ogun, Nigeria",2023-12-12,91.3,76.2,81.3,91.5,76.2,82.8,69.0,69.5,0.0,0,0.0,,0,0,34.4,13.3,33.9,1012.3,42.0,3.5,252.2,21.7,9,10,2023-12-12T06:48:54,2023-12-12T18:31:41,0.98,Partially cloudy,Partly cloudy throughout the day.,partly-cloudy-day,"DNIB,DNMM,65201099999,65100099999,65208099999"
"Abeokuta, Ogun, Nigeria",2023-12-13,93.6,71.9,81.9,94.2,71.9,82.2,64.3,59.0,0.0,0,0.0,,0,0,15.0,9.3,63.0,1011.4,32.3,3.1,253.9,21.9,9,10,2023-12-13T06:49:25,2023-12-13T18:32:07,0.0,Partially cloudy,Partly cloudy throughout the day.,partly-cloudy-day,"DNIB,DNMM,remote,65201099999,65100099999,65208099999"
"Abeokuta, Ogun, Nigeria",2023-12-14,94.0,72.2,81.9,95.4,72.2,82.6,64.8,59.7,0.0,0,0.0,,0,0,13.0,9.2,65.5,1011.0,25.7,2.3,253.7,21.9,9,10,2023-12-14T06:49:56,2023-12-14T18:32:33,0.05,Partially cloudy,Partly cloudy throughout the day.,partly-cloudy-day,"DNIB,DNMM,65201099999,65100099999,65208099999"
"Abeokuta, Ogun, Nigeria",2023-12-15,95.0,73.4,82.8,94.3,73.4,83.4,65.0,58.7,0.0,0,0.0,,0,0,12.8,10.3,29.3,1010.6,26.4,1.7,251.7,21.7,9,10,2023-12-15T06:50:26,2023-12-15T18:33:00,0.09,Partially cloudy,Partly cloudy throughout the day.,partly-cloudy-day,"DNIB,DNMM,65201099999,65100099999,65208099999"
"Abeokuta, Ogun, Nigeria",2023-12-16,95.0,74.1,83.0,97.7,74.1,84.8,68.2,64.1,0.0,0,0.0,,0,0,12.3,8.2,207.5,1009.6,33.7,2.5,251.2,21.7,9,10,2023-12-16T06:50:57,2023-12-16T18:33:28,0.12,Partially cloudy,Partly cloudy throughout the day.,partly-cloudy-day,"DNIB,DNMM,remote,65201099999,65100099999,65208099999"
"Abeokuta, Ogun, Nigeria",2023-12-17,94.7,76.4,83.4,96.5,76.4,85.5,68.9,63.8,0.0,0,0.0,,0,0,12.8,8.9,327.5,1009.8,39.1,2.0,247.3,21.5,9,10,2023-12-17T06:51:27,2023-12-17T18:33:55,0.16,Partially cloudy,Partly cloudy throughout the day.,partly-cloudy-day,"DNIB,DNMM,65201099999,65100099999,65208099999"
"Abeokuta, Ogun, Nigeria",2023-12-18,98.3,71.2,84.8,99.1,71.2,86.6,66.2,59.1,0.0,0,0.0,,0,0,13.0,9.8,292.7,1009.9,27.9,2.7,255.0,22.1,9,10,2023-12-18T06:51:58,2023-12-18T18:34:24,0.2,Partially cloudy,Partly cloudy throughout the day.,partly-cloudy-day,"DNIB,DNMM,65201099999,65100099999,65208099999"
"Abeokuta, Ogun, Nigeria",2023-12-19,95.0,76.4,83.6,104.6,76.4,88.6,74.0,75.7,0.0,0,0.0,,0,0,16.3,8.1,233.0,1010.9,38.0,2.6,244.0,21.0,9,10,2023-12-19T06:52:28,2023-12-19T18:34:52,0.25,Partially cloudy,Partly cloudy throughout the day.,partly-cloudy-day,"DNIB,DNMM,65201099999,65100099999"
"Abeokuta, Ogun, Nigeria",2023-12-20,95.9,77.0,84.5,95.8,77.0,87.1,70.0,68.1,0.0,0,0.0,,0,0,11.9,10.5,324.3,1012.3,29.3,3.2,248.0,21.5,9,10,2023-12-20T06:52:59,2023-12-20T18:35:22,0.27,Partially cloudy,Partly cloudy throughout the day.,partly-cloudy-day,"DNIB,DNMM,65201099999,65100099999,65208099999"
"Abeokuta, Ogun, Nigeria",2023-12-21,98.7,72.7,84.0,95.1,72.7,83.1,59.0,49.6,0.0,0,0.0,,0,0,13.9,12.6,19.2,1011.1,39.5,4.7,256.5,22.1,9,10,2023-12-21T06:53:29,2023-12-21T18:35:51,0.3,Partially cloudy,Partly cloudy throughout the day.,partly-cloudy-day,"DNIB,DNMM,remote,65201099999,65100099999,65208099999"
"Abeokuta, Ogun, Nigeria",2023-12-22,98.6,69.8,83.8,100.4,69.8,85.1,64.8,55.8,0.0,0,0.0,,0,0,13.0,9.2,228.3,1011.7,46.5,5.2,249.5,21.6,9,10,2023-12-22T06:53:59,2023-12-22T18:36:21,0.34,Partially cloudy,Partly cloudy throughout the day.,partly-cloudy-day,"DNIB,DNMM,remote,65201099999,65100099999,65208099999"
"Abeokuta, Ogun, Nigeria",2023-12-23,95.8,76.0,84.5,100.4,76.0,87.3,70.0,64.9,0.0,0,0.0,,0,0,12.8,9.0,68.5,1012.1,24.8,3.3,240.3,20.9,9,10,2023-12-23T06:54:28,2023-12-23T18:36:51,0.37,Partially cloudy,Partly cloudy throughout the day.,partly-cloudy-day,"DNIB,DNMM,remote,65201099999,65100099999,65208099999"
"Abeokuta, Ogun, Nigeria",2023-12-24,96.8,76.0,84.9,103.6,76.0,88.0,69.9,63.7,0.0,0,0.0,,0,0,13.2,9.2,97.4,1012.5,24.3,2.9,255.5,22.2,9,10,2023-12-24T06:54:58,2023-12-24T18:37:21,0.41,Partially cloudy,Partly cloudy throughout the day.,partly-cloudy-day,"DNIB,DNMM,65201099999,65100099999,65208099999"
"Abeokuta, Ogun, Nigeria",2023-12-25,96.9,72.3,83.8,98.5,72.3,85.2,66.5,59.4,0.0,0,0.0,,0,0,13.6,7.3,318.5,1011.8,24.5,2.9,253.1,22.0,9,10,2023-12-25T06:55:27,2023-12-25T18:37:52,0.44,Partially cloudy,Partly cloudy throughout the day.,partly-cloudy-day,"DNIB,DNMM,65201099999,65100099999,65208099999"
"Abeokuta, Ogun, Nigeria",2023-12-26,95.1,75.1,83.1,99.6,75.1,87.1,73.5,75.7,0.0,0,0.0,,0,0,11.2,8.5,273.5,1011.8,41.3,3.1,237.2,20.4,8,10,2023-12-26T06:55:55,2023-12-26T18:38:22,0.48,Partially cloudy,Partly cloudy throughout the day.,partly-cloudy-day,"DNIB,DNMM,65201099999,65100099999,65208099999"
"Abeokuta, Ogun, Nigeria",2023-12-27,95.0,75.1,83.9,107.4,75.1,90.1,73.7,73.2,0.0,0,0.0,,0,0,11.2,8.1,146.8,1012.1,55.6,3.2,251.1,21.8,9,10,2023-12-27T06:56:24,2023-12-27T18:38:53,0.5,Partially cloudy,Partly cloudy throughout the day.,partly-cloudy-day,"DNIB,DNMM,remote,65201099999,65100099999,65208099999"
"Abeokuta, Ogun, Nigeria",2023-12-28,94.6,74.3,83.9,106.9,74.3,88.5,72.9,72.0,0.0,0,0.0,,0,0,13.9,12.8,90.9,1013.2,25.8,2.8,251.7,21.8,9,10,2023-12-28T06:56:51,2023-12-28T18:39:24,0.55,Partially cloudy,Partly cloudy throughout the day.,partly-cloudy-day,"DNIB,DNMM,remote,65201099999,65100099999,65208099999"
"Abeokuta, Ogun, Nigeria",2023-12-29,96.5,75.2,84.6,100.3,75.2,87.6,70.1,66.4,0.0,0,0.0,,0,0,11.9,8.1,286.2,1012.3,24.1,2.4,250.7,21.8,9,10,2023-12-29T06:57:19,2023-12-29T18:39:55,0.58,Partially cloudy,Partly cloudy throughout the day.,partly-cloudy-day,"DNIB,DNMM,65201099999,65100099999,65208099999"
"Abeokuta, Ogun, Nigeria",2023-12-30,94.4,76.2,83.7,105.0,76.2,88.3,73.4,73.7,0.0,0,0.0,,0,0,13.9,8.1,237.1,1012.2,37.4,2.3,231.7,19.9,8,10,2023-12-30T06:57:46,2023-12-30T18:40:27,0.61,Partially cloudy,Partly cloudy throughout the day.,partly-cloudy-day,"DNIB,DNMM,65201099999,65100099999,65208099999"
"Abeokuta, Ogun, Nigeria",2023-12-31,95.7,76.8,84.7,103.0,76.8,90.6,74.4,74.2,0.0,0,0.0,,0,0,14.1,8.7,303.1,1012.0,42.3,2.8,223.5,19.3,9,10,2023-12-31T06:58:12,2023-12-31T18:40:58,0.64,Partially cloudy,Partly cloudy throughout the day.,partly-cloudy-day,"DNIB,DNMM,65201099999,65100099999,65208099999"
