name,datetime,tempmax,tempmin,temp,feelslikemax,feelslikemin,feelslike,dew,humidity,precip,precipprob,precipcover,preciptype,snow,snowdepth,windgust,windspeed,winddir,sealevelpressure,cloudcover,visibility,solarradiation,solarenergy,uvindex,severerisk,sunrise,sunset,moonphase,conditions,description,icon,stations
"Abeokuta, Ogun, Nigeria",2020-01-01,95.3,69.7,80.4,95.1,69.7,80.2,63.6,63.1,0.0,0,0.0,,0,0,16.8,12.8,47.3,1011.2,15.9,4.3,257.9,22.3,9,,2020-01-01T06:58:36,2020-01-01T18:41:26,0.2,Clear,Clear conditions throughout the day.,clear-day,"65210099999,DNIB,NIM00065202,NII0000DNIB,NIM00065210,DNMM,NII0000DNMM,remote,65100099999,NIM00065208,65208099999,65202099999,65201099999"
"Abeokuta, Ogun, Nigeria",2020-01-02,93.5,67.5,78.5,94.3,67.5,78.3,58.1,53.0,0.0,0,0.0,,0,0,21.9,18.3,39.1,1012.2,15.5,4.8,256.7,22.3,9,,2020-01-02T06:59:01,2020-01-02T18:41:57,0.23,Clear,Clear conditions throughout the day.,clear-day,"65210099999,DNIB,65213099999,NIM00065213,NII0000DNIB,DNMM,NII0000DNMM,remote,65201099999,NIM00065208,65100099999,65208099999"
"Abeokuta, Ogun, Nigeria",2020-01-03,91.4,64.8,76.3,90.7,64.8,75.8,56.0,52.8,0.0,0,0.0,,0,0,34.4,21.9,40.4,1013.3,12.9,3.3,257.9,22.3,9,,2020-01-03T06:59:26,2020-01-03T18:42:28,0.25,Clear,Clear conditions throughout the day.,clear-day,"65210099999,DNIB,NII0000DNIB,NIM00065210,DNMM,NII0000DNMM,65201099999,65100099999,NIM00065208,65208099999"
"Abeokuta, Ogun, Nigeria",2020-01-04,92.7,64.4,77.0,91.2,64.4,76.6,54.5,48.1,0.0,0,0.0,,0,0,18.1,13.9,38.8,1013.3,14.6,2.2,257.5,22.3,9,,2020-01-04T06:59:50,2020-01-04T18:42:59,0.3,Clear,Clear conditions throughout the day.,clear-day,"65210099999,DNIB,NII0000DNIB,NIM00065210,DNMM,NII0000DNMM,remote,65201099999,65100099999,NIM00065208,65208099999"
"Abeokuta, Ogun, Nigeria",2020-01-05,91.4,67.4,77.9,90.7,67.4,77.5,57.8,53.7,0.0,0,0.0,,0,0,14.5,12.0,54.8,1012.0,16.5,1.1,246.9,21.2,9,,2020-01-05T07:00:13,2020-01-05T18:43:30,0.33,Clear,Clear conditions throughout the day.,clear-day,"65210099999,DNIB,NII0000DNIB,NIM00065210,DNMM,NII0000DNMM,remote,65201099999,65100099999,NIM00065208,65208099999"
"Abeokuta, Ogun, Nigeria",2020-01-06,93.2,69.8,80.2,96.4,69.8,81.0,63.7,59.1,0.0,0,0.0,,0,0,13.9,10.3,69.3,1011.1,13.9,1.3,251.2,21.7,9,,2020-01-06T07:00:36,2020-01-06T18:44:01,0.36,Clear,Clear conditions throughout the day.,clear-day,"65210099999,DNIB,NIM00065213,NIM00065202,NII0000DNIB,NIM00065210,DNMM,NII0000DNMM,NIM00065208,65100099999,65208099999,65213099999,65201099999"
"Abeokuta, Ogun, Nigeria",2020-01-07,93.2,71.4,81.7,96.4,71.4,82.6,64.3,58.0,0.0,0,0.0,,0,0,13.9,17.2,155.0,1010.6,12.5,1.4,244.2,21.1,9,,2020-01-07T07:00:59,2020-01-07T18:44:31,0.39,Clear,Clear conditions throughout the day.,clear-day,"DNIB,NII0000DNIB,DNMM,NII0000DNMM,remote,65201099999,65100099999,NIM00065208,65208099999"
"Abeokuta, Ogun, Nigeria",2020-01-08,95.0,74.0,83.1,101.5,74.0,85.2,68.9,64.9,0.0,0,0.0,,0,0,10.3,8.8,229.9,1011.8,12.1,1.4,236.0,20.3,9,,2020-01-08T07:01:20,2020-01-08T18:45:01,0.42,Clear,Clear conditions throughout the day.,clear-day,"65210099999,DNIB,NII0000DNIB,DNMM,NII0000DNMM,65201099999,65100099999,NIM00065208,65208099999"
"Abeokuta, Ogun, Nigeria",2020-01-09,96.8,74.5,83.5,107.5,74.5,87.5,72.0,70.5,0.0,0,0.0,,0,0,17.2,8.8,208.6,1011.5,11.0,1.3,251.3,21.6,9,,2020-01-09T07:01:41,2020-01-09T18:45:31,0.46,Clear,Clear conditions throughout the day.,clear-day,"DNIB,NII0000DNIB,DNMM,NII0000DNMM,65201099999,NIM00065208,65100099999,65208099999"
"Abeokuta, Ogun, Nigeria",2020-01-10,91.5,78.2,84.1,102.7,78.2,91.2,75.7,77.4,0.0,0,0.0,,0,0,16.3,9.3,222.4,1012.7,23.1,1.8,221.9,19.0,8,,2020-01-10T07:02:01,2020-01-10T18:46:01,0.5,Partially cloudy,Partly cloudy throughout the day.,partly-cloudy-day,"65210099999,DNIB,NII0000DNIB,DNMM,NII0000DNMM,65201099999,65100099999,NIM00065208,65208099999"
"Abeokuta, Ogun, Nigeria",2020-01-11,91.7,79.9,84.3,105.7,79.9,93.9,77.8,82.4,0.0,0,0.0,,0,0,19.2,11.4,215.9,1013.2,30.8,3.7,176.6,15.4,7,,2020-01-11T07:02:20,2020-01-11T18:46:30,0.52,Partially cloudy,Partly cloudy throughout the day.,partly-cloudy-day,"65210099999,DNIB,NII0000DNIB,NIM00065210,DNMM,NII0000DNMM,remote,65201099999,65100099999"
"Abeokuta, Ogun, Nigeria",2020-01-12,95.0,76.6,83.9,112.9,76.6,91.6,76.8,80.8,0.0,0,0.0,,0,0,16.3,11.4,207.6,1012.4,27.2,4.5,214.6,18.5,7,,2020-01-12T07:02:38,2020-01-12T18:46:59,0.56,Partially cloudy,Partly cloudy throughout the day.,partly-cloudy-day,"DNIB,NII0000DNIB,DNMM,NII0000DNMM,65201099999,65100099999,NIM00065208,65208099999"
"Abeokuta, Ogun, Nigeria",2020-01-13,91.4,77.0,83.0,107.9,77.0,91.5,77.3,83.3,0.0,0,0.0,,0,0,15.7,9.2,202.5,1010.5,29.7,4.6,213.7,18.4,8,,2020-01-13T07:02:56,2020-01-13T18:47:28,0.59,Partially cloudy,Partly cloudy throughout the day.,partly-cloudy-day,"DNIB,NII0000DNIB,DNMM,NII0000DNMM,remote,65201099999,NIM00065208,65100099999,65208099999"
"Abeokuta, Ogun, Nigeria",2020-01-14,98.3,78.8,85.5,110.1,78.8,93.3,76.1,76.6,0.039,100,4.17,rain,0,0,16.3,11.4,319.8,1010.0,34.9,4.6,214.5,18.6,8,,2020-01-14T07:03:13,2020-01-14T18:47:56,0.63,"Rain, Partially cloudy",Partly cloudy throughout the day with early morning rain.,rain,"65210099999,DNIB,65213099999,NIM00065213,NII0000DNIB,DNMM,NII0000DNMM,65201099999,NIM00065208,65100099999,65208099999"
"Abeokuta, Ogun, Nigeria",2020-01-15,96.8,78.1,85.1,107.5,78.1,90.8,74.1,73.6,0.0,0,0.0,,0,0,16.1,13.9,244.7,1010.1,24.6,4.9,243.3,21.1,9,,2020-01-15T07:03:28,2020-01-15T18:48:24,0.66,Partially cloudy,Partly cloudy throughout the day.,partly-cloudy-day,"DNIB,NII0000DNIB,DNMM,NII0000DNMM,65201099999,NIM00065208,65100099999,65208099999"
"Abeokuta, Ogun, Nigeria",2020-01-16,95.3,77.3,84.9,112.9,77.3,93.1,76.4,78.0,0.0,0,0.0,,0,0,17.4,8.8,227.8,1011.3,26.6,4.2,244.2,21.1,9,,2020-01-16T07:03:43,2020-01-16T18:48:51,0.7,Partially cloudy,Partly cloudy throughout the day.,partly-cloudy-day,"65210099999,DNIB,65213099999,NIM00065213,NII0000DNIB,NIM00065210,DNMM,NII0000DNMM,65201099999,65100099999,NIM00065208,65208099999"
"Abeokuta, Ogun, Nigeria",2020-01-17,95.1,75.6,85.0,105.2,75.6,92.2,74.2,73.8,0.0,0,0.0,,0,0,17.2,17.2,148.0,1012.4,21.4,3.8,253.1,21.8,9,,2020-01-17T07:03:58,2020-01-17T18:49:18,0.75,Partially cloudy,Partly cloudy throughout the day.,partly-cloudy-day,"DNIB,65213099999,NIM00065213,NII0000DNIB,DNMM,NII0000DNMM,65201099999,NIM00065208,65100099999,65208099999"
"Abeokuta, Ogun, Nigeria",2020-01-18,95.4,77.6,84.6,105.2,77.6,88.1,71.3,69.3,0.0,0,0.0,,0,0,13.2,7.8,273.8,1012.6,20.3,4.1,252.4,21.6,9,,2020-01-18T07:04:11,2020-01-18T18:49:44,0.77,Partially cloudy,Clearing in the afternoon.,partly-cloudy-day,"65210099999,DNIB,NII0000DNIB,NIM00065210,DNMM,NII0000DNMM,remote,65201099999,65100099999,NIM00065208,65208099999"
"Abeokuta, Ogun, Nigeria",2020-01-19,93.2,75.5,82.9,101.0,75.5,85.7,68.1,64.0,0.0,0,0.0,,0,0,14.3,10.3,104.8,1011.8,14.4,2.8,261.0,22.4,9,,2020-01-19T07:04:23,2020-01-19T18:50:10,0.81,Clear,Clear conditions throughout the day.,clear-day,"65210099999,DNIB,NII0000DNIB,NIM00065210,DNMM,NII0000DNMM,65201099999,65100099999,NIM00065208,65208099999"
"Abeokuta, Ogun, Nigeria",2020-01-20,93.2,73.0,82.0,96.4,73.0,82.6,63.9,56.6,0.0,0,0.0,,0,0,14.1,10.3,88.8,1010.8,16.4,1.7,260.3,22.4,9,,2020-01-20T07:04:34,2020-01-20T18:50:35,0.84,Clear,Clear conditions throughout the day.,clear-day,"65210099999,DNIB,NII0000DNIB,NIM00065210,DNMM,NII0000DNMM,remote,65201099999,65100099999,NIM00065208,65208099999"
"Abeokuta, Ogun, Nigeria",2020-01-21,96.4,73.4,83.4,96.5,73.4,84.2,64.4,56.4,0.0,0,0.0,,0,0,13.6,10.7,68.5,1011.5,12.5,1.3,259.7,22.3,9,,2020-01-21T07:04:45,2020-01-21T18:51:00,0.88,Clear,Clear conditions throughout the day.,clear-day,"DNIB,NII0000DNIB,DNMM,NII0000DNMM,remote,65201099999,65100099999,NIM00065208,65208099999"
"Abeokuta, Ogun, Nigeria",2020-01-22,96.8,75.2,84.6,100.7,75.2,87.4,68.6,61.0,0.0,0,0.0,,0,0,17.0,9.8,175.8,1011.4,11.8,1.3,262.3,22.6,9,,2020-01-22T07:04:54,2020-01-22T18:51:24,0.91,Clear,Clear conditions throughout the day.,clear-day,"DNIB,NII0000DNIB,DNMM,NII0000DNMM,65201099999,65100099999,NIM00065208,65208099999"
"Abeokuta, Ogun, Nigeria",2020-01-23,98.5,76.8,85.0,103.2,76.8,87.9,69.6,65.5,0.0,0,0.0,,0,0,13.9,11.4,81.5,1010.9,19.2,2.3,262.0,22.8,9,,2020-01-23T07:05:03,2020-01-23T18:51:48,0.95,Clear,Clear conditions throughout the day.,clear-day,"65210099999,DNIB,NII0000DNIB,DNMM,NII0000DNMM,remote,65201099999,65100099999,NIM00065208,65208099999"
"Abeokuta, Ogun, Nigeria",2020-01-24,96.3,74.7,84.6,95.3,74.7,84.4,59.7,50.4,0.0,0,0.0,,0,0,16.8,10.6,83.5,1011.6,15.9,2.2,271.9,23.7,9,,2020-01-24T07:05:11,2020-01-24T18:52:11,0.0,Clear,Clear conditions throughout the day.,clear-day,"65210099999,DNIB,NII0000DNIB,DNMM,NII0000DNMM,remote,65201099999,65100099999,NIM00065208,65208099999"
"Abeokuta, Ogun, Nigeria",2020-01-25,97.4,66.0,81.2,95.1,66.0,80.0,53.0,44.7,0.0,0,0.0,,0,0,19.5,14.2,75.4,1012.1,18.4,2.2,280.7,24.2,10,,2020-01-25T07:05:17,2020-01-25T18:52:33,0.02,Clear,Clear conditions throughout the day.,clear-day,"DNIB,NII0000DNIB,DNMM,NII0000DNMM,remote,65201099999,65100099999,NIM00065208,65208099999"
"Abeokuta, Ogun, Nigeria",2020-01-26,96.1,68.0,80.6,95.5,68.0,79.9,55.9,46.7,0.0,0,0.0,,0,0,14.1,11.4,102.4,1012.5,13.5,1.9,277.9,23.9,9,,2020-01-26T07:05:23,2020-01-26T18:52:55,0.05,Clear,Clear conditions throughout the day.,clear-day,"65210099999,DNIB,65213099999,NIM00065213,NII0000DNIB,NIM00065210,DNMM,NII0000DNMM,65201099999,NIM00065208,65100099999,65208099999"
"Abeokuta, Ogun, Nigeria",2020-01-27,93.3,68.0,80.5,95.3,68.0,80.3,59.1,50.7,0.0,0,0.0,,0,0,16.8,10.3,34.8,1012.0,8.5,1.6,274.1,23.8,9,,2020-01-27T07:05:28,2020-01-27T18:53:16,0.08,Clear,Clear conditions throughout the day.,clear-day,"DNIB,NII0000DNIB,DNMM,NII0000DNMM,remote,65201099999,65100099999,NIM00065208,65208099999"
"Abeokuta, Ogun, Nigeria",2020-01-28,94.8,69.4,80.7,97.7,69.4,82.0,66.9,67.2,0.0,0,0.0,,0,0,16.6,10.8,341.4,1012.4,10.9,1.7,268.3,23.1,9,,2020-01-28T07:05:31,2020-01-28T18:53:36,0.12,Clear,Clear conditions throughout the day.,clear-day,"65210099999,DNIB,NII0000DNIB,NIM00065210,DNMM,NII0000DNMM,65201099999,65100099999,NIM00065208,65208099999"
"Abeokuta, Ogun, Nigeria",2020-01-29,97.4,72.7,82.6,100.7,72.7,84.9,69.5,69.5,0.0,0,0.0,,0,0,15.2,7.2,163.2,1011.8,7.9,2.5,268.7,23.2,9,,2020-01-29T07:05:34,2020-01-29T18:53:56,0.15,Clear,Clear conditions throughout the day.,clear-day,"DNIB,NII0000DNIB,DNMM,NII0000DNMM,65201099999,NIM00065208,65100099999,65208099999"
"Abeokuta, Ogun, Nigeria",2020-01-30,96.0,74.5,83.2,110.1,74.5,86.8,71.8,73.5,0.0,0,0.0,,0,0,19.7,11.4,307.6,1013.1,19.1,2.4,264.8,23.0,9,,2020-01-30T07:05:36,2020-01-30T18:54:15,0.18,Clear,Clear conditions throughout the day.,clear-day,"DNIB,65213099999,NIM00065213,NII0000DNIB,DNMM,NII0000DNMM,remote,65201099999,65100099999,NIM00065208,65208099999"
"Abeokuta, Ogun, Nigeria",2020-01-31,95.0,77.0,83.7,107.6,77.0,89.7,75.6,79.0,0.0,0,0.0,,0,0,16.6,11.4,222.2,1013.3,24.3,2.8,250.2,21.7,9,,2020-01-31T07:05:37,2020-01-31T18:54:34,0.21,Partially cloudy,Partly cloudy throughout the day.,partly-cloudy-day,"65210099999,DNIB,NIM00065202,NII0000DNIB,NIM00065210,DNMM,NII0000DNMM,65201099999,65100099999"
"Abeokuta, Ogun, Nigeria",2020-02-01,96.0,74.3,83.6,107.5,74.3,89.2,74.9,77.8,0.0,0,0.0,,0,0,13.9,9.2,13.6,1012.4,16.8,2.9,269.1,23.2,9,,2020-02-01T07:05:37,2020-02-01T18:54:52,0.25,Clear,Clear conditions throughout the day.,clear-day,"65210099999,DNIB,NII0000DNIB,NIM00065210,DNMM,NII0000DNMM,65201099999,NIM00065208,65100099999,65208099999"
"Abeokuta, Ogun, Nigeria",2020-02-02,98.6,76.8,84.0,102.9,76.8,87.3,72.8,74.2,0.0,0,0.0,,0,0,14.1,13.9,345.3,1012.7,16.2,3.4,276.7,23.8,10,,2020-02-02T07:05:36,2020-02-02T18:55:09,0.25,Clear,Clear conditions throughout the day.,clear-day,"DNMM,NII0000DNMM,65201099999"
"Abeokuta, Ogun, Nigeria",2020-02-03,95.0,72.8,83.7,101.8,72.8,84.6,65.1,60.3,0.0,0,0.0,,0,0,17.4,10.3,174.2,1012.7,9.7,2.8,278.5,24.0,10,,2020-02-03T07:05:34,2020-02-03T18:55:25,0.31,Clear,Clear conditions throughout the day.,clear-day,"DNIB,NII0000DNIB,DNMM,NII0000DNMM,remote,65201099999,65100099999,NIM00065208,65208099999"
"Abeokuta, Ogun, Nigeria",2020-02-04,95.3,72.4,82.7,107.5,72.4,86.9,73.1,75.3,0.0,0,0.0,,0,0,16.8,13.9,187.1,1013.3,16.3,3.7,265.3,22.8,9,,2020-02-04T07:05:31,2020-02-04T18:55:41,0.34,Clear,Clear conditions throughout the day.,clear-day,"65210099999,DNIB,NII0000DNIB,NIM00065210,DNMM,remote,NII0000DNMM,65201099999,NIM00065208,65100099999,65208099999"
"Abeokuta, Ogun, Nigeria",2020-02-05,95.0,75.2,83.3,105.2,75.2,88.8,75.1,78.3,0.0,0,0.0,,0,0,17.0,10.3,185.1,1012.3,17.4,3.5,244.2,20.9,9,,2020-02-05T07:05:27,2020-02-05T18:55:56,0.37,Clear,Clear conditions throughout the day.,clear-day,"65210099999,DNIB,NII0000DNIB,NIM00065210,DNMM,NII0000DNMM,65201099999,65100099999"
"Abeokuta, Ogun, Nigeria",2020-02-06,96.8,75.5,84.5,103.7,75.5,89.6,73.8,73.6,0.0,0,0.0,,0,0,14.5,12.8,159.0,1011.6,12.6,3.3,266.4,23.1,9,,2020-02-06T07:05:22,2020-02-06T18:56:10,0.41,Clear,Clear conditions throughout the day.,clear-day,"65210099999,DNIB,NII0000DNIB,NIM00065210,DNMM,NII0000DNMM,65201099999,65100099999"
"Abeokuta, Ogun, Nigeria",2020-02-07,98.6,75.0,84.7,98.8,75.0,85.1,64.9,58.9,0.0,0,0.0,,0,0,16.1,15.0,100.1,1011.7,13.5,3.3,277.3,23.9,9,,2020-02-07T07:05:16,2020-02-07T18:56:24,0.44,Clear,Clear conditions throughout the day.,clear-day,"65210099999,DNIB,NII0000DNIB,NIM00065210,DNMM,NII0000DNMM,65201099999,65100099999"
"Abeokuta, Ogun, Nigeria",2020-02-08,100.1,71.6,84.1,99.9,71.6,84.9,61.5,52.0,0.0,0,0.0,,0,0,18.1,13.9,178.6,1011.4,14.9,2.6,276.4,23.9,9,,2020-02-08T07:05:09,2020-02-08T18:56:37,0.47,Clear,Clear conditions throughout the day.,clear-day,"DNMM,NII0000DNMM,remote,65201099999"
"Abeokuta, Ogun, Nigeria",2020-02-09,95.0,75.2,83.9,107.5,75.2,90.5,74.9,76.2,0.0,0,0.0,,0,0,19.0,13.9,203.3,1012.4,16.7,3.9,259.4,22.6,9,,2020-02-09T07:05:02,2020-02-09T18:56:49,0.5,Clear,Clear conditions throughout the day.,clear-day,"65210099999,NIM00065210,DNMM,NII0000DNMM,65201099999,NIM00065208,65208099999"
"Abeokuta, Ogun, Nigeria",2020-02-10,95.0,78.8,85.1,110.4,78.8,94.4,77.9,80.9,0.0,0,0.0,,0,0,15.0,9.2,71.0,1012.8,26.5,3.7,226.1,19.6,8,,2020-02-10T07:04:53,2020-02-10T18:57:01,0.54,Partially cloudy,Partly cloudy throughout the day.,partly-cloudy-day,"65210099999,DNIB,NII0000DNIB,NIM00065210,DNMM,NII0000DNMM,65201099999,65100099999"
"Abeokuta, Ogun, Nigeria",2020-02-11,96.8,78.6,85.8,96.6,78.6,88.4,67.9,61.9,0.0,0,0.0,,0,0,15.0,9.2,32.8,1012.4,12.6,1.9,278.7,24.2,10,,2020-02-11T07:04:44,2020-02-11T18:57:12,0.57,Clear,Clear conditions throughout the day.,clear-day,"DNIB,NII0000DNIB,DNMM,NII0000DNMM,65201099999,65100099999"
"Abeokuta, Ogun, Nigeria",2020-02-12,97.2,75.2,84.4,95.6,75.2,84.3,57.6,43.9,0.0,0,0.0,,0,0,19.9,16.1,75.9,1012.0,11.7,1.0,286.3,24.7,10,,2020-02-12T07:04:33,2020-02-12T18:57:22,0.61,Clear,Clear conditions throughout the day.,clear-day,"65210099999,DNIB,NII0000DNIB,NIM00065210,DNMM,NII0000DNMM,65201099999,65100099999"
"Abeokuta, Ogun, Nigeria",2020-02-13,95.9,76.0,83.9,95.4,76.0,83.8,58.8,45.4,0.0,0,0.0,,0,0,13.9,13.9,92.9,1011.6,10.4,0.6,285.9,24.7,10,,2020-02-13T07:04:22,2020-02-13T18:57:31,0.64,Clear,Clear conditions throughout the day.,fog,"65210099999,DNIB,NII0000DNIB,NIM00065210,DNMM,NII0000DNMM,65201099999,65100099999,NIM00065208,65208099999"
"Abeokuta, Ogun, Nigeria",2020-02-14,98.7,74.2,84.8,97.1,74.2,85.4,61.5,50.5,0.0,0,0.0,,0,0,13.6,9.5,116.1,1009.9,14.2,0.8,287.4,24.8,10,,2020-02-14T07:04:10,2020-02-14T18:57:40,0.68,Clear,Clear conditions throughout the day.,clear-day,"65210099999,DNIB,65213099999,NIM00065213,NII0000DNIB,DNMM,NII0000DNMM,65201099999,NIM00065208,65100099999,65208099999"
"Abeokuta, Ogun, Nigeria",2020-02-15,96.8,77.0,84.7,107.5,77.0,90.8,74.7,74.5,0.0,0,0.0,,0,0,18.3,13.9,215.8,1009.8,12.5,1.1,283.2,24.6,10,,2020-02-15T07:03:57,2020-02-15T18:57:48,0.75,Clear,Clear conditions throughout the day.,clear-day,"DNIB,NII0000DNIB,DNMM,NII0000DNMM,65201099999,65100099999,NIM00065208,65208099999"
"Abeokuta, Ogun, Nigeria",2020-02-16,96.6,77.2,84.6,107.5,77.2,91.2,75.3,76.0,0.0,0,0.0,,0,0,19.0,10.8,212.3,1010.6,14.1,1.4,276.7,23.9,10,,2020-02-16T07:03:44,2020-02-16T18:57:56,0.75,Clear,Clear conditions throughout the day.,clear-day,"DNIB,NII0000DNIB,DNMM,NII0000DNMM,65201099999,NIM00065208,65100099999,65208099999"
"Abeokuta, Ogun, Nigeria",2020-02-17,95.6,78.6,85.1,107.9,78.6,93.6,76.6,77.5,0.0,0,0.0,,0,0,23.3,11.4,221.7,1011.1,20.7,2.5,265.8,22.9,9,,2020-02-17T07:03:29,2020-02-17T18:58:03,0.78,Partially cloudy,Partly cloudy throughout the day.,partly-cloudy-day,"65210099999,DNIB,NII0000DNIB,NIM00065210,DNMM,NIM00065203,NII0000DNMM,65201099999,65100099999,NIM00065208,65208099999"
"Abeokuta, Ogun, Nigeria",2020-02-18,95.0,79.8,85.8,110.1,79.8,96.9,78.2,79.4,0.0,0,0.0,,0,0,25.9,13.9,224.8,1011.6,21.9,3.1,236.5,20.4,8,,2020-02-18T07:03:14,2020-02-18T18:58:09,0.82,Partially cloudy,Partly cloudy throughout the day.,partly-cloudy-day,"65210099999,DNIB,NII0000DNIB,DNMM,NII0000DNMM,65201099999,65100099999,NIM00065208,65208099999"
"Abeokuta, Ogun, Nigeria",2020-02-19,96.8,77.0,86.2,112.5,77.0,97.4,77.8,78.3,0.0,0,0.0,,0,0,20.8,15.0,217.7,1010.2,24.9,4.1,255.7,22.2,9,,2020-02-19T07:02:58,2020-02-19T18:58:15,0.85,Partially cloudy,Partly cloudy throughout the day.,partly-cloudy-day,"65210099999,DNIB,NIM00065202,NII0000DNIB,NIM00065210,DNMM,NII0000DNMM,65201099999,65100099999"
"Abeokuta, Ogun, Nigeria",2020-02-20,96.8,80.6,87.0,115.4,88.2,100.0,78.6,77.6,0.0,0,0.0,,0,0,20.1,15.0,205.4,1009.0,22.4,4.4,260.8,22.7,9,,2020-02-20T07:02:41,2020-02-20T18:58:20,0.89,Partially cloudy,Partly cloudy throughout the day.,partly-cloudy-day,"65210099999,NIM00065210,DNMM,NII0000DNMM,65201099999"
"Abeokuta, Ogun, Nigeria",2020-02-21,97.3,80.6,86.9,107.9,88.2,98.1,77.3,75.6,0.0,0,0.0,,0,0,24.8,11.4,214.2,1009.1,18.6,4.4,271.0,23.5,9,,2020-02-21T07:02:23,2020-02-21T18:58:24,0.92,Clear,Clear conditions throughout the day.,clear-day,"65210099999,DNIB,NII0000DNIB,NIM00065210,DNMM,NII0000DNMM,65201099999,NIM00065208,65100099999,65208099999"
"Abeokuta, Ogun, Nigeria",2020-02-22,100.1,82.2,87.5,114.9,93.2,101.5,79.1,78.4,0.0,0,0.0,,0,0,22.8,10.3,253.5,1009.8,32.3,4.9,249.9,21.5,9,,2020-02-22T07:02:05,2020-02-22T18:58:28,0.96,Partially cloudy,Partly cloudy throughout the day.,partly-cloudy-day,"65210099999,DNIB,NII0000DNIB,NIM00065210,DNMM,NII0000DNMM,remote,65201099999,65100099999"
"Abeokuta, Ogun, Nigeria",2020-02-23,96.8,80.6,87.2,115.4,87.2,100.3,78.6,77.1,0.0,0,0.0,,0,0,19.0,15.0,251.5,1010.6,32.0,5.2,259.0,22.4,9,,2020-02-23T07:01:46,2020-02-23T18:58:31,0.0,Partially cloudy,Partly cloudy throughout the day.,partly-cloudy-day,"65210099999,DNIB,NII0000DNIB,NIM00065210,DNMM,NII0000DNMM,65201099999,NIM00065208,65100099999,65208099999"
"Abeokuta, Ogun, Nigeria",2020-02-24,97.6,82.4,87.8,115.4,94.0,100.5,78.0,75.4,0.0,0,0.0,,0,0,20.1,13.9,251.9,1010.5,21.6,4.9,270.2,23.3,10,,2020-02-24T07:01:27,2020-02-24T18:58:34,0.03,Partially cloudy,Partly cloudy throughout the day.,partly-cloudy-day,"DNIB,NII0000DNIB,DNMM,NII0000DNMM,65201099999,65100099999,NIM00065208,65208099999"
"Abeokuta, Ogun, Nigeria",2020-02-25,96.8,81.0,87.4,107.9,89.2,97.2,75.1,71.4,0.0,0,0.0,,0,0,20.1,13.9,285.9,1010.2,22.5,4.6,283.0,24.6,10,,2020-02-25T07:01:06,2020-02-25T18:58:36,0.06,Partially cloudy,Partly cloudy throughout the day.,partly-cloudy-day,"65210099999,DNIB,NII0000DNIB,DNMM,NII0000DNMM,remote,65201099999,65100099999,NIM00065208,65208099999"
"Abeokuta, Ogun, Nigeria",2020-02-26,94.3,79.8,85.6,108.2,79.8,95.3,77.3,77.9,0.0,0,0.0,,0,0,19.0,10.2,233.0,1009.7,32.1,5.1,231.0,20.0,8,,2020-02-26T07:00:45,2020-02-26T18:58:38,0.09,Partially cloudy,Partly cloudy throughout the day.,partly-cloudy-day,"DNIB,NII0000DNIB,DNMM,remote,NII0000DNMM,65201099999,NIM00065208,65100099999,65208099999"
"Abeokuta, Ogun, Nigeria",2020-02-27,96.1,80.6,86.9,110.2,87.2,97.9,77.1,74.3,0.02,100,4.17,rain,0,0,17.7,10.3,226.8,1010.1,29.8,5.3,242.2,20.9,9,,2020-02-27T07:00:24,2020-02-27T18:58:39,0.13,"Rain, Partially cloudy",Partly cloudy throughout the day with late afternoon rain.,rain,"65210099999,DNIB,NII0000DNIB,NIM00065210,DNMM,NII0000DNMM,remote,65201099999,65100099999,NIM00065208,65208099999"
"Abeokuta, Ogun, Nigeria",2020-02-28,96.6,76.5,85.3,112.9,76.5,95.0,76.8,77.5,0.0,0,0.0,,0,0,17.7,9.2,263.3,1010.8,32.4,5.1,228.6,19.9,8,,2020-02-28T07:00:02,2020-02-28T18:58:40,0.16,Partially cloudy,Partly cloudy throughout the day.,partly-cloudy-day,"65210099999,DNIB,NII0000DNIB,NIM00065210,DNMM,NII0000DNMM,65201099999,65100099999,NIM00065208,65208099999"
"Abeokuta, Ogun, Nigeria",2020-02-29,94.4,79.6,86.0,113.7,79.6,98.4,78.9,80.3,0.0,0,0.0,,0,0,23.3,13.5,246.9,1010.0,29.8,4.8,244.7,21.2,9,,2020-02-29T06:59:39,2020-02-29T18:58:40,0.19,Partially cloudy,Partly cloudy throughout the day.,partly-cloudy-day,"65210099999,DNIB,NII0000DNIB,NIM00065210,DNMM,NII0000DNMM,65201099999,65100099999,NIM00065208,65208099999"
"Abeokuta, Ogun, Nigeria",2020-03-01,95.4,82.4,86.9,111.0,94.3,101.0,79.4,79.7,0.0,0,0.0,,0,0,24.8,15.6,226.0,1010.4,38.2,5.6,204.4,17.6,8,,2020-03-01T06:59:16,2020-03-01T18:58:40,0.23,Partially cloudy,Partly cloudy throughout the day.,partly-cloudy-day,"65210099999,DNIB,NII0000DNIB,NIM00065210,DNMM,NII0000DNMM,65201099999,NIM00065208,65100099999,65208099999"
"Abeokuta, Ogun, Nigeria",2020-03-02,95.0,81.6,86.7,112.9,91.0,100.2,79.1,79.5,0.0,0,0.0,,0,0,19.5,11.4,217.0,1011.9,37.7,5.9,178.2,15.6,7,,2020-03-02T06:58:52,2020-03-02T18:58:39,0.25,Partially cloudy,Partly cloudy throughout the day.,partly-cloudy-day,"DNIB,NII0000DNIB,DNMM,NII0000DNMM,remote,65201099999,NIM00065208,65100099999,65208099999"
"Abeokuta, Ogun, Nigeria",2020-03-03,93.0,73.4,82.1,105.2,73.4,87.8,75.1,80.8,0.394,100,8.33,rain,0,0,26.4,17.2,200.9,1013.1,29.4,5.6,222.4,19.3,9,,2020-03-03T06:58:28,2020-03-03T18:58:38,0.29,"Rain, Partially cloudy",Partly cloudy throughout the day with rain clearing later.,rain,"DNIB,NII0000DNIB,DNMM,NII0000DNMM,65201099999,65100099999,NIM00065208,65208099999"
"Abeokuta, Ogun, Nigeria",2020-03-04,95.0,78.8,85.4,116.2,78.8,95.9,78.1,79.9,0.0,0,0.0,,0,0,17.7,13.9,228.2,1012.5,35.7,6.1,185.5,16.0,7,,2020-03-04T06:58:03,2020-03-04T18:58:36,0.33,Partially cloudy,Partly cloudy throughout the day.,partly-cloudy-day,"65210099999,DNIB,NII0000DNIB,NIM00065210,DNMM,NII0000DNMM,65201099999,65100099999,NIM00065208,65208099999"
"Abeokuta, Ogun, Nigeria",2020-03-05,95.0,80.6,86.6,116.2,88.2,99.6,78.7,78.9,0.0,0,0.0,,0,0,22.8,11.0,232.4,1011.1,33.0,6.2,201.1,17.5,9,,2020-03-05T06:57:37,2020-03-05T18:58:34,0.36,Partially cloudy,Partly cloudy throughout the day.,partly-cloudy-day,"65210099999,DNIB,NII0000DNIB,NIM00065210,DNMM,NII0000DNMM,65201099999,65100099999,NIM00065208,65208099999"
"Abeokuta, Ogun, Nigeria",2020-03-06,95.0,76.0,83.5,114.6,76.0,92.1,77.9,84.2,0.118,100,4.17,rain,0,0,34.2,16.1,253.6,1010.3,39.1,5.5,195.6,16.8,8,,2020-03-06T06:57:12,2020-03-06T18:58:32,0.39,"Rain, Partially cloudy",Partly cloudy throughout the day with late afternoon rain.,rain,"DNIB,NII0000DNIB,DNMM,NII0000DNMM,65201099999,65100099999"
"Abeokuta, Ogun, Nigeria",2020-03-07,97.3,78.1,83.8,113.4,78.1,90.3,76.7,80.6,0.0,0,0.0,,0,0,19.5,11.4,226.2,1010.4,28.4,5.8,185.0,16.0,8,,2020-03-07T06:56:45,2020-03-07T18:58:29,0.42,Partially cloudy,Partly cloudy throughout the day.,partly-cloudy-day,"65210099999,DNIB,NII0000DNIB,DNMM,NII0000DNMM,65201099999,NIM00065208,65100099999,65208099999"
"Abeokuta, Ogun, Nigeria",2020-03-08,95.0,80.0,85.8,107.6,85.9,95.2,76.3,75.0,0.0,0,0.0,,0,0,16.8,10.3,209.5,1011.0,29.6,6.2,199.6,17.4,7,,2020-03-08T06:56:19,2020-03-08T18:58:26,0.46,Partially cloudy,Partly cloudy throughout the day.,partly-cloudy-day,"65210099999,DNIB,NII0000DNIB,NIM00065210,DNMM,NII0000DNMM,65201099999,NIM00065208,65100099999,65208099999"
"Abeokuta, Ogun, Nigeria",2020-03-09,96.0,80.4,86.8,109.3,86.8,98.1,77.5,75.4,0.035,100,4.17,rain,0,0,22.4,15.0,218.6,1009.9,33.5,6.2,250.0,21.6,9,,2020-03-09T06:55:52,2020-03-09T18:58:22,0.5,"Rain, Partially cloudy",Partly cloudy throughout the day with afternoon rain.,rain,"DNIB,NII0000DNIB,DNMM,NII0000DNMM,remote,65201099999,65100099999,NIM00065208,65208099999"
"Abeokuta, Ogun, Nigeria",2020-03-10,94.6,80.4,86.5,114.6,87.0,99.6,78.8,79.0,0.0,0,0.0,,0,0,17.9,14.1,224.6,1009.6,34.8,6.1,247.8,21.3,9,,2020-03-10T06:55:25,2020-03-10T18:58:18,0.52,Partially cloudy,Partly cloudy throughout the day.,partly-cloudy-day,"DNIB,NII0000DNIB,DNMM,NII0000DNMM,65201099999,NIM00065208,65100099999,65208099999"
"Abeokuta, Ogun, Nigeria",2020-03-11,94.9,80.0,85.9,113.2,85.7,98.6,79.0,81.1,0.078,100,16.67,rain,0,0,20.8,19.7,226.7,1009.3,45.3,6.0,219.6,19.0,9,,2020-03-11T06:54:57,2020-03-11T18:58:14,0.56,"Rain, Partially cloudy",Partly cloudy throughout the day with afternoon rain.,rain,"65210099999,DNIB,NII0000DNIB,NIM00065210,DNMM,NII0000DNMM,65201099999,65100099999,NIM00065208,65208099999"
"Abeokuta, Ogun, Nigeria",2020-03-12,94.3,75.0,83.3,111.4,75.0,91.0,76.7,81.9,0.236,100,4.17,rain,0,0,51.9,11.0,220.7,1009.6,36.5,5.8,221.5,19.2,9,,2020-03-12T06:54:29,2020-03-12T18:58:10,0.59,"Rain, Partially cloudy",Partly cloudy throughout the day with early morning rain.,rain,"65210099999,DNIB,NII0000DNIB,NIM00065210,DNMM,NIM00065203,NII0000DNMM,65201099999,NIM00065208,65100099999,65208099999"
"Abeokuta, Ogun, Nigeria",2020-03-13,95.0,79.2,84.8,112.9,79.2,95.3,78.0,80.8,0.056,100,29.17,rain,0,0,19.2,17.0,203.0,1009.8,48.7,5.9,218.0,18.7,8,,2020-03-13T06:54:01,2020-03-13T18:58:06,0.63,"Rain, Partially cloudy",Partly cloudy throughout the day with rain in the morning and afternoon.,rain,"65210099999,DNIB,NII0000DNIB,DNMM,NII0000DNMM,remote,65201099999,65100099999,NIM00065208,65208099999"
"Abeokuta, Ogun, Nigeria",2020-03-14,91.8,76.9,83.8,106.8,76.9,92.5,77.3,81.9,0.472,100,4.17,rain,0,0,14.5,9.2,245.8,1010.6,40.1,6.0,218.9,18.9,8,,2020-03-14T06:53:32,2020-03-14T18:58:01,0.66,"Rain, Partially cloudy",Partly cloudy throughout the day with morning rain.,rain,"65210099999,DNIB,NII0000DNIB,DNMM,NII0000DNMM,65201099999,65100099999,NIM00065208,65208099999"
"Abeokuta, Ogun, Nigeria",2020-03-15,93.6,79.4,85.4,110.5,79.4,94.8,77.3,78.3,0.0,0,0.0,,0,0,21.9,11.9,234.0,1009.8,37.2,6.2,261.6,22.7,9,,2020-03-15T06:53:03,2020-03-15T18:57:56,0.7,Partially cloudy,Partly cloudy throughout the day.,partly-cloudy-day,"65210099999,DNIB,NII0000DNIB,NIM00065210,DNMM,NII0000DNMM,remote,65201099999,NIM00065208,65100099999,65208099999"
"Abeokuta, Ogun, Nigeria",2020-03-16,94.9,80.4,86.0,110.5,87.5,98.4,78.7,80.2,0.0,0,0.0,,0,0,22.1,15.0,215.9,1009.3,32.1,5.9,281.3,24.4,10,,2020-03-16T06:52:34,2020-03-16T18:57:50,0.75,Partially cloudy,Partly cloudy throughout the day.,partly-cloudy-day,"65210099999,DNIB,NII0000DNIB,NIM00065210,DNMM,NII0000DNMM,65201099999,NIM00065208,65100099999,65208099999"
"Abeokuta, Ogun, Nigeria",2020-03-17,95.0,80.6,86.2,112.9,87.8,98.6,78.7,79.7,0.0,0,0.0,,0,0,19.2,15.0,232.9,1009.7,32.9,6.0,256.7,22.3,9,,2020-03-17T06:52:05,2020-03-17T18:57:45,0.76,Partially cloudy,Partly cloudy throughout the day.,partly-cloudy-day,"65210099999,DNIB,NII0000DNIB,NIM00065210,DNMM,NII0000DNMM,65201099999,65100099999,NIM00065208,65208099999"
"Abeokuta, Ogun, Nigeria",2020-03-18,95.0,81.6,86.2,110.3,90.4,98.4,78.4,79.0,0.0,0,0.0,,0,0,23.0,15.0,245.5,1010.3,37.1,6.2,252.2,21.7,9,,2020-03-18T06:51:36,2020-03-18T18:57:39,0.8,Partially cloudy,Partly cloudy throughout the day.,partly-cloudy-day,"65210099999,DNIB,NII0000DNIB,NIM00065210,DNMM,NII0000DNMM,65201099999,65100099999,NIM00065208,65208099999"
"Abeokuta, Ogun, Nigeria",2020-03-19,93.2,80.3,85.6,107.6,85.8,97.5,78.4,80.2,0.0,0,0.0,,0,0,24.6,12.7,241.9,1010.8,35.9,6.2,237.0,20.6,9,,2020-03-19T06:51:06,2020-03-19T18:57:34,0.83,Partially cloudy,Partly cloudy throughout the day.,partly-cloudy-day,"65210099999,DNIB,NII0000DNIB,NIM00065210,DNMM,NII0000DNMM,65201099999,65100099999,NIM00065208,65208099999"
"Abeokuta, Ogun, Nigeria",2020-03-20,91.4,80.1,84.7,106.8,86.2,95.6,78.1,81.5,0.0,0,0.0,,0,0,21.3,15.0,240.5,1011.0,38.8,6.1,241.5,21.0,9,,2020-03-20T06:50:37,2020-03-20T18:57:28,0.87,Partially cloudy,Partly cloudy throughout the day.,partly-cloudy-day,"65210099999,DNIB,NII0000DNIB,NIM00065210,DNMM,NII0000DNMM,65201099999,65100099999"
"Abeokuta, Ogun, Nigeria",2020-03-21,94.0,80.6,85.3,107.6,88.2,96.4,78.3,81.1,0.004,100,4.17,rain,0,0,19.7,19.7,220.9,1010.4,42.9,6.3,216.4,18.8,8,,2020-03-21T06:50:07,2020-03-21T18:57:22,0.9,"Rain, Partially cloudy",Partly cloudy throughout the day with morning rain.,rain,"65210099999,DNIB,NII0000DNIB,NIM00065210,DNMM,NII0000DNMM,remote,65201099999,NIM00065208,65100099999,65208099999"
"Abeokuta, Ogun, Nigeria",2020-03-22,92.0,79.7,85.1,105.6,79.7,95.0,77.6,79.7,0.0,0,0.0,,0,0,23.5,13.2,217.9,1010.2,32.4,6.2,258.4,22.5,10,,2020-03-22T06:49:37,2020-03-22T18:57:16,0.93,Partially cloudy,Partly cloudy throughout the day.,partly-cloudy-day,"65210099999,DNIB,NII0000DNIB,DNMM,NII0000DNMM,65201099999,NIM00065208,65100099999,65208099999"
"Abeokuta, Ogun, Nigeria",2020-03-23,90.2,79.9,84.1,102.4,79.9,94.2,77.9,82.4,0.0,0,0.0,,0,0,21.5,9.6,252.6,1010.8,41.3,6.2,148.4,12.9,6,,2020-03-23T06:49:07,2020-03-23T18:57:10,0.97,Partially cloudy,Partly cloudy throughout the day.,partly-cloudy-day,"DNIB,NII0000DNIB,DNMM,NII0000DNMM,remote,65201099999,65100099999,NIM00065208,65208099999"
"Abeokuta, Ogun, Nigeria",2020-03-24,84.6,73.4,79.0,92.5,73.4,82.4,74.8,87.4,0.552,100,8.33,rain,0,0,21.0,8.1,257.9,1012.0,30.9,5.4,86.2,7.6,4,,2020-03-24T06:48:37,2020-03-24T18:57:04,0.0,"Rain, Partially cloudy",Partly cloudy throughout the day with rain.,rain,"65210099999,DNIB,NII0000DNIB,NIM00065210,DNMM,NII0000DNMM,65201099999,NIM00065208,65100099999,65208099999"
"Abeokuta, Ogun, Nigeria",2020-03-25,91.4,76.3,81.5,104.5,76.3,85.9,75.2,82.0,0.0,0,0.0,,0,0,19.5,13.9,231.3,1011.8,34.5,6.1,160.4,13.7,5,,2020-03-25T06:48:07,2020-03-25T18:56:57,0.04,Partially cloudy,Partly cloudy throughout the day.,partly-cloudy-day,"DNIB,NII0000DNIB,DNMM,NII0000DNMM,65201099999,65100099999,NIM00065208,65208099999"
"Abeokuta, Ogun, Nigeria",2020-03-26,91.4,76.3,83.1,105.2,76.3,89.6,76.2,81.1,0.0,0,0.0,,0,0,23.0,9.8,204.2,1010.4,29.5,6.2,241.7,20.9,9,,2020-03-26T06:47:37,2020-03-26T18:56:51,0.07,Partially cloudy,Partly cloudy throughout the day.,partly-cloudy-day,"65210099999,DNIB,NII0000DNIB,NIM00065210,DNMM,NIM00065203,NII0000DNMM,remote,65201099999,NIM00065208,65100099999,65208099999"
"Abeokuta, Ogun, Nigeria",2020-03-27,91.5,80.4,84.1,108.4,87.2,95.2,78.6,84.3,0.0,0,0.0,,0,0,16.8,9.2,224.7,1010.9,38.7,6.2,230.5,20.0,9,,2020-03-27T06:47:07,2020-03-27T18:56:45,0.1,Partially cloudy,Partly cloudy throughout the day.,partly-cloudy-day,"65210099999,NIM00065210,DNMM,NII0000DNMM,65201099999"
"Abeokuta, Ogun, Nigeria",2020-03-28,93.2,78.6,84.1,107.6,78.6,92.6,77.1,80.6,0.0,0,0.0,,0,0,17.0,12.8,228.8,1010.9,34.1,6.2,269.0,23.1,9,,2020-03-28T06:46:37,2020-03-28T18:56:39,0.14,Partially cloudy,Partly cloudy throughout the day.,partly-cloudy-day,"65210099999,DNIB,NII0000DNIB,NIM00065210,DNMM,NII0000DNMM,65201099999,NIM00065208,65100099999,65208099999"
"Abeokuta, Ogun, Nigeria",2020-03-29,93.5,79.1,85.1,105.9,79.1,93.8,76.9,77.8,0.0,0,0.0,,0,0,21.3,11.4,228.5,1010.2,33.4,6.1,267.4,23.0,9,,2020-03-29T06:46:07,2020-03-29T18:56:33,0.17,Partially cloudy,Partly cloudy throughout the day.,partly-cloudy-day,"65210099999,DNIB,NII0000DNIB,DNMM,NII0000DNMM,65201099999,65100099999,NIM00065208,65208099999"
"Abeokuta, Ogun, Nigeria",2020-03-30,93.2,79.4,84.7,110.5,79.4,94.5,77.9,81.1,0.0,0,0.0,,0,0,21.0,16.1,222.2,1009.3,37.4,6.2,263.1,22.8,9,,2020-03-30T06:45:38,2020-03-30T18:56:26,0.21,Partially cloudy,Partly cloudy throughout the day.,partly-cloudy-day,"DNIB,65213099999,NIM00065213,NII0000DNIB,DNMM,NII0000DNMM,remote,65201099999,65100099999,NIM00065208"
"Abeokuta, Ogun, Nigeria",2020-03-31,92.5,80.1,85.3,108.2,86.4,96.5,78.3,80.7,0.0,0,0.0,,0,0,19.7,9.9,228.5,1009.7,42.4,6.2,267.2,23.2,9,,2020-03-31T06:45:08,2020-03-31T18:56:20,0.24,Partially cloudy,Partly cloudy throughout the day.,partly-cloudy-day,"DNIB,NII0000DNIB,DNMM,NII0000DNMM,remote,65201099999,NIM00065208,65100099999,65208099999"
"Abeokuta, Ogun, Nigeria",2020-04-01,91.4,76.4,82.4,102.7,76.4,88.3,75.8,81.8,0.354,100,4.17,rain,0,0,40.3,17.2,181.2,1010.8,34.4,5.9,231.7,20.0,9,,2020-04-01T06:44:38,2020-04-01T18:56:14,0.25,"Rain, Partially cloudy",Partly cloudy throughout the day with morning rain.,rain,"DNIB,NII0000DNIB,DNMM,NII0000DNMM,remote,65201099999,65100099999"
"Abeokuta, Ogun, Nigeria",2020-04-02,91.4,76.3,83.7,105.3,76.3,91.6,76.9,81.2,0.0,0,0.0,,0,0,21.7,15.0,207.5,1010.5,32.5,5.9,266.8,23.2,10,,2020-04-02T06:44:09,2020-04-02T18:56:09,0.31,Partially cloudy,Partly cloudy throughout the day.,partly-cloudy-day,"DNIB,NIM00065202,NII0000DNIB,DNMM,NII0000DNMM,65201099999,NIM00065208,65100099999,65208099999"
"Abeokuta, Ogun, Nigeria",2020-04-03,93.2,79.9,85.5,106.5,79.9,95.2,76.9,76.8,0.0,0,0.0,,0,0,21.9,15.4,225.0,1010.5,28.6,6.4,274.4,23.9,9,,2020-04-03T06:43:40,2020-04-03T18:56:03,0.34,Partially cloudy,Partly cloudy throughout the day.,partly-cloudy-day,"65210099999,DNIB,NIM00065202,NIM00065213,NII0000DNIB,NIM00065210,DNMM,NII0000DNMM,65100099999,NIM00065208,65208099999,65213099999,65201099999"
"Abeokuta, Ogun, Nigeria",2020-04-04,87.9,68.0,80.5,100.0,68.0,86.1,75.4,85.5,0.004,100,4.17,rain,0,0,22.1,19.7,203.5,1011.9,32.2,5.7,152.4,13.3,6,,2020-04-04T06:43:11,2020-04-04T18:55:57,0.38,"Rain, Partially cloudy",Partly cloudy throughout the day with afternoon rain.,rain,"DNMM,NII0000DNMM,65201099999"
"Abeokuta, Ogun, Nigeria",2020-04-05,97.8,76.8,84.5,113.3,76.8,92.1,76.8,79.4,0.154,100,4.17,rain,0,0,19.7,11.3,194.3,1010.9,35.7,6.2,296.1,25.6,10,,2020-04-05T06:42:42,2020-04-05T18:55:52,0.41,"Rain, Partially cloudy",Partly cloudy throughout the day with early morning rain.,rain,"DNIB,NII0000DNIB,DNMM,NII0000DNMM,remote,65201099999,65100099999,NIM00065208,65208099999"
"Abeokuta, Ogun, Nigeria",2020-04-06,92.8,78.2,81.8,112.5,78.2,88.0,76.9,85.4,0.008,100,8.33,rain,0,0,46.1,46.1,175.4,1011.9,44.8,6.2,201.5,17.5,7,,2020-04-06T06:42:13,2020-04-06T18:55:47,0.44,"Rain, Partially cloudy",Partly cloudy throughout the day with rain clearing later.,rain,"65210099999,DNIB,NIM00065202,NII0000DNIB,NIM00065210,DNMM,remote,NII0000DNMM,65201099999,65100099999"
"Abeokuta, Ogun, Nigeria",2020-04-07,95.0,77.0,84.1,110.1,77.0,90.8,76.0,78.2,0.0,0,0.0,,0,0,18.6,10.7,210.9,1011.0,36.4,6.7,275.4,23.9,10,,2020-04-07T06:41:45,2020-04-07T18:55:41,0.48,Partially cloudy,Clearing in the afternoon.,partly-cloudy-day,"65210099999,DNIB,NIM00065213,NII0000DNIB,NIM00065210,DNMM,NIM00065203,NII0000DNMM,remote,65100099999,NIM00065208,65208099999,65213099999,65201099999"
"Abeokuta, Ogun, Nigeria",2020-04-08,91.4,77.1,84.1,107.9,77.1,94.5,78.2,83.0,0.008,100,4.17,rain,0,0,20.8,10.3,213.2,1010.7,40.6,6.0,254.8,22.2,9,,2020-04-08T06:41:17,2020-04-08T18:55:37,0.5,"Rain, Partially cloudy",Partly cloudy throughout the day with late afternoon rain.,rain,"DNIB,65213099999,NIM00065213,NII0000DNIB,DNMM,NII0000DNMM,65201099999,NIM00065208,65100099999,65208099999"
"Abeokuta, Ogun, Nigeria",2020-04-09,95.0,80.0,86.0,110.1,85.9,96.8,77.5,77.3,0.0,0,0.0,,0,0,21.0,18.3,223.5,1010.6,34.2,6.2,269.3,23.2,9,,2020-04-09T06:40:49,2020-04-09T18:55:32,0.55,Partially cloudy,Partly cloudy throughout the day.,partly-cloudy-day,"65210099999,DNIB,NII0000DNIB,NIM00065210,DNMM,NII0000DNMM,65201099999,65100099999"
"Abeokuta, Ogun, Nigeria",2020-04-10,90.8,78.9,83.2,101.4,78.9,91.0,76.0,79.6,0.0,0,0.0,,0,0,16.3,13.9,13.3,1011.2,25.6,5.9,241.7,20.9,9,,2020-04-10T06:40:21,2020-04-10T18:55:27,0.58,Partially cloudy,Partly cloudy throughout the day.,partly-cloudy-day,"DNIB,NII0000DNIB,DNMM,NII0000DNMM,remote,65201099999,65100099999,NIM00065208,65208099999"
"Abeokuta, Ogun, Nigeria",2020-04-11,92.2,78.8,84.6,111.0,78.8,93.8,77.1,79.1,0.0,0,0.0,,0,0,18.8,13.2,184.6,1011.7,28.0,5.9,247.8,21.3,9,,2020-04-11T06:39:54,2020-04-11T18:55:23,0.61,Partially cloudy,Partly cloudy throughout the day.,partly-cloudy-day,"DNIB,NII0000DNIB,DNMM,NII0000DNMM,65201099999,65100099999,NIM00065208,65208099999"
"Abeokuta, Ogun, Nigeria",2020-04-12,95.0,79.2,86.1,110.6,79.2,97.5,77.8,77.2,0.0,0,0.0,,0,0,20.8,13.9,205.7,1011.6,35.1,6.2,240.0,20.6,9,,2020-04-12T06:39:27,2020-04-12T18:55:19,0.65,Partially cloudy,Partly cloudy throughout the day.,partly-cloudy-day,"65210099999,65213099999,NIM00065213,NIM00065210,DNMM,NIM00065203,NII0000DNMM,65201099999,NIM00065208,65208099999"
"Abeokuta, Ogun, Nigeria",2020-04-13,92.9,80.9,86.0,105.2,88.0,96.8,77.3,76.5,0.0,0,0.0,,0,0,19.5,13.0,212.6,1010.9,33.6,5.9,212.9,18.4,7,,2020-04-13T06:39:01,2020-04-13T18:55:16,0.68,Partially cloudy,Partly cloudy throughout the day.,partly-cloudy-day,"DNIB,NII0000DNIB,DNMM,NII0000DNMM,65201099999,65100099999,NIM00065208,65208099999"
"Abeokuta, Ogun, Nigeria",2020-04-14,93.3,80.0,86.1,110.5,80.0,97.2,77.8,77.4,0.0,0,0.0,,0,0,18.6,17.2,220.1,1010.4,35.8,5.1,247.6,21.5,9,,2020-04-14T06:38:35,2020-04-14T18:55:12,0.75,Partially cloudy,Partly cloudy throughout the day.,partly-cloudy-day,"DNMM,NII0000DNMM,remote,65201099999,NIM00065208,65208099999"
"Abeokuta, Ogun, Nigeria",2020-04-15,95.0,82.2,86.8,110.1,92.3,99.4,78.4,77.3,0.0,0,0.0,,0,0,21.7,11.4,225.5,1010.6,31.2,5.2,258.9,22.4,9,,2020-04-15T06:38:09,2020-04-15T18:55:09,0.75,Partially cloudy,Partly cloudy throughout the day.,partly-cloudy-day,"DNMM,NII0000DNMM,remote,65201099999"
"Abeokuta, Ogun, Nigeria",2020-04-16,98.3,82.0,87.4,115.5,91.5,101.1,78.8,77.3,0.0,0,0.0,,0,0,23.5,10.3,241.2,1009.4,32.8,5.8,269.0,23.2,9,,2020-04-16T06:37:44,2020-04-16T18:55:06,0.78,Partially cloudy,Partly cloudy throughout the day.,partly-cloudy-day,"DNIB,NIM00065202,NII0000DNIB,DNMM,NII0000DNMM,remote,65201099999,65100099999,NIM00065208,65208099999"
"Abeokuta, Ogun, Nigeria",2020-04-17,93.2,80.1,85.7,110.5,85.7,98.1,78.3,79.1,0.0,0,0.0,,0,0,24.4,11.4,222.7,1009.6,51.0,6.2,197.0,17.0,7,,2020-04-17T06:37:19,2020-04-17T18:55:04,0.81,Partially cloudy,Partly cloudy throughout the day.,partly-cloudy-day,"65210099999,DNIB,NII0000DNIB,NIM00065210,DNMM,NII0000DNMM,remote,65201099999,65100099999"
"Abeokuta, Ogun, Nigeria",2020-04-18,93.3,80.6,86.3,109.4,87.4,98.0,77.9,77.3,0.0,0,0.0,,0,0,21.0,12.8,219.1,1010.9,40.1,6.0,214.0,18.5,8,,2020-04-18T06:36:54,2020-04-18T18:55:02,0.85,Partially cloudy,Partly cloudy throughout the day.,partly-cloudy-day,"DNIB,NIM00065202,NII0000DNIB,DNMM,NII0000DNMM,65201099999,65100099999,NIM00065208,65208099999"
"Abeokuta, Ogun, Nigeria",2020-04-19,87.8,80.1,83.9,102.5,86.6,94.6,78.2,83.2,0.0,0,0.0,,0,0,23.7,20.8,229.2,1013.2,43.0,6.1,194.3,16.8,8,,2020-04-19T06:36:30,2020-04-19T18:55:00,0.88,Partially cloudy,Partly cloudy throughout the day.,partly-cloudy-day,"DNMM,NII0000DNMM,65201099999,NIM00065208,65208099999"
"Abeokuta, Ogun, Nigeria",2020-04-20,95.0,78.6,84.7,107.5,78.6,93.3,76.8,78.4,0.0,0,0.0,,0,0,20.8,11.4,219.6,1012.8,31.7,6.2,246.2,21.3,9,,2020-04-20T06:36:07,2020-04-20T18:54:58,0.91,Partially cloudy,Partly cloudy throughout the day.,partly-cloudy-day,"DNMM,NII0000DNMM,65201099999"
"Abeokuta, Ogun, Nigeria",2020-04-21,94.4,78.8,85.2,111.7,78.8,96.0,78.2,80.9,0.0,0,0.0,,0,0,18.1,11.4,227.0,1011.3,32.2,6.0,276.1,23.7,10,,2020-04-21T06:35:44,2020-04-21T18:54:57,0.95,Partially cloudy,Partly cloudy throughout the day.,partly-cloudy-day,"DNIB,NII0000DNIB,DNMM,NII0000DNMM,65201099999,65100099999,NIM00065208,65208099999"
"Abeokuta, Ogun, Nigeria",2020-04-22,91.8,73.4,81.3,106.2,73.4,87.5,75.6,83.7,1.575,100,4.17,rain,0,0,33.3,28.9,222.6,1010.9,40.4,5.8,166.7,14.3,7,,2020-04-22T06:35:22,2020-04-22T18:54:57,0.98,"Rain, Partially cloudy",Partly cloudy throughout the day with morning rain.,rain,"65210099999,65213099999,DNIB,NIM00065213,NII0000DNIB,DNMM,NII0000DNMM,remote,65201099999,65100099999"
"Abeokuta, Ogun, Nigeria",2020-04-23,91.7,77.0,83.5,106.9,77.0,90.3,76.0,79.2,0.103,100,16.67,rain,0,0,23.7,12.8,210.3,1010.4,41.1,5.7,189.1,16.3,7,,2020-04-23T06:35:00,2020-04-23T18:54:56,0.0,"Rain, Partially cloudy",Becoming cloudy in the afternoon with afternoon rain.,rain,"DNIB,NII0000DNIB,DNMM,remote,NII0000DNMM,65201099999,65100099999,NIM00065208,65208099999"
"Abeokuta, Ogun, Nigeria",2020-04-24,93.3,80.0,85.5,110.5,85.9,97.2,78.4,80.5,0.004,100,4.17,rain,0,0,18.6,18.3,232.5,1010.6,29.3,6.2,254.8,22.0,8,,2020-04-24T06:34:38,2020-04-24T18:54:56,0.05,"Rain, Partially cloudy",Partly cloudy throughout the day with afternoon rain.,rain,"DNMM,NII0000DNMM,65201099999"
"Abeokuta, Ogun, Nigeria",2020-04-25,91.0,81.0,85.0,107.2,89.2,97.1,78.6,81.6,0.0,0,0.0,,0,0,22.4,11.4,256.0,1010.9,34.1,6.2,222.1,19.2,8,,2020-04-25T06:34:17,2020-04-25T18:54:57,0.08,Partially cloudy,Partly cloudy throughout the day.,partly-cloudy-day,"DNMM,NII0000DNMM,65201099999"
"Abeokuta, Ogun, Nigeria",2020-04-26,87.8,71.6,79.6,102.5,71.6,85.2,76.1,89.4,0.157,100,4.17,rain,0,0,23.9,6.6,256.5,1011.6,37.6,5.7,113.0,9.8,4,,2020-04-26T06:33:57,2020-04-26T18:54:58,0.12,"Rain, Partially cloudy",Partly cloudy throughout the day with afternoon rain.,rain,"65210099999,DNIB,NII0000DNIB,NIM00065210,DNMM,NII0000DNMM,remote,65201099999,65100099999"
"Abeokuta, Ogun, Nigeria",2020-04-27,91.4,75.8,83.2,105.2,75.8,90.1,76.3,80.7,0.004,100,4.17,rain,0,0,18.1,20.8,212.3,1012.7,33.8,6.2,209.0,18.1,8,,2020-04-27T06:33:38,2020-04-27T18:54:59,0.15,"Rain, Partially cloudy",Partly cloudy throughout the day with late afternoon rain.,rain,"65210099999,DNIB,NII0000DNIB,NIM00065210,DNMM,NII0000DNMM,remote,65201099999,NIM00065208,65100099999,65208099999"
"Abeokuta, Ogun, Nigeria",2020-04-28,92.2,71.6,81.3,104.1,71.6,86.5,74.1,80.4,0.157,100,4.17,rain,0,0,19.9,11.3,213.2,1012.7,30.2,5.9,247.4,21.3,9,,2020-04-28T06:33:18,2020-04-28T18:55:01,0.19,"Rain, Partially cloudy",Partly cloudy throughout the day with morning rain.,rain,"65210099999,DNIB,NII0000DNIB,NIM00065210,DNMM,NII0000DNMM,65201099999,65100099999,NIM00065208,65208099999"
"Abeokuta, Ogun, Nigeria",2020-04-29,89.6,73.4,83.0,105.3,73.4,91.1,77.5,84.2,0.118,100,4.17,rain,0,0,19.7,17.2,221.1,1013.3,37.2,6.0,197.8,17.1,7,,2020-04-29T06:33:00,2020-04-29T18:55:03,0.22,"Rain, Partially cloudy",Partly cloudy throughout the day with afternoon rain.,rain,"DNMM,NII0000DNMM,remote,65201099999"
"Abeokuta, Ogun, Nigeria",2020-04-30,87.8,75.2,80.7,102.5,75.2,85.2,75.8,85.6,0.118,100,4.17,rain,0,0,18.3,10.3,199.9,1013.7,36.8,6.2,209.1,18.1,7,,2020-04-30T06:32:42,2020-04-30T18:55:05,0.25,"Rain, Partially cloudy",Partly cloudy throughout the day with afternoon rain.,rain,"DNMM,remote,NII0000DNMM,65201099999"
"Abeokuta, Ogun, Nigeria",2020-05-01,91.4,75.2,83.5,105.2,75.2,90.6,75.6,78.1,0.0,0,0.0,,0,0,21.5,11.4,202.9,1014.0,27.4,6.1,265.9,23.0,9,,2020-05-01T06:32:25,2020-05-01T18:55:08,0.29,Partially cloudy,Partly cloudy throughout the day.,partly-cloudy-day,"65210099999,DNIB,NII0000DNIB,NIM00065210,DNMM,NII0000DNMM,remote,65201099999,65100099999"
"Abeokuta, Ogun, Nigeria",2020-05-02,93.2,80.6,85.8,110.5,87.2,97.9,78.2,78.9,0.0,0,0.0,,0,0,19.7,11.4,214.2,1012.8,27.9,6.2,202.2,17.4,7,,2020-05-02T06:32:09,2020-05-02T18:55:11,0.33,Partially cloudy,Partly cloudy throughout the day.,partly-cloudy-day,"DNMM,NII0000DNMM,65201099999"
"Abeokuta, Ogun, Nigeria",2020-05-03,87.9,75.2,81.1,97.9,75.2,86.8,75.8,84.5,0.039,100,4.17,rain,0,0,51.9,21.9,175.1,1011.9,38.8,5.9,179.2,15.5,7,,2020-05-03T06:31:53,2020-05-03T18:55:15,0.36,"Rain, Partially cloudy",Partly cloudy throughout the day with afternoon rain.,rain,"65210099999,DNIB,NII0000DNIB,NIM00065210,DNMM,NII0000DNMM,remote,65201099999,65100099999,NIM00065208,65208099999"
"Abeokuta, Ogun, Nigeria",2020-05-04,89.6,75.2,81.8,100.3,75.2,86.3,74.9,80.7,0.157,100,4.17,rain,0,0,17.0,15.0,144.4,1012.1,32.1,6.0,177.0,15.3,8,,2020-05-04T06:31:37,2020-05-04T18:55:20,0.4,"Rain, Partially cloudy",Partly cloudy throughout the day with late afternoon rain.,rain,"65210099999,NIM00065210,DNMM,NII0000DNMM,65201099999"
"Abeokuta, Ogun, Nigeria",2020-05-05,93.2,78.8,85.0,110.5,78.8,94.1,77.8,80.4,0.0,0,0.0,,0,0,14.5,17.2,213.5,1011.9,26.1,6.0,252.3,21.7,8,,2020-05-05T06:31:23,2020-05-05T18:55:24,0.43,Partially cloudy,Partly cloudy throughout the day.,partly-cloudy-day,"DNMM,NII0000DNMM,65201099999"
"Abeokuta, Ogun, Nigeria",2020-05-06,93.2,80.2,85.6,110.5,86.9,97.7,78.8,81.3,0.0,0,0.0,,0,0,22.1,11.4,225.2,1010.8,39.3,6.2,215.6,18.6,8,,2020-05-06T06:31:09,2020-05-06T18:55:29,0.47,Partially cloudy,Partly cloudy throughout the day.,partly-cloudy-day,"DNMM,NII0000DNMM,65201099999"
"Abeokuta, Ogun, Nigeria",2020-05-07,91.8,80.6,85.6,111.0,87.4,97.9,78.6,80.4,0.004,100,4.17,rain,0,0,19.9,10.3,211.6,1010.6,37.5,6.3,175.8,15.1,6,,2020-05-07T06:30:56,2020-05-07T18:55:35,0.5,"Rain, Partially cloudy",Partly cloudy throughout the day with afternoon rain.,rain,"65210099999,DNIB,NII0000DNIB,NIM00065210,DNMM,NII0000DNMM,remote,65201099999,65100099999,NIM00065208,65208099999"
"Abeokuta, Ogun, Nigeria",2020-05-08,93.2,79.0,85.3,110.5,79.0,96.1,78.3,80.7,0.0,0,0.0,,0,0,50.8,10.3,225.1,1011.2,39.1,6.1,148.5,12.9,4,,2020-05-08T06:30:43,2020-05-08T18:55:41,0.53,Partially cloudy,Partly cloudy throughout the day.,partly-cloudy-day,"DNIB,NII0000DNIB,DNMM,NII0000DNMM,65201099999,65100099999,NIM00065208,65208099999"
"Abeokuta, Ogun, Nigeria",2020-05-09,93.2,78.8,85.2,110.7,78.8,96.7,78.1,80.4,0.0,0,0.0,,0,0,21.9,20.8,233.3,1011.6,33.2,6.3,199.8,17.2,7,,2020-05-09T06:30:32,2020-05-09T18:55:47,0.57,Partially cloudy,Partly cloudy throughout the day.,partly-cloudy-day,"65210099999,NIM00065210,DNMM,NIM00065203,NII0000DNMM,65201099999"
"Abeokuta, Ogun, Nigeria",2020-05-10,84.3,72.8,80.9,94.9,72.8,87.5,77.6,90.0,0.591,100,4.17,rain,0,0,23.3,21.9,164.3,1012.3,35.6,5.6,152.3,13.2,7,,2020-05-10T06:30:21,2020-05-10T18:55:54,0.6,"Rain, Partially cloudy",Partly cloudy throughout the day with afternoon rain.,rain,"65210099999,65213099999,NIM00065213,NIM00065210,DNMM,NII0000DNMM,65201099999"
"Abeokuta, Ogun, Nigeria",2020-05-11,87.9,77.4,82.4,102.5,77.4,88.9,77.2,85.0,0.0,0,0.0,,0,0,18.3,11.4,209.2,1013.6,38.2,5.9,200.0,17.3,8,,2020-05-11T06:30:10,2020-05-11T18:56:01,0.63,Partially cloudy,Partly cloudy throughout the day.,partly-cloudy-day,"DNIB,NII0000DNIB,DNMM,NII0000DNMM,65201099999,65100099999"
"Abeokuta, Ogun, Nigeria",2020-05-12,91.4,77.0,83.7,103.8,77.0,90.9,76.7,81.0,0.0,0,0.0,,0,0,17.9,10.3,221.1,1013.4,29.0,6.2,246.9,21.3,8,,2020-05-12T06:30:01,2020-05-12T18:56:09,0.66,Partially cloudy,Partly cloudy throughout the day.,partly-cloudy-day,"DNIB,NII0000DNIB,DNMM,NII0000DNMM,65201099999,65100099999"
"Abeokuta, Ogun, Nigeria",2020-05-13,91.7,75.6,83.0,105.3,75.6,89.3,75.3,78.9,0.0,0,0.0,,0,0,20.8,15.0,179.4,1013.3,34.4,6.1,216.5,18.5,7,,2020-05-13T06:29:52,2020-05-13T18:56:17,0.7,Partially cloudy,Partly cloudy throughout the day.,partly-cloudy-day,"65210099999,DNIB,NIM00065202,NII0000DNIB,NIM00065210,DNMM,remote,NII0000DNMM,65201099999,65100099999,NIM00065208,65208099999"
"Abeokuta, Ogun, Nigeria",2020-05-14,93.2,78.1,84.9,107.6,78.1,94.4,77.4,79.2,0.0,0,0.0,,0,0,21.9,16.1,207.0,1012.4,38.1,6.2,270.1,23.1,9,,2020-05-14T06:29:43,2020-05-14T18:56:26,0.75,Partially cloudy,Partly cloudy throughout the day.,partly-cloudy-day,"65210099999,DNIB,NII0000DNIB,NIM00065210,DNMM,NII0000DNMM,65201099999,65100099999,NIM00065208,65208099999"
"Abeokuta, Ogun, Nigeria",2020-05-15,89.6,77.9,84.6,105.3,77.9,95.4,78.2,81.6,0.0,0,0.0,,0,0,17.4,9.2,213.9,1012.3,37.1,6.1,187.5,16.0,6,,2020-05-15T06:29:36,2020-05-15T18:56:35,0.76,Partially cloudy,Partly cloudy throughout the day.,partly-cloudy-day,"65210099999,NIM00065210,DNMM,NIM00065203,NII0000DNMM,65201099999,NIM00065208,65208099999"
"Abeokuta, Ogun, Nigeria",2020-05-16,95.0,79.7,86.1,112.9,79.7,98.3,78.7,79.7,0.0,0,0.0,,0,0,20.6,12.4,223.1,1011.9,31.0,6.2,234.3,20.1,9,,2020-05-16T06:29:29,2020-05-16T18:56:44,0.79,Partially cloudy,Partly cloudy throughout the day.,partly-cloudy-day,"NIM00065202,DNMM,NII0000DNMM,65201099999,NIM00065208,65208099999"
"Abeokuta, Ogun, Nigeria",2020-05-17,91.4,80.5,85.7,111.0,87.3,99.2,79.3,81.8,0.0,0,0.0,,0,0,17.0,12.8,225.3,1012.3,37.0,6.2,213.2,18.5,7,,2020-05-17T06:29:23,2020-05-17T18:56:54,0.83,Partially cloudy,Partly cloudy throughout the day.,partly-cloudy-day,"DNIB,NII0000DNIB,DNMM,NII0000DNMM,remote,65201099999,65100099999"
"Abeokuta, Ogun, Nigeria",2020-05-18,92.2,80.2,85.4,111.0,86.7,97.3,78.5,80.6,0.0,0,0.0,,0,0,19.2,9.2,219.4,1012.9,33.9,6.2,232.8,20.0,8,,2020-05-18T06:29:18,2020-05-18T18:57:04,0.86,Partially cloudy,Partly cloudy throughout the day.,partly-cloudy-day,"DNIB,NII0000DNIB,DNMM,NII0000DNMM,65201099999,65100099999,NIM00065208,65208099999"
"Abeokuta, Ogun, Nigeria",2020-05-19,86.0,71.6,80.3,99.6,71.6,85.2,76.2,87.5,0.433,100,4.17,rain,0,0,36.9,20.8,223.7,1014.1,33.7,6.2,246.2,21.2,9,,2020-05-19T06:29:13,2020-05-19T18:57:15,0.89,"Rain, Partially cloudy",Partly cloudy throughout the day with afternoon rain.,rain,"65210099999,DNIB,NIM00065213,NII0000DNIB,NIM00065210,DNMM,NII0000DNMM,remote,NIM00065208,65100099999,65208099999,65213099999,65201099999"
"Abeokuta, Ogun, Nigeria",2020-05-20,91.4,73.4,82.2,105.2,73.4,88.5,75.2,80.6,0.0,0,0.0,,0,0,22.4,11.4,232.4,1013.6,39.9,6.1,248.2,21.4,9,,2020-05-20T06:29:09,2020-05-20T18:57:25,0.93,Partially cloudy,Partly cloudy throughout the day.,partly-cloudy-day,"65210099999,DNIB,NII0000DNIB,DNMM,remote,NII0000DNMM,65201099999,65100099999,NIM00065208,65208099999"
"Abeokuta, Ogun, Nigeria",2020-05-21,93.2,78.6,84.8,113.6,78.6,95.2,78.1,81.2,0.0,0,0.0,,0,0,24.8,9.2,228.6,1013.5,41.0,6.0,221.9,19.1,8,,2020-05-21T06:29:06,2020-05-21T18:57:37,0.96,Partially cloudy,Partly cloudy throughout the day.,partly-cloudy-day,"65210099999,DNIB,NII0000DNIB,NIM00065210,DNMM,NII0000DNMM,remote,65201099999,65100099999,NIM00065208,65208099999"
"Abeokuta, Ogun, Nigeria",2020-05-22,87.8,80.0,83.0,102.5,80.0,92.3,77.7,84.4,0.008,100,4.17,rain,0,0,20.1,10.3,211.2,1014.0,41.2,6.2,151.4,13.1,7,,2020-05-22T06:29:04,2020-05-22T18:57:48,0.0,"Rain, Partially cloudy",Partly cloudy throughout the day with early morning rain.,rain,"65210099999,NIM00065210,DNMM,remote,NII0000DNMM,65201099999"
"Abeokuta, Ogun, Nigeria",2020-05-23,93.2,78.0,84.4,110.5,78.0,94.1,77.1,79.4,0.0,0,0.0,,0,0,19.7,19.7,217.4,1013.6,39.5,6.2,171.8,14.9,7,,2020-05-23T06:29:02,2020-05-23T18:58:00,0.03,Partially cloudy,Partly cloudy throughout the day.,partly-cloudy-day,"65213099999,DNIB,NIM00065213,NII0000DNIB,DNMM,NII0000DNMM,65201099999,65100099999"
"Abeokuta, Ogun, Nigeria",2020-05-24,89.9,79.5,83.4,105.3,79.5,92.4,77.2,82.2,0.0,0,0.0,,0,0,18.3,11.3,227.5,1013.2,39.5,6.2,199.2,17.2,7,,2020-05-24T06:29:01,2020-05-24T18:58:12,0.06,Partially cloudy,Partly cloudy throughout the day.,partly-cloudy-day,"DNIB,NII0000DNIB,DNMM,NII0000DNMM,65201099999,NIM00065208,65100099999,65208099999"
"Abeokuta, Ogun, Nigeria",2020-05-25,86.3,71.6,78.9,95.7,71.6,82.8,75.7,90.5,0.433,100,4.17,rain,0,0,28.9,15.0,190.1,1013.5,42.0,5.5,106.0,9.2,4,,2020-05-25T06:29:01,2020-05-25T18:58:25,0.1,"Rain, Partially cloudy",Partly cloudy throughout the day with afternoon rain.,rain,"65210099999,DNIB,65213099999,NIM00065213,NII0000DNIB,NIM00065210,DNMM,NII0000DNMM,65201099999,NIM00065208,65100099999,65208099999"
"Abeokuta, Ogun, Nigeria",2020-05-26,91.4,75.2,82.5,102.8,75.2,88.9,76.3,82.7,0.0,0,0.0,,0,0,16.8,10.3,210.0,1013.1,33.0,5.3,229.1,19.7,8,,2020-05-26T06:29:01,2020-05-26T18:58:38,0.13,Partially cloudy,Partly cloudy throughout the day.,partly-cloudy-day,"65210099999,DNIB,NII0000DNIB,NIM00065210,DNMM,NII0000DNMM,65201099999,65100099999"
"Abeokuta, Ogun, Nigeria",2020-05-27,91.4,78.6,83.6,105.4,78.6,92.1,77.7,83.4,0.0,0,0.0,,0,0,14.3,9.9,251.3,1013.0,35.4,6.2,168.2,14.4,6,,2020-05-27T06:29:02,2020-05-27T18:58:51,0.17,Partially cloudy,Partly cloudy throughout the day.,partly-cloudy-day,"65210099999,DNIB,NII0000DNIB,NIM00065210,DNMM,NII0000DNMM,65201099999,65100099999,NIM00065208,65208099999"
"Abeokuta, Ogun, Nigeria",2020-05-28,82.4,73.4,78.0,92.5,73.4,81.4,76.1,94.0,0.826,100,8.33,rain,0,0,34.4,32.2,0.3,1012.8,32.2,5.4,154.1,13.5,8,,2020-05-28T06:29:04,2020-05-28T18:59:04,0.2,"Rain, Partially cloudy",Partly cloudy throughout the day with rain.,rain,"65210099999,65213099999,NIM00065213,NIM00065210,DNMM,NII0000DNMM,65201099999"
"Abeokuta, Ogun, Nigeria",2020-05-29,91.4,73.4,81.1,107.9,73.4,87.4,75.9,85.6,0.0,0,0.0,,0,0,15.9,10.3,196.2,1012.1,40.4,5.5,195.9,16.9,7,,2020-05-29T06:29:06,2020-05-29T18:59:17,0.24,Partially cloudy,Partly cloudy throughout the day.,partly-cloudy-day,"65210099999,DNIB,NII0000DNIB,NIM00065210,DNMM,remote,NII0000DNMM,65201099999,65100099999,NIM00065208,65208099999"
"Abeokuta, Ogun, Nigeria",2020-05-30,87.1,76.6,81.3,100.5,76.6,87.3,77.1,87.5,0.0,0,0.0,,0,0,16.1,11.9,207.5,1012.1,44.3,5.8,104.6,9.1,4,,2020-05-30T06:29:09,2020-05-30T18:59:31,0.25,Partially cloudy,Partly cloudy throughout the day.,partly-cloudy-day,"DNIB,NII0000DNIB,DNMM,NII0000DNMM,remote,65201099999,NIM00065208,65100099999,65208099999"
"Abeokuta, Ogun, Nigeria",2020-05-31,86.6,74.2,80.5,98.5,74.2,85.4,75.4,84.7,0.004,100,4.17,rain,0,0,15.2,6.3,207.7,1012.8,85.7,6.2,161.5,14.0,5,,2020-05-31T06:29:13,2020-05-31T18:59:45,0.31,"Rain, Partially cloudy",Partly cloudy throughout the day with afternoon rain.,rain,"remote,NII0000DNMM,65201099999"
"Abeokuta, Ogun, Nigeria",2020-06-01,88.8,75.2,80.2,100.1,75.2,83.0,75.0,84.7,0.036,100,20.83,rain,0,0,14.3,6.9,213.3,1013.7,71.4,5.8,221.1,19.2,8,,2020-06-01T06:29:17,2020-06-01T18:59:59,0.35,"Rain, Partially cloudy",Partly cloudy throughout the day with rain clearing later.,rain,"DNMM,remote,NII0000DNMM,65201099999,NIM00065208,65208099999"
"Abeokuta, Ogun, Nigeria",2020-06-02,87.8,71.6,77.6,95.9,71.6,79.6,73.3,87.2,0.826,100,8.33,rain,0,0,16.1,13.9,241.7,1013.9,36.8,4.8,175.1,15.3,7,,2020-06-02T06:29:22,2020-06-02T19:00:13,0.38,"Rain, Partially cloudy",Partly cloudy throughout the day with rain in the morning and afternoon.,rain,"65210099999,DNIB,NII0000DNIB,NIM00065210,DNMM,NII0000DNMM,65201099999,65100099999"
"Abeokuta, Ogun, Nigeria",2020-06-03,89.6,75.2,82.3,105.3,75.2,89.5,76.7,84.2,0.0,0,0.0,,0,0,15.7,8.1,233.6,1013.3,36.8,5.5,247.4,21.5,9,,2020-06-03T06:29:27,2020-06-03T19:00:28,0.42,Partially cloudy,Partly cloudy throughout the day.,partly-cloudy-day,"65210099999,65213099999,NIM00065213,NIM00065202,NIM00065210,DNMM,NII0000DNMM,remote,65201099999,NIM00065208,65208099999"
"Abeokuta, Ogun, Nigeria",2020-06-04,89.6,77.0,81.4,105.3,77.0,87.5,77.4,88.4,0.016,100,8.33,rain,0,0,18.1,9.2,235.2,1013.0,33.7,5.7,174.4,15.0,6,,2020-06-04T06:29:33,2020-06-04T19:00:42,0.45,"Rain, Partially cloudy",Becoming cloudy in the afternoon with afternoon rain.,rain,"DNMM,NII0000DNMM,65201099999"
"Abeokuta, Ogun, Nigeria",2020-06-05,89.6,76.0,82.3,102.6,76.0,88.7,76.4,83.4,0.906,100,4.17,rain,0,0,14.1,9.3,209.5,1014.1,41.7,5.8,182.5,15.8,6,,2020-06-05T06:29:40,2020-06-05T19:00:57,0.5,"Rain, Partially cloudy",Partly cloudy throughout the day with early morning rain.,rain,"NII0000DNIB,DNMM,NII0000DNMM,remote,65201099999,NIM00065208,65208099999"
"Abeokuta, Ogun, Nigeria",2020-06-06,89.6,75.3,82.0,105.3,75.3,88.0,76.8,85.0,0.0,0,0.0,,0,0,20.1,10.7,206.2,1014.2,45.6,5.7,173.5,15.0,6,,2020-06-06T06:29:47,2020-06-06T19:01:12,0.52,Partially cloudy,Partly cloudy throughout the day.,partly-cloudy-day,"65210099999,DNIB,NII0000DNIB,NIM00065210,DNMM,NII0000DNMM,remote,65201099999,65100099999,NIM00065208,65208099999"
"Abeokuta, Ogun, Nigeria",2020-06-07,87.8,71.6,79.6,100.0,71.6,84.1,74.9,86.6,2.048,100,8.33,rain,0,0,28.9,11.5,227.7,1014.1,39.2,5.6,181.2,15.6,6,,2020-06-07T06:29:55,2020-06-07T19:01:26,0.55,"Rain, Partially cloudy",Partly cloudy throughout the day with rain clearing later.,rain,"DNIB,NII0000DNIB,DNMM,NII0000DNMM,remote,65201099999,NIM00065208,65100099999,65208099999"
"Abeokuta, Ogun, Nigeria",2020-06-08,89.6,75.8,82.7,105.3,75.8,90.5,77.1,83.9,0.0,0,0.0,,0,0,21.9,10.3,224.9,1012.9,35.4,6.0,251.9,21.7,8,,2020-06-08T06:30:03,2020-06-08T19:01:41,0.59,Partially cloudy,Partly cloudy throughout the day.,partly-cloudy-day,"65213099999,NIM00065213,DNMM,NII0000DNMM,65201099999,NIM00065208"
"Abeokuta, Ogun, Nigeria",2020-06-09,90.8,73.4,80.9,100.2,73.4,85.5,73.5,79.2,0.0,0,0.0,,0,0,41.5,19.3,155.7,1013.4,39.9,6.1,98.3,8.4,3,,2020-06-09T06:30:11,2020-06-09T19:01:56,0.62,Partially cloudy,Partly cloudy throughout the day.,partly-cloudy-day,"65210099999,65213099999,NIM00065213,NIM00065210,DNMM,NII0000DNMM,remote,65201099999"
"Abeokuta, Ogun, Nigeria",2020-06-10,91.4,76.6,83.0,105.7,76.6,89.7,76.4,81.4,0.0,0,0.0,,0,0,19.7,10.8,208.8,1013.6,38.8,6.1,149.2,13.0,6,,2020-06-10T06:30:21,2020-06-10T19:02:10,0.65,Partially cloudy,Partly cloudy throughout the day.,partly-cloudy-day,"65210099999,DNIB,NII0000DNIB,NIM00065210,DNMM,NII0000DNMM,remote,65201099999,NIM00065208,65100099999,65208099999"
"Abeokuta, Ogun, Nigeria",2020-06-11,86.1,77.0,81.0,97.2,77.0,85.8,76.0,85.5,0.0,0,0.0,,0,0,17.4,12.9,255.0,1014.4,38.6,5.9,170.8,14.8,6,,2020-06-11T06:30:30,2020-06-11T19:02:25,0.68,Partially cloudy,Partly cloudy throughout the day.,partly-cloudy-day,"65210099999,DNIB,NII0000DNIB,NIM00065210,DNMM,NII0000DNMM,65201099999,NIM00065208,65100099999,65208099999"
"Abeokuta, Ogun, Nigeria",2020-06-12,84.2,76.8,79.2,94.3,76.8,81.6,75.8,89.4,0.0,0,0.0,,0,0,18.3,6.9,261.5,1013.5,31.1,6.1,140.2,12.1,6,,2020-06-12T06:30:40,2020-06-12T19:02:40,0.72,Partially cloudy,Partly cloudy throughout the day.,partly-cloudy-day,"DNMM,NII0000DNMM,65201099999,NIM00065208,65208099999"
"Abeokuta, Ogun, Nigeria",2020-06-13,87.1,75.2,80.5,97.2,75.2,84.8,74.8,83.4,0.0,0,0.0,,0,0,13.9,9.2,191.2,1013.2,40.4,6.1,155.2,13.5,6,,2020-06-13T06:30:51,2020-06-13T19:02:54,0.75,Partially cloudy,Partly cloudy throughout the day.,partly-cloudy-day,"DNIB,NII0000DNIB,DNMM,NII0000DNMM,remote,65201099999,65100099999,NIM00065208,65208099999"
"Abeokuta, Ogun, Nigeria",2020-06-14,84.2,77.0,80.4,96.2,77.0,84.7,76.9,89.3,0.591,100,4.17,rain,0,0,15.7,9.3,249.1,1013.9,45.7,6.0,178.1,15.3,7,,2020-06-14T06:31:02,2020-06-14T19:03:09,0.78,"Rain, Partially cloudy",Partly cloudy throughout the day with late afternoon rain.,rain,"65210099999,DNIB,NII0000DNIB,NIM00065210,DNMM,NII0000DNMM,65201099999,65100099999,NIM00065208,65208099999"
"Abeokuta, Ogun, Nigeria",2020-06-15,86.0,75.2,80.5,99.5,75.2,85.5,76.9,89.3,0.591,100,8.33,rain,0,0,13.2,10.3,231.3,1014.4,39.2,5.8,172.9,14.9,6,,2020-06-15T06:31:13,2020-06-15T19:03:23,0.81,"Rain, Partially cloudy",Partly cloudy throughout the day with rain in the morning and afternoon.,rain,"65210099999,DNIB,NIM00065202,NII0000DNIB,NIM00065210,DNMM,NII0000DNMM,65201099999,65100099999,NIM00065208,65208099999"
"Abeokuta, Ogun, Nigeria",2020-06-16,87.9,77.0,82.0,103.9,77.0,89.0,77.8,87.7,0.0,0,0.0,,0,0,17.4,11.4,221.5,1013.2,41.5,5.8,157.8,13.6,7,,2020-06-16T06:31:24,2020-06-16T19:03:37,0.84,Partially cloudy,Partly cloudy throughout the day.,partly-cloudy-day,"65210099999,DNIB,NII0000DNIB,NIM00065210,DNMM,NII0000DNMM,remote,65201099999,65100099999,NIM00065208,65208099999"
"Abeokuta, Ogun, Nigeria",2020-06-17,82.4,75.2,78.7,90.9,75.2,80.7,76.7,93.8,1.771,100,12.5,rain,0,0,20.4,10.3,218.4,1013.1,45.0,5.2,124.6,10.6,6,,2020-06-17T06:31:36,2020-06-17T19:03:51,0.88,"Rain, Partially cloudy",Partly cloudy throughout the day with rain.,rain,"DNIB,NII0000DNIB,DNMM,NII0000DNMM,65201099999,65100099999"
"Abeokuta, Ogun, Nigeria",2020-06-18,80.5,71.6,75.2,84.8,71.6,75.4,74.4,97.4,2.205,100,12.5,rain,0,0,18.3,11.4,333.9,1014.5,47.1,4.3,109.0,9.4,5,,2020-06-18T06:31:48,2020-06-18T19:04:05,0.91,"Rain, Partially cloudy",Partly cloudy throughout the day with a chance of rain throughout the day.,rain,"65210099999,65213099999,NIM00065213,NIM00065210,DNMM,NII0000DNMM,remote,65201099999"
"Abeokuta, Ogun, Nigeria",2020-06-19,87.8,71.6,79.0,100.0,71.6,83.1,74.1,85.6,0.0,0,0.0,,0,0,15.4,9.2,230.5,1015.4,32.0,5.6,149.4,12.9,5,,2020-06-19T06:32:01,2020-06-19T19:04:18,0.94,Partially cloudy,Partly cloudy throughout the day.,partly-cloudy-day,"65213099999,DNIB,NIM00065213,NII0000DNIB,DNMM,NII0000DNMM,65201099999,65100099999,NIM00065208,65208099999"
"Abeokuta, Ogun, Nigeria",2020-06-20,86.0,71.6,78.6,97.2,71.6,81.6,75.0,89.4,0.0,0,0.0,,0,0,16.1,11.4,252.2,1015.2,42.4,4.8,192.6,16.5,6,,2020-06-20T06:32:14,2020-06-20T19:04:31,0.97,Partially cloudy,Partly cloudy throughout the day.,partly-cloudy-day,"DNIB,NII0000DNIB,DNMM,NII0000DNMM,65201099999,NIM00065208,65100099999,65208099999"
"Abeokuta, Ogun, Nigeria",2020-06-21,85.2,72.9,78.5,96.4,72.9,82.3,75.3,90.2,1.456,100,8.33,rain,0,0,17.2,10.9,216.5,1014.2,40.4,4.5,137.0,11.9,5,,2020-06-21T06:32:27,2020-06-21T19:04:44,0.0,"Rain, Partially cloudy",Partly cloudy throughout the day with rain.,rain,"65210099999,DNIB,NII0000DNIB,NIM00065210,DNMM,NII0000DNMM,remote,65201099999,NIM00065208,65100099999,65208099999"
"Abeokuta, Ogun, Nigeria",2020-06-22,80.6,73.4,76.1,87.2,73.4,76.7,74.8,95.7,0.866,100,8.33,rain,0,0,17.7,9.1,214.0,1013.4,41.7,4.2,166.2,14.1,7,,2020-06-22T06:32:40,2020-06-22T19:04:57,0.04,"Rain, Partially cloudy",Partly cloudy throughout the day with rain.,rain,"65210099999,DNIB,NII0000DNIB,NIM00065210,DNMM,NII0000DNMM,65201099999,65100099999"
"Abeokuta, Ogun, Nigeria",2020-06-23,87.8,71.6,78.6,97.2,71.6,82.0,73.9,86.6,0.0,0,0.0,,0,0,17.9,10.3,213.9,1012.4,28.2,4.2,178.9,15.3,6,,2020-06-23T06:32:53,2020-06-23T19:05:09,0.08,Partially cloudy,Partly cloudy throughout the day.,partly-cloudy-day,"DNMM,NII0000DNMM,65201099999"
"Abeokuta, Ogun, Nigeria",2020-06-24,86.0,76.4,80.5,97.2,76.4,85.2,76.3,87.4,0.0,0,0.0,,0,0,40.3,9.2,240.2,1012.8,36.9,6.0,183.5,15.8,6,,2020-06-24T06:33:07,2020-06-24T19:05:21,0.11,Partially cloudy,Partly cloudy throughout the day.,partly-cloudy-day,"NIM00065202,DNMM,NII0000DNMM,65201099999"
"Abeokuta, Ogun, Nigeria",2020-06-25,87.8,76.7,81.6,100.2,76.7,87.3,76.2,84.4,0.0,0,0.0,,0,0,17.4,8.1,230.7,1012.5,35.6,6.0,177.9,15.3,7,,2020-06-25T06:33:21,2020-06-25T19:05:33,0.15,Partially cloudy,Partly cloudy throughout the day.,partly-cloudy-day,"DNMM,NII0000DNMM,remote,65201099999"
"Abeokuta, Ogun, Nigeria",2020-06-26,87.8,72.7,80.6,100.0,72.7,85.5,75.8,85.8,0.0,0,0.0,,0,0,21.9,11.8,240.0,1012.2,41.6,5.9,187.1,16.1,6,,2020-06-26T06:33:34,2020-06-26T19:05:44,0.19,Partially cloudy,Partly cloudy throughout the day.,partly-cloudy-day,"65210099999,DNIB,NII0000DNIB,NIM00065210,DNMM,NII0000DNMM,remote,65201099999,65100099999"
"Abeokuta, Ogun, Nigeria",2020-06-27,87.8,73.2,79.6,97.9,73.2,84.5,74.9,86.2,0.035,100,4.17,rain,0,0,19.9,12.8,227.4,1011.7,44.2,6.0,166.7,14.4,7,,2020-06-27T06:33:48,2020-06-27T19:05:55,0.22,"Rain, Partially cloudy",Partly cloudy throughout the day with early morning rain.,rain,"65210099999,DNIB,NIM00065202,NII0000DNIB,NIM00065210,DNMM,NII0000DNMM,65201099999,65100099999"
"Abeokuta, Ogun, Nigeria",2020-06-28,79.2,75.2,77.2,79.2,75.2,77.2,75.3,93.9,0.748,100,8.33,rain,0,0,20.8,6.9,265.2,1012.4,46.0,4.9,142.5,12.4,6,,2020-06-28T06:34:02,2020-06-28T19:06:05,0.25,"Rain, Partially cloudy",Partly cloudy throughout the day with rain in the morning and afternoon.,rain,"65210099999,NIM00065210,DNMM,NII0000DNMM,65201099999"
"Abeokuta, Ogun, Nigeria",2020-06-29,84.2,75.0,78.2,94.3,75.0,80.1,75.2,90.8,0.079,100,4.17,rain,0,0,17.2,13.9,228.4,1012.9,42.4,5.6,41.8,3.6,2,,2020-06-29T06:34:16,2020-06-29T19:06:15,0.29,"Rain, Partially cloudy",Partly cloudy throughout the day with late afternoon rain.,rain,"65210099999,DNIB,NII0000DNIB,NIM00065210,DNMM,NII0000DNMM,65201099999,65100099999"
"Abeokuta, Ogun, Nigeria",2020-06-30,82.4,73.4,77.0,89.6,73.4,78.3,74.6,92.5,2.401,100,8.33,rain,0,0,15.9,6.9,244.7,1013.3,56.8,5.7,126.1,10.8,5,,2020-06-30T06:34:30,2020-06-30T19:06:25,0.33,"Rain, Partially cloudy",Partly cloudy throughout the day with rain in the morning and afternoon.,rain,"65210099999,NIM00065210,DNMM,NII0000DNMM,remote,65201099999"
"Abeokuta, Ogun, Nigeria",2020-07-01,86.1,75.2,79.3,97.6,75.2,82.3,75.1,87.3,0.0,0,0.0,,0,0,16.1,5.8,269.1,1013.0,42.8,6.3,161.2,13.9,6,,2020-07-01T06:34:44,2020-07-01T19:06:34,0.37,Partially cloudy,Partly cloudy throughout the day.,partly-cloudy-day,"65210099999,DNIB,NIM00065213,NII0000DNIB,NIM00065210,DNMM,NIM00065203,NII0000DNMM,65100099999,NIM00065208,65208099999,65213099999,65201099999"
"Abeokuta, Ogun, Nigeria",2020-07-02,87.8,75.8,81.0,100.0,75.8,85.6,76.0,85.3,0.0,0,0.0,,0,0,15.0,10.7,228.8,1012.4,40.5,6.1,197.0,17.0,8,,2020-07-02T06:34:59,2020-07-02T19:06:42,0.4,Partially cloudy,Partly cloudy throughout the day.,partly-cloudy-day,"65210099999,65213099999,NIM00065213,NIM00065210,DNMM,NII0000DNMM,65201099999"
"Abeokuta, Ogun, Nigeria",2020-07-03,87.2,77.0,81.1,98.5,77.0,86.4,76.0,84.8,0.0,0,0.0,,0,0,21.9,9.2,251.6,1012.2,51.3,6.2,201.9,17.3,6,,2020-07-03T06:35:12,2020-07-03T19:06:50,0.44,Partially cloudy,Partly cloudy throughout the day.,partly-cloudy-day,"65210099999,NIM00065210,DNMM,NIM00065203,NII0000DNMM,65201099999"
"Abeokuta, Ogun, Nigeria",2020-07-04,80.6,72.8,76.5,86.2,72.8,76.9,74.8,94.7,2.795,100,8.33,rain,0,0,16.8,13.9,250.3,1013.2,56.5,3.6,44.0,3.8,2,,2020-07-04T06:35:26,2020-07-04T19:06:57,0.47,"Rain, Partially cloudy",Partly cloudy throughout the day with rain in the morning and afternoon.,rain,"65210099999,NIM00065210,DNMM,NII0000DNMM,remote,65201099999"
"Abeokuta, Ogun, Nigeria",2020-07-05,86.0,73.4,77.8,95.3,73.4,80.3,75.0,91.7,2.323,100,8.33,rain,0,0,12.3,8.1,277.3,1013.3,38.6,4.8,76.1,6.5,3,,2020-07-05T06:35:40,2020-07-05T19:07:04,0.5,"Rain, Partially cloudy",Partly cloudy throughout the day with rain.,rain,"65210099999,NIM00065210,DNMM,NII0000DNMM,remote,65201099999"
"Abeokuta, Ogun, Nigeria",2020-07-06,86.0,75.3,79.2,97.1,75.3,82.1,75.8,89.8,0.512,100,4.17,rain,0,0,14.1,9.2,266.5,1012.7,37.2,5.5,197.8,17.2,8,,2020-07-06T06:35:54,2020-07-06T19:07:10,0.54,"Rain, Partially cloudy",Partly cloudy throughout the day with late afternoon rain.,rain,"65210099999,NIM00065202,NIM00065210,DNMM,NII0000DNMM,65201099999"
"Abeokuta, Ogun, Nigeria",2020-07-07,81.4,73.8,78.0,88.0,73.8,79.3,75.3,91.6,0.236,100,4.17,rain,0,0,14.1,6.9,229.0,1011.9,42.4,4.7,77.3,6.7,3,,2020-07-07T06:36:07,2020-07-07T19:07:15,0.57,"Rain, Partially cloudy",Partly cloudy throughout the day with afternoon rain.,rain,"65210099999,DNIB,NII0000DNIB,NIM00065210,DNMM,NII0000DNMM,remote,65201099999,65100099999,NIM00065208,65208099999"
"Abeokuta, Ogun, Nigeria",2020-07-08,80.0,75.2,77.1,80.0,75.2,77.1,75.2,93.9,0.709,100,4.17,rain,0,0,18.6,9.2,243.9,1011.9,36.5,4.7,121.5,10.5,5,,2020-07-08T06:36:21,2020-07-08T19:07:20,0.6,"Rain, Partially cloudy",Partly cloudy throughout the day with afternoon rain.,rain,"65210099999,65213099999,DNIB,NIM00065213,NII0000DNIB,NIM00065210,DNMM,NII0000DNMM,65201099999,65100099999,NIM00065208,65208099999"
"Abeokuta, Ogun, Nigeria",2020-07-09,80.6,74.5,77.2,87.2,74.5,77.9,75.3,94.1,0.197,100,4.17,rain,0,0,17.7,7.8,257.9,1013.1,40.2,4.5,118.1,10.2,5,,2020-07-09T06:36:34,2020-07-09T19:07:25,0.64,"Rain, Partially cloudy",Partly cloudy throughout the day with afternoon rain.,rain,"65210099999,DNIB,NIM00065202,NII0000DNIB,NIM00065210,DNMM,NII0000DNMM,65201099999,65100099999,NIM00065208,65208099999"
"Abeokuta, Ogun, Nigeria",2020-07-10,84.2,75.2,78.6,92.5,75.2,80.6,74.8,88.7,0.0,0,0.0,,0,0,19.7,11.1,253.0,1013.7,38.4,5.4,153.7,13.2,6,,2020-07-10T06:36:47,2020-07-10T19:07:28,0.67,Partially cloudy,Partly cloudy throughout the day.,partly-cloudy-day,"65210099999,DNIB,NII0000DNIB,NIM00065210,DNMM,NII0000DNMM,65201099999,65100099999"
"Abeokuta, Ogun, Nigeria",2020-07-11,82.0,73.4,77.9,88.8,73.4,79.5,74.0,88.1,0.0,0,0.0,,0,0,16.1,12.8,268.9,1014.1,39.3,6.2,152.7,13.2,6,,2020-07-11T06:37:00,2020-07-11T19:07:31,0.7,Partially cloudy,Partly cloudy throughout the day.,partly-cloudy-day,"65210099999,NIM00065210,DNMM,NII0000DNMM,65201099999"
"Abeokuta, Ogun, Nigeria",2020-07-12,82.4,76.3,78.5,89.6,76.3,79.8,74.7,88.3,0.032,100,8.33,rain,0,0,16.3,9.2,261.3,1014.5,39.9,5.9,151.0,13.0,6,,2020-07-12T06:37:13,2020-07-12T19:07:33,0.73,"Rain, Partially cloudy",Partly cloudy throughout the day with rain.,rain,"65210099999,NIM00065210,DNMM,NII0000DNMM,remote,65201099999"
"Abeokuta, Ogun, Nigeria",2020-07-13,84.5,74.6,78.4,94.4,74.6,80.5,74.4,87.9,0.016,100,4.17,rain,0,0,19.2,9.6,249.1,1013.2,41.5,5.8,159.5,13.8,7,,2020-07-13T06:37:25,2020-07-13T19:07:35,0.75,"Rain, Partially cloudy",Partly cloudy throughout the day with late afternoon rain.,rain,"65210099999,DNIB,NIM00065213,NII0000DNIB,NIM00065210,DNMM,NII0000DNMM,remote,NIM00065208,65100099999,65208099999,65213099999,65201099999"
"Abeokuta, Ogun, Nigeria",2020-07-14,86.1,75.0,79.1,95.3,75.0,81.4,73.8,84.6,0.0,0,0.0,,0,0,22.4,17.2,265.3,1013.0,37.7,6.2,200.9,17.4,8,,2020-07-14T06:37:37,2020-07-14T19:07:36,0.8,Partially cloudy,Partly cloudy throughout the day.,partly-cloudy-day,"65210099999,DNIB,NIM00065202,NII0000DNIB,NIM00065210,DNMM,NII0000DNMM,remote,65201099999,65100099999"
"Abeokuta, Ogun, Nigeria",2020-07-15,82.8,73.9,77.7,88.3,73.9,79.2,73.0,85.9,0.004,100,4.17,rain,0,0,16.6,11.4,267.3,1013.6,38.1,6.3,135.1,11.8,5,,2020-07-15T06:37:49,2020-07-15T19:07:36,0.83,"Rain, Partially cloudy",Partly cloudy throughout the day with afternoon rain.,rain,"65210099999,DNIB,NII0000DNIB,NIM00065210,DNMM,NII0000DNMM,remote,65201099999,65100099999"
"Abeokuta, Ogun, Nigeria",2020-07-16,80.6,74.4,77.0,85.4,74.4,77.2,73.2,88.2,0.0,0,0.0,,0,0,18.6,10.3,260.9,1015.0,37.4,6.3,113.2,9.7,4,,2020-07-16T06:38:00,2020-07-16T19:07:36,0.86,Partially cloudy,Partly cloudy throughout the day.,partly-cloudy-day,"65210099999,65213099999,NIM00065213,NIM00065210,DNMM,NII0000DNMM,65201099999"
"Abeokuta, Ogun, Nigeria",2020-07-17,81.2,74.5,77.4,86.2,74.5,78.4,73.3,87.5,0.0,0,0.0,,0,0,17.0,6.9,245.1,1014.9,40.4,6.2,156.0,13.4,6,,2020-07-17T06:38:11,2020-07-17T19:07:34,0.89,Partially cloudy,Partly cloudy throughout the day.,partly-cloudy-day,"65210099999,DNIB,NII0000DNIB,NIM00065210,DNMM,NII0000DNMM,65201099999,65100099999"
"Abeokuta, Ogun, Nigeria",2020-07-18,84.2,73.4,78.2,91.6,73.4,80.4,73.3,85.4,0.0,0,0.0,,0,0,15.2,9.1,220.6,1014.2,36.9,6.1,208.4,18.1,7,,2020-07-18T06:38:22,2020-07-18T19:07:32,0.93,Partially cloudy,Partly cloudy throughout the day.,partly-cloudy-day,"65210099999,65213099999,NIM00065213,NIM00065210,DNMM,NIM00065203,NII0000DNMM,65201099999"
"Abeokuta, Ogun, Nigeria",2020-07-19,84.2,73.4,78.4,92.5,73.4,80.4,73.6,85.9,0.0,0,0.0,,0,0,18.6,8.2,220.8,1013.4,37.5,5.9,186.4,16.2,7,,2020-07-19T06:38:32,2020-07-19T19:07:30,0.96,Partially cloudy,Partly cloudy throughout the day.,partly-cloudy-day,"65210099999,DNIB,NII0000DNIB,NIM00065210,DNMM,NII0000DNMM,65201099999,NIM00065208,65100099999,65208099999"
"Abeokuta, Ogun, Nigeria",2020-07-20,86.3,75.2,79.3,95.3,75.2,82.2,74.3,85.2,0.024,100,4.17,rain,0,0,17.0,16.1,223.0,1013.0,37.9,6.2,101.1,8.8,4,,2020-07-20T06:38:42,2020-07-20T19:07:26,0.0,"Rain, Partially cloudy",Partly cloudy throughout the day with afternoon rain.,rain,"65210099999,DNIB,NII0000DNIB,NIM00065210,DNMM,NII0000DNMM,65201099999,65100099999"
"Abeokuta, Ogun, Nigeria",2020-07-21,87.8,75.2,79.8,95.9,75.2,82.3,74.3,84.2,0.008,100,4.17,rain,0,0,16.8,12.8,231.8,1012.8,41.9,6.3,139.7,11.8,6,,2020-07-21T06:38:52,2020-07-21T19:07:22,0.03,"Rain, Partially cloudy",Partly cloudy throughout the day with morning rain.,rain,"65210099999,DNIB,NII0000DNIB,NIM00065210,DNMM,NII0000DNMM,remote,65201099999,65100099999"
"Abeokuta, Ogun, Nigeria",2020-07-22,84.2,74.9,79.0,92.5,74.9,81.3,74.7,87.0,0.157,100,4.17,rain,0,0,17.7,11.4,232.3,1013.3,39.8,5.9,159.8,13.9,6,,2020-07-22T06:39:01,2020-07-22T19:07:17,0.06,"Rain, Partially cloudy",Partly cloudy throughout the day with afternoon rain.,rain,"65210099999,65213099999,NIM00065213,NIM00065210,DNMM,NIM00065203,NII0000DNMM,65201099999"
"Abeokuta, Ogun, Nigeria",2020-07-23,87.8,75.2,79.7,95.9,75.2,82.3,74.1,84.0,0.0,0,0.0,,0,0,24.2,15.0,251.6,1013.0,41.2,6.3,188.0,16.1,7,,2020-07-23T06:39:10,2020-07-23T19:07:11,0.1,Partially cloudy,Partly cloudy throughout the day.,partly-cloudy-day,"65210099999,65213099999,DNIB,NIM00065213,NII0000DNIB,NIM00065210,DNMM,NII0000DNMM,65201099999,NIM00065208,65100099999"
"Abeokuta, Ogun, Nigeria",2020-07-24,86.0,76.3,79.7,93.5,76.3,82.1,73.7,82.5,0.0,0,0.0,,0,0,23.0,12.8,272.0,1012.8,37.9,6.0,174.6,15.1,7,,2020-07-24T06:39:19,2020-07-24T19:07:05,0.13,Partially cloudy,Partly cloudy throughout the day.,partly-cloudy-day,"65210099999,NIM00065210,DNMM,NIM00065203,NII0000DNMM,65201099999"
"Abeokuta, Ogun, Nigeria",2020-07-25,87.8,75.2,80.2,95.9,75.2,82.6,73.2,80.1,0.0,0,0.0,,0,0,19.0,10.3,250.9,1013.3,41.1,6.3,226.3,19.6,8,,2020-07-25T06:39:27,2020-07-25T19:06:57,0.17,Partially cloudy,Partly cloudy throughout the day.,partly-cloudy-day,"65210099999,DNIB,NII0000DNIB,NIM00065210,DNMM,NII0000DNMM,65201099999,65100099999,NIM00065208,65208099999"
"Abeokuta, Ogun, Nigeria",2020-07-26,80.7,76.8,78.5,85.4,76.8,80.0,73.2,83.9,0.0,0,0.0,,0,0,15.7,11.4,264.3,1013.8,42.1,6.2,160.8,14.0,6,,2020-07-26T06:39:35,2020-07-26T19:06:49,0.21,Partially cloudy,Partly cloudy throughout the day.,partly-cloudy-day,"65210099999,DNIB,NII0000DNIB,NIM00065210,DNMM,NII0000DNMM,65201099999,65100099999"
"Abeokuta, Ogun, Nigeria",2020-07-27,83.6,75.3,79.0,89.8,75.3,81.1,72.6,81.2,0.004,100,4.17,rain,0,0,20.8,8.1,256.5,1013.9,42.4,6.2,192.3,16.5,7,,2020-07-27T06:39:42,2020-07-27T19:06:41,0.25,"Rain, Partially cloudy",Partly cloudy throughout the day with afternoon rain.,rain,"DNIB,NII0000DNIB,DNMM,NII0000DNMM,65201099999,NIM00065208,65100099999,65208099999"
"Abeokuta, Ogun, Nigeria",2020-07-28,82.8,73.4,77.8,88.5,73.4,78.7,72.1,82.8,0.012,100,12.5,rain,0,0,18.3,10.3,233.2,1013.5,59.2,6.2,140.9,12.2,5,,2020-07-28T06:39:48,2020-07-28T19:06:31,0.28,"Rain, Partially cloudy",Partly cloudy throughout the day with rain in the morning and afternoon.,rain,"DNIB,65213099999,NIM00065213,NII0000DNIB,DNMM,NII0000DNMM,remote,65201099999,65100099999"
"Abeokuta, Ogun, Nigeria",2020-07-29,87.8,72.7,78.9,95.9,72.7,81.4,72.9,83.0,0.0,0,0.0,,0,0,18.3,18.1,229.3,1014.2,34.5,5.5,188.6,16.3,7,,2020-07-29T06:39:55,2020-07-29T19:06:21,0.31,Partially cloudy,Partly cloudy throughout the day.,partly-cloudy-day,"65210099999,DNIB,NII0000DNIB,NIM00065210,DNMM,NII0000DNMM,remote,65201099999,65100099999"
"Abeokuta, Ogun, Nigeria",2020-07-30,84.2,73.8,79.0,91.0,73.8,81.0,72.5,81.3,0.0,0,0.0,,0,0,19.7,10.0,248.7,1014.3,44.6,6.2,156.1,13.6,5,,2020-07-30T06:40:01,2020-07-30T19:06:10,0.35,Partially cloudy,Partly cloudy throughout the day.,partly-cloudy-day,"65210099999,DNIB,NII0000DNIB,DNMM,NII0000DNMM,remote,65201099999,NIM00065208,65100099999,65208099999"
"Abeokuta, Ogun, Nigeria",2020-07-31,81.2,72.9,76.8,87.0,72.9,77.8,72.3,86.1,0.0,0,0.0,,0,0,17.2,12.8,236.9,1014.0,67.4,6.4,59.4,5.2,2,,2020-07-31T06:40:06,2020-07-31T19:05:58,0.38,Partially cloudy,Partly cloudy throughout the day.,partly-cloudy-day,"65210099999,65213099999,DNIB,NIM00065213,NII0000DNIB,NIM00065210,DNMM,remote,NII0000DNMM,65201099999,65100099999,NIM00065208"
"Abeokuta, Ogun, Nigeria",2020-08-01,84.2,73.3,78.0,91.0,73.3,79.9,72.7,84.4,0.079,100,4.17,rain,0,0,17.4,10.5,229.3,1014.9,64.0,6.3,201.3,17.5,7,,2020-08-01T06:40:11,2020-08-01T19:05:45,0.42,"Rain, Partially cloudy",Partly cloudy throughout the day with early morning rain.,rain,"65210099999,DNIB,NIM00065202,NII0000DNIB,NIM00065210,DNMM,remote,NII0000DNMM,65201099999,65100099999,NIM00065208,65208099999"
"Abeokuta, Ogun, Nigeria",2020-08-02,84.2,73.2,77.6,91.0,73.2,78.9,72.3,84.6,0.008,100,8.33,rain,0,0,17.4,6.9,259.9,1015.3,38.6,5.9,168.3,14.4,5,,2020-08-02T06:40:15,2020-08-02T19:05:32,0.46,"Rain, Partially cloudy",Partly cloudy throughout the day with afternoon rain.,rain,"65210099999,DNIB,NII0000DNIB,NIM00065210,DNMM,NII0000DNMM,remote,65201099999,65100099999,NIM00065208,65208099999"
"Abeokuta, Ogun, Nigeria",2020-08-03,80.7,73.7,77.1,85.4,73.7,77.8,72.2,85.1,0.0,0,0.0,,0,0,18.3,17.2,254.7,1016.5,39.6,6.0,77.3,6.7,3,,2020-08-03T06:40:19,2020-08-03T19:05:18,0.5,Partially cloudy,Partly cloudy throughout the day.,partly-cloudy-day,"DNIB,NII0000DNIB,DNMM,NII0000DNMM,remote,65201099999,65100099999"
"Abeokuta, Ogun, Nigeria",2020-08-04,86.0,73.4,78.4,93.5,73.4,80.4,71.5,80.0,0.0,0,0.0,,0,0,18.6,12.8,239.9,1016.8,32.4,6.1,270.0,23.3,9,,2020-08-04T06:40:23,2020-08-04T19:05:03,0.53,Partially cloudy,Partly cloudy throughout the day.,partly-cloudy-day,"DNIB,NII0000DNIB,DNMM,NII0000DNMM,remote,65201099999,65100099999"
"Abeokuta, Ogun, Nigeria",2020-08-05,82.4,73.4,77.4,87.2,73.4,78.6,71.1,81.5,0.0,0,0.0,,0,0,19.7,13.9,240.5,1016.1,37.9,6.3,174.0,15.2,6,,2020-08-05T06:40:26,2020-08-05T19:04:48,0.56,Partially cloudy,Partly cloudy throughout the day.,partly-cloudy-day,"DNIB,65213099999,NIM00065213,NIM00065202,NII0000DNIB,DNMM,NII0000DNMM,65201099999,65100099999"
"Abeokuta, Ogun, Nigeria",2020-08-06,80.6,71.9,76.0,84.2,71.9,76.3,69.7,81.1,0.0,0,0.0,,0,0,21.9,19.0,247.5,1016.0,40.6,6.2,156.1,13.6,5,,2020-08-06T06:40:28,2020-08-06T19:04:31,0.59,Partially cloudy,Partly cloudy throughout the day.,partly-cloudy-day,"65213099999,DNIB,NIM00065213,NII0000DNIB,DNMM,NII0000DNMM,65201099999,65100099999,NIM00065208,65208099999"
"Abeokuta, Ogun, Nigeria",2020-08-07,82.4,72.4,76.2,86.5,72.4,76.7,70.4,82.6,0.039,100,4.17,rain,0,0,20.8,11.4,243.4,1016.4,42.3,6.2,119.9,10.3,4,,2020-08-07T06:40:30,2020-08-07T19:04:15,0.62,"Rain, Partially cloudy",Partly cloudy throughout the day with afternoon rain.,rain,"65210099999,DNIB,NIM00065213,NII0000DNIB,NIM00065210,DNMM,NII0000DNMM,remote,65100099999,NIM00065208,65208099999,65213099999,65201099999"
"Abeokuta, Ogun, Nigeria",2020-08-08,87.8,69.2,77.5,94.3,69.2,79.1,70.4,80.1,0.0,0,0.0,,0,0,17.2,10.3,243.3,1017.3,34.1,6.1,184.1,15.8,6,,2020-08-08T06:40:32,2020-08-08T19:03:57,0.66,Partially cloudy,Partly cloudy throughout the day.,partly-cloudy-day,"65210099999,65213099999,DNIB,NIM00065213,NII0000DNIB,NIM00065210,DNMM,NII0000DNMM,remote,65201099999,65100099999"
"Abeokuta, Ogun, Nigeria",2020-08-09,86.0,71.9,78.5,93.5,71.9,80.0,71.0,78.7,0.0,0,0.0,,0,0,19.7,16.1,246.6,1016.0,32.9,5.7,206.9,17.6,7,,2020-08-09T06:40:33,2020-08-09T19:03:39,0.69,Partially cloudy,Partly cloudy throughout the day.,partly-cloudy-day,"65210099999,DNIB,NII0000DNIB,NIM00065210,DNMM,NII0000DNMM,65201099999,65100099999"
"Abeokuta, Ogun, Nigeria",2020-08-10,82.4,73.5,77.2,87.2,73.5,78.1,71.4,82.8,0.0,0,0.0,,0,0,21.3,16.1,243.0,1014.5,39.6,6.3,170.3,14.8,7,,2020-08-10T06:40:34,2020-08-10T19:03:20,0.72,Partially cloudy,Partly cloudy throughout the day.,partly-cloudy-day,"65210099999,DNIB,NII0000DNIB,NIM00065210,DNMM,NIM00065203,NII0000DNMM,remote,65201099999,65100099999,NIM00065208,65208099999"
"Abeokuta, Ogun, Nigeria",2020-08-11,85.5,73.4,78.3,91.3,73.4,80.5,72.3,82.9,0.0,0,0.0,,0,0,20.6,11.4,226.4,1014.8,36.9,6.3,179.8,15.6,6,,2020-08-11T06:40:34,2020-08-11T19:03:00,0.75,Partially cloudy,Partly cloudy throughout the day.,partly-cloudy-day,"65210099999,DNIB,NII0000DNIB,NIM00065210,DNMM,NII0000DNMM,65201099999,65100099999"
"Abeokuta, Ogun, Nigeria",2020-08-12,86.3,70.0,77.5,92.0,70.0,79.4,72.0,84.2,0.0,0,0.0,,0,0,18.1,8.2,238.9,1014.8,31.8,5.9,286.4,24.7,10,,2020-08-12T06:40:34,2020-08-12T19:02:40,0.78,Partially cloudy,Partly cloudy throughout the day.,partly-cloudy-day,"65210099999,DNIB,NII0000DNIB,NIM00065210,DNMM,NII0000DNMM,remote,65201099999,65100099999,NIM00065208,65208099999"
"Abeokuta, Ogun, Nigeria",2020-08-13,87.8,70.8,78.0,94.3,70.8,79.8,71.6,82.2,0.0,0,0.0,,0,0,17.2,10.3,231.9,1014.0,35.4,5.9,192.9,16.8,7,,2020-08-13T06:40:33,2020-08-13T19:02:19,0.82,Partially cloudy,Partly cloudy throughout the day.,partly-cloudy-day,"65210099999,DNIB,NII0000DNIB,NIM00065210,DNMM,NII0000DNMM,remote,65201099999,65100099999"
"Abeokuta, Ogun, Nigeria",2020-08-14,82.4,72.4,77.5,87.2,72.4,78.8,71.7,82.7,0.024,100,12.5,rain,0,0,17.2,13.9,241.2,1012.5,49.2,6.3,124.7,10.7,5,,2020-08-14T06:40:32,2020-08-14T19:01:57,0.85,"Rain, Partially cloudy",Partly cloudy throughout the day with morning rain.,rain,"65210099999,DNIB,NII0000DNIB,NIM00065210,DNMM,NII0000DNMM,remote,65201099999,65100099999"
"Abeokuta, Ogun, Nigeria",2020-08-15,86.0,74.0,79.5,93.5,74.0,82.0,73.5,82.6,0.004,100,4.17,rain,0,0,21.0,12.8,231.1,1012.5,42.6,6.1,185.4,16.1,7,,2020-08-15T06:40:30,2020-08-15T19:01:35,0.88,"Rain, Partially cloudy",Becoming cloudy in the afternoon with afternoon rain.,rain,"65210099999,DNIB,NII0000DNIB,NIM00065210,DNMM,NII0000DNMM,remote,65201099999,65100099999"
"Abeokuta, Ogun, Nigeria",2020-08-16,87.8,74.0,80.0,95.9,74.0,83.0,73.2,80.8,0.0,0,0.0,,0,0,16.1,10.7,244.6,1012.5,35.4,6.9,174.1,15.1,6,,2020-08-16T06:40:28,2020-08-16T19:01:12,0.91,Partially cloudy,Partly cloudy throughout the day.,partly-cloudy-day,"65210099999,DNIB,65213099999,NIM00065213,NII0000DNIB,NIM00065210,DNMM,NII0000DNMM,remote,65201099999,65100099999"
"Abeokuta, Ogun, Nigeria",2020-08-17,84.2,73.3,77.8,89.7,73.3,79.3,72.4,84.1,0.004,100,4.17,rain,0,0,17.2,9.9,260.3,1011.9,44.8,5.6,183.8,15.8,6,,2020-08-17T06:40:26,2020-08-17T19:00:49,0.95,"Rain, Partially cloudy",Partly cloudy throughout the day with morning rain.,rain,"65210099999,DNIB,NII0000DNIB,NIM00065210,DNMM,NII0000DNMM,remote,65201099999,65100099999,NIM00065208,65208099999"
"Abeokuta, Ogun, Nigeria",2020-08-18,88.8,73.3,79.7,100.0,73.3,82.7,73.3,81.8,0.004,100,4.17,rain,0,0,16.6,9.9,247.8,1011.8,37.3,6.2,159.4,13.8,6,,2020-08-18T06:40:23,2020-08-18T19:00:25,0.98,"Rain, Partially cloudy",Becoming cloudy in the afternoon with afternoon rain.,rain,"65210099999,DNIB,NII0000DNIB,NIM00065210,DNMM,NII0000DNMM,remote,65201099999,NIM00065208,65100099999,65208099999"
"Abeokuta, Ogun, Nigeria",2020-08-19,89.6,74.6,80.6,98.3,74.6,83.6,72.8,78.3,0.004,100,4.17,rain,0,0,21.9,11.4,251.4,1011.1,39.3,6.2,185.5,16.0,6,,2020-08-19T06:40:20,2020-08-19T19:00:00,0.0,"Rain, Partially cloudy",Partly cloudy throughout the day with afternoon rain.,rain,"65210099999,DNIB,NII0000DNIB,NIM00065210,DNMM,NII0000DNMM,remote,65201099999,65100099999"
"Abeokuta, Ogun, Nigeria",2020-08-20,83.9,74.7,78.3,90.8,74.7,80.0,72.8,83.3,0.004,100,4.17,rain,0,0,15.0,15.0,261.9,1010.8,50.6,6.5,175.9,15.0,6,,2020-08-20T06:40:16,2020-08-20T18:59:35,0.05,"Rain, Partially cloudy",Partly cloudy throughout the day with morning rain.,rain,"65210099999,DNIB,NIM00065213,NII0000DNIB,NIM00065210,DNMM,NII0000DNMM,remote,65100099999,NIM00065208,65208099999,65213099999,65201099999"
"Abeokuta, Ogun, Nigeria",2020-08-21,80.8,75.5,78.1,85.4,75.5,79.4,73.3,85.5,0.0,0,0.0,,0,0,16.1,11.4,269.5,1011.7,49.4,6.2,66.3,5.9,3,,2020-08-21T06:40:12,2020-08-21T18:59:09,0.08,Partially cloudy,Partly cloudy throughout the day.,partly-cloudy-day,"65210099999,65213099999,DNIB,NIM00065213,NII0000DNIB,NIM00065210,DNMM,NII0000DNMM,65201099999,65100099999"
"Abeokuta, Ogun, Nigeria",2020-08-22,80.8,73.8,77.4,85.9,73.8,78.2,73.3,87.4,0.0,0,0.0,,0,0,18.3,9.1,240.3,1013.1,57.8,5.7,189.8,16.4,7,,2020-08-22T06:40:07,2020-08-22T18:58:43,0.12,Partially cloudy,Partly cloudy throughout the day.,partly-cloudy-day,"65210099999,DNIB,NII0000DNIB,NIM00065210,DNMM,NII0000DNMM,remote,65201099999,65100099999,NIM00065208,65208099999"
"Abeokuta, Ogun, Nigeria",2020-08-23,87.8,73.1,79.6,95.9,73.1,82.3,73.2,81.7,0.008,100,8.33,rain,0,0,17.4,10.3,252.5,1014.1,40.6,6.1,205.3,17.7,7,,2020-08-23T06:40:03,2020-08-23T18:58:17,0.15,"Rain, Partially cloudy",Partly cloudy throughout the day with afternoon rain.,rain,"65210099999,DNIB,NII0000DNIB,NIM00065210,DNMM,NII0000DNMM,remote,65201099999,65100099999"
"Abeokuta, Ogun, Nigeria",2020-08-24,85.8,72.8,78.9,91.5,72.8,80.6,71.3,78.6,0.0,0,0.0,,0,0,18.6,12.4,232.1,1012.8,51.4,6.3,146.6,12.5,5,,2020-08-24T06:39:57,2020-08-24T18:57:49,0.19,Partially cloudy,Partly cloudy throughout the day.,partly-cloudy-day,"65210099999,DNIB,65213099999,NIM00065213,NII0000DNIB,NIM00065210,DNMM,remote,NII0000DNMM,65201099999,65100099999"
"Abeokuta, Ogun, Nigeria",2020-08-25,84.4,73.4,77.8,89.3,73.4,79.2,72.0,82.7,0.004,100,4.17,rain,0,0,18.1,8.1,222.8,1013.1,39.2,6.2,191.1,16.5,6,,2020-08-25T06:39:52,2020-08-25T18:57:22,0.25,"Rain, Partially cloudy",Partly cloudy throughout the day with afternoon rain.,rain,"65210099999,DNIB,65213099999,NIM00065213,NII0000DNIB,DNMM,NII0000DNMM,remote,65201099999,65100099999"
"Abeokuta, Ogun, Nigeria",2020-08-26,86.0,72.9,77.9,92.0,72.9,79.9,72.3,83.8,0.0,0,0.0,,0,0,13.9,9.2,243.7,1014.1,33.8,6.0,175.2,15.2,6,,2020-08-26T06:39:46,2020-08-26T18:56:54,0.26,Partially cloudy,Partly cloudy throughout the day.,partly-cloudy-day,"65210099999,DNIB,NII0000DNIB,NIM00065210,DNMM,NIM00065203,NII0000DNMM,65201099999,NIM00065208,65100099999,65208099999"
"Abeokuta, Ogun, Nigeria",2020-08-27,89.6,74.8,79.1,98.3,74.8,81.2,73.0,82.7,0.0,0,0.0,,0,0,20.8,12.8,244.8,1014.5,37.7,6.1,172.6,14.9,6,,2020-08-27T06:39:40,2020-08-27T18:56:25,0.3,Partially cloudy,Partly cloudy throughout the day.,partly-cloudy-day,"65210099999,DNIB,NII0000DNIB,NIM00065210,DNMM,NII0000DNMM,65201099999,65100099999"
"Abeokuta, Ogun, Nigeria",2020-08-28,86.1,72.2,80.0,93.5,72.2,82.9,72.9,79.8,0.0,0,0.0,,0,0,21.9,11.4,252.5,1013.6,44.8,6.2,179.6,15.4,7,,2020-08-28T06:39:33,2020-08-28T18:55:56,0.33,Partially cloudy,Partly cloudy throughout the day.,partly-cloudy-day,"65210099999,65213099999,DNIB,NIM00065213,NII0000DNIB,NIM00065210,DNMM,NII0000DNMM,remote,65201099999,NIM00065208,65100099999"
"Abeokuta, Ogun, Nigeria",2020-08-29,86.1,76.8,79.9,93.7,76.8,82.2,73.0,80.1,0.008,100,8.33,rain,0,0,18.3,10.3,250.2,1012.8,37.9,6.2,172.2,14.8,7,,2020-08-29T06:39:26,2020-08-29T18:55:27,0.37,"Rain, Partially cloudy",Partly cloudy throughout the day with afternoon rain.,rain,"65210099999,DNIB,NII0000DNIB,NIM00065210,DNMM,NII0000DNMM,remote,65201099999,65100099999,NIM00065208,65208099999"
"Abeokuta, Ogun, Nigeria",2020-08-30,84.3,74.7,79.1,91.1,74.7,81.4,73.2,82.4,0.016,100,8.33,rain,0,0,17.7,15.0,236.6,1013.3,49.6,6.2,164.9,14.2,7,,2020-08-30T06:39:19,2020-08-30T18:54:57,0.4,"Rain, Partially cloudy",Partly cloudy throughout the day with rain.,rain,"65210099999,DNIB,NIM00065213,NII0000DNIB,NIM00065210,DNMM,NII0000DNMM,remote,NIM00065208,65100099999,65208099999,65213099999,65201099999"
"Abeokuta, Ogun, Nigeria",2020-08-31,89.7,74.5,79.4,98.0,74.5,81.1,73.2,82.1,0.126,100,12.5,rain,0,0,15.0,9.2,246.2,1013.5,45.8,6.2,115.5,9.8,5,,2020-08-31T06:39:12,2020-08-31T18:54:27,0.44,"Rain, Partially cloudy",Partly cloudy throughout the day with a chance of rain throughout the day.,rain,"65213099999,DNIB,NIM00065213,NII0000DNIB,DNMM,remote,NII0000DNMM,65201099999,NIM00065208,65100099999,65208099999"
"Abeokuta, Ogun, Nigeria",2020-09-01,83.4,74.4,78.1,89.3,74.4,79.5,73.9,87.1,0.039,100,4.17,rain,0,0,12.8,6.8,270.2,1012.8,46.5,5.8,67.3,6.0,2,,2020-09-01T06:39:04,2020-09-01T18:53:57,0.47,"Rain, Partially cloudy",Partly cloudy throughout the day with late afternoon rain.,rain,"65210099999,DNIB,65213099999,NIM00065213,NII0000DNIB,NIM00065210,DNMM,NII0000DNMM,remote,65201099999,65100099999"
"Abeokuta, Ogun, Nigeria",2020-09-02,83.7,74.4,78.4,90.2,74.4,80.1,73.2,84.5,0.039,100,4.17,rain,0,0,19.7,6.3,226.0,1011.2,67.0,6.0,164.4,14.3,5,,2020-09-02T06:38:56,2020-09-02T18:53:26,0.5,"Rain, Partially cloudy",Partly cloudy throughout the day with morning rain.,rain,"65210099999,DNIB,NII0000DNIB,NIM00065210,DNMM,NII0000DNMM,remote,65201099999,65100099999"
"Abeokuta, Ogun, Nigeria",2020-09-03,83.9,74.2,77.9,90.8,74.2,79.9,72.8,84.8,0.064,100,33.33,rain,0,0,19.5,7.4,208.4,1012.3,69.0,,202.5,17.5,7,,2020-09-03T06:38:48,2020-09-03T18:52:55,0.54,"Rain, Partially cloudy",Partly cloudy throughout the day with rain in the morning and afternoon.,rain,remote
"Abeokuta, Ogun, Nigeria",2020-09-04,86.1,73.5,78.4,92.7,73.5,80.5,72.5,82.6,0.028,100,8.33,rain,0,0,15.7,7.4,223.1,1014.2,94.7,6.2,169.0,14.7,6,,2020-09-04T06:38:40,2020-09-04T18:52:24,0.57,"Rain, Overcast",Cloudy skies throughout the day with afternoon rain.,rain,"DNMM,remote,NII0000DNMM,65201099999,NIM00065208,65208099999"
"Abeokuta, Ogun, Nigeria",2020-09-05,84.5,74.6,77.2,90.2,74.6,77.9,72.9,87.0,0.372,100,83.33,rain,0,0,20.8,12.8,221.1,1013.0,91.5,5.2,115.0,9.9,5,,2020-09-05T06:38:31,2020-09-05T18:51:53,0.61,"Rain, Overcast",Cloudy skies throughout the day with a chance of rain throughout the day.,rain,"remote,NIM00065208,65208099999"
"Abeokuta, Ogun, Nigeria",2020-09-06,82.7,74.2,77.8,88.2,74.2,79.6,73.0,85.6,0.12,100,79.17,rain,0,0,16.6,8.1,216.4,1011.2,70.8,7.5,113.4,10.0,5,,2020-09-06T06:38:22,2020-09-06T18:51:21,0.64,"Rain, Partially cloudy",Partly cloudy throughout the day with a chance of rain throughout the day.,rain,"65210099999,NIM00065210,remote"
"Abeokuta, Ogun, Nigeria",2020-09-07,85.6,72.9,78.5,92.7,72.9,80.8,72.7,83.2,0.028,100,20.83,rain,0,0,18.6,9.2,220.3,1011.2,56.6,6.4,202.1,17.5,8,,2020-09-07T06:38:13,2020-09-07T18:50:49,0.67,"Rain, Partially cloudy",Partly cloudy throughout the day with rain in the morning and afternoon.,rain,"65210099999,DNIB,NII0000DNIB,NIM00065210,DNMM,remote,NII0000DNMM,65201099999,NIM00065208,65100099999,65208099999"
"Abeokuta, Ogun, Nigeria",2020-09-08,87.8,74.0,80.9,95.9,74.0,85.1,73.5,78.9,0.0,0,0.0,,0,0,15.0,11.4,243.3,1011.9,35.7,6.2,185.7,16.1,8,,2020-09-08T06:38:04,2020-09-08T18:50:17,0.7,Partially cloudy,Partly cloudy throughout the day.,partly-cloudy-day,"65210099999,DNIB,NII0000DNIB,NIM00065210,DNMM,NII0000DNMM,65201099999,65100099999"
"Abeokuta, Ogun, Nigeria",2020-09-09,80.6,73.4,76.5,85.4,73.4,76.9,73.4,90.3,0.123,100,16.67,rain,0,0,15.0,12.8,259.6,1013.0,45.3,5.5,44.7,3.9,2,,2020-09-09T06:37:55,2020-09-09T18:49:44,0.74,"Rain, Partially cloudy",Partly cloudy throughout the day with rain.,rain,"65210099999,NIM00065210,DNMM,NII0000DNMM,remote,65201099999,NIM00065208,65208099999"
"Abeokuta, Ogun, Nigeria",2020-09-10,86.0,73.8,78.8,95.3,73.8,81.5,73.7,85.2,0.028,100,12.5,rain,0,0,16.1,10.7,218.8,1013.2,59.6,6.2,198.8,17.4,7,,2020-09-10T06:37:46,2020-09-10T18:49:12,0.75,"Rain, Partially cloudy",Partly cloudy throughout the day with early morning rain.,rain,"65210099999,DNIB,NIM00065213,NII0000DNIB,NIM00065210,DNMM,remote,NII0000DNMM,NIM00065208,65100099999,65208099999,65213099999,65201099999"
"Abeokuta, Ogun, Nigeria",2020-09-11,86.3,74.7,79.6,95.3,74.7,82.4,74.0,83.7,0.0,0,0.0,,0,0,23.0,10.3,248.9,1012.2,42.3,6.2,77.4,6.7,2,,2020-09-11T06:37:36,2020-09-11T18:48:39,0.8,Partially cloudy,Partly cloudy throughout the day.,partly-cloudy-day,"65210099999,DNIB,NII0000DNIB,NIM00065210,DNMM,NII0000DNMM,65201099999,65100099999,NIM00065208,65208099999"
"Abeokuta, Ogun, Nigeria",2020-09-12,84.6,70.9,78.5,94.4,70.9,81.5,74.7,88.2,0.039,100,4.17,rain,0,0,16.8,9.2,232.0,1013.1,50.6,5.7,194.9,16.9,7,,2020-09-12T06:37:27,2020-09-12T18:48:06,0.84,"Rain, Partially cloudy",Partly cloudy throughout the day with late afternoon rain.,rain,"65210099999,DNIB,NII0000DNIB,NIM00065210,DNMM,NII0000DNMM,remote,65201099999,65100099999"
"Abeokuta, Ogun, Nigeria",2020-09-13,84.3,70.9,77.7,91.7,70.9,80.3,71.8,83.2,0.0,0,0.0,,0,0,12.8,9.9,0.7,1013.9,33.1,5.6,109.8,9.3,4,,2020-09-13T06:37:17,2020-09-13T18:47:33,0.87,Partially cloudy,Partly cloudy throughout the day.,partly-cloudy-day,"65210099999,DNIB,NII0000DNIB,NIM00065210,DNMM,NII0000DNMM,65201099999,NIM00065208,65100099999,65208099999"
"Abeokuta, Ogun, Nigeria",2020-09-14,82.4,75.2,78.4,90.9,75.2,79.8,74.8,89.0,0.0,0,0.0,,0,0,16.8,9.2,246.7,1014.4,38.3,5.9,201.9,17.4,8,,2020-09-14T06:37:08,2020-09-14T18:47:00,0.9,Partially cloudy,Partly cloudy throughout the day.,partly-cloudy-day,"65210099999,DNIB,NII0000DNIB,NIM00065210,DNMM,NII0000DNMM,65201099999,65100099999"
"Abeokuta, Ogun, Nigeria",2020-09-15,78.8,69.8,74.5,78.8,69.8,74.5,72.7,94.0,0.827,100,8.33,rain,0,0,17.0,46.1,327.9,1013.0,42.2,5.7,136.1,11.7,5,,2020-09-15T06:36:58,2020-09-15T18:46:27,0.93,"Rain, Partially cloudy",Partly cloudy throughout the day with rain.,rain,"65210099999,DNIB,NIM00065213,NII0000DNIB,NIM00065210,DNMM,NII0000DNMM,remote,NIM00065208,65100099999,65208099999,65213099999,65201099999"
"Abeokuta, Ogun, Nigeria",2020-09-16,84.2,72.6,76.2,91.0,72.6,76.7,73.2,90.5,0.079,100,4.17,rain,0,0,20.4,9.2,255.5,1011.6,51.1,5.6,151.2,13.0,6,,2020-09-16T06:36:48,2020-09-16T18:45:54,0.97,"Rain, Partially cloudy",Partly cloudy throughout the day with late afternoon rain.,rain,"65210099999,DNIB,NII0000DNIB,NIM00065210,DNMM,NII0000DNMM,remote,65201099999,NIM00065208,65100099999,65208099999"
"Abeokuta, Ogun, Nigeria",2020-09-17,85.0,74.5,78.6,93.8,74.5,80.7,74.0,86.2,0.165,100,8.33,rain,0,0,19.7,12.3,231.8,1012.7,53.2,5.9,203.2,17.5,7,,2020-09-17T06:36:39,2020-09-17T18:45:21,0.0,"Rain, Partially cloudy",Partly cloudy throughout the day with rain.,rain,"65210099999,DNIB,NII0000DNIB,NIM00065210,DNMM,NII0000DNMM,remote,65201099999,65100099999,NIM00065208,65208099999"
"Abeokuta, Ogun, Nigeria",2020-09-18,84.8,73.3,78.4,91.9,73.3,80.9,73.1,84.5,0.024,100,20.83,rain,0,0,12.3,6.9,248.2,1013.4,75.3,7.4,176.9,15.2,6,,2020-09-18T06:36:29,2020-09-18T18:44:48,0.03,"Rain, Partially cloudy",Partly cloudy throughout the day with rain.,rain,"65210099999,DNIB,NII0000DNIB,NIM00065210,remote,NIM00065208,65100099999,65208099999"
"Abeokuta, Ogun, Nigeria",2020-09-19,86.3,70.8,78.1,95.0,70.8,80.5,73.1,85.5,0.06,100,29.17,rain,0,0,17.9,10.3,198.9,1013.1,74.5,5.2,139.3,12.1,4,,2020-09-19T06:36:19,2020-09-19T18:44:15,0.07,"Rain, Partially cloudy",Partly cloudy throughout the day with rain.,rain,"65210099999,DNIB,NII0000DNIB,NIM00065210,DNMM,remote,NII0000DNMM,65201099999,65100099999,NIM00065208,65208099999"
"Abeokuta, Ogun, Nigeria",2020-09-20,80.9,73.3,76.6,86.2,73.3,77.0,73.6,90.7,0.024,100,12.5,rain,0,0,16.8,7.2,233.5,1013.4,69.9,5.4,97.6,8.4,5,,2020-09-20T06:36:10,2020-09-20T18:43:42,0.1,"Rain, Partially cloudy",Partly cloudy throughout the day with rain in the morning and afternoon.,rain,"65210099999,NIM00065210,DNMM,remote,NII0000DNMM,65201099999"
"Abeokuta, Ogun, Nigeria",2020-09-21,86.0,73.4,79.2,95.3,73.4,82.1,74.6,86.4,0.02,100,16.67,rain,0,0,17.0,10.3,243.9,1013.4,54.5,5.6,210.0,18.4,7,,2020-09-21T06:36:00,2020-09-21T18:43:09,0.14,"Rain, Partially cloudy",Partly cloudy throughout the day with rain.,rain,"65210099999,NIM00065210,DNMM,NII0000DNMM,remote,65201099999"
"Abeokuta, Ogun, Nigeria",2020-09-22,84.2,74.6,78.4,92.5,74.6,80.2,75.3,90.5,0.004,100,4.17,rain,0,0,14.5,5.8,256.7,1013.5,53.5,5.9,126.9,10.9,5,,2020-09-22T06:35:51,2020-09-22T18:42:36,0.17,"Rain, Partially cloudy",Partly cloudy throughout the day with morning rain.,rain,"65210099999,DNIB,NII0000DNIB,NIM00065210,DNMM,NII0000DNMM,remote,65201099999,NIM00065208,65100099999,65208099999"
"Abeokuta, Ogun, Nigeria",2020-09-23,86.0,75.2,79.8,97.2,75.2,83.8,75.3,86.5,0.0,0,0.0,,0,0,18.6,11.4,227.0,1014.2,36.4,6.0,176.8,15.4,7,,2020-09-23T06:35:41,2020-09-23T18:42:03,0.21,Partially cloudy,Partly cloudy throughout the day.,partly-cloudy-day,"65210099999,DNIB,NII0000DNIB,NIM00065210,DNMM,NII0000DNMM,65201099999,65100099999"
"Abeokuta, Ogun, Nigeria",2020-09-24,84.2,71.6,77.1,92.5,71.6,78.1,72.8,86.8,0.315,100,4.17,rain,0,0,17.4,11.4,217.6,1014.2,51.9,6.2,112.6,9.7,5,,2020-09-24T06:35:32,2020-09-24T18:41:30,0.25,"Rain, Partially cloudy",Partly cloudy throughout the day with late afternoon rain.,rain,"65210099999,DNIB,NII0000DNIB,NIM00065210,DNMM,NII0000DNMM,remote,65201099999,65100099999"
"Abeokuta, Ogun, Nigeria",2020-09-25,86.1,73.4,78.6,94.7,73.4,81.1,73.4,84.8,0.0,0,0.0,,0,0,12.5,9.2,262.4,1014.0,44.2,5.9,164.1,14.2,6,,2020-09-25T06:35:23,2020-09-25T18:40:58,0.28,Partially cloudy,Partly cloudy throughout the day.,partly-cloudy-day,"65210099999,DNIB,NII0000DNIB,NIM00065210,DNMM,remote,NII0000DNMM,65201099999,65100099999,NIM00065208,65208099999"
"Abeokuta, Ogun, Nigeria",2020-09-26,81.6,69.8,76.2,86.4,69.8,76.7,72.3,88.2,0.08,100,33.33,rain,0,0,26.4,19.7,291.0,1012.4,62.7,5.6,142.5,12.3,6,,2020-09-26T06:35:14,2020-09-26T18:40:25,0.31,"Rain, Partially cloudy",Partly cloudy throughout the day with rain.,rain,"65210099999,DNIB,NII0000DNIB,NIM00065210,DNMM,NII0000DNMM,remote,65201099999,65100099999"
"Abeokuta, Ogun, Nigeria",2020-09-27,84.2,71.6,77.1,92.5,71.6,79.3,73.3,88.8,0.039,100,4.17,rain,0,0,15.0,10.7,250.9,1011.8,55.8,5.7,91.3,7.9,3,,2020-09-27T06:35:06,2020-09-27T18:39:53,0.35,"Rain, Partially cloudy",Partly cloudy throughout the day with morning rain.,rain,"65210099999,DNIB,NII0000DNIB,NIM00065210,DNMM,remote,NII0000DNMM,65201099999,65100099999"
"Abeokuta, Ogun, Nigeria",2020-09-28,86.0,72.8,78.9,97.2,72.8,82.4,74.2,86.2,0.091,100,4.17,rain,0,0,18.3,10.3,237.6,1012.2,65.1,6.2,202.8,17.5,7,,2020-09-28T06:34:57,2020-09-28T18:39:21,0.38,"Rain, Partially cloudy",Partly cloudy throughout the day with afternoon rain.,rain,"65210099999,DNIB,NII0000DNIB,NIM00065210,DNMM,remote,NII0000DNMM,65201099999,65100099999"
"Abeokuta, Ogun, Nigeria",2020-09-29,87.8,73.7,79.5,100.0,73.7,82.4,74.4,85.0,0.004,100,4.17,rain,0,0,13.9,11.4,233.0,1013.1,51.4,6.4,144.7,12.4,5,,2020-09-29T06:34:49,2020-09-29T18:38:50,0.42,"Rain, Partially cloudy",Partly cloudy throughout the day with late afternoon rain.,rain,"65210099999,DNIB,NII0000DNIB,NIM00065210,DNMM,NII0000DNMM,remote,65201099999,65100099999"
"Abeokuta, Ogun, Nigeria",2020-09-30,83.0,71.6,78.1,92.0,71.6,79.7,74.9,90.1,0.315,100,8.33,rain,0,0,15.9,8.6,239.0,1012.4,59.2,6.2,118.4,10.1,5,,2020-09-30T06:34:41,2020-09-30T18:38:18,0.45,"Rain, Partially cloudy",Partly cloudy throughout the day with rain.,rain,"65210099999,NIM00065210,DNMM,NII0000DNMM,remote,65201099999"
"Abeokuta, Ogun, Nigeria",2020-10-01,86.1,71.6,79.2,95.3,71.6,82.1,74.3,86.0,0.008,100,4.17,rain,0,0,19.9,15.0,218.2,1011.8,42.9,5.9,187.8,16.3,7,,2020-10-01T06:34:33,2020-10-01T18:37:47,0.5,"Rain, Partially cloudy",Partly cloudy throughout the day with early morning rain.,rain,"65210099999,DNIB,NII0000DNIB,NIM00065210,DNMM,NII0000DNMM,remote,65201099999,NIM00065208,65100099999,65208099999"
"Abeokuta, Ogun, Nigeria",2020-10-02,87.8,73.5,78.9,100.0,73.5,81.3,74.3,86.4,0.047,100,12.5,rain,0,0,15.0,10.3,211.9,1011.3,54.3,6.5,188.1,16.4,8,,2020-10-02T06:34:25,2020-10-02T18:37:17,0.52,"Rain, Partially cloudy",Partly cloudy throughout the day with rain in the morning and afternoon.,rain,"65210099999,NIM00065210,DNMM,NII0000DNMM,remote,65201099999"
"Abeokuta, Ogun, Nigeria",2020-10-03,85.7,75.3,79.3,95.4,75.3,82.1,74.5,85.6,0.15,100,25.0,rain,0,0,12.8,5.8,199.1,1011.3,75.5,6.2,133.6,11.5,6,,2020-10-03T06:34:18,2020-10-03T18:36:46,0.55,"Rain, Partially cloudy",Partly cloudy throughout the day with rain in the morning and afternoon.,rain,"DNMM,remote,NII0000DNMM,65201099999"
"Abeokuta, Ogun, Nigeria",2020-10-04,87.0,74.4,79.4,97.3,74.4,82.4,74.1,84.7,0.091,100,20.83,rain,0,0,16.1,9.2,218.7,1012.3,70.3,6.9,201.0,17.4,7,,2020-10-04T06:34:11,2020-10-04T18:36:16,0.59,"Rain, Partially cloudy",Partly cloudy throughout the day with rain in the morning and afternoon.,rain,"65210099999,NIM00065210,DNMM,remote,NII0000DNMM,65201099999"
"Abeokuta, Ogun, Nigeria",2020-10-05,88.8,74.4,80.1,100.1,74.4,83.9,75.6,86.8,0.114,100,4.17,rain,0,0,15.9,6.9,218.0,1013.1,58.6,6.1,215.2,18.6,8,,2020-10-05T06:34:05,2020-10-05T18:35:46,0.62,"Rain, Partially cloudy",Partly cloudy throughout the day with afternoon rain.,rain,"65210099999,DNIB,NII0000DNIB,NIM00065210,DNMM,remote,NII0000DNMM,65201099999,65100099999"
"Abeokuta, Ogun, Nigeria",2020-10-06,86.8,71.6,77.6,96.3,71.6,78.9,74.0,89.0,0.0,0,0.0,,0,0,18.1,26.4,227.5,1013.0,58.0,5.6,193.7,16.7,7,,2020-10-06T06:33:58,2020-10-06T18:35:17,0.65,Partially cloudy,Partly cloudy throughout the day.,partly-cloudy-day,"65210099999,DNIB,NII0000DNIB,NIM00065210,DNMM,remote,NII0000DNMM,65201099999,65100099999"
"Abeokuta, Ogun, Nigeria",2020-10-07,82.4,71.6,76.8,88.3,71.6,77.8,72.9,88.1,0.63,100,4.17,rain,0,0,24.2,12.8,126.4,1013.4,54.2,5.9,83.0,7.2,3,,2020-10-07T06:33:52,2020-10-07T18:34:48,0.69,"Rain, Partially cloudy",Partly cloudy throughout the day with morning rain.,rain,"65210099999,DNIB,NII0000DNIB,NIM00065210,DNMM,NII0000DNMM,remote,65201099999,65100099999"
"Abeokuta, Ogun, Nigeria",2020-10-08,86.1,75.2,79.6,93.5,75.2,82.8,74.4,85.1,0.02,100,4.17,rain,0,0,16.8,11.4,209.9,1012.8,52.5,5.8,151.9,13.1,6,,2020-10-08T06:33:47,2020-10-08T18:34:20,0.72,"Rain, Partially cloudy",Partly cloudy throughout the day with early morning rain.,rain,"65210099999,DNIB,NII0000DNIB,NIM00065210,DNMM,NII0000DNMM,remote,65201099999,65100099999"
"Abeokuta, Ogun, Nigeria",2020-10-09,87.7,73.8,78.9,97.2,73.8,80.6,73.9,85.3,0.17,100,33.33,rain,0,0,17.9,6.9,222.6,1013.2,67.5,6.2,178.7,15.1,7,,2020-10-09T06:33:42,2020-10-09T18:33:52,0.75,"Rain, Partially cloudy",Partly cloudy throughout the day with a chance of rain throughout the day.,rain,"DNMM,NII0000DNMM,remote,65201099999"
"Abeokuta, Ogun, Nigeria",2020-10-10,86.1,73.4,79.2,95.5,73.4,82.1,74.4,86.0,0.071,100,4.17,rain,0,0,18.3,9.0,203.2,1013.6,59.7,5.9,187.7,16.2,7,,2020-10-10T06:33:37,2020-10-10T18:33:24,0.75,"Rain, Partially cloudy",Partly cloudy throughout the day with afternoon rain.,rain,"65210099999,NIM00065210,DNMM,remote,NII0000DNMM,65201099999"
"Abeokuta, Ogun, Nigeria",2020-10-11,86.0,74.6,79.0,93.5,74.6,81.3,74.4,86.6,0.401,100,20.83,rain,0,0,17.4,9.2,250.7,1013.5,56.4,6.2,163.0,14.2,6,,2020-10-11T06:33:33,2020-10-11T18:32:58,0.82,"Rain, Partially cloudy",Partly cloudy throughout the day with rain in the morning and afternoon.,rain,"65210099999,DNIB,NII0000DNIB,NIM00065210,DNMM,remote,NII0000DNMM,65201099999,65100099999"
"Abeokuta, Ogun, Nigeria",2020-10-12,87.2,73.1,79.2,95.8,73.1,82.3,73.9,84.7,0.016,100,12.5,rain,0,0,14.5,23.0,269.7,1012.3,40.7,6.4,207.4,17.7,7,,2020-10-12T06:33:29,2020-10-12T18:32:31,0.85,"Rain, Partially cloudy",Partly cloudy throughout the day with afternoon rain.,rain,"65210099999,DNIB,NII0000DNIB,NIM00065210,DNMM,NII0000DNMM,remote,65201099999,65100099999"
"Abeokuta, Ogun, Nigeria",2020-10-13,87.9,71.6,79.0,97.9,71.6,82.6,73.4,83.7,0.669,100,4.17,rain,0,0,15.7,10.3,232.2,1012.5,48.2,6.1,177.4,15.5,5,,2020-10-13T06:33:26,2020-10-13T18:32:05,0.89,"Rain, Partially cloudy",Partly cloudy throughout the day with early morning rain.,rain,"65210099999,DNIB,NII0000DNIB,NIM00065210,DNMM,remote,NII0000DNMM,65201099999,65100099999,NIM00065208,65208099999"
"Abeokuta, Ogun, Nigeria",2020-10-14,84.1,73.3,77.4,90.2,73.3,78.4,74.1,89.9,0.035,100,8.33,rain,0,0,15.4,8.1,236.8,1013.0,59.7,5.7,142.2,12.2,6,,2020-10-14T06:33:23,2020-10-14T18:31:40,0.92,"Rain, Partially cloudy",Partly cloudy throughout the day with afternoon rain.,rain,"65210099999,DNIB,NII0000DNIB,NIM00065210,DNMM,remote,NII0000DNMM,65201099999,65100099999,NIM00065208,65208099999"
"Abeokuta, Ogun, Nigeria",2020-10-15,88.2,74.7,80.3,99.1,74.7,84.2,74.7,84.2,0.13,100,25.0,rain,0,0,20.4,8.1,231.7,1013.0,40.4,6.0,186.6,16.1,8,,2020-10-15T06:33:21,2020-10-15T18:31:15,0.95,"Rain, Partially cloudy",Partly cloudy throughout the day with rain in the morning and afternoon.,rain,"65210099999,DNIB,NII0000DNIB,NIM00065210,DNMM,NII0000DNMM,remote,65201099999,65100099999"
"Abeokuta, Ogun, Nigeria",2020-10-16,87.2,76.2,79.6,96.0,76.2,82.1,74.7,85.8,0.063,100,25.0,rain,0,0,15.4,11.4,234.6,1012.0,59.6,6.1,165.0,14.3,7,,2020-10-16T06:33:19,2020-10-16T18:30:51,0.0,"Rain, Partially cloudy",Partly cloudy throughout the day with rain in the morning and afternoon.,rain,"65210099999,DNIB,NII0000DNIB,NIM00065210,DNMM,remote,NII0000DNMM,65201099999,65100099999"
"Abeokuta, Ogun, Nigeria",2020-10-17,86.3,75.2,78.7,97.7,75.2,81.3,74.4,87.4,0.012,100,12.5,rain,0,0,22.4,6.9,185.2,1012.2,54.4,5.5,171.8,14.8,8,,2020-10-17T06:33:18,2020-10-17T18:30:28,0.02,"Rain, Partially cloudy",Partly cloudy throughout the day with afternoon rain.,rain,"65210099999,DNIB,NII0000DNIB,NIM00065210,DNMM,NII0000DNMM,remote,65201099999,65100099999"
"Abeokuta, Ogun, Nigeria",2020-10-18,88.9,73.4,80.3,100.3,73.4,84.9,75.2,85.2,0.0,0,0.0,,0,0,12.8,11.1,216.1,1011.5,40.1,5.5,193.0,16.6,8,,2020-10-18T06:33:17,2020-10-18T18:30:05,0.06,Partially cloudy,Partly cloudy throughout the day.,partly-cloudy-day,"65210099999,DNIB,NII0000DNIB,NIM00065210,DNMM,NII0000DNMM,remote,65201099999,65100099999"
"Abeokuta, Ogun, Nigeria",2020-10-19,87.9,73.4,79.8,97.6,73.4,83.2,74.1,83.9,0.079,100,12.5,rain,0,0,17.2,11.4,199.4,1011.8,48.7,6.3,214.8,18.4,8,,2020-10-19T06:33:17,2020-10-19T18:29:43,0.09,"Rain, Partially cloudy",Partly cloudy throughout the day with rain.,rain,"65210099999,DNIB,NII0000DNIB,NIM00065210,DNMM,remote,NII0000DNMM,65201099999,65100099999"
"Abeokuta, Ogun, Nigeria",2020-10-20,89.7,72.8,79.4,102.6,72.8,83.2,73.6,83.6,0.079,100,4.17,rain,0,0,19.5,15.0,221.4,1012.3,41.2,6.6,188.4,16.1,7,,2020-10-20T06:33:18,2020-10-20T18:29:22,0.12,"Rain, Partially cloudy",Becoming cloudy in the afternoon with morning rain.,rain,"65210099999,DNIB,NII0000DNIB,NIM00065210,DNMM,NII0000DNMM,remote,65201099999,65100099999"
"Abeokuta, Ogun, Nigeria",2020-10-21,89.3,75.6,81.1,99.2,75.6,85.2,75.0,82.7,0.0,0,0.0,,0,0,13.0,9.2,216.6,1012.1,48.4,6.3,202.2,17.3,7,,2020-10-21T06:33:19,2020-10-21T18:29:01,0.16,Partially cloudy,Partly cloudy throughout the day.,partly-cloudy-day,"65210099999,DNIB,NII0000DNIB,NIM00065210,DNMM,NII0000DNMM,remote,65201099999,65100099999"
"Abeokuta, Ogun, Nigeria",2020-10-22,91.5,76.6,81.8,106.1,76.6,87.1,75.9,83.1,0.004,100,4.17,rain,0,0,15.7,10.3,211.8,1012.4,36.4,6.2,221.6,19.0,8,,2020-10-22T06:33:20,2020-10-22T18:28:41,0.19,"Rain, Partially cloudy",Partly cloudy throughout the day with afternoon rain.,rain,"65210099999,DNIB,NII0000DNIB,NIM00065210,DNMM,remote,NII0000DNMM,65201099999,NIM00065208,65100099999,65208099999"
"Abeokuta, Ogun, Nigeria",2020-10-23,90.6,77.0,82.7,105.3,77.0,89.2,76.3,81.8,0.004,100,4.17,rain,0,0,15.4,10.3,229.1,1012.6,41.9,6.2,217.8,18.8,8,,2020-10-23T06:33:23,2020-10-23T18:28:22,0.25,"Rain, Partially cloudy",Partly cloudy throughout the day with morning rain.,rain,"65210099999,DNIB,NII0000DNIB,NIM00065210,DNMM,NII0000DNMM,remote,65201099999,NIM00065208,65100099999,65208099999"
"Abeokuta, Ogun, Nigeria",2020-10-24,89.1,77.0,82.2,100.0,77.0,88.3,76.2,82.7,0.0,0,0.0,,0,0,14.8,13.9,228.9,1011.8,51.7,6.5,235.3,20.4,9,,2020-10-24T06:33:26,2020-10-24T18:28:04,0.26,Partially cloudy,Partly cloudy throughout the day.,partly-cloudy-day,"65210099999,DNIB,NII0000DNIB,NIM00065210,DNMM,NII0000DNMM,remote,65201099999,65100099999"
"Abeokuta, Ogun, Nigeria",2020-10-25,86.0,71.6,79.6,97.6,71.6,83.8,75.3,87.1,1.142,100,4.17,rain,0,0,18.6,14.1,194.9,1011.3,49.8,5.8,142.0,12.2,6,,2020-10-25T06:33:29,2020-10-25T18:27:46,0.29,"Rain, Partially cloudy",Partly cloudy throughout the day with afternoon rain.,rain,"65210099999,DNIB,NII0000DNIB,NIM00065210,DNMM,NII0000DNMM,remote,65201099999,NIM00065208,65100099999,65208099999"
"Abeokuta, Ogun, Nigeria",2020-10-26,87.8,74.9,79.4,100.0,74.9,83.2,75.5,88.5,0.0,0,0.0,,0,0,15.0,9.2,202.9,1010.7,60.4,5.4,219.0,18.9,8,,2020-10-26T06:33:34,2020-10-26T18:27:30,0.33,Partially cloudy,Partly cloudy throughout the day.,partly-cloudy-day,"65210099999,DNIB,NII0000DNIB,NIM00065210,DNMM,remote,NII0000DNMM,65201099999,65100099999,NIM00065208,65208099999"
"Abeokuta, Ogun, Nigeria",2020-10-27,91.4,75.2,81.6,105.3,75.2,86.8,75.3,82.8,0.008,100,4.17,rain,0,0,16.3,8.1,188.1,1010.3,50.0,6.2,205.5,17.7,7,,2020-10-27T06:33:39,2020-10-27T18:27:14,0.36,"Rain, Partially cloudy",Partly cloudy throughout the day with late afternoon rain.,rain,"65210099999,DNIB,NII0000DNIB,NIM00065210,DNMM,NII0000DNMM,remote,65201099999,NIM00065208,65100099999,65208099999"
"Abeokuta, Ogun, Nigeria",2020-10-28,89.7,76.9,81.7,103.1,76.9,87.1,76.6,85.2,0.11,100,4.17,rain,0,0,19.7,11.4,217.3,1010.9,47.7,6.0,213.7,18.4,8,,2020-10-28T06:33:44,2020-10-28T18:26:59,0.39,"Rain, Partially cloudy",Partly cloudy throughout the day with morning rain.,rain,"65210099999,DNIB,NII0000DNIB,NIM00065210,DNMM,remote,NII0000DNMM,65201099999,NIM00065208,65100099999,65208099999"
"Abeokuta, Ogun, Nigeria",2020-10-29,90.2,76.2,82.6,102.5,76.2,88.2,75.9,81.2,0.0,0,0.0,,0,0,15.7,9.2,195.5,1011.6,43.3,5.9,206.6,17.7,7,,2020-10-29T06:33:51,2020-10-29T18:26:45,0.43,Partially cloudy,Partly cloudy throughout the day.,partly-cloudy-day,"65210099999,DNIB,NII0000DNIB,NIM00065210,DNMM,NII0000DNMM,remote,65201099999,65100099999,NIM00065208,65208099999"
"Abeokuta, Ogun, Nigeria",2020-10-30,89.5,75.2,80.9,100.8,75.2,86.0,75.2,83.6,0.197,100,4.17,rain,0,0,18.1,10.3,203.0,1011.7,35.5,5.6,235.2,20.3,9,,2020-10-30T06:33:58,2020-10-30T18:26:31,0.46,"Rain, Partially cloudy",Partly cloudy throughout the day with morning rain.,rain,"65210099999,DNIB,NII0000DNIB,NIM00065210,DNMM,NII0000DNMM,remote,65201099999,65100099999,NIM00065208,65208099999"
"Abeokuta, Ogun, Nigeria",2020-10-31,89.9,76.8,82.5,106.0,76.8,89.0,77.0,84.4,0.0,0,0.0,,0,0,16.8,9.2,219.8,1011.4,34.1,6.1,219.5,18.8,9,,2020-10-31T06:34:05,2020-10-31T18:26:19,0.5,Partially cloudy,Partly cloudy throughout the day.,partly-cloudy-day,"65210099999,DNIB,NII0000DNIB,NIM00065210,DNMM,remote,NII0000DNMM,65201099999,NIM00065208,65100099999,65208099999"
"Abeokuta, Ogun, Nigeria",2020-11-01,91.4,77.0,83.0,107.9,77.0,88.7,76.2,81.5,0.0,0,0.0,,0,0,15.2,8.7,207.0,1010.4,47.9,6.2,223.0,19.3,8,,2020-11-01T06:34:14,2020-11-01T18:26:07,0.53,Partially cloudy,Partly cloudy throughout the day.,partly-cloudy-day,"65210099999,DNIB,65213099999,NIM00065213,NII0000DNIB,NIM00065210,DNMM,NII0000DNMM,remote,65201099999,65100099999,NIM00065208"
"Abeokuta, Ogun, Nigeria",2020-11-02,89.1,76.7,81.7,103.6,76.7,87.0,76.7,85.5,0.028,100,16.67,rain,0,0,17.4,6.9,208.0,1011.0,71.8,6.2,193.8,16.7,8,,2020-11-02T06:34:23,2020-11-02T18:25:57,0.56,"Rain, Partially cloudy",Partly cloudy throughout the day with rain.,rain,"65210099999,DNIB,NII0000DNIB,NIM00065210,DNMM,remote,NII0000DNMM,65201099999,65100099999,NIM00065208,65208099999"
"Abeokuta, Ogun, Nigeria",2020-11-03,92.4,75.9,82.6,105.2,75.9,88.0,75.3,80.8,0.0,0,0.0,,0,0,18.8,11.4,234.3,1011.7,50.8,6.3,239.2,20.6,9,,2020-11-03T06:34:33,2020-11-03T18:25:47,0.6,Partially cloudy,Clearing in the afternoon.,partly-cloudy-day,"65210099999,DNIB,NII0000DNIB,NIM00065210,DNMM,remote,NII0000DNMM,65201099999,NIM00065208,65100099999,65208099999"
"Abeokuta, Ogun, Nigeria",2020-11-04,88.6,76.6,80.8,100.2,76.6,85.4,76.6,87.6,0.0,0,0.0,,0,0,16.8,9.9,223.3,1012.1,49.6,5.2,179.3,15.7,7,,2020-11-04T06:34:43,2020-11-04T18:25:38,0.63,Partially cloudy,Partly cloudy throughout the day.,partly-cloudy-day,"65210099999,DNIB,NII0000DNIB,NIM00065210,DNMM,remote,NII0000DNMM,65201099999,NIM00065208,65100099999,65208099999"
"Abeokuta, Ogun, Nigeria",2020-11-05,91.4,76.8,82.5,101.3,76.8,88.0,75.8,81.9,0.008,100,4.17,rain,0,0,16.1,7.8,197.7,1011.3,48.8,5.6,196.1,16.8,8,,2020-11-05T06:34:55,2020-11-05T18:25:31,0.67,"Rain, Partially cloudy",Becoming cloudy in the afternoon with afternoon rain.,rain,"DNIB,NII0000DNIB,DNMM,NII0000DNMM,remote,65201099999,65100099999,NIM00065208,65208099999"
"Abeokuta, Ogun, Nigeria",2020-11-06,94.9,77.0,83.9,108.6,77.0,89.2,75.2,78.8,0.008,100,8.33,rain,0,0,15.9,10.3,217.4,1011.7,52.5,7.1,228.7,19.7,9,,2020-11-06T06:35:07,2020-11-06T18:25:24,0.7,"Rain, Partially cloudy",Partly cloudy throughout the day with morning rain.,rain,"65210099999,DNIB,NII0000DNIB,NIM00065210,DNMM,remote,NII0000DNMM,65201099999,65100099999,NIM00065208,65208099999"
"Abeokuta, Ogun, Nigeria",2020-11-07,93.2,77.0,83.5,105.3,77.0,89.5,75.6,78.9,0.709,100,4.17,rain,0,0,17.2,9.2,292.1,1012.7,38.4,6.2,211.2,18.2,8,,2020-11-07T06:35:20,2020-11-07T18:25:18,0.73,"Rain, Partially cloudy",Partly cloudy throughout the day with late afternoon rain.,rain,"65210099999,DNIB,NII0000DNIB,NIM00065210,DNMM,NII0000DNMM,remote,65201099999,NIM00065208,65100099999,65208099999"
"Abeokuta, Ogun, Nigeria",2020-11-08,90.6,77.0,82.3,102.5,77.0,86.3,75.2,80.7,0.008,100,8.33,rain,0,0,14.5,7.7,210.8,1013.6,41.0,5.8,227.7,19.6,8,,2020-11-08T06:35:33,2020-11-08T18:25:13,0.75,"Rain, Partially cloudy",Partly cloudy throughout the day with morning rain.,rain,"65210099999,DNIB,NII0000DNIB,NIM00065210,DNMM,NII0000DNMM,remote,65201099999,65100099999,NIM00065208,65208099999"
"Abeokuta, Ogun, Nigeria",2020-11-09,87.8,77.0,81.1,100.0,77.0,85.6,76.1,85.4,0.118,100,4.17,rain,0,0,11.0,9.2,250.6,1013.4,49.6,5.6,136.3,11.8,5,,2020-11-09T06:35:47,2020-11-09T18:25:09,0.8,"Rain, Partially cloudy",Partly cloudy throughout the day with early morning rain.,rain,"65210099999,DNIB,NII0000DNIB,NIM00065210,DNMM,remote,NII0000DNMM,65201099999,NIM00065208,65100099999,65208099999"
"Abeokuta, Ogun, Nigeria",2020-11-10,91.5,75.5,81.5,104.8,75.5,86.0,75.5,83.2,0.008,100,8.33,rain,0,0,18.1,9.2,196.9,1012.3,40.8,6.1,203.9,17.7,7,,2020-11-10T06:36:02,2020-11-10T18:25:07,0.84,"Rain, Partially cloudy",Partly cloudy throughout the day with morning rain.,rain,"65210099999,DNIB,NII0000DNIB,NIM00065210,DNMM,remote,NII0000DNMM,65201099999,65100099999"
"Abeokuta, Ogun, Nigeria",2020-11-11,88.4,75.2,80.1,97.5,75.2,82.4,75.6,86.8,2.205,100,8.33,rain,0,0,21.9,8.1,201.7,1011.9,36.1,5.6,206.9,17.9,8,,2020-11-11T06:36:18,2020-11-11T18:25:05,0.87,"Rain, Partially cloudy",Partly cloudy throughout the day with rain.,rain,"65210099999,DNIB,NII0000DNIB,NIM00065210,DNMM,NII0000DNMM,remote,65201099999,65100099999,NIM00065208,65208099999"
"Abeokuta, Ogun, Nigeria",2020-11-12,95.1,73.8,82.6,110.2,73.8,88.1,74.7,79.4,0.0,0,0.0,,0,0,19.5,9.2,40.6,1011.6,32.6,5.2,246.1,21.3,9,,2020-11-12T06:36:35,2020-11-12T18:25:04,0.91,Partially cloudy,Partly cloudy throughout the day.,partly-cloudy-day,"65210099999,NII0000DNIB,NIM00065210,DNMM,NII0000DNMM,remote,65201099999,65100099999"
"Abeokuta, Ogun, Nigeria",2020-11-13,96.7,77.4,84.4,100.9,77.4,88.0,72.3,72.5,0.0,0,0.0,,0,0,14.1,18.3,30.0,1011.6,22.8,6.2,265.2,22.9,9,,2020-11-13T06:36:52,2020-11-13T18:25:04,0.94,Partially cloudy,Partly cloudy throughout the day.,partly-cloudy-day,"65210099999,DNIB,NII0000DNIB,NIM00065210,DNMM,NII0000DNMM,remote,65201099999,65100099999"
"Abeokuta, Ogun, Nigeria",2020-11-14,92.4,77.3,83.0,105.3,77.3,88.1,75.6,80.5,0.0,0,0.0,,0,0,15.7,9.2,183.8,1011.7,61.2,5.1,224.3,19.2,8,,2020-11-14T06:37:10,2020-11-14T18:25:05,0.97,Partially cloudy,Partly cloudy throughout the day.,partly-cloudy-day,"65210099999,DNIB,NII0000DNIB,NIM00065210,DNMM,remote,NII0000DNMM,65201099999,65100099999,NIM00065208,65208099999"
"Abeokuta, Ogun, Nigeria",2020-11-15,91.6,76.4,82.7,102.6,76.4,88.2,75.8,81.0,0.315,100,4.17,rain,0,0,17.2,10.1,215.1,1010.4,56.6,6.0,221.6,19.2,9,,2020-11-15T06:37:28,2020-11-15T18:25:07,0.0,"Rain, Partially cloudy",Clearing in the afternoon with late afternoon rain.,rain,"65210099999,DNIB,NII0000DNIB,NIM00065210,DNMM,remote,NII0000DNMM,65201099999,65100099999,NIM00065208,65208099999"
"Abeokuta, Ogun, Nigeria",2020-11-16,93.2,76.9,82.8,102.6,76.9,87.7,75.1,79.8,0.098,100,8.33,rain,0,0,18.3,8.1,200.6,1010.9,40.4,6.0,221.3,19.2,9,,2020-11-16T06:37:47,2020-11-16T18:25:11,0.04,"Rain, Partially cloudy",Clearing in the afternoon with rain in the morning and afternoon.,rain,"65210099999,DNIB,NII0000DNIB,NIM00065210,DNMM,NII0000DNMM,remote,65201099999,65100099999,NIM00065208,65208099999"
"Abeokuta, Ogun, Nigeria",2020-11-17,92.9,75.6,83.3,103.1,75.6,89.6,75.2,78.0,0.012,100,4.17,rain,0,0,15.0,9.7,200.8,1010.5,42.0,5.5,216.5,18.7,8,,2020-11-17T06:38:07,2020-11-17T18:25:15,0.07,"Rain, Partially cloudy",Partly cloudy throughout the day with afternoon rain.,rain,"65210099999,DNIB,NII0000DNIB,DNMM,NII0000DNMM,remote,65201099999,NIM00065208,65100099999,65208099999"
"Abeokuta, Ogun, Nigeria",2020-11-18,95.0,77.5,83.6,103.2,77.5,89.7,75.5,78.9,0.0,0,0.0,,0,0,17.4,9.6,248.7,1010.5,34.8,5.7,228.5,19.9,8,,2020-11-18T06:38:28,2020-11-18T18:25:20,0.11,Partially cloudy,Partly cloudy throughout the day.,partly-cloudy-day,"65210099999,DNIB,NIM00065210,DNMM,NII0000DNMM,remote,65201099999,NIM00065208,65208099999"
"Abeokuta, Ogun, Nigeria",2020-11-19,92.4,76.7,82.8,100.0,76.7,87.0,73.8,77.0,0.004,100,4.17,rain,0,0,13.0,10.3,247.2,1010.3,49.1,5.6,217.5,18.9,8,,2020-11-19T06:38:49,2020-11-19T18:25:26,0.14,"Rain, Partially cloudy",Partly cloudy throughout the day with morning rain.,rain,"65210099999,DNIB,NII0000DNIB,NIM00065210,DNMM,NII0000DNMM,remote,65201099999,NIM00065208,65100099999,65208099999"
"Abeokuta, Ogun, Nigeria",2020-11-20,101.4,75.2,82.5,118.1,75.2,87.2,74.1,78.3,0.0,0,0.0,,0,0,13.2,10.3,233.0,1010.0,46.4,5.3,220.7,19.0,8,,2020-11-20T06:39:11,2020-11-20T18:25:33,0.17,Partially cloudy,Partly cloudy throughout the day.,partly-cloudy-day,"65210099999,DNIB,NII0000DNIB,NIM00065210,DNMM,NII0000DNMM,remote,65201099999,65100099999,NIM00065208,65208099999"
"Abeokuta, Ogun, Nigeria",2020-11-21,93.6,75.3,83.2,102.8,75.3,88.0,73.9,75.5,0.012,100,8.33,rain,0,0,17.0,10.3,222.8,1010.3,45.9,5.9,221.5,19.2,8,,2020-11-21T06:39:34,2020-11-21T18:25:41,0.21,"Rain, Partially cloudy",Partly cloudy throughout the day with afternoon rain.,rain,"65210099999,DNIB,NII0000DNIB,NIM00065210,DNMM,remote,NII0000DNMM,65201099999,NIM00065208,65100099999,65208099999"
"Abeokuta, Ogun, Nigeria",2020-11-22,95.0,76.6,84.2,101.5,76.6,88.1,72.8,72.1,0.0,0,0.0,,0,0,16.6,8.1,228.5,1011.3,45.6,4.9,224.5,19.2,9,,2020-11-22T06:39:57,2020-11-22T18:25:51,0.25,Partially cloudy,Clearing in the afternoon.,partly-cloudy-day,"65210099999,DNIB,NII0000DNIB,NIM00065210,DNMM,NII0000DNMM,remote,65201099999,65100099999,NIM00065208,65208099999"
"Abeokuta, Ogun, Nigeria",2020-11-23,93.5,75.2,83.3,100.1,75.2,89.6,74.1,75.9,0.0,0,0.0,,0,0,17.0,9.2,243.5,1012.0,39.3,5.8,221.3,19.1,8,,2020-11-23T06:40:21,2020-11-23T18:26:01,0.27,Partially cloudy,Partly cloudy throughout the day.,partly-cloudy-day,"65210099999,DNIB,NII0000DNIB,NIM00065210,DNMM,remote,NII0000DNMM,65201099999,NIM00065208,65100099999,65208099999"
"Abeokuta, Ogun, Nigeria",2020-11-24,93.2,77.0,82.8,103.4,77.0,88.4,75.7,80.9,0.63,100,4.17,rain,0,0,15.9,9.2,211.2,1012.0,37.0,5.8,194.2,16.8,8,,2020-11-24T06:40:45,2020-11-24T18:26:12,0.3,"Rain, Partially cloudy",Clearing in the afternoon with late afternoon rain.,rain,"65210099999,DNIB,NII0000DNIB,DNMM,NII0000DNMM,remote,65201099999,NIM00065208,65100099999,65208099999"
"Abeokuta, Ogun, Nigeria",2020-11-25,96.8,77.0,82.4,102.1,77.0,86.9,75.1,81.0,0.079,100,4.17,rain,0,0,17.4,8.1,194.1,1010.9,51.1,6.0,207.6,17.9,8,,2020-11-25T06:41:10,2020-11-25T18:26:24,0.34,"Rain, Partially cloudy",Partly cloudy throughout the day with late afternoon rain.,rain,"65210099999,DNIB,NII0000DNIB,NIM00065210,DNMM,NII0000DNMM,remote,65201099999,65100099999,NIM00065208,65208099999"
"Abeokuta, Ogun, Nigeria",2020-11-26,92.2,77.0,82.7,103.1,77.0,88.5,76.1,81.7,0.016,100,4.17,rain,0,0,18.6,11.4,210.8,1010.4,39.3,5.9,199.4,17.3,8,,2020-11-26T06:41:35,2020-11-26T18:26:37,0.37,"Rain, Partially cloudy",Partly cloudy throughout the day with afternoon rain.,rain,"65210099999,DNIB,NII0000DNIB,NIM00065210,DNMM,NII0000DNMM,remote,65201099999,65100099999,NIM00065208,65208099999"
"Abeokuta, Ogun, Nigeria",2020-11-27,91.4,78.2,82.9,107.9,78.2,89.6,76.8,82.7,0.031,100,4.17,rain,0,0,18.1,10.8,218.9,1011.1,51.8,5.7,173.6,15.0,7,,2020-11-27T06:42:01,2020-11-27T18:26:51,0.4,"Rain, Partially cloudy",Partly cloudy throughout the day with afternoon rain.,rain,"65210099999,DNIB,NII0000DNIB,NIM00065210,DNMM,remote,NII0000DNMM,65201099999,65100099999"
"Abeokuta, Ogun, Nigeria",2020-11-28,93.2,77.3,82.9,102.5,77.3,88.7,75.4,79.3,0.016,100,4.17,rain,0,0,15.7,9.2,212.1,1011.8,32.7,6.1,155.3,13.3,5,,2020-11-28T06:42:28,2020-11-28T18:27:06,0.44,"Rain, Partially cloudy",Partly cloudy throughout the day with afternoon rain.,rain,"65210099999,DNIB,NII0000DNIB,NIM00065210,DNMM,NII0000DNMM,remote,65201099999,65100099999,NIM00065208,65208099999"
"Abeokuta, Ogun, Nigeria",2020-11-29,93.3,76.6,83.3,104.8,76.6,88.4,75.0,78.1,0.008,100,8.33,rain,0,0,14.3,6.3,201.9,1011.2,34.4,6.7,208.0,18.0,7,,2020-11-29T06:42:55,2020-11-29T18:27:21,0.47,"Rain, Partially cloudy",Clearing in the afternoon with rain in the morning and afternoon.,rain,"65210099999,DNIB,NII0000DNIB,NIM00065210,DNMM,remote,NII0000DNMM,65201099999,NIM00065208,65100099999,65208099999"
"Abeokuta, Ogun, Nigeria",2020-11-30,93.0,75.3,82.8,102.5,75.3,88.3,75.6,81.1,0.0,0,0.0,,0,0,15.2,11.4,245.8,1011.5,48.9,5.9,230.7,20.0,9,,2020-11-30T06:43:22,2020-11-30T18:27:38,0.5,Partially cloudy,Partly cloudy throughout the day.,partly-cloudy-day,"65210099999,DNIB,NII0000DNIB,NIM00065210,DNMM,remote,NII0000DNMM,65201099999,65100099999"
"Abeokuta, Ogun, Nigeria",2020-12-01,94.0,77.1,83.5,107.9,77.1,89.6,76.5,81.3,0.0,0,0.0,,0,0,17.4,10.3,217.2,1011.3,42.1,5.6,227.1,19.6,8,,2020-12-01T06:43:50,2020-12-01T18:27:55,0.54,Partially cloudy,Partly cloudy throughout the day.,partly-cloudy-day,"65210099999,DNIB,NII0000DNIB,NIM00065210,DNMM,remote,NII0000DNMM,65201099999,65100099999,NIM00065208,65208099999"
"Abeokuta, Ogun, Nigeria",2020-12-02,92.4,78.0,83.9,105.4,78.0,90.4,75.9,78.6,0.0,0,0.0,,0,0,18.3,9.6,219.6,1011.5,37.9,6.3,230.6,20.0,9,,2020-12-02T06:44:18,2020-12-02T18:28:14,0.57,Partially cloudy,Partly cloudy throughout the day.,partly-cloudy-day,"65210099999,DNIB,NII0000DNIB,NIM00065210,DNMM,NII0000DNMM,remote,65201099999,NIM00065208,65100099999,65208099999"
"Abeokuta, Ogun, Nigeria",2020-12-03,93.2,77.0,83.7,105.2,77.0,88.5,74.0,75.3,0.0,0,0.0,,0,0,17.9,11.4,250.9,1011.9,35.6,6.5,221.8,19.1,8,,2020-12-03T06:44:46,2020-12-03T18:28:33,0.61,Partially cloudy,Partly cloudy throughout the day.,partly-cloudy-day,"65210099999,DNIB,NII0000DNIB,NIM00065210,DNMM,NII0000DNMM,remote,65201099999,65100099999"
"Abeokuta, Ogun, Nigeria",2020-12-04,92.4,78.3,83.4,100.5,78.3,89.1,75.8,79.5,0.0,0,0.0,,0,0,16.8,12.8,237.5,1012.5,44.3,6.2,224.9,19.3,9,,2020-12-04T06:45:15,2020-12-04T18:28:53,0.64,Partially cloudy,Partly cloudy throughout the day.,partly-cloudy-day,"65210099999,DNIB,NII0000DNIB,NIM00065210,DNMM,remote,NII0000DNMM,65201099999,65100099999,NIM00065208,65208099999"
"Abeokuta, Ogun, Nigeria",2020-12-05,100.4,77.0,83.8,117.3,77.0,89.4,76.2,80.1,0.0,0,0.0,,0,0,16.1,13.9,210.1,1012.1,41.8,6.0,207.4,18.0,8,,2020-12-05T06:45:45,2020-12-05T18:29:13,0.68,Partially cloudy,Partly cloudy throughout the day.,partly-cloudy-day,"65210099999,DNIB,NII0000DNIB,NIM00065210,DNMM,remote,NII0000DNMM,65201099999,65100099999,NIM00065208,65208099999"
"Abeokuta, Ogun, Nigeria",2020-12-06,92.6,76.7,83.5,108.5,76.7,89.9,76.0,79.9,0.0,0,0.0,,0,0,21.7,20.8,210.3,1011.5,48.4,5.9,192.9,16.8,7,,2020-12-06T06:46:14,2020-12-06T18:29:35,0.71,Partially cloudy,Clearing in the afternoon.,partly-cloudy-day,"65210099999,DNIB,NII0000DNIB,NIM00065210,DNMM,NII0000DNMM,remote,65201099999,65100099999,NIM00065208,65208099999"
"Abeokuta, Ogun, Nigeria",2020-12-07,92.5,74.0,83.1,103.2,74.0,89.3,75.7,80.0,0.024,100,8.33,rain,0,0,16.3,12.8,208.4,1012.5,39.6,5.7,189.5,16.3,7,,2020-12-07T06:46:44,2020-12-07T18:29:57,0.75,"Rain, Partially cloudy",Partly cloudy throughout the day with rain in the morning and afternoon.,rain,"65210099999,DNIB,NII0000DNIB,NIM00065210,DNMM,NII0000DNMM,remote,65201099999,NIM00065208,65100099999,65208099999"
"Abeokuta, Ogun, Nigeria",2020-12-08,91.4,72.8,81.2,105.2,72.8,86.7,75.0,82.4,0.035,100,4.17,rain,0,0,17.9,11.4,205.4,1012.8,49.9,5.9,198.0,17.1,8,,2020-12-08T06:47:14,2020-12-08T18:30:20,0.75,"Rain, Partially cloudy",Partly cloudy throughout the day with afternoon rain.,rain,"65210099999,DNIB,NII0000DNIB,NIM00065210,DNMM,remote,NII0000DNMM,65201099999,65100099999"
"Abeokuta, Ogun, Nigeria",2020-12-09,94.4,76.7,83.4,108.7,76.7,90.3,76.4,80.7,0.024,100,8.33,rain,0,0,18.1,12.8,225.3,1012.1,39.6,6.1,188.1,16.4,8,,2020-12-09T06:47:44,2020-12-09T18:30:44,0.82,"Rain, Partially cloudy",Partly cloudy throughout the day with rain in the morning and afternoon.,rain,"65210099999,DNIB,NII0000DNIB,NIM00065210,DNMM,NII0000DNMM,remote,65201099999,65100099999,NIM00065208,65208099999"
"Abeokuta, Ogun, Nigeria",2020-12-10,89.6,76.9,82.6,100.7,76.9,89.2,76.2,82.0,0.0,0,0.0,,0,0,17.7,13.9,219.3,1012.0,40.3,6.0,188.6,16.3,7,,2020-12-10T06:48:14,2020-12-10T18:31:08,0.85,Partially cloudy,Partly cloudy throughout the day.,partly-cloudy-day,"65210099999,DNIB,NII0000DNIB,NIM00065210,DNMM,NII0000DNMM,remote,65201099999,NIM00065208,65100099999,65208099999"
"Abeokuta, Ogun, Nigeria",2020-12-11,93.3,77.6,83.3,105.3,77.6,90.0,76.9,82.3,0.0,0,0.0,,0,0,18.8,11.4,232.8,1012.3,35.3,6.1,204.3,17.5,8,,2020-12-11T06:48:45,2020-12-11T18:31:33,0.89,Partially cloudy,Partly cloudy throughout the day.,partly-cloudy-day,"65210099999,DNIB,NII0000DNIB,NIM00065210,DNMM,remote,NII0000DNMM,65201099999,NIM00065208,65100099999,65208099999"
"Abeokuta, Ogun, Nigeria",2020-12-12,91.7,75.5,83.3,106.1,75.5,89.7,76.4,81.1,0.0,0,0.0,,0,0,51.9,10.0,226.0,1011.7,38.4,6.4,203.2,17.5,8,,2020-12-12T06:49:15,2020-12-12T18:31:59,0.92,Partially cloudy,Partly cloudy throughout the day.,partly-cloudy-day,"65210099999,DNIB,NII0000DNIB,NIM00065210,DNMM,NII0000DNMM,remote,65201099999,NIM00065208,65100099999,65208099999"
"Abeokuta, Ogun, Nigeria",2020-12-13,89.7,76.7,81.9,101.2,76.7,86.6,75.6,82.3,0.051,100,16.67,rain,0,0,17.7,9.1,225.3,1010.6,35.8,5.8,186.1,16.0,7,,2020-12-13T06:49:46,2020-12-13T18:32:25,0.96,"Rain, Partially cloudy",Partly cloudy throughout the day with rain in the morning and afternoon.,rain,"65210099999,DNIB,NII0000DNIB,NIM00065210,DNMM,NII0000DNMM,remote,65201099999,65100099999,NIM00065208,65208099999"
"Abeokuta, Ogun, Nigeria",2020-12-14,90.9,75.2,81.8,116.8,75.2,88.2,76.2,84.6,0.197,100,4.17,rain,0,0,18.1,9.2,226.5,1010.4,36.5,5.6,183.2,15.8,7,,2020-12-14T06:50:16,2020-12-14T18:32:52,0.0,"Rain, Partially cloudy",Partly cloudy throughout the day with early morning rain.,rain,"65210099999,DNIB,NII0000DNIB,NIM00065210,DNMM,remote,NII0000DNMM,65201099999,NIM00065208,65100099999,65208099999"
"Abeokuta, Ogun, Nigeria",2020-12-15,87.8,73.4,80.8,100.5,73.4,85.9,75.4,84.3,0.197,100,4.17,rain,0,0,17.9,9.2,215.2,1010.4,41.4,6.3,161.8,14.0,6,,2020-12-15T06:50:47,2020-12-15T18:33:19,0.03,"Rain, Partially cloudy",Partly cloudy throughout the day with morning rain.,rain,"65210099999,DNIB,NII0000DNIB,NIM00065210,DNMM,NII0000DNMM,remote,65201099999,65100099999,NIM00065208,65208099999"
"Abeokuta, Ogun, Nigeria",2020-12-16,92.6,75.5,82.2,107.9,75.5,88.6,76.3,83.3,0.0,0,0.0,,0,0,18.1,10.3,267.7,1010.8,44.0,5.4,210.1,18.3,8,,2020-12-16T06:51:18,2020-12-16T18:33:46,0.06,Partially cloudy,Partly cloudy throughout the day.,partly-cloudy-day,"65210099999,DNIB,NII0000DNIB,NIM00065210,DNMM,NII0000DNMM,remote,65201099999,NIM00065208,65100099999,65208099999"
"Abeokuta, Ogun, Nigeria",2020-12-17,91.5,77.0,82.6,100.2,77.0,87.4,75.0,79.4,0.0,0,0.0,,0,0,18.8,9.0,296.2,1010.9,37.4,5.2,209.2,17.9,8,,2020-12-17T06:51:48,2020-12-17T18:34:15,0.09,Partially cloudy,Partly cloudy throughout the day.,partly-cloudy-day,"65210099999,DNIB,NII0000DNIB,NIM00065210,DNMM,NII0000DNMM,remote,65201099999,65100099999,NIM00065208,65208099999"
"Abeokuta, Ogun, Nigeria",2020-12-18,93.2,76.9,82.5,102.9,76.9,87.2,75.7,81.6,0.079,100,4.17,rain,0,0,16.6,8.3,213.0,1011.0,46.1,5.5,201.1,17.3,8,,2020-12-18T06:52:19,2020-12-18T18:34:43,0.12,"Rain, Partially cloudy",Partly cloudy throughout the day with early morning rain.,rain,"65210099999,DNIB,NII0000DNIB,NIM00065210,DNMM,NII0000DNMM,remote,65201099999,NIM00065208,65100099999,65208099999"
"Abeokuta, Ogun, Nigeria",2020-12-19,91.5,77.0,82.8,99.2,77.0,86.7,75.0,79.4,0.157,100,4.17,rain,0,0,14.8,9.2,200.0,1010.5,48.0,6.0,200.9,17.2,8,,2020-12-19T06:52:49,2020-12-19T18:35:12,0.15,"Rain, Partially cloudy",Partly cloudy throughout the day with early morning rain.,rain,"65210099999,DNIB,NII0000DNIB,NIM00065210,DNMM,remote,NII0000DNMM,65201099999,65100099999,NIM00065208,65208099999"
"Abeokuta, Ogun, Nigeria",2020-12-20,92.4,76.6,83.1,106.6,76.6,88.0,75.2,79.7,0.591,100,4.17,rain,0,0,18.1,9.2,186.9,1010.8,28.6,5.9,205.7,17.7,8,,2020-12-20T06:53:19,2020-12-20T18:35:42,0.19,"Rain, Partially cloudy",Clearing in the afternoon with late afternoon rain.,rain,"65210099999,DNIB,NII0000DNIB,NIM00065210,DNMM,NII0000DNMM,remote,65201099999,NIM00065208,65100099999,65208099999"
"Abeokuta, Ogun, Nigeria",2020-12-21,91.3,77.3,82.5,99.7,77.3,87.1,75.7,81.5,0.004,100,4.17,rain,0,0,14.8,10.3,233.1,1011.0,48.7,5.9,203.7,17.3,8,,2020-12-21T06:53:49,2020-12-21T18:36:11,0.22,"Rain, Partially cloudy",Partly cloudy throughout the day with late afternoon rain.,rain,"65210099999,DNIB,NII0000DNIB,NIM00065210,DNMM,NII0000DNMM,remote,65201099999,65100099999,NIM00065208,65208099999"
"Abeokuta, Ogun, Nigeria",2020-12-22,93.6,78.2,83.6,105.2,78.2,89.0,75.2,77.9,0.0,0,0.0,,0,0,15.2,9.3,200.1,1010.8,42.1,4.3,207.6,17.8,8,,2020-12-22T06:54:19,2020-12-22T18:36:41,0.25,Partially cloudy,Partly cloudy throughout the day.,partly-cloudy-day,"65210099999,DNIB,NII0000DNIB,NIM00065210,DNMM,remote,NII0000DNMM,65201099999,65100099999,NIM00065208,65208099999"
"Abeokuta, Ogun, Nigeria",2020-12-23,96.0,77.0,83.6,107.7,77.0,90.2,76.3,80.4,0.0,0,0.0,,0,0,16.1,10.3,216.6,1010.8,33.4,5.4,204.0,17.8,8,,2020-12-23T06:54:48,2020-12-23T18:37:12,0.28,Partially cloudy,Partly cloudy throughout the day.,partly-cloudy-day,"65210099999,DNIB,NII0000DNIB,NIM00065210,DNMM,NII0000DNMM,remote,65201099999,NIM00065208,65100099999,65208099999"
"Abeokuta, Ogun, Nigeria",2020-12-24,90.2,78.5,83.0,102.0,78.5,89.5,76.2,81.2,0.276,100,4.17,rain,0,0,13.4,11.4,227.6,1010.1,47.0,5.7,191.9,16.6,7,,2020-12-24T06:55:17,2020-12-24T18:37:42,0.32,"Rain, Partially cloudy",Partly cloudy throughout the day with afternoon rain.,rain,"65210099999,DNIB,NII0000DNIB,NIM00065210,DNMM,remote,NII0000DNMM,65201099999,NIM00065208,65100099999,65208099999"
"Abeokuta, Ogun, Nigeria",2020-12-25,94.1,77.3,83.5,107.9,77.3,88.6,75.3,78.7,0.0,0,0.0,,0,0,18.3,11.4,141.2,1009.5,29.5,5.4,224.4,19.4,8,,2020-12-25T06:55:46,2020-12-25T18:38:13,0.35,Partially cloudy,Partly cloudy throughout the day.,partly-cloudy-day,"65210099999,DNIB,NII0000DNIB,NIM00065210,DNMM,NII0000DNMM,remote,65201099999,65100099999,NIM00065208,65208099999"
"Abeokuta, Ogun, Nigeria",2020-12-26,94.7,75.2,82.5,98.7,75.2,84.3,70.1,71.8,0.0,0,0.0,,0,0,14.3,15.0,161.7,1009.7,24.7,4.7,253.1,21.7,9,,2020-12-26T06:56:14,2020-12-26T18:38:44,0.38,Partially cloudy,Partly cloudy throughout the day.,partly-cloudy-day,"65210099999,DNIB,NII0000DNIB,NIM00065210,DNMM,remote,NII0000DNMM,65201099999,NIM00065208,65100099999,65208099999"
"Abeokuta, Ogun, Nigeria",2020-12-27,93.2,73.8,82.3,102.9,73.8,85.5,70.6,70.1,0.197,100,4.17,rain,0,0,12.8,8.1,230.7,1009.9,24.2,4.1,252.0,21.7,9,,2020-12-27T06:56:42,2020-12-27T18:39:15,0.41,"Rain, Partially cloudy",Partly cloudy throughout the day with morning rain.,rain,"65210099999,DNIB,NII0000DNIB,NIM00065210,DNMM,remote,NII0000DNMM,65201099999,65100099999,NIM00065208,65208099999"
"Abeokuta, Ogun, Nigeria",2020-12-28,93.6,74.0,82.3,98.7,74.0,85.5,71.6,73.2,0.0,0,0.0,,0,0,20.1,10.7,325.8,1010.0,34.5,4.3,245.5,21.4,9,,2020-12-28T06:57:10,2020-12-28T18:39:46,0.45,Partially cloudy,Clearing in the afternoon.,partly-cloudy-day,"65210099999,NIM00065210,DNMM,NII0000DNMM,remote,65201099999,NIM00065208,65208099999"
"Abeokuta, Ogun, Nigeria",2020-12-29,93.8,74.3,82.9,95.4,74.3,83.8,68.2,67.0,0.0,0,0.0,,0,0,23.0,9.2,164.7,1009.5,31.2,3.8,246.6,21.4,9,,2020-12-29T06:57:37,2020-12-29T18:40:17,0.48,Partially cloudy,Becoming cloudy in the afternoon.,partly-cloudy-day,"65210099999,DNIB,NII0000DNIB,NIM00065210,DNMM,NII0000DNMM,remote,65201099999,NIM00065208,65100099999,65208099999"
"Abeokuta, Ogun, Nigeria",2020-12-30,93.7,73.6,82.2,102.6,73.6,85.1,71.5,73.3,0.0,0,0.0,,0,0,26.8,11.4,264.8,1010.4,30.1,3.3,243.2,21.1,9,,2020-12-30T06:58:04,2020-12-30T18:40:48,0.5,Partially cloudy,Clearing in the afternoon.,partly-cloudy-day,"65210099999,DNIB,NII0000DNIB,NIM00065210,DNMM,remote,NII0000DNMM,65201099999,NIM00065208,65100099999,65208099999"
"Abeokuta, Ogun, Nigeria",2020-12-31,95.6,75.0,82.9,105.1,75.0,86.9,73.9,77.0,0.0,0,0.0,,0,0,18.3,10.3,227.1,1011.0,27.9,3.9,229.2,19.8,8,,2020-12-31T06:58:30,2020-12-31T18:41:19,0.55,Partially cloudy,Partly cloudy throughout the day.,partly-cloudy-day,"65210099999,DNIB,NII0000DNIB,NIM00065210,DNMM,NII0000DNMM,remote,65201099999,65100099999,NIM00065208,65208099999"
