name,datetime,tempmax,tempmin,temp,feelslikemax,feelslikemin,feelslike,dew,humidity,precip,precipprob,precipcover,preciptype,snow,snowdepth,windgust,windspeed,winddir,sealevelpressure,cloudcover,visibility,solarradiation,solarenergy,uvindex,severerisk,sunrise,sunset,moonphase,conditions,description,icon,stations
"Abeokuta, Ogun, Nigeria",2017-01-01,93.2,71.5,81.5,99.2,71.5,84.4,70.7,72.9,0.0,0,0.0,,0,0,13.0,8.3,179.9,1011.3,22.0,1.1,251.3,21.7,9,,2017-01-01T06:58:53,2017-01-01T18:41:48,0.11,Partially cloudy,Partly cloudy throughout the day.,partly-cloudy-day,"65210099999,DNMM,remote,65201099999,65208099999"
"Abeokuta, Ogun, Nigeria",2017-01-02,95.0,75.0,82.9,104.0,75.0,87.7,74.6,78.2,0.0,0,0.0,,0,0,13.0,6.9,247.6,1011.7,25.1,1.4,250.9,21.6,9,,2017-01-02T06:59:18,2017-01-02T18:42:19,0.15,Partially cloudy,Partly cloudy throughout the day.,partly-cloudy-day,"DNMM,65201099999"
"Abeokuta, Ogun, Nigeria",2017-01-03,93.6,75.2,83.1,99.2,75.2,86.5,72.7,73.5,0.0,0,0.0,,0,0,12.1,8.1,357.0,1012.1,23.2,1.8,252.7,21.8,9,,2017-01-03T06:59:42,2017-01-03T18:42:50,0.18,Partially cloudy,Partly cloudy throughout the day.,partly-cloudy-day,"DNMM,65201099999"
"Abeokuta, Ogun, Nigeria",2017-01-04,95.0,75.0,83.1,97.3,75.0,83.8,67.9,65.0,0.0,0,0.0,,0,0,15.0,9.2,9.6,1011.4,19.5,2.0,258.4,22.4,9,,2017-01-04T07:00:06,2017-01-04T18:43:21,0.22,Clear,Clear conditions throughout the day.,clear-day,"65210099999,DNMM,remote,65201099999"
"Abeokuta, Ogun, Nigeria",2017-01-05,93.3,72.2,82.0,101.3,72.2,86.6,73.1,76.2,0.0,0,0.0,,0,0,14.8,6.9,270.9,1010.4,29.3,2.1,245.2,21.3,9,,2017-01-05T07:00:29,2017-01-05T18:43:51,0.25,Partially cloudy,Partly cloudy throughout the day.,partly-cloudy-day,"DNMM,remote,65201099999"
"Abeokuta, Ogun, Nigeria",2017-01-06,95.0,77.0,83.8,105.0,77.0,89.6,75.7,78.8,0.0,0,0.0,,0,0,17.4,8.1,220.3,1010.5,34.3,2.3,246.7,21.4,9,,2017-01-06T07:00:51,2017-01-06T18:44:22,0.29,Partially cloudy,Partly cloudy throughout the day.,partly-cloudy-day,"65210099999,DNMM,65201099999,65208099999"
"Abeokuta, Ogun, Nigeria",2017-01-07,91.4,77.0,83.4,105.1,77.0,91.3,77.1,82.6,0.0,0,0.0,,0,0,17.9,8.1,183.1,1012.0,39.4,2.2,219.7,18.7,8,,2017-01-07T07:01:13,2017-01-07T18:44:52,0.32,Partially cloudy,Partly cloudy throughout the day.,partly-cloudy-day,"65210099999,DNIB,DNMM,remote,65201099999,65100099999,65208099999"
"Abeokuta, Ogun, Nigeria",2017-01-08,96.8,76.6,84.2,109.8,76.6,90.9,76.3,79.4,0.0,0,0.0,,0,0,16.8,8.3,335.4,1011.8,35.7,2.6,215.2,18.5,8,,2017-01-08T07:01:34,2017-01-08T18:45:22,0.36,Partially cloudy,Partly cloudy throughout the day.,partly-cloudy-day,"65210099999,DNMM,65201099999"
"Abeokuta, Ogun, Nigeria",2017-01-09,95.0,77.0,84.2,105.1,77.0,89.3,73.4,72.9,0.0,0,0.0,,0,0,15.2,6.8,181.9,1010.4,37.8,2.4,234.2,20.2,9,,2017-01-09T07:01:54,2017-01-09T18:45:52,0.39,Partially cloudy,Partly cloudy throughout the day.,partly-cloudy-day,"65210099999,DNMM,65201099999"
"Abeokuta, Ogun, Nigeria",2017-01-10,95.0,77.0,83.1,101.4,77.0,87.2,74.1,76.4,0.0,0,0.0,,0,0,19.0,10.3,217.1,1009.6,36.7,3.3,242.6,21.1,9,,2017-01-10T07:02:14,2017-01-10T18:46:21,0.43,Partially cloudy,Partly cloudy throughout the day.,partly-cloudy-day,"65210099999,DNIB,DNMM,65201099999,65100099999"
"Abeokuta, Ogun, Nigeria",2017-01-11,93.2,75.2,83.3,102.8,75.2,88.1,74.4,77.1,0.0,0,0.0,,0,0,17.9,11.5,196.2,1009.7,38.1,3.9,215.0,18.5,8,,2017-01-11T07:02:32,2017-01-11T18:46:50,0.46,Partially cloudy,Partly cloudy throughout the day.,partly-cloudy-day,"65210099999,DNMM,remote,65201099999,65208099999"
"Abeokuta, Ogun, Nigeria",2017-01-12,93.2,77.3,83.9,105.0,77.3,89.9,76.1,79.3,0.0,0,0.0,,0,0,17.7,11.4,185.8,1011.3,45.9,4.7,212.9,18.4,8,,2017-01-12T07:02:50,2017-01-12T18:47:19,0.5,Partially cloudy,Partly cloudy throughout the day.,partly-cloudy-day,"65210099999,DNIB,DNMM,65201099999,65100099999,65208099999"
"Abeokuta, Ogun, Nigeria",2017-01-13,91.4,78.8,83.7,102.6,78.8,91.5,77.3,82.4,0.0,0,0.0,,0,0,16.3,6.9,232.0,1011.3,45.3,5.0,183.8,15.8,8,,2017-01-13T07:03:07,2017-01-13T18:47:47,0.53,Partially cloudy,Partly cloudy throughout the day.,partly-cloudy-day,"65210099999,65213099999,DNIB,65202099999,DNMM,remote,65201099999,65100099999,65208099999"
"Abeokuta, Ogun, Nigeria",2017-01-14,96.8,68.0,82.7,94.6,68.0,83.5,62.1,56.2,0.0,0,0.0,,0,0,14.8,10.3,355.3,1009.6,30.2,4.7,251.9,21.8,9,,2017-01-14T07:03:23,2017-01-14T18:48:15,0.56,Partially cloudy,Partly cloudy throughout the day.,partly-cloudy-day,"DNMM,65201099999,65208099999"
"Abeokuta, Ogun, Nigeria",2017-01-15,91.4,69.8,79.5,94.4,69.8,80.2,65.5,65.6,0.0,0,0.0,,0,0,15.7,6.9,149.7,1009.6,28.7,3.7,247.7,21.4,9,,2017-01-15T07:03:38,2017-01-15T18:48:42,0.6,Partially cloudy,Partly cloudy throughout the day.,partly-cloudy-day,"DNIB,DNMM,65201099999,65100099999,65208099999"
"Abeokuta, Ogun, Nigeria",2017-01-16,93.2,73.4,81.8,102.8,73.4,86.5,73.1,76.3,0.0,0,0.0,,0,0,19.2,9.3,199.3,1009.8,37.3,3.7,247.9,21.5,9,,2017-01-16T07:03:53,2017-01-16T18:49:09,0.63,Partially cloudy,Partly cloudy throughout the day.,partly-cloudy-day,"DNMM,65201099999,65208099999"
"Abeokuta, Ogun, Nigeria",2017-01-17,93.4,77.8,83.6,102.7,77.8,89.4,75.4,78.1,0.0,0,0.0,,0,0,18.3,9.7,201.9,1009.6,40.2,4.7,237.7,20.7,9,,2017-01-17T07:04:06,2017-01-17T18:49:36,0.66,Partially cloudy,Partly cloudy throughout the day.,partly-cloudy-day,"DNIB,DNMM,65201099999,65100099999,65208099999"
"Abeokuta, Ogun, Nigeria",2017-01-18,93.2,77.0,83.8,105.0,77.0,91.2,76.8,81.0,0.0,0,0.0,,0,0,22.6,8.1,212.1,1010.5,42.3,4.5,212.1,18.3,8,,2017-01-18T07:04:19,2017-01-18T18:50:02,0.69,Partially cloudy,Partly cloudy throughout the day.,partly-cloudy-day,"DNMM,65201099999"
"Abeokuta, Ogun, Nigeria",2017-01-19,93.2,78.4,84.1,107.5,78.4,91.9,76.6,79.9,0.0,0,0.0,,0,0,16.3,8.1,204.7,1011.1,54.7,5.1,211.7,18.3,8,,2017-01-19T07:04:30,2017-01-19T18:50:27,0.75,Partially cloudy,Partly cloudy throughout the day.,partly-cloudy-day,"DNIB,65213099999,DNMM,65201099999,65100099999,65208099999"
"Abeokuta, Ogun, Nigeria",2017-01-20,92.4,78.8,84.2,107.1,78.8,93.3,77.7,82.1,0.0,0,0.0,,0,0,17.4,10.8,220.2,1010.6,49.7,4.6,219.7,18.8,8,,2017-01-20T07:04:41,2017-01-20T18:50:52,0.76,Partially cloudy,Partly cloudy throughout the day.,partly-cloudy-day,"DNIB,DNMM,65201099999,65100099999,65208099999"
"Abeokuta, Ogun, Nigeria",2017-01-21,93.3,78.8,84.3,107.5,78.8,93.3,77.8,82.2,0.0,0,0.0,,0,0,23.7,10.3,207.8,1010.1,47.5,4.8,212.9,18.3,8,,2017-01-21T07:04:51,2017-01-21T18:51:16,0.79,Partially cloudy,Partly cloudy throughout the day.,partly-cloudy-day,"65210099999,DNMM,remote,65201099999,65208099999"
"Abeokuta, Ogun, Nigeria",2017-01-22,90.7,78.8,84.3,105.2,78.8,95.1,78.5,83.3,0.0,0,0.0,,0,0,24.8,12.4,209.4,1010.5,51.6,5.4,174.0,15.3,8,,2017-01-22T07:05:00,2017-01-22T18:51:40,0.82,Partially cloudy,Partly cloudy throughout the day.,partly-cloudy-day,"65210099999,DNMM,65201099999"
"Abeokuta, Ogun, Nigeria",2017-01-23,95.0,76.4,84.7,107.4,76.4,92.9,76.3,77.6,0.0,0,0.0,,0,0,21.5,10.3,221.1,1011.2,54.7,4.8,185.7,16.0,6,,2017-01-23T07:05:07,2017-01-23T18:52:03,0.85,Partially cloudy,Partly cloudy throughout the day.,partly-cloudy-day,"65210099999,DNMM,remote,65201099999"
"Abeokuta, Ogun, Nigeria",2017-01-24,95.0,75.2,83.9,101.8,75.2,89.7,74.0,74.3,0.0,0,0.0,,0,0,19.5,9.2,213.7,1012.1,43.4,5.7,221.4,19.2,8,,2017-01-24T07:05:14,2017-01-24T18:52:26,0.89,Partially cloudy,Partly cloudy throughout the day.,partly-cloudy-day,"65210099999,DNMM,65201099999,65208099999"
"Abeokuta, Ogun, Nigeria",2017-01-25,95.0,76.0,83.9,105.2,76.0,89.1,73.6,73.4,0.0,0,0.0,,0,0,19.0,11.4,196.1,1012.3,39.6,5.2,227.3,19.7,8,,2017-01-25T07:05:20,2017-01-25T18:52:48,0.92,Partially cloudy,Partly cloudy throughout the day.,partly-cloudy-day,"65210099999,DNIB,DNMM,remote,65201099999,65100099999,65208099999"
"Abeokuta, Ogun, Nigeria",2017-01-26,95.0,77.0,84.0,105.2,77.0,90.1,74.9,76.0,0.0,0,0.0,,0,0,19.7,9.2,218.1,1013.4,47.5,4.9,235.3,20.3,9,,2017-01-26T07:05:25,2017-01-26T18:53:09,0.95,Partially cloudy,Partly cloudy throughout the day.,partly-cloudy-day,"65210099999,DNIB,DNMM,65201099999,65100099999,65208099999"
"Abeokuta, Ogun, Nigeria",2017-01-27,94.0,78.5,85.1,104.6,78.5,92.9,75.5,74.9,0.0,0,0.0,,0,0,20.6,12.8,189.7,1013.6,52.8,5.6,251.4,21.7,9,,2017-01-27T07:05:29,2017-01-27T18:53:30,0.98,Partially cloudy,Partly cloudy throughout the day.,partly-cloudy-day,"65210099999,DNIB,DNMM,remote,65201099999,65100099999,65208099999"
"Abeokuta, Ogun, Nigeria",2017-01-28,93.2,77.3,84.5,107.5,77.3,92.5,76.7,79.1,0.0,0,0.0,,0,0,20.6,9.2,230.5,1013.1,41.9,5.4,242.8,21.1,9,,2017-01-28T07:05:32,2017-01-28T18:53:50,0.0,Partially cloudy,Partly cloudy throughout the day.,partly-cloudy-day,"DNMM,65201099999"
"Abeokuta, Ogun, Nigeria",2017-01-29,93.2,78.0,84.2,105.1,78.0,92.1,76.5,79.0,0.0,0,0.0,,0,0,19.9,11.4,203.9,1012.4,53.8,5.6,233.7,20.0,8,,2017-01-29T07:05:34,2017-01-29T18:54:09,0.05,Partially cloudy,Partly cloudy throughout the day.,partly-cloudy-day,"65210099999,DNIB,DNMM,65201099999,65100099999,65208099999"
"Abeokuta, Ogun, Nigeria",2017-01-30,93.7,78.9,84.1,107.5,78.9,93.2,77.3,81.3,0.039,100,4.17,rain,0,0,15.2,12.6,201.0,1011.9,54.2,5.3,206.0,17.6,7,,2017-01-30T07:05:35,2017-01-30T18:54:28,0.09,"Rain, Partially cloudy",Partly cloudy throughout the day with afternoon rain.,rain,"DNIB,DNMM,65201099999,65100099999"
"Abeokuta, Ogun, Nigeria",2017-01-31,91.4,77.0,83.3,105.5,77.0,90.7,76.0,79.6,0.169,100,4.17,rain,0,0,22.4,9.2,223.6,1011.5,59.2,4.7,195.8,16.9,7,,2017-01-31T07:05:36,2017-01-31T18:54:46,0.12,"Rain, Partially cloudy",Partly cloudy throughout the day with afternoon rain.,rain,"DNIB,DNMM,remote,65201099999,65100099999,65208099999"
"Abeokuta, Ogun, Nigeria",2017-02-01,89.6,78.0,82.9,105.2,78.0,89.5,75.6,79.3,0.004,100,4.17,rain,0,0,15.7,10.2,197.0,1011.2,48.3,4.1,177.0,15.4,7,,2017-02-01T07:05:35,2017-02-01T18:55:03,0.16,"Rain, Partially cloudy",Partly cloudy throughout the day with morning rain.,rain,"65210099999,DNIB,DNMM,remote,65201099999,65100099999,65208099999"
"Abeokuta, Ogun, Nigeria",2017-02-02,93.3,76.7,83.8,105.1,76.7,90.2,75.6,77.7,0.0,0,0.0,,0,0,20.4,8.5,216.6,1012.0,61.9,5.8,230.0,19.8,9,,2017-02-02T07:05:33,2017-02-02T18:55:20,0.19,Partially cloudy,Partly cloudy throughout the day.,partly-cloudy-day,"65210099999,65213099999,DNMM,remote,65201099999"
"Abeokuta, Ogun, Nigeria",2017-02-03,91.5,74.3,83.7,105.1,74.3,91.2,76.7,80.2,0.0,0,0.0,,0,0,20.6,11.4,193.2,1011.9,52.3,6.1,241.9,21.0,8,,2017-02-03T07:05:30,2017-02-03T18:55:36,0.23,Partially cloudy,Partly cloudy throughout the day.,partly-cloudy-day,"65210099999,DNIB,DNMM,remote,65201099999,65100099999,65208099999"
"Abeokuta, Ogun, Nigeria",2017-02-04,93.3,78.4,84.7,107.5,78.4,92.7,76.4,77.7,0.004,100,4.17,rain,0,0,14.5,10.3,184.7,1011.4,45.4,5.1,205.6,17.8,7,,2017-02-04T07:05:27,2017-02-04T18:55:51,0.25,"Rain, Partially cloudy",Partly cloudy throughout the day with morning rain.,rain,"DNMM,remote,65201099999,65208099999"
"Abeokuta, Ogun, Nigeria",2017-02-05,93.2,78.0,84.6,110.4,78.0,93.6,77.7,81.1,0.0,0,0.0,,0,0,18.8,10.3,210.9,1010.8,49.2,5.2,232.2,20.1,9,,2017-02-05T07:05:22,2017-02-05T18:56:05,0.3,Partially cloudy,Partly cloudy throughout the day.,partly-cloudy-day,"65210099999,DNMM,remote,65201099999,65208099999"
"Abeokuta, Ogun, Nigeria",2017-02-06,96.8,80.2,86.0,109.9,86.9,97.1,77.9,78.5,0.0,0,0.0,,0,0,19.0,10.3,217.5,1010.5,54.3,5.1,234.0,20.1,9,,2017-02-06T07:05:16,2017-02-06T18:56:19,0.34,Partially cloudy,Partly cloudy throughout the day.,partly-cloudy-day,"65210099999,DNMM,remote,65201099999"
"Abeokuta, Ogun, Nigeria",2017-02-07,96.8,80.2,85.6,107.5,87.2,96.4,77.8,79.1,0.0,0,0.0,,0,0,20.4,9.6,207.5,1009.9,47.3,4.8,234.5,20.1,9,,2017-02-07T07:05:10,2017-02-07T18:56:32,0.37,Partially cloudy,Partly cloudy throughout the day.,partly-cloudy-day,"65210099999,65213099999,DNMM,65201099999,65208099999"
"Abeokuta, Ogun, Nigeria",2017-02-08,91.0,79.9,84.6,103.7,79.9,94.8,77.9,81.1,0.039,100,4.17,rain,0,0,19.0,7.7,195.2,1009.7,52.4,4.9,226.4,19.6,9,,2017-02-08T07:05:02,2017-02-08T18:56:45,0.41,"Rain, Partially cloudy",Partly cloudy throughout the day with late afternoon rain.,rain,"65210099999,DNMM,65201099999"
"Abeokuta, Ogun, Nigeria",2017-02-09,91.9,78.8,83.9,101.8,78.8,92.8,77.4,81.9,0.315,100,4.17,rain,0,0,17.2,6.0,206.7,1010.0,49.3,4.8,211.0,18.2,7,,2017-02-09T07:04:54,2017-02-09T18:56:57,0.44,"Rain, Partially cloudy",Partly cloudy throughout the day with late afternoon rain.,rain,"65210099999,DNIB,DNMM,remote,65201099999,65100099999"
"Abeokuta, Ogun, Nigeria",2017-02-10,93.2,78.8,84.3,107.5,78.8,92.9,77.2,80.5,0.0,0,0.0,,0,0,20.6,8.1,227.5,1009.3,42.2,4.4,216.9,18.7,9,,2017-02-10T07:04:45,2017-02-10T18:57:08,0.48,Partially cloudy,Partly cloudy throughout the day.,partly-cloudy-day,"65210099999,65213099999,DNIB,DNMM,65201099999,65100099999,65208099999"
"Abeokuta, Ogun, Nigeria",2017-02-11,93.2,78.8,84.9,107.5,78.8,94.5,77.6,79.9,0.0,0,0.0,,0,0,23.3,11.4,192.9,1009.5,51.0,4.6,225.4,19.5,9,,2017-02-11T07:04:35,2017-02-11T18:57:18,0.5,Partially cloudy,Partly cloudy throughout the day.,partly-cloudy-day,"DNMM,65201099999,65208099999"
"Abeokuta, Ogun, Nigeria",2017-02-12,91.3,80.4,84.4,105.2,87.6,95.3,78.4,83.1,0.118,100,4.17,rain,0,0,15.4,10.2,176.9,1008.9,51.2,4.9,210.9,18.4,8,,2017-02-12T07:04:24,2017-02-12T18:57:28,0.55,"Rain, Partially cloudy",Partly cloudy throughout the day with afternoon rain.,rain,"65210099999,65213099999,DNMM,65201099999,65208099999"
"Abeokuta, Ogun, Nigeria",2017-02-13,96.8,79.8,85.0,107.7,79.8,94.2,77.0,79.0,0.157,100,4.17,rain,0,0,18.3,9.2,247.5,1009.5,49.1,5.0,240.4,20.8,9,,2017-02-13T07:04:12,2017-02-13T18:57:37,0.58,"Rain, Partially cloudy",Partly cloudy throughout the day with afternoon rain.,rain,"65210099999,DNIB,DNMM,65201099999,65100099999"
"Abeokuta, Ogun, Nigeria",2017-02-14,95.8,78.7,84.9,102.6,78.7,92.5,75.8,77.4,0.0,0,0.0,,0,0,18.8,7.3,266.0,1010.0,43.6,4.2,247.8,21.4,9,,2017-02-14T07:04:00,2017-02-14T18:57:45,0.61,Partially cloudy,Partly cloudy throughout the day.,partly-cloudy-day,"65210099999,65213099999,DNIB,DNMM,65201099999,65100099999"
"Abeokuta, Ogun, Nigeria",2017-02-15,95.0,78.7,84.8,107.4,78.7,94.2,77.4,80.0,0.0,0,0.0,,0,0,20.6,6.9,170.8,1011.4,47.0,3.6,244.8,21.2,9,,2017-02-15T07:03:46,2017-02-15T18:57:53,0.64,Partially cloudy,Partly cloudy throughout the day.,partly-cloudy-day,"65210099999,DNIB,DNMM,remote,65201099999,65100099999,65208099999"
"Abeokuta, Ogun, Nigeria",2017-02-16,96.2,77.6,85.2,105.2,77.6,93.2,75.8,76.3,0.0,0,0.0,,0,0,17.0,11.4,186.7,1012.0,48.0,3.4,238.6,20.6,9,,2017-02-16T07:03:32,2017-02-16T18:58:00,0.67,Partially cloudy,Partly cloudy throughout the day.,partly-cloudy-day,"65210099999,DNIB,65213099999,DNMM,remote,65201099999,65100099999"
"Abeokuta, Ogun, Nigeria",2017-02-17,97.1,77.0,85.4,94.2,77.0,86.0,62.0,54.1,0.0,0,0.0,,0,0,16.3,11.4,33.6,1011.6,51.3,2.1,281.8,24.3,10,,2017-02-17T07:03:17,2017-02-17T18:58:06,0.71,Partially cloudy,Partly cloudy throughout the day.,partly-cloudy-day,"65210099999,DNMM,remote,65201099999"
"Abeokuta, Ogun, Nigeria",2017-02-18,94.2,69.2,82.5,95.2,69.2,81.4,47.6,35.1,0.0,0,0.0,,0,0,16.6,15.0,98.1,1011.5,34.5,1.2,290.9,25.2,10,,2017-02-18T07:03:01,2017-02-18T18:58:12,0.75,Partially cloudy,Partly cloudy throughout the day.,partly-cloudy-day,"DNMM,remote,65201099999"
"Abeokuta, Ogun, Nigeria",2017-02-19,97.1,71.6,83.6,92.1,71.6,82.0,52.4,44.3,0.0,0,0.0,,0,0,15.7,8.5,216.9,1012.0,21.2,1.2,290.3,25.1,10,,2017-02-19T07:02:44,2017-02-19T18:58:17,0.77,Partially cloudy,Partly cloudy throughout the day.,partly-cloudy-day,"DNMM,remote,65201099999"
"Abeokuta, Ogun, Nigeria",2017-02-20,96.2,74.7,84.5,96.2,74.7,86.3,67.1,59.2,0.0,0,0.0,,0,0,20.1,9.6,175.4,1010.9,54.6,0.6,265.2,22.9,9,,2017-02-20T07:02:27,2017-02-20T18:58:22,0.8,Partially cloudy,Partly cloudy throughout the day.,fog,"remote,65201099999"
"Abeokuta, Ogun, Nigeria",2017-02-21,98.0,77.4,86.3,103.7,77.4,90.8,72.5,67.6,0.0,0,0.0,,0,0,18.8,9.2,194.5,1009.8,66.2,1.9,263.8,22.8,9,,2017-02-21T07:02:09,2017-02-21T18:58:26,0.83,Partially cloudy,Partly cloudy throughout the day.,partly-cloudy-day,"DNMM,remote,65201099999"
"Abeokuta, Ogun, Nigeria",2017-02-22,94.7,78.3,85.9,99.1,78.3,90.4,72.5,68.0,0.0,0,0.0,,0,0,21.7,10.3,191.1,1009.6,78.2,5.0,241.5,21.0,9,,2017-02-22T07:01:50,2017-02-22T18:58:29,0.87,Partially cloudy,Partly cloudy throughout the day.,partly-cloudy-day,"remote,65201099999"
"Abeokuta, Ogun, Nigeria",2017-02-23,95.6,78.0,85.3,101.7,78.0,91.0,74.1,72.0,0.012,100,8.33,rain,0,0,23.5,9.6,202.7,1009.3,81.7,,228.4,19.9,9,,2017-02-23T07:01:31,2017-02-23T18:58:32,0.9,"Rain, Partially cloudy",Partly cloudy throughout the day with rain in the morning and afternoon.,rain,remote
"Abeokuta, Ogun, Nigeria",2017-02-24,97.8,79.4,86.1,105.8,79.4,93.9,75.7,73.4,0.016,100,8.33,rain,0,0,23.9,9.6,201.4,1008.9,58.2,,231.7,20.2,9,,2017-02-24T07:01:11,2017-02-24T18:58:35,0.93,"Rain, Partially cloudy",Partly cloudy throughout the day with afternoon rain.,rain,remote
"Abeokuta, Ogun, Nigeria",2017-02-25,93.5,79.8,85.5,107.0,79.8,94.9,77.0,77.1,0.119,100,50.0,rain,0,0,19.2,8.7,200.6,1009.3,86.8,,220.8,19.1,8,,2017-02-25T07:00:50,2017-02-25T18:58:36,0.96,"Rain, Partially cloudy",Partly cloudy throughout the day with rain.,rain,remote
"Abeokuta, Ogun, Nigeria",2017-02-26,88.8,79.6,84.0,102.5,79.6,92.5,76.5,78.9,0.056,100,37.5,rain,0,0,18.8,8.5,199.3,1009.2,94.2,,174.2,14.9,6,,2017-02-26T07:00:28,2017-02-26T18:58:38,0.0,"Rain, Overcast",Cloudy skies throughout the day with rain.,rain,remote
"Abeokuta, Ogun, Nigeria",2017-02-27,94.2,76.9,84.0,100.6,76.9,88.4,73.5,72.9,0.043,100,4.17,rain,0,0,20.8,8.9,206.3,1008.2,95.8,,218.8,19.0,9,,2017-02-27T07:00:06,2017-02-27T18:58:38,0.03,"Rain, Overcast",Cloudy skies throughout the day with afternoon rain.,rain,remote
"Abeokuta, Ogun, Nigeria",2017-02-28,95.4,77.4,85.1,106.3,77.4,91.3,74.6,72.9,0.024,100,8.33,rain,0,0,21.7,9.4,200.8,1008.0,77.5,,238.3,20.6,9,,2017-02-28T06:59:44,2017-02-28T18:58:39,0.07,"Rain, Partially cloudy",Partly cloudy throughout the day with afternoon rain.,rain,remote
"Abeokuta, Ogun, Nigeria",2017-03-01,93.8,78.2,83.9,106.3,78.2,90.8,76.0,78.4,0.155,100,37.5,rain,0,0,19.2,8.9,190.9,1009.1,95.9,,219.6,19.1,8,,2017-03-01T06:59:21,2017-03-01T18:58:39,0.1,"Rain, Overcast",Cloudy skies throughout the day with a chance of rain throughout the day.,rain,remote
"Abeokuta, Ogun, Nigeria",2017-03-02,92.6,78.0,83.8,102.1,78.0,89.1,75.1,76.4,0.083,100,29.17,rain,0,0,17.9,8.7,195.9,1009.8,55.5,4.0,218.9,18.8,9,,2017-03-02T06:58:57,2017-03-02T18:58:38,0.14,"Rain, Partially cloudy",Clearing in the afternoon with rain.,rain,"remote,65201099999"
"Abeokuta, Ogun, Nigeria",2017-03-03,97.4,78.3,85.0,108.0,78.3,91.6,75.6,75.5,0.016,100,12.5,rain,0,0,22.6,9.8,194.6,1008.6,60.4,,233.4,20.3,9,,2017-03-03T06:58:33,2017-03-03T18:58:37,0.17,"Rain, Partially cloudy",Partly cloudy throughout the day with rain in the morning and afternoon.,rain,remote
"Abeokuta, Ogun, Nigeria",2017-03-04,95.3,78.7,84.7,105.6,78.7,90.6,75.1,75.2,0.02,100,20.83,rain,0,0,21.7,10.5,192.1,1007.2,66.8,,221.1,19.0,9,,2017-03-04T06:58:08,2017-03-04T18:58:35,0.21,"Rain, Partially cloudy",Partly cloudy throughout the day with rain in the morning and afternoon.,rain,remote
"Abeokuta, Ogun, Nigeria",2017-03-05,97.1,76.7,84.5,107.1,76.7,89.6,74.5,74.4,0.02,100,8.33,rain,0,0,21.9,9.8,199.6,1007.5,38.1,,227.4,19.6,9,,2017-03-05T06:57:43,2017-03-05T18:58:33,0.25,"Rain, Partially cloudy",Partly cloudy throughout the day with rain.,rain,remote
"Abeokuta, Ogun, Nigeria",2017-03-06,91.8,79.4,82.8,105.8,79.4,89.5,76.2,81.1,0.287,100,33.33,rain,0,0,23.0,8.7,208.7,1008.8,78.6,,203.0,17.4,8,,2017-03-06T06:57:17,2017-03-06T18:58:31,0.28,"Rain, Partially cloudy",Partly cloudy throughout the day with rain in the morning and afternoon.,rain,remote
"Abeokuta, Ogun, Nigeria",2017-03-07,96.9,77.1,85.2,100.4,77.1,88.5,72.4,69.4,0.016,100,12.5,rain,0,0,22.6,10.3,219.7,1008.3,77.2,,246.0,21.3,9,,2017-03-07T06:56:51,2017-03-07T18:58:28,0.32,"Rain, Partially cloudy",Partly cloudy throughout the day with rain.,rain,remote
"Abeokuta, Ogun, Nigeria",2017-03-08,96.0,77.1,85.2,102.5,77.1,90.6,74.8,74.0,0.0,0,0.0,,0,0,23.5,8.9,193.5,1007.9,59.8,,246.4,21.2,9,,2017-03-08T06:56:25,2017-03-08T18:58:25,0.35,Partially cloudy,Partly cloudy throughout the day.,partly-cloudy-day,remote
"Abeokuta, Ogun, Nigeria",2017-03-09,94.2,79.1,83.9,105.1,79.1,90.5,75.6,77.4,0.091,100,12.5,rain,0,0,22.4,8.1,198.7,1008.2,76.0,,219.7,18.9,9,,2017-03-09T06:55:58,2017-03-09T18:58:22,0.39,"Rain, Partially cloudy",Partly cloudy throughout the day with rain in the morning and afternoon.,rain,remote
"Abeokuta, Ogun, Nigeria",2017-03-10,92.7,78.3,84.2,105.5,78.3,89.9,75.5,76.3,0.036,100,33.33,rain,0,0,19.7,8.3,186.1,1008.1,66.9,,202.3,17.6,8,,2017-03-10T06:55:31,2017-03-10T18:58:18,0.42,"Rain, Partially cloudy",Partly cloudy throughout the day with a chance of rain throughout the day.,rain,remote
"Abeokuta, Ogun, Nigeria",2017-03-11,94.9,77.8,84.1,100.7,77.8,88.8,74.0,73.7,0.087,100,8.33,rain,0,0,21.7,10.1,203.9,1007.3,67.6,,225.5,19.6,8,,2017-03-11T06:55:03,2017-03-11T18:58:14,0.46,"Rain, Partially cloudy",Partly cloudy throughout the day with afternoon rain.,rain,remote
"Abeokuta, Ogun, Nigeria",2017-03-12,91.1,78.5,83.8,100.5,78.5,89.1,74.5,74.9,0.09,100,29.17,rain,0,0,18.1,7.6,194.5,1008.3,82.9,,218.3,18.9,8,,2017-03-12T06:54:35,2017-03-12T18:58:10,0.5,"Rain, Partially cloudy",Partly cloudy throughout the day with rain in the morning and afternoon.,rain,remote
"Abeokuta, Ogun, Nigeria",2017-03-13,95.8,76.4,84.1,101.3,76.4,88.5,73.1,72.2,0.016,100,8.33,rain,0,0,20.1,9.4,176.7,1008.6,56.4,,247.2,21.5,9,,2017-03-13T06:54:07,2017-03-13T18:58:05,0.53,"Rain, Partially cloudy",Partly cloudy throughout the day with rain in the morning and afternoon.,rain,remote
"Abeokuta, Ogun, Nigeria",2017-03-14,93.1,79.6,84.4,104.6,79.6,91.7,75.9,77.1,0.063,100,16.67,rain,0,0,20.4,8.3,186.6,1010.6,82.9,,227.2,19.6,9,,2017-03-14T06:53:39,2017-03-14T18:58:01,0.56,"Rain, Partially cloudy",Partly cloudy throughout the day with rain in the morning and afternoon.,rain,remote
"Abeokuta, Ogun, Nigeria",2017-03-15,90.9,78.0,83.8,101.5,78.0,90.5,75.7,77.7,0.083,100,29.17,rain,0,0,20.1,8.3,189.7,1009.9,94.8,,184.4,16.0,8,,2017-03-15T06:53:10,2017-03-15T18:57:56,0.59,"Rain, Overcast",Cloudy skies throughout the day with rain in the morning and afternoon.,rain,remote
"Abeokuta, Ogun, Nigeria",2017-03-16,97.1,77.8,86.1,102.0,77.8,91.8,74.1,71.4,0.004,100,4.17,rain,0,0,21.3,10.7,192.7,1007.9,74.6,,261.7,22.6,10,,2017-03-16T06:52:41,2017-03-16T18:57:51,0.62,"Rain, Partially cloudy",Partly cloudy throughout the day with morning rain.,rain,remote
"Abeokuta, Ogun, Nigeria",2017-03-17,96.7,78.3,85.7,102.4,78.3,90.2,74.0,72.1,0.008,100,8.33,rain,0,0,23.0,9.8,195.9,1007.8,72.8,,267.0,23.0,10,,2017-03-17T06:52:12,2017-03-17T18:57:45,0.66,"Rain, Partially cloudy",Partly cloudy throughout the day with morning rain.,rain,remote
"Abeokuta, Ogun, Nigeria",2017-03-18,93.5,78.9,85.2,106.5,78.9,92.2,75.8,75.0,0.016,100,12.5,rain,0,0,19.7,9.2,196.1,1008.5,60.5,6.2,233.4,20.1,9,,2017-03-18T06:51:43,2017-03-18T18:57:40,0.69,"Rain, Partially cloudy",Partly cloudy throughout the day with rain.,rain,"DNMM,remote,65201099999"
"Abeokuta, Ogun, Nigeria",2017-03-19,92.6,78.2,83.6,106.0,78.2,90.2,75.9,78.8,0.071,100,16.67,rain,0,0,20.6,8.5,201.3,1009.0,67.9,,203.2,17.5,8,,2017-03-19T06:51:13,2017-03-19T18:57:34,0.72,"Rain, Partially cloudy",Partly cloudy throughout the day with afternoon rain.,rain,remote
"Abeokuta, Ogun, Nigeria",2017-03-20,92.0,78.0,84.0,104.8,78.0,90.3,76.6,79.7,0.154,100,50.0,rain,0,0,17.9,6.9,219.7,1010.2,81.4,,217.5,18.7,8,,2017-03-20T06:50:43,2017-03-20T18:57:28,0.75,"Rain, Partially cloudy",Partly cloudy throughout the day with rain.,rain,remote
"Abeokuta, Ogun, Nigeria",2017-03-21,94.6,76.0,83.4,103.3,76.0,89.0,75.2,78.4,0.012,100,8.33,rain,0,0,26.2,12.1,209.5,1009.4,96.6,,249.1,21.5,9,,2017-03-21T06:50:14,2017-03-21T18:57:22,0.79,"Rain, Overcast",Cloudy skies throughout the day with afternoon rain.,rain,remote
"Abeokuta, Ogun, Nigeria",2017-03-22,92.9,78.3,83.8,105.5,78.3,90.3,75.5,77.0,0.055,100,25.0,rain,0,0,26.2,10.1,201.5,1010.2,96.9,,197.9,17.1,8,,2017-03-22T06:49:44,2017-03-22T18:57:16,0.82,"Rain, Overcast",Cloudy skies throughout the day with a chance of rain throughout the day.,rain,remote
"Abeokuta, Ogun, Nigeria",2017-03-23,92.9,76.6,82.2,104.8,76.6,86.1,74.6,78.9,0.307,100,16.67,rain,0,0,23.7,9.2,195.2,1010.8,77.9,,191.8,16.7,9,,2017-03-23T06:49:14,2017-03-23T18:57:10,0.85,"Rain, Partially cloudy",Partly cloudy throughout the day with rain in the morning and afternoon.,rain,remote
"Abeokuta, Ogun, Nigeria",2017-03-24,92.9,75.1,83.2,101.8,75.1,88.0,73.6,74.9,0.016,100,4.17,rain,0,0,18.6,9.2,201.9,1011.0,75.3,,259.5,22.6,9,,2017-03-24T06:48:44,2017-03-24T18:57:04,0.88,"Rain, Partially cloudy",Partly cloudy throughout the day with afternoon rain.,rain,remote
"Abeokuta, Ogun, Nigeria",2017-03-25,93.5,76.6,84.4,102.9,76.6,90.2,74.4,73.7,0.024,100,4.17,rain,0,0,21.3,8.3,186.7,1010.0,86.5,,242.0,20.6,9,,2017-03-25T06:48:14,2017-03-25T18:56:58,0.91,"Rain, Partially cloudy",Partly cloudy throughout the day with afternoon rain.,rain,remote
"Abeokuta, Ogun, Nigeria",2017-03-26,92.6,79.1,84.2,102.1,79.1,89.6,74.9,75.1,0.012,100,4.17,rain,0,0,21.9,8.3,199.4,1010.0,62.8,,241.7,20.9,9,,2017-03-26T06:47:44,2017-03-26T18:56:51,0.95,"Rain, Partially cloudy",Partly cloudy throughout the day with afternoon rain.,rain,remote
"Abeokuta, Ogun, Nigeria",2017-03-27,93.5,76.9,83.7,104.4,76.9,89.7,75.4,77.5,0.028,100,8.33,rain,0,0,25.5,10.7,192.4,1009.7,74.0,,230.3,19.9,9,,2017-03-27T06:47:14,2017-03-27T18:56:45,0.98,"Rain, Partially cloudy",Partly cloudy throughout the day with afternoon rain.,rain,remote
"Abeokuta, Ogun, Nigeria",2017-03-28,93.6,78.5,85.3,103.8,78.5,92.2,76.1,76.2,0.0,0,0.0,,0,0,21.9,10.7,188.2,1009.1,82.7,,243.1,20.8,9,,2017-03-28T06:46:44,2017-03-28T18:56:39,0.0,Partially cloudy,Partly cloudy throughout the day.,partly-cloudy-day,remote
"Abeokuta, Ogun, Nigeria",2017-03-29,96.2,79.1,85.9,105.3,79.1,92.9,76.0,75.0,0.016,100,4.17,rain,0,0,16.6,8.1,197.4,1008.2,66.8,,252.4,21.8,9,,2017-03-29T06:46:14,2017-03-29T18:56:33,0.05,"Rain, Partially cloudy",Partly cloudy throughout the day with afternoon rain.,rain,remote
"Abeokuta, Ogun, Nigeria",2017-03-30,92.2,79.4,84.3,105.1,79.4,91.8,76.8,79.2,0.143,100,37.5,rain,0,0,20.4,8.7,196.7,1009.3,76.9,,205.6,17.7,8,,2017-03-30T06:45:44,2017-03-30T18:56:27,0.08,"Rain, Partially cloudy",Partly cloudy throughout the day with rain in the morning and afternoon.,rain,remote
"Abeokuta, Ogun, Nigeria",2017-03-31,94.6,78.7,83.7,106.2,78.7,89.3,75.8,78.5,0.201,100,16.67,rain,0,0,25.3,10.3,193.4,1010.3,83.0,,230.8,19.9,9,,2017-03-31T06:45:15,2017-03-31T18:56:21,0.12,"Rain, Partially cloudy",Partly cloudy throughout the day with rain.,rain,remote
"Abeokuta, Ogun, Nigeria",2017-04-01,91.7,76.0,83.2,101.5,76.0,89.3,74.8,77.0,0.028,100,12.5,rain,0,0,23.3,8.7,189.7,1009.5,73.1,,249.6,21.5,8,,2017-04-01T06:44:45,2017-04-01T18:56:15,0.15,"Rain, Partially cloudy",Partly cloudy throughout the day with rain.,rain,remote
"Abeokuta, Ogun, Nigeria",2017-04-02,90.8,78.3,83.6,103.3,78.3,90.3,76.2,79.7,0.103,100,25.0,rain,0,0,18.1,6.5,206.2,1009.6,90.2,,226.7,19.5,8,,2017-04-02T06:44:15,2017-04-02T18:56:09,0.19,"Rain, Overcast",Cloudy skies throughout the day with rain in the morning and afternoon.,rain,remote
"Abeokuta, Ogun, Nigeria",2017-04-03,93.5,77.3,84.1,107.5,77.3,91.0,75.6,76.9,0.004,100,4.17,rain,0,0,19.2,8.3,209.1,1010.1,70.0,6.1,235.7,20.4,9,,2017-04-03T06:43:46,2017-04-03T18:56:03,0.25,"Rain, Partially cloudy",Partly cloudy throughout the day with late afternoon rain.,rain,"DNIB,DNMM,remote,65201099999,65100099999"
"Abeokuta, Ogun, Nigeria",2017-04-04,95.1,78.3,84.8,110.8,78.3,92.3,75.9,75.8,0.0,0,0.0,,0,0,20.8,8.1,208.8,1010.0,72.1,6.1,224.6,19.4,9,,2017-04-04T06:43:17,2017-04-04T18:55:57,0.26,Partially cloudy,Partly cloudy throughout the day.,partly-cloudy-day,"65210099999,DNMM,remote,65201099999"
"Abeokuta, Ogun, Nigeria",2017-04-05,92.2,78.5,83.5,104.6,78.5,89.8,76.2,79.8,0.063,100,8.33,rain,0,0,24.6,9.2,203.8,1009.8,78.1,,208.5,17.9,8,,2017-04-05T06:42:48,2017-04-05T18:55:52,0.29,"Rain, Partially cloudy",Partly cloudy throughout the day with afternoon rain.,rain,remote
"Abeokuta, Ogun, Nigeria",2017-04-06,90.6,75.3,81.9,102.9,75.3,86.2,76.2,83.9,0.114,100,12.5,rain,0,0,17.7,11.4,202.0,1009.9,78.3,5.6,197.9,17.2,8,,2017-04-06T06:42:19,2017-04-06T18:55:47,0.33,"Rain, Partially cloudy",Partly cloudy throughout the day with afternoon rain.,rain,"DNMM,remote,65201099999"
"Abeokuta, Ogun, Nigeria",2017-04-07,91.5,75.6,83.2,101.0,75.6,88.7,74.6,76.9,0.012,100,8.33,rain,0,0,18.8,11.4,236.3,1008.6,67.1,5.3,209.6,18.2,8,,2017-04-07T06:41:51,2017-04-07T18:55:41,0.37,"Rain, Partially cloudy",Partly cloudy throughout the day with rain.,rain,"DNMM,remote,65201099999"
"Abeokuta, Ogun, Nigeria",2017-04-08,94.2,77.0,82.1,107.8,77.0,87.9,77.7,87.3,0.787,100,4.17,rain,0,0,15.7,9.2,213.8,1008.6,59.0,5.4,218.0,18.7,9,,2017-04-08T06:41:23,2017-04-08T18:55:36,0.4,"Rain, Partially cloudy",Partly cloudy throughout the day with late afternoon rain.,rain,"DNIB,DNMM,remote,65201099999,65100099999"
"Abeokuta, Ogun, Nigeria",2017-04-09,87.2,77.0,80.5,98.0,77.0,84.7,76.0,86.6,0.0,0,0.0,,0,0,21.0,17.2,159.0,1009.9,61.3,5.1,202.8,17.7,9,,2017-04-09T06:40:55,2017-04-09T18:55:32,0.44,Partially cloudy,Partly cloudy throughout the day.,partly-cloudy-day,"65213099999,DNMM,remote,65201099999"
"Abeokuta, Ogun, Nigeria",2017-04-10,91.5,75.2,82.1,105.2,75.2,88.1,75.8,82.4,0.004,100,4.17,rain,0,0,15.2,10.3,190.9,1009.4,60.3,4.9,206.9,17.8,7,,2017-04-10T06:40:27,2017-04-10T18:55:27,0.47,"Rain, Partially cloudy",Partly cloudy throughout the day with morning rain.,rain,"DNIB,DNMM,remote,65201099999,65100099999"
"Abeokuta, Ogun, Nigeria",2017-04-11,91.5,78.9,84.7,103.4,78.9,94.7,77.6,80.4,0.012,100,4.17,rain,0,0,20.1,7.6,200.1,1008.6,73.6,5.5,219.1,19.1,8,,2017-04-11T06:40:00,2017-04-11T18:55:23,0.5,"Rain, Partially cloudy",Partly cloudy throughout the day with afternoon rain.,rain,"DNMM,remote,65201099999"
"Abeokuta, Ogun, Nigeria",2017-04-12,93.2,79.4,85.0,110.4,79.4,95.6,78.3,81.4,0.0,0,0.0,,0,0,20.8,11.4,195.2,1009.2,74.4,6.2,195.7,17.0,8,,2017-04-12T06:39:33,2017-04-12T18:55:19,0.54,Partially cloudy,Partly cloudy throughout the day.,partly-cloudy-day,"65210099999,65213099999,DNMM,remote,65201099999"
"Abeokuta, Ogun, Nigeria",2017-04-13,91.4,78.8,82.8,110.9,78.8,92.0,78.0,85.8,0.347,100,8.33,rain,0,0,20.6,8.9,200.6,1009.2,81.3,5.8,137.9,12.0,5,,2017-04-13T06:39:06,2017-04-13T18:55:15,0.57,"Rain, Partially cloudy",Partly cloudy throughout the day with afternoon rain.,rain,"DNMM,remote,65201099999"
"Abeokuta, Ogun, Nigeria",2017-04-14,89.6,77.4,82.9,105.2,77.4,89.9,76.7,82.2,0.197,100,4.17,rain,0,0,18.1,8.1,185.1,1010.3,70.3,6.4,125.8,10.7,5,,2017-04-14T06:38:40,2017-04-14T18:55:12,0.6,"Rain, Partially cloudy",Partly cloudy throughout the day with afternoon rain.,rain,"65210099999,DNMM,remote,65201099999"
"Abeokuta, Ogun, Nigeria",2017-04-15,92.6,77.1,81.8,107.6,77.1,86.6,76.0,83.7,0.335,100,29.17,rain,0,0,17.4,7.4,149.7,1010.5,72.7,5.7,189.5,16.5,7,,2017-04-15T06:38:14,2017-04-15T18:55:08,0.64,"Rain, Partially cloudy",Partly cloudy throughout the day with rain.,rain,"65210099999,DNIB,DNMM,remote,65201099999,65100099999"
"Abeokuta, Ogun, Nigeria",2017-04-16,93.2,74.9,82.2,105.0,74.9,86.7,74.3,78.9,0.477,100,29.17,rain,0,0,13.4,11.4,144.2,1010.5,80.9,5.8,165.2,14.2,6,,2017-04-16T06:37:49,2017-04-16T18:55:06,0.67,"Rain, Partially cloudy",Partly cloudy throughout the day with a chance of rain throughout the day.,rain,"DNIB,DNMM,remote,65201099999,65100099999"
"Abeokuta, Ogun, Nigeria",2017-04-17,93.2,76.4,83.8,110.4,76.4,91.7,77.1,81.6,0.0,0,0.0,,0,0,18.8,10.3,187.6,1010.0,56.1,6.2,243.8,21.0,9,,2017-04-17T06:37:24,2017-04-17T18:55:03,0.7,Partially cloudy,Partly cloudy throughout the day.,partly-cloudy-day,"DNMM,remote,65201099999"
"Abeokuta, Ogun, Nigeria",2017-04-18,91.7,79.6,85.4,110.9,79.6,96.3,78.2,80.0,0.004,100,4.17,rain,0,0,17.4,11.4,190.7,1010.2,58.0,6.2,229.1,19.8,8,,2017-04-18T06:36:59,2017-04-18T18:55:01,0.74,"Rain, Partially cloudy",Partly cloudy throughout the day with late afternoon rain.,rain,"65210099999,DNIB,DNMM,remote,65201099999,65100099999"
"Abeokuta, Ogun, Nigeria",2017-04-19,93.3,77.3,85.3,111.2,77.3,96.3,78.2,80.4,0.0,0,0.0,,0,0,21.0,9.2,198.9,1009.2,62.3,6.3,212.1,18.4,7,,2017-04-19T06:36:35,2017-04-19T18:54:59,0.75,Partially cloudy,Partly cloudy throughout the day.,partly-cloudy-day,"65213099999,DNIB,DNMM,remote,65201099999,65100099999,65208099999"
"Abeokuta, Ogun, Nigeria",2017-04-20,86.0,75.2,78.0,101.9,75.2,79.9,75.2,91.4,0.354,100,8.33,rain,0,0,26.4,13.9,174.5,1009.7,55.5,4.6,162.4,13.8,7,,2017-04-20T06:36:12,2017-04-20T18:54:57,0.8,"Rain, Partially cloudy",Partly cloudy throughout the day with rain.,rain,"65210099999,DNIB,DNMM,remote,65201099999,65100099999,65208099999"
"Abeokuta, Ogun, Nigeria",2017-04-21,92.2,73.7,81.6,106.1,73.7,87.9,75.9,83.8,0.905,100,8.33,rain,0,0,18.3,12.8,169.5,1010.6,59.1,4.8,191.1,16.5,8,,2017-04-21T06:35:49,2017-04-21T18:54:56,0.83,"Rain, Partially cloudy",Partly cloudy throughout the day with rain clearing later.,rain,"65210099999,DNIB,DNMM,remote,65201099999,65100099999,65208099999"
"Abeokuta, Ogun, Nigeria",2017-04-22,88.1,76.9,82.7,97.1,76.9,87.4,75.1,79.1,0.004,100,4.17,rain,0,0,15.4,6.5,210.2,1010.1,95.9,,218.9,19.1,7,,2017-04-22T06:35:26,2017-04-22T18:54:55,0.87,"Rain, Overcast",Cloudy skies throughout the day with morning rain.,rain,remote
"Abeokuta, Ogun, Nigeria",2017-04-23,87.7,77.4,81.9,97.0,77.4,85.7,75.1,80.7,0.0,0,0.0,,0,0,18.6,8.1,204.2,1010.7,72.9,,142.4,12.3,5,,2017-04-23T06:35:04,2017-04-23T18:54:55,0.9,Partially cloudy,Partly cloudy throughout the day.,partly-cloudy-day,remote
"Abeokuta, Ogun, Nigeria",2017-04-24,90.9,75.8,82.9,100.8,75.8,88.6,75.0,78.6,0.008,100,4.17,rain,0,0,17.9,7.2,201.5,1010.7,71.3,6.2,251.8,21.5,9,,2017-04-24T06:34:43,2017-04-24T18:54:55,0.93,"Rain, Partially cloudy",Partly cloudy throughout the day with afternoon rain.,rain,"DNMM,remote,65201099999"
"Abeokuta, Ogun, Nigeria",2017-04-25,89.6,80.6,83.9,102.6,88.1,93.7,77.6,82.1,0.0,0,0.0,,0,0,21.5,16.1,168.2,1011.2,66.3,6.2,191.0,16.4,8,,2017-04-25T06:34:22,2017-04-25T18:54:55,0.97,Partially cloudy,Partly cloudy throughout the day.,partly-cloudy-day,"65210099999,DNIB,DNMM,remote,65201099999,65100099999,65208099999"
"Abeokuta, Ogun, Nigeria",2017-04-26,91.4,77.0,83.6,105.2,77.0,90.7,76.4,80.0,0.0,0,0.0,,0,0,18.8,13.9,168.1,1011.5,50.7,5.5,215.0,18.8,8,,2017-04-26T06:34:01,2017-04-26T18:54:56,0.0,Partially cloudy,Partly cloudy throughout the day.,partly-cloudy-day,"DNMM,remote,65201099999,65208099999"
"Abeokuta, Ogun, Nigeria",2017-04-27,93.2,78.0,84.9,103.1,78.0,92.0,75.8,76.1,0.0,0,0.0,,0,0,16.3,10.4,177.6,1012.2,53.7,6.1,245.0,21.3,8,,2017-04-27T06:33:41,2017-04-27T18:54:57,0.03,Partially cloudy,Partly cloudy throughout the day.,partly-cloudy-day,"DNMM,remote,65201099999,65208099999"
"Abeokuta, Ogun, Nigeria",2017-04-28,92.2,78.8,84.7,107.7,78.8,93.9,77.4,79.9,0.0,0,0.0,,0,0,17.4,10.3,185.4,1012.5,57.6,6.1,227.8,19.6,8,,2017-04-28T06:33:22,2017-04-28T18:54:58,0.07,Partially cloudy,Partly cloudy throughout the day.,partly-cloudy-day,"65210099999,DNIB,DNMM,remote,65201099999,65100099999,65208099999"
"Abeokuta, Ogun, Nigeria",2017-04-29,93.2,80.6,85.0,107.5,87.1,95.0,77.3,78.8,0.0,0,0.0,,0,0,18.1,13.9,171.7,1012.1,51.9,6.2,210.9,18.0,8,,2017-04-29T06:33:03,2017-04-29T18:55:00,0.1,Partially cloudy,Partly cloudy throughout the day.,partly-cloudy-day,"DNIB,DNMM,remote,65201099999,65100099999,65208099999"
"Abeokuta, Ogun, Nigeria",2017-04-30,95.0,78.2,85.6,110.0,78.2,95.5,77.6,78.4,0.0,0,0.0,,0,0,20.8,15.0,193.2,1012.0,54.7,6.1,258.5,22.4,9,,2017-04-30T06:32:46,2017-04-30T18:55:03,0.14,Partially cloudy,Partly cloudy throughout the day.,partly-cloudy-day,"DNIB,DNMM,remote,65201099999,65100099999,65208099999"
"Abeokuta, Ogun, Nigeria",2017-05-01,84.2,73.4,79.2,96.1,73.4,82.9,76.0,90.2,0.551,100,4.17,rain,0,0,18.6,8.1,329.2,1011.6,46.5,5.2,219.4,18.9,8,,2017-05-01T06:32:28,2017-05-01T18:55:06,0.17,"Rain, Partially cloudy",Partly cloudy throughout the day with afternoon rain.,rain,"DNMM,65201099999"
"Abeokuta, Ogun, Nigeria",2017-05-02,89.9,76.5,81.7,102.6,76.5,88.2,76.8,85.6,0.0,0,0.0,,0,0,17.4,6.9,188.8,1010.8,49.3,5.4,202.4,17.5,7,,2017-05-02T06:32:11,2017-05-02T18:55:09,0.21,Partially cloudy,Partly cloudy throughout the day.,partly-cloudy-day,"65210099999,DNMM,remote,65201099999"
"Abeokuta, Ogun, Nigeria",2017-05-03,93.2,75.1,82.9,107.5,75.1,88.8,76.4,82.1,0.04,100,8.33,rain,0,0,21.7,10.3,192.2,1010.2,69.0,6.0,243.1,21.1,9,,2017-05-03T06:31:55,2017-05-03T18:55:13,0.25,"Rain, Partially cloudy",Partly cloudy throughout the day with late afternoon rain.,rain,"DNIB,65213099999,DNMM,remote,65201099999,65100099999,65208099999"
"Abeokuta, Ogun, Nigeria",2017-05-04,89.6,75.2,82.3,102.6,75.2,88.9,75.7,81.3,0.0,0,0.0,,0,0,17.9,11.2,172.4,1011.1,60.1,6.1,174.1,15.2,7,,2017-05-04T06:31:40,2017-05-04T18:55:17,0.28,Partially cloudy,Partly cloudy throughout the day.,partly-cloudy-day,"65210099999,65213099999,DNMM,remote,65201099999"
"Abeokuta, Ogun, Nigeria",2017-05-05,89.7,70.8,80.6,100.3,70.8,85.6,74.0,81.9,2.244,100,8.33,rain,0,0,15.9,30.0,40.2,1011.6,56.5,5.2,234.3,20.3,8,,2017-05-05T06:31:25,2017-05-05T18:55:21,0.31,"Rain, Partially cloudy",Partly cloudy throughout the day with rain clearing later.,rain,"65210099999,DNMM,remote,65201099999"
"Abeokuta, Ogun, Nigeria",2017-05-06,91.4,77.0,83.8,107.8,77.0,91.6,77.0,80.9,0.004,100,4.17,rain,0,0,16.6,10.3,176.2,1011.7,67.1,5.0,219.1,18.9,8,,2017-05-06T06:31:11,2017-05-06T18:55:26,0.35,"Rain, Partially cloudy",Partly cloudy throughout the day with late afternoon rain.,rain,"65210099999,DNIB,DNMM,remote,65201099999,65100099999,65208099999"
"Abeokuta, Ogun, Nigeria",2017-05-07,89.6,71.6,80.5,98.2,71.6,86.1,75.2,84.6,0.63,100,4.17,rain,0,0,16.6,11.4,170.0,1010.9,51.0,5.8,213.0,18.4,7,,2017-05-07T06:30:58,2017-05-07T18:55:32,0.38,"Rain, Partially cloudy",Partly cloudy throughout the day with morning rain.,rain,"DNMM,remote,65201099999"
"Abeokuta, Ogun, Nigeria",2017-05-08,91.0,77.0,83.4,105.3,77.0,91.6,77.3,82.7,0.0,0,0.0,,0,0,16.6,9.2,186.6,1010.8,62.9,5.8,244.5,21.0,8,,2017-05-08T06:30:45,2017-05-08T18:55:38,0.42,Partially cloudy,Partly cloudy throughout the day.,partly-cloudy-day,"65210099999,DNMM,65201099999"
"Abeokuta, Ogun, Nigeria",2017-05-09,89.6,78.7,83.1,102.6,78.7,89.5,76.0,80.2,0.0,0,0.0,,0,0,18.6,15.0,168.7,1010.6,46.8,6.0,199.2,17.2,7,,2017-05-09T06:30:33,2017-05-09T18:55:44,0.45,Partially cloudy,Partly cloudy throughout the day.,partly-cloudy-day,"65210099999,DNIB,DNMM,remote,65201099999,65100099999,65208099999"
"Abeokuta, Ogun, Nigeria",2017-05-10,92.8,76.2,84.1,104.0,76.2,91.2,75.9,78.2,0.0,0,0.0,,0,0,17.9,11.4,167.2,1010.7,52.2,6.0,232.1,20.0,8,,2017-05-10T06:30:22,2017-05-10T18:55:51,0.5,Partially cloudy,Partly cloudy throughout the day.,partly-cloudy-day,"65210099999,65213099999,DNIB,DNMM,remote,65201099999,65100099999,65208099999"
"Abeokuta, Ogun, Nigeria",2017-05-11,84.9,75.2,78.4,97.8,75.2,80.8,75.8,92.1,2.126,100,4.17,rain,0,0,17.2,11.4,293.8,1012.2,54.1,4.9,180.8,15.6,7,,2017-05-11T06:30:11,2017-05-11T18:55:58,0.52,"Rain, Partially cloudy",Partly cloudy throughout the day with afternoon rain.,rain,"65210099999,DNMM,65201099999,65208099999"
"Abeokuta, Ogun, Nigeria",2017-05-12,93.2,75.0,82.4,110.4,75.0,90.2,76.5,83.5,0.0,0,0.0,,0,0,16.1,11.4,279.0,1012.4,50.9,5.4,197.7,16.9,8,,2017-05-12T06:30:01,2017-05-12T18:56:05,0.55,Partially cloudy,Partly cloudy throughout the day.,partly-cloudy-day,"DNMM,remote,65201099999,65208099999"
"Abeokuta, Ogun, Nigeria",2017-05-13,93.2,77.0,84.5,107.5,77.0,94.1,77.4,80.1,0.0,0,0.0,,0,0,13.4,11.4,256.1,1012.0,46.0,5.5,170.6,14.6,6,,2017-05-13T06:29:52,2017-05-13T18:56:13,0.59,Partially cloudy,Partly cloudy throughout the day.,partly-cloudy-day,"65210099999,DNMM,remote,65201099999"
"Abeokuta, Ogun, Nigeria",2017-05-14,91.4,78.8,84.9,108.1,78.8,96.3,78.7,82.5,0.008,100,4.17,rain,0,0,17.7,12.8,218.6,1011.3,61.4,6.0,208.9,18.1,8,,2017-05-14T06:29:44,2017-05-14T18:56:22,0.62,"Rain, Partially cloudy",Partly cloudy throughout the day with afternoon rain.,rain,"65210099999,DNIB,65213099999,DNMM,remote,65201099999,65100099999,65208099999"
"Abeokuta, Ogun, Nigeria",2017-05-15,91.5,78.8,84.4,110.7,78.8,95.3,78.5,83.0,0.0,0,0.0,,0,0,19.5,14.3,230.5,1012.3,57.5,6.1,180.0,15.6,7,,2017-05-15T06:29:36,2017-05-15T18:56:31,0.65,Partially cloudy,Partly cloudy throughout the day.,partly-cloudy-day,"DNIB,DNMM,65201099999,65100099999,65208099999"
"Abeokuta, Ogun, Nigeria",2017-05-16,87.5,76.4,80.4,98.7,76.4,84.2,77.0,90.0,0.079,100,4.17,rain,0,0,15.2,13.9,221.8,1013.4,72.6,5.3,97.7,8.5,4,,2017-05-16T06:29:29,2017-05-16T18:56:40,0.69,"Rain, Partially cloudy",Partly cloudy throughout the day with morning rain.,rain,"65210099999,DNIB,DNMM,remote,65201099999,65100099999,65208099999"
"Abeokuta, Ogun, Nigeria",2017-05-17,92.0,75.2,82.3,103.8,75.2,87.9,75.4,81.0,0.079,100,4.17,rain,0,0,18.3,10.1,231.5,1012.6,47.4,5.8,206.9,17.9,7,,2017-05-17T06:29:23,2017-05-17T18:56:50,0.72,"Rain, Partially cloudy",Partly cloudy throughout the day with late afternoon rain.,rain,"65213099999,DNIB,DNMM,65201099999,65100099999,65208099999"
"Abeokuta, Ogun, Nigeria",2017-05-18,91.4,76.6,82.8,107.8,76.6,90.1,77.0,83.5,0.039,100,4.17,rain,0,0,19.0,10.3,238.0,1011.6,58.2,6.2,212.4,18.3,8,,2017-05-18T06:29:18,2017-05-18T18:57:00,0.75,"Rain, Partially cloudy",Partly cloudy throughout the day with late afternoon rain.,rain,"65210099999,DNIB,65213099999,DNMM,remote,65201099999,65100099999"
"Abeokuta, Ogun, Nigeria",2017-05-19,91.7,78.3,83.3,106.4,78.3,90.3,77.1,82.5,0.0,0,0.0,,0,0,15.7,13.9,239.6,1012.3,62.4,6.3,224.1,19.2,8,,2017-05-19T06:29:13,2017-05-19T18:57:10,0.75,Partially cloudy,Partly cloudy throughout the day.,partly-cloudy-day,"65210099999,DNIB,65213099999,DNMM,remote,65201099999,65100099999,65208099999"
"Abeokuta, Ogun, Nigeria",2017-05-20,84.8,71.6,78.1,98.4,71.6,80.1,75.4,91.3,1.85,100,4.17,rain,0,0,22.6,11.4,138.2,1013.3,58.0,4.8,187.4,16.1,8,,2017-05-20T06:29:09,2017-05-20T18:57:21,0.82,"Rain, Partially cloudy",Partly cloudy throughout the day with afternoon rain.,rain,"65210099999,65213099999,DNIB,DNMM,remote,65201099999,65100099999,65208099999"
"Abeokuta, Ogun, Nigeria",2017-05-21,89.6,73.4,81.3,100.0,73.4,86.6,74.9,82.2,0.0,0,0.0,,0,0,16.1,7.0,210.8,1012.4,51.6,5.1,223.3,19.3,8,,2017-05-21T06:29:05,2017-05-21T18:57:32,0.85,Partially cloudy,Partly cloudy throughout the day.,partly-cloudy-day,"65210099999,DNIB,DNMM,remote,65201099999,65100099999,65208099999"
"Abeokuta, Ogun, Nigeria",2017-05-22,92.4,76.0,83.9,105.2,76.0,91.4,76.5,79.9,0.0,0,0.0,,0,0,21.0,12.8,238.1,1011.0,60.1,6.0,222.7,19.3,7,,2017-05-22T06:29:03,2017-05-22T18:57:43,0.89,Partially cloudy,Partly cloudy throughout the day.,partly-cloudy-day,"65210099999,DNIB,DNMM,remote,65201099999,65100099999,65208099999"
"Abeokuta, Ogun, Nigeria",2017-05-23,91.5,79.2,84.6,108.4,79.2,95.9,78.6,82.9,0.039,100,4.17,rain,0,0,21.7,11.4,237.8,1011.0,58.8,6.2,222.0,19.2,8,,2017-05-23T06:29:01,2017-05-23T18:57:55,0.92,"Rain, Partially cloudy",Partly cloudy throughout the day with morning rain.,rain,"65210099999,DNIB,65213099999,DNMM,65201099999,65100099999,65208099999"
"Abeokuta, Ogun, Nigeria",2017-05-24,91.4,75.3,83.8,105.1,75.3,92.8,77.4,82.2,0.0,0,0.0,,0,0,20.1,14.5,238.6,1011.9,59.0,5.9,213.7,18.3,8,,2017-05-24T06:28:59,2017-05-24T18:58:07,0.95,Partially cloudy,Partly cloudy throughout the day.,partly-cloudy-day,"65210099999,65213099999,DNIB,DNMM,remote,65201099999,65100099999"
"Abeokuta, Ogun, Nigeria",2017-05-25,82.4,72.2,79.0,90.9,72.2,82.1,75.0,87.7,0.394,100,4.17,rain,0,0,28.9,16.1,123.6,1013.1,56.9,5.7,136.7,11.7,5,,2017-05-25T06:28:59,2017-05-25T18:58:20,0.0,"Rain, Partially cloudy",Partly cloudy throughout the day with afternoon rain.,rain,"65210099999,DNIB,DNMM,remote,65201099999,65100099999,65208099999"
"Abeokuta, Ogun, Nigeria",2017-05-26,89.6,76.2,81.0,99.4,76.2,84.8,75.0,82.9,0.197,100,4.17,rain,0,0,19.7,8.8,242.2,1013.9,54.1,5.5,176.8,15.4,6,,2017-05-26T06:28:59,2017-05-26T18:58:32,0.02,"Rain, Partially cloudy",Partly cloudy throughout the day with afternoon rain.,rain,"65210099999,DNIB,65213099999,DNMM,remote,65201099999,65100099999,65208099999"
"Abeokuta, Ogun, Nigeria",2017-05-27,91.5,77.8,83.0,105.7,77.8,89.0,76.3,81.2,0.004,100,4.17,rain,0,0,15.0,9.2,229.4,1014.0,55.6,5.8,201.3,17.5,7,,2017-05-27T06:29:00,2017-05-27T18:58:45,0.06,"Rain, Partially cloudy",Partly cloudy throughout the day with afternoon rain.,rain,"DNIB,DNMM,remote,65201099999,65100099999,65208099999"
"Abeokuta, Ogun, Nigeria",2017-05-28,89.6,78.5,83.1,102.7,78.5,90.8,77.1,82.9,0.0,0,0.0,,0,0,15.2,11.8,226.8,1014.3,53.5,5.9,209.4,18.1,7,,2017-05-28T06:29:01,2017-05-28T18:58:58,0.09,Partially cloudy,Partly cloudy throughout the day.,partly-cloudy-day,"65210099999,DNIB,DNMM,remote,65201099999,65100099999,65208099999"
"Abeokuta, Ogun, Nigeria",2017-05-29,91.4,78.3,84.3,105.1,78.3,93.6,77.7,81.6,0.0,0,0.0,,0,0,18.8,13.7,233.1,1013.4,55.3,6.1,197.8,17.0,7,,2017-05-29T06:29:04,2017-05-29T18:59:12,0.12,Partially cloudy,Partly cloudy throughout the day.,partly-cloudy-day,"65210099999,DNIB,DNMM,remote,65201099999,65100099999"
"Abeokuta, Ogun, Nigeria",2017-05-30,87.0,74.6,81.4,98.7,74.6,87.8,76.5,85.4,0.016,100,4.17,rain,0,0,19.2,20.4,233.3,1013.5,57.5,6.2,203.3,17.8,7,,2017-05-30T06:29:06,2017-05-30T18:59:25,0.16,"Rain, Partially cloudy",Partly cloudy throughout the day with morning rain.,rain,"DNIB,DNMM,remote,65201099999,65100099999,65208099999"
"Abeokuta, Ogun, Nigeria",2017-05-31,82.4,75.6,78.9,88.3,75.6,80.7,75.4,89.2,0.315,100,4.17,rain,0,0,16.6,11.4,234.3,1015.2,47.2,4.9,199.2,17.4,6,,2017-05-31T06:29:10,2017-05-31T18:59:39,0.19,"Rain, Partially cloudy",Partly cloudy throughout the day with afternoon rain.,rain,"DNIB,DNMM,65201099999,65100099999"
"Abeokuta, Ogun, Nigeria",2017-06-01,89.6,73.1,81.0,100.3,73.1,85.8,73.9,80.0,0.0,0,0.0,,0,0,15.0,8.3,206.7,1014.8,45.5,6.0,214.8,18.6,8,,2017-06-01T06:29:14,2017-06-01T18:59:53,0.25,Partially cloudy,Partly cloudy throughout the day.,partly-cloudy-day,"65210099999,DNIB,DNMM,remote,65201099999,65100099999,65208099999"
"Abeokuta, Ogun, Nigeria",2017-06-02,90.2,76.9,82.4,103.1,76.9,89.0,76.6,83.6,0.0,0,0.0,,0,0,19.0,13.9,244.8,1014.2,62.6,6.0,190.1,16.4,8,,2017-06-02T06:29:19,2017-06-02T19:00:08,0.26,Partially cloudy,Partly cloudy throughout the day.,partly-cloudy-day,"65210099999,DNIB,65213099999,DNMM,remote,65201099999,65100099999,65208099999"
"Abeokuta, Ogun, Nigeria",2017-06-03,86.5,75.2,80.4,97.8,75.2,84.2,76.8,89.4,0.433,100,8.33,rain,0,0,15.2,9.0,222.0,1013.4,67.0,5.3,148.9,12.6,6,,2017-06-03T06:29:24,2017-06-03T19:00:22,0.29,"Rain, Partially cloudy",Partly cloudy throughout the day with rain.,rain,"65210099999,DNIB,65213099999,DNMM,65201099999,65100099999,65208099999"
"Abeokuta, Ogun, Nigeria",2017-06-04,82.4,69.8,77.1,87.8,69.8,77.8,74.1,90.8,2.48,100,4.17,rain,0,0,42.5,32.2,29.8,1013.5,65.4,5.2,207.4,17.9,7,,2017-06-04T06:29:30,2017-06-04T19:00:36,0.33,"Rain, Partially cloudy",Partly cloudy throughout the day with afternoon rain.,rain,"65210099999,DNIB,DNMM,remote,65201099999,65100099999,65208099999"
"Abeokuta, Ogun, Nigeria",2017-06-05,86.3,73.4,79.1,97.1,73.4,83.1,75.7,89.8,0.276,100,4.17,rain,0,0,14.3,10.8,260.2,1013.0,66.1,5.5,144.2,12.4,5,,2017-06-05T06:29:36,2017-06-05T19:00:51,0.36,"Rain, Partially cloudy",Partly cloudy throughout the day with late afternoon rain.,rain,"65210099999,DNIB,65213099999,DNMM,remote,65201099999,65100099999"
"Abeokuta, Ogun, Nigeria",2017-06-06,86.0,76.5,79.7,99.4,76.5,82.8,76.0,88.9,0.197,100,4.17,rain,0,0,20.8,8.8,246.0,1013.5,57.0,5.3,167.2,14.4,7,,2017-06-06T06:29:43,2017-06-06T19:01:06,0.4,"Rain, Partially cloudy",Partly cloudy throughout the day with late afternoon rain.,rain,"65210099999,DNIB,DNMM,65201099999,65100099999,65208099999"
"Abeokuta, Ogun, Nigeria",2017-06-07,89.6,75.3,80.8,105.2,75.3,85.7,76.4,87.3,0.008,100,4.17,rain,0,0,13.6,6.9,234.4,1013.6,60.7,5.5,192.5,16.6,7,,2017-06-07T06:29:51,2017-06-07T19:01:20,0.43,"Rain, Partially cloudy",Partly cloudy throughout the day with afternoon rain.,rain,"65210099999,65213099999,DNIB,DNMM,remote,65201099999,65100099999,65208099999"
"Abeokuta, Ogun, Nigeria",2017-06-08,90.9,76.0,82.5,108.8,76.0,89.1,77.0,84.4,0.079,100,4.17,rain,0,0,17.0,9.2,218.0,1011.8,56.8,5.3,201.5,17.5,7,,2017-06-08T06:29:59,2017-06-08T19:01:35,0.46,"Rain, Partially cloudy",Partly cloudy throughout the day with late afternoon rain.,rain,"65210099999,DNIB,DNMM,remote,65201099999,65100099999,65208099999"
"Abeokuta, Ogun, Nigeria",2017-06-09,90.6,77.4,82.6,104.9,77.4,90.9,78.0,86.5,0.012,100,8.33,rain,0,0,19.9,12.8,237.8,1010.7,65.5,6.2,181.7,15.7,7,,2017-06-09T06:30:07,2017-06-09T19:01:50,0.5,"Rain, Partially cloudy",Partly cloudy throughout the day with rain in the morning and afternoon.,rain,"65210099999,65213099999,DNMM,remote,65201099999,65208099999"
"Abeokuta, Ogun, Nigeria",2017-06-10,87.7,78.8,81.7,101.6,78.8,88.9,78.1,89.2,0.197,100,4.17,rain,0,0,16.6,13.9,240.0,1011.6,66.1,5.4,139.6,12.0,5,,2017-06-10T06:30:16,2017-06-10T19:02:05,0.53,"Rain, Partially cloudy",Partly cloudy throughout the day with afternoon rain.,rain,"DNIB,DNMM,remote,65201099999,65100099999,65208099999"
"Abeokuta, Ogun, Nigeria",2017-06-11,89.7,77.0,82.4,105.2,77.0,88.7,77.0,84.6,0.0,0,0.0,,0,0,19.5,12.4,261.5,1011.7,51.3,6.2,175.5,15.1,7,,2017-06-11T06:30:26,2017-06-11T19:02:19,0.57,Partially cloudy,Partly cloudy throughout the day.,partly-cloudy-day,"65210099999,DNMM,65201099999,65208099999"
"Abeokuta, Ogun, Nigeria",2017-06-12,80.6,73.4,76.6,87.1,73.4,77.1,74.3,92.7,1.929,100,4.17,rain,0,0,40.3,9.2,220.1,1011.9,82.5,4.6,61.3,5.5,2,,2017-06-12T06:30:36,2017-06-12T19:02:34,0.6,"Rain, Partially cloudy",Partly cloudy throughout the day with morning rain.,rain,"DNIB,DNMM,remote,65201099999,65100099999"
"Abeokuta, Ogun, Nigeria",2017-06-13,85.4,74.6,78.8,92.4,74.6,81.1,73.6,84.8,0.036,100,16.67,rain,0,0,22.1,7.8,220.3,1012.2,98.5,,163.8,14.1,7,,2017-06-13T06:30:46,2017-06-13T19:02:48,0.63,"Rain, Overcast",Cloudy skies throughout the day with rain in the morning and afternoon.,rain,remote
"Abeokuta, Ogun, Nigeria",2017-06-14,83.6,74.7,78.2,95.0,74.7,81.0,75.4,91.2,0.159,100,41.67,rain,0,0,18.3,14.6,229.6,1013.3,85.6,5.2,129.0,11.0,6,,2017-06-14T06:30:57,2017-06-14T19:03:03,0.67,"Rain, Partially cloudy",Partly cloudy throughout the day with a chance of rain throughout the day.,rain,"65210099999,DNIB,DNMM,remote,65201099999,65100099999,65208099999"
"Abeokuta, Ogun, Nigeria",2017-06-15,86.0,75.2,79.2,99.4,75.2,81.7,76.1,90.5,0.02,100,4.17,rain,0,0,21.0,10.3,225.7,1012.9,59.3,4.4,145.6,12.4,7,,2017-06-15T06:31:08,2017-06-15T19:03:17,0.7,"Rain, Partially cloudy",Partly cloudy throughout the day with afternoon rain.,rain,"65210099999,DNIB,DNMM,remote,65201099999,65100099999,65208099999"
"Abeokuta, Ogun, Nigeria",2017-06-16,86.8,71.6,80.1,97.2,71.6,84.2,75.1,85.6,0.492,100,4.17,rain,0,0,22.4,13.9,254.2,1013.1,64.3,5.8,194.3,16.7,7,,2017-06-16T06:31:19,2017-06-16T19:03:31,0.74,"Rain, Partially cloudy",Partly cloudy throughout the day with early morning rain.,rain,"65210099999,65213099999,DNIB,DNMM,remote,65201099999,65100099999,65208099999"
"Abeokuta, Ogun, Nigeria",2017-06-17,84.2,71.6,77.5,90.9,71.6,79.7,72.7,86.0,0.0,0,0.0,,0,0,17.4,12.8,208.8,1012.8,52.8,5.5,133.2,11.5,6,,2017-06-17T06:31:31,2017-06-17T19:03:45,0.75,Partially cloudy,Becoming cloudy in the afternoon.,partly-cloudy-day,"DNIB,DNMM,remote,65201099999,65100099999,65208099999"
"Abeokuta, Ogun, Nigeria",2017-06-18,84.2,74.7,79.3,92.5,74.7,82.4,74.9,87.0,0.004,100,4.17,rain,0,0,15.2,11.4,205.8,1011.7,62.0,5.5,127.3,11.0,5,,2017-06-18T06:31:43,2017-06-18T19:03:59,0.81,"Rain, Partially cloudy",Partly cloudy throughout the day with early morning rain.,rain,"DNIB,65213099999,DNMM,remote,65201099999,65100099999,65208099999"
"Abeokuta, Ogun, Nigeria",2017-06-19,87.8,73.3,79.9,99.9,73.3,83.5,75.3,86.6,0.0,0,0.0,,0,0,28.9,17.2,234.5,1012.1,73.1,5.4,170.0,14.6,6,,2017-06-19T06:31:56,2017-06-19T19:04:13,0.84,Partially cloudy,Partly cloudy throughout the day.,partly-cloudy-day,"65210099999,DNIB,DNMM,remote,65201099999,65100099999,65208099999"
"Abeokuta, Ogun, Nigeria",2017-06-20,81.6,74.2,77.3,88.3,74.2,78.6,74.6,91.6,1.142,100,8.33,rain,0,0,16.3,10.3,247.8,1013.9,60.8,5.0,107.9,9.3,6,,2017-06-20T06:32:08,2017-06-20T19:04:26,0.87,"Rain, Partially cloudy",Partly cloudy throughout the day with rain in the morning and afternoon.,rain,"DNIB,DNMM,remote,65201099999,65100099999,65208099999"
"Abeokuta, Ogun, Nigeria",2017-06-21,87.7,73.1,80.0,94.8,73.1,83.8,73.5,82.1,0.0,0,0.0,,0,0,12.3,4.7,304.9,1012.8,79.6,6.7,166.4,14.3,6,,2017-06-21T06:32:21,2017-06-21T19:04:39,0.91,Partially cloudy,Partly cloudy throughout the day.,partly-cloudy-day,"65210099999,DNMM,remote,65201099999"
"Abeokuta, Ogun, Nigeria",2017-06-22,87.8,76.4,82.0,101.0,76.4,88.1,76.9,85.2,3.897,100,8.33,rain,0,0,13.4,11.4,254.8,1012.6,61.5,6.1,186.9,16.2,6,,2017-06-22T06:32:34,2017-06-22T19:04:52,0.94,"Rain, Partially cloudy",Partly cloudy throughout the day with rain clearing later.,rain,"65210099999,DNIB,DNMM,remote,65201099999,65100099999"
"Abeokuta, Ogun, Nigeria",2017-06-23,86.0,78.2,80.6,96.3,78.2,84.5,76.7,88.1,0.079,100,4.17,rain,0,0,14.3,16.6,226.6,1012.4,58.0,5.9,126.5,11.0,4,,2017-06-23T06:32:48,2017-06-23T19:05:04,0.98,"Rain, Partially cloudy",Partly cloudy throughout the day with late afternoon rain.,rain,"65210099999,DNIB,DNMM,remote,65201099999,65100099999,65208099999"
"Abeokuta, Ogun, Nigeria",2017-06-24,86.0,74.6,80.0,95.2,74.6,83.0,74.9,85.4,0.394,100,4.17,rain,0,0,14.5,11.4,228.4,1012.3,67.2,5.7,64.0,5.3,2,,2017-06-24T06:33:01,2017-06-24T19:05:16,0.0,"Rain, Partially cloudy",Partly cloudy throughout the day with morning rain.,rain,"DNIB,DNMM,remote,65201099999,65100099999,65208099999"
"Abeokuta, Ogun, Nigeria",2017-06-25,86.0,75.9,79.8,97.5,75.9,82.5,75.9,88.4,0.63,100,8.33,rain,0,0,13.6,9.2,268.2,1013.3,64.4,5.6,181.0,15.4,6,,2017-06-25T06:33:15,2017-06-25T19:05:28,0.04,"Rain, Partially cloudy",Partly cloudy throughout the day with rain.,rain,"DNIB,DNMM,65201099999,65100099999,65208099999"
"Abeokuta, Ogun, Nigeria",2017-06-26,88.1,73.8,79.3,99.4,73.8,82.3,74.5,86.0,0.004,100,4.17,rain,0,0,16.6,13.9,4.1,1012.9,59.4,6.7,152.1,13.3,6,,2017-06-26T06:33:29,2017-06-26T19:05:39,0.08,"Rain, Partially cloudy",Partly cloudy throughout the day with morning rain.,rain,"65210099999,DNIB,DNMM,remote,65201099999,65100099999,65208099999"
"Abeokuta, Ogun, Nigeria",2017-06-27,86.3,75.2,80.7,97.2,75.2,85.0,75.6,85.0,0.0,0,0.0,,0,0,18.8,8.3,224.4,1013.5,65.0,5.9,181.5,15.8,6,,2017-06-27T06:33:43,2017-06-27T19:05:50,0.11,Partially cloudy,Partly cloudy throughout the day.,partly-cloudy-day,"65210099999,DNIB,DNMM,remote,65201099999,65100099999,65208099999"
"Abeokuta, Ogun, Nigeria",2017-06-28,86.0,76.5,80.2,97.2,76.5,83.3,76.0,87.4,0.866,100,4.17,rain,0,0,16.6,9.2,248.7,1014.4,56.6,5.6,175.4,15.0,6,,2017-06-28T06:33:57,2017-06-28T19:06:01,0.14,"Rain, Partially cloudy",Partly cloudy throughout the day with afternoon rain.,rain,"DNIB,DNMM,remote,65201099999,65100099999,65208099999"
"Abeokuta, Ogun, Nigeria",2017-06-29,85.0,75.2,79.4,94.2,75.2,81.3,75.9,89.6,0.433,100,8.33,rain,0,0,14.3,10.2,218.3,1014.4,66.5,5.5,116.2,10.2,4,,2017-06-29T06:34:11,2017-06-29T19:06:11,0.18,"Rain, Partially cloudy",Partly cloudy throughout the day with rain.,rain,"65210099999,65213099999,DNIB,DNMM,remote,65201099999,65100099999,65208099999"
"Abeokuta, Ogun, Nigeria",2017-06-30,86.0,75.2,79.5,97.2,75.2,82.6,75.2,87.1,0.0,0,0.0,,0,0,23.0,10.3,257.3,1015.3,61.6,5.6,201.1,17.2,7,,2017-06-30T06:34:25,2017-06-30T19:06:20,0.21,Partially cloudy,Partly cloudy throughout the day.,partly-cloudy-day,"DNIB,DNMM,65201099999,65100099999,65208099999"
"Abeokuta, Ogun, Nigeria",2017-07-01,82.4,75.2,78.5,90.4,75.2,80.2,75.4,90.5,0.788,100,8.33,rain,0,0,18.8,10.3,241.6,1014.1,71.3,5.3,154.6,13.1,6,,2017-07-01T06:34:39,2017-07-01T19:06:29,0.25,"Rain, Partially cloudy",Partly cloudy throughout the day with rain in the morning and afternoon.,rain,"65213099999,DNIB,DNMM,remote,65201099999,65100099999,65208099999"
"Abeokuta, Ogun, Nigeria",2017-07-02,86.5,76.0,80.3,97.2,76.0,84.4,75.5,85.8,0.0,0,0.0,,0,0,17.7,13.3,221.9,1014.2,77.8,5.9,139.6,11.9,5,,2017-07-02T06:34:53,2017-07-02T19:06:38,0.28,Partially cloudy,Partly cloudy throughout the day.,partly-cloudy-day,"65210099999,65213099999,DNIB,DNMM,remote,65201099999,65100099999"
"Abeokuta, Ogun, Nigeria",2017-07-03,84.2,75.2,79.5,93.4,75.2,82.4,75.2,87.1,0.228,100,8.33,rain,0,0,18.6,13.9,233.9,1014.4,68.0,5.6,181.9,15.7,7,,2017-07-03T06:35:07,2017-07-03T19:06:46,0.31,"Rain, Partially cloudy",Partly cloudy throughout the day with rain in the morning and afternoon.,rain,"DNIB,DNMM,remote,65201099999,65100099999,65208099999"
"Abeokuta, Ogun, Nigeria",2017-07-04,83.9,76.7,79.9,96.6,76.7,83.0,76.2,88.6,0.008,100,4.17,rain,0,0,20.1,13.9,251.1,1014.5,62.6,5.7,176.4,15.2,6,,2017-07-04T06:35:21,2017-07-04T19:06:53,0.34,"Rain, Partially cloudy",Partly cloudy throughout the day with morning rain.,rain,"65210099999,DNIB,DNMM,remote,65201099999,65100099999"
"Abeokuta, Ogun, Nigeria",2017-07-05,80.6,74.7,77.8,87.1,74.7,78.5,75.3,92.3,0.394,100,8.33,rain,0,0,16.1,15.0,251.9,1015.3,71.7,4.4,154.1,13.2,6,,2017-07-05T06:35:35,2017-07-05T19:07:00,0.38,"Rain, Partially cloudy",Partly cloudy throughout the day with rain in the morning and afternoon.,rain,"DNIB,DNMM,remote,65201099999,65100099999,65208099999"
"Abeokuta, Ogun, Nigeria",2017-07-06,77.0,73.4,75.3,77.0,73.4,75.3,74.2,96.4,2.598,100,12.5,rain,0,0,16.3,11.4,248.8,1015.7,68.6,5.0,104.3,9.1,4,,2017-07-06T06:35:48,2017-07-06T19:07:06,0.41,"Rain, Partially cloudy",Partly cloudy throughout the day with rain.,rain,"65213099999,DNIB,DNMM,remote,65201099999,65100099999,65208099999"
"Abeokuta, Ogun, Nigeria",2017-07-07,84.1,73.3,77.4,92.1,73.3,78.8,74.6,91.6,0.035,100,4.17,rain,0,0,16.1,8.3,249.1,1015.4,78.3,4.6,164.6,14.2,5,,2017-07-07T06:36:02,2017-07-07T19:07:12,0.44,"Rain, Partially cloudy",Partly cloudy throughout the day with afternoon rain.,rain,"DNIB,DNMM,remote,65201099999,65100099999,65208099999"
"Abeokuta, Ogun, Nigeria",2017-07-08,81.1,74.6,76.4,86.4,74.6,76.6,74.6,94.3,0.713,100,8.33,rain,0,0,16.8,11.1,240.5,1015.0,72.5,4.4,116.4,10.0,4,,2017-07-08T06:36:15,2017-07-08T19:07:17,0.48,"Rain, Partially cloudy",Partly cloudy throughout the day with rain in the morning and afternoon.,rain,"DNIB,DNMM,remote,65201099999,65100099999,65208099999"
"Abeokuta, Ogun, Nigeria",2017-07-09,80.6,73.4,76.7,87.1,73.4,77.4,74.4,92.8,0.591,100,8.33,rain,0,0,19.2,13.9,235.0,1015.6,70.2,4.9,157.9,13.6,5,,2017-07-09T06:36:29,2017-07-09T19:07:21,0.5,"Rain, Partially cloudy",Partly cloudy throughout the day with rain.,rain,"65210099999,65213099999,DNIB,DNMM,remote,65201099999,65100099999,65208099999"
"Abeokuta, Ogun, Nigeria",2017-07-10,84.5,72.4,78.2,89.9,72.4,79.9,72.2,82.7,0.016,100,8.33,rain,0,0,19.7,13.4,230.3,1015.6,71.3,5.7,206.6,17.9,7,,2017-07-10T06:36:42,2017-07-10T19:07:25,0.55,"Rain, Partially cloudy",Partly cloudy throughout the day with rain in the morning and afternoon.,rain,"DNIB,DNMM,remote,65201099999,65100099999,65208099999"
"Abeokuta, Ogun, Nigeria",2017-07-11,86.0,70.8,78.2,91.9,70.8,80.1,71.4,80.8,0.0,0,0.0,,0,0,14.3,11.2,240.6,1016.8,55.2,5.9,208.1,18.1,7,,2017-07-11T06:36:55,2017-07-11T19:07:28,0.58,Partially cloudy,Partly cloudy throughout the day.,partly-cloudy-day,"65210099999,DNIB,DNMM,remote,65201099999,65100099999,65208099999"
"Abeokuta, Ogun, Nigeria",2017-07-12,86.0,72.9,78.4,93.5,72.9,80.6,72.4,82.5,0.0,0,0.0,,0,0,14.5,9.2,249.6,1016.6,60.4,6.3,167.7,14.4,6,,2017-07-12T06:37:07,2017-07-12T19:07:31,0.62,Partially cloudy,Partly cloudy throughout the day.,partly-cloudy-day,"65210099999,65213099999,DNIB,DNMM,remote,65201099999,65100099999,65208099999"
"Abeokuta, Ogun, Nigeria",2017-07-13,84.2,74.2,78.1,90.9,74.2,79.9,73.1,85.1,0.165,100,8.33,rain,0,0,21.5,9.5,223.2,1015.5,75.0,6.4,161.0,13.9,7,,2017-07-13T06:37:20,2017-07-13T19:07:33,0.65,"Rain, Partially cloudy",Partly cloudy throughout the day with afternoon rain.,rain,"DNIB,65213099999,DNMM,remote,65201099999,65100099999,65208099999"
"Abeokuta, Ogun, Nigeria",2017-07-14,84.2,73.8,78.5,90.9,73.8,80.8,72.7,82.9,0.0,0,0.0,,0,0,17.7,11.4,239.5,1014.7,76.9,6.2,185.8,16.1,7,,2017-07-14T06:37:32,2017-07-14T19:07:34,0.69,Partially cloudy,Partly cloudy throughout the day.,partly-cloudy-day,"65210099999,DNIB,DNMM,remote,65201099999,65100099999,65208099999"
"Abeokuta, Ogun, Nigeria",2017-07-15,86.0,74.2,79.7,93.5,74.2,82.8,74.1,84.1,0.0,0,0.0,,0,0,16.8,12.8,265.6,1014.8,58.5,5.6,211.1,18.2,7,,2017-07-15T06:37:44,2017-07-15T19:07:34,0.72,Partially cloudy,Partly cloudy throughout the day.,partly-cloudy-day,"DNIB,DNMM,remote,65201099999,65100099999,65208099999"
"Abeokuta, Ogun, Nigeria",2017-07-16,84.8,75.6,79.5,92.5,75.6,82.1,74.5,85.1,0.225,100,33.33,rain,0,0,16.1,13.9,249.7,1014.5,76.5,5.7,160.2,14.0,7,,2017-07-16T06:37:55,2017-07-16T19:07:34,0.75,"Rain, Partially cloudy",Partly cloudy throughout the day with rain.,rain,"65210099999,DNMM,remote,65201099999"
"Abeokuta, Ogun, Nigeria",2017-07-17,79.8,77.0,78.2,79.8,77.0,78.2,75.4,91.2,0.315,100,8.33,rain,0,0,14.3,13.9,255.3,1014.3,63.1,4.9,121.4,10.5,5,,2017-07-17T06:38:06,2017-07-17T19:07:33,0.79,"Rain, Partially cloudy",Partly cloudy throughout the day with rain.,rain,"DNMM,remote,65201099999,65208099999"
"Abeokuta, Ogun, Nigeria",2017-07-18,81.0,74.7,77.2,87.4,74.7,77.7,74.7,91.9,0.197,100,8.33,rain,0,0,18.1,12.8,226.4,1015.2,62.7,4.8,172.1,15.0,7,,2017-07-18T06:38:17,2017-07-18T19:07:31,0.83,"Rain, Partially cloudy",Partly cloudy throughout the day with rain in the morning and afternoon.,rain,"65210099999,DNIB,DNMM,remote,65201099999,65100099999,65208099999"
"Abeokuta, Ogun, Nigeria",2017-07-19,83.6,75.3,78.7,91.7,75.3,80.9,74.3,86.9,0.198,100,41.67,rain,0,0,17.4,6.9,211.0,1015.5,88.1,5.0,180.7,15.5,7,,2017-07-19T06:38:28,2017-07-19T19:07:28,0.86,"Rain, Partially cloudy",Partly cloudy throughout the day with rain in the morning and afternoon.,rain,"DNMM,remote,65201099999"
"Abeokuta, Ogun, Nigeria",2017-07-20,87.0,75.1,79.7,96.9,75.1,82.9,73.7,82.7,0.068,100,33.33,rain,0,0,14.3,7.2,227.3,1014.2,75.6,,216.4,18.5,8,,2017-07-20T06:38:38,2017-07-20T19:07:25,0.9,"Rain, Partially cloudy",Partly cloudy throughout the day with rain.,rain,remote
"Abeokuta, Ogun, Nigeria",2017-07-21,86.3,75.5,79.0,93.3,75.5,80.9,73.6,84.0,0.107,100,25.0,rain,0,0,16.8,6.7,224.2,1013.0,79.3,,200.2,17.3,7,,2017-07-21T06:38:48,2017-07-21T19:07:21,0.93,"Rain, Partially cloudy",Partly cloudy throughout the day with rain.,rain,remote
"Abeokuta, Ogun, Nigeria",2017-07-22,80.0,74.7,76.2,80.0,74.7,76.2,74.2,93.5,1.804,100,91.67,rain,0,0,16.1,7.8,241.5,1012.9,99.3,,58.6,4.9,4,,2017-07-22T06:38:57,2017-07-22T19:07:16,0.97,"Rain, Overcast",Cloudy skies throughout the day with a chance of rain throughout the day.,rain,remote
"Abeokuta, Ogun, Nigeria",2017-07-23,82.4,74.0,77.4,89.5,74.0,78.7,74.4,90.7,0.906,100,8.33,rain,0,0,16.6,19.7,257.0,1015.3,84.9,5.0,103.3,8.9,4,,2017-07-23T06:39:06,2017-07-23T19:07:11,0.0,"Rain, Partially cloudy",Partly cloudy throughout the day with rain in the morning and afternoon.,rain,"65210099999,DNMM,remote,65201099999"
"Abeokuta, Ogun, Nigeria",2017-07-24,85.6,73.4,78.2,92.6,73.4,79.3,73.8,87.0,0.236,100,12.5,rain,0,0,21.5,12.8,238.6,1015.4,66.6,5.5,206.2,17.7,8,,2017-07-24T06:39:15,2017-07-24T19:07:04,0.03,"Rain, Partially cloudy",Partly cloudy throughout the day with rain.,rain,"65210099999,DNIB,DNMM,remote,65201099999,65100099999,65208099999"
"Abeokuta, Ogun, Nigeria",2017-07-25,80.5,74.5,77.2,85.7,74.5,77.4,73.4,88.2,0.196,100,8.33,rain,0,0,21.9,15.0,244.4,1015.6,85.2,5.1,138.9,12.0,5,,2017-07-25T06:39:23,2017-07-25T19:06:57,0.07,"Rain, Partially cloudy",Partly cloudy throughout the day with rain.,rain,"DNIB,DNMM,remote,65201099999,65100099999,65208099999"
"Abeokuta, Ogun, Nigeria",2017-07-26,83.4,75.1,77.7,89.8,75.1,79.2,73.6,87.5,0.052,100,12.5,rain,0,0,18.3,12.1,223.7,1014.3,67.5,5.2,189.2,16.3,6,,2017-07-26T06:39:31,2017-07-26T19:06:50,0.1,"Rain, Partially cloudy",Partly cloudy throughout the day with rain.,rain,"65210099999,DNIB,DNMM,remote,65201099999,65100099999,65208099999"
"Abeokuta, Ogun, Nigeria",2017-07-27,85.0,73.3,78.3,91.3,73.3,80.5,72.9,84.1,0.02,100,16.67,rain,0,0,11.9,6.9,226.6,1013.1,81.1,6.0,163.1,14.0,6,,2017-07-27T06:39:38,2017-07-27T19:06:41,0.13,"Rain, Partially cloudy",Partly cloudy throughout the day with rain in the morning and afternoon.,rain,"DNIB,DNMM,remote,65201099999,65100099999"
"Abeokuta, Ogun, Nigeria",2017-07-28,83.4,74.7,78.4,90.6,74.7,80.3,74.1,87.2,0.0,0,0.0,,0,0,19.5,12.8,236.8,1013.9,69.2,5.8,182.0,15.6,7,,2017-07-28T06:39:45,2017-07-28T19:06:32,0.16,Partially cloudy,Partly cloudy throughout the day.,partly-cloudy-day,"65210099999,DNIB,DNMM,remote,65201099999,65100099999,65208099999"
"Abeokuta, Ogun, Nigeria",2017-07-29,83.9,74.7,78.7,90.3,74.7,80.4,74.2,86.7,0.012,100,4.17,rain,0,0,19.0,13.9,241.9,1015.0,70.4,5.3,179.4,15.4,7,,2017-07-29T06:39:51,2017-07-29T19:06:22,0.2,"Rain, Partially cloudy",Partly cloudy throughout the day with afternoon rain.,rain,"DNIB,DNMM,remote,65201099999,65100099999"
"Abeokuta, Ogun, Nigeria",2017-07-30,84.2,74.7,78.4,92.5,74.7,80.3,73.3,84.8,0.004,100,4.17,rain,0,0,15.9,15.4,239.9,1014.4,78.6,5.9,179.7,15.5,7,,2017-07-30T06:39:57,2017-07-30T19:06:11,0.25,"Rain, Partially cloudy",Partly cloudy throughout the day with morning rain.,rain,"DNIB,DNMM,remote,65201099999,65100099999,65208099999"
"Abeokuta, Ogun, Nigeria",2017-07-31,83.2,74.7,78.6,89.5,74.7,80.6,73.6,85.0,0.012,100,4.17,rain,0,0,18.6,13.9,249.5,1014.5,66.6,6.0,167.9,14.4,8,,2017-07-31T06:40:03,2017-07-31T19:05:59,0.26,"Rain, Partially cloudy",Partly cloudy throughout the day with afternoon rain.,rain,"65210099999,DNIB,65213099999,DNMM,remote,65201099999,65100099999,65208099999"
"Abeokuta, Ogun, Nigeria",2017-08-01,82.4,73.7,76.9,88.3,73.7,77.6,73.1,88.4,0.177,100,4.17,rain,0,0,18.8,13.0,247.5,1014.9,79.2,4.9,138.4,12.0,5,,2017-08-01T06:40:08,2017-08-01T19:05:47,0.29,"Rain, Partially cloudy",Partly cloudy throughout the day with afternoon rain.,rain,"DNIB,DNMM,remote,65201099999,65100099999"
"Abeokuta, Ogun, Nigeria",2017-08-02,79.7,74.2,76.8,79.7,74.2,76.8,74.7,93.2,0.355,100,8.33,rain,0,0,15.7,13.4,242.4,1015.5,74.1,5.3,43.2,3.8,2,,2017-08-02T06:40:12,2017-08-02T19:05:34,0.33,"Rain, Partially cloudy",Partly cloudy throughout the day with rain.,rain,"65210099999,DNIB,DNMM,remote,65201099999,65100099999"
"Abeokuta, Ogun, Nigeria",2017-08-03,77.9,73.7,75.5,77.9,73.7,75.5,73.4,93.4,0.315,100,4.17,rain,0,0,17.7,15.0,260.1,1016.3,70.6,4.9,78.5,6.8,3,,2017-08-03T06:40:16,2017-08-03T19:05:20,0.36,"Rain, Partially cloudy",Partly cloudy throughout the day with afternoon rain.,rain,"65210099999,DNIB,65213099999,DNMM,remote,65201099999,65100099999,65208099999"
"Abeokuta, Ogun, Nigeria",2017-08-04,80.3,72.4,75.3,84.5,72.4,75.5,72.3,90.4,0.157,100,4.17,rain,0,0,16.3,10.9,246.5,1014.3,93.2,5.0,126.3,11.0,5,,2017-08-04T06:40:20,2017-08-04T19:05:05,0.39,"Rain, Overcast",Cloudy skies throughout the day with late afternoon rain.,rain,"65213099999,DNMM,remote,65201099999,65208099999"
"Abeokuta, Ogun, Nigeria",2017-08-05,82.7,71.7,75.5,90.0,71.7,76.1,72.9,91.9,0.276,100,4.17,rain,0,0,13.4,13.9,244.8,1014.1,91.4,4.9,95.4,8.1,5,,2017-08-05T06:40:23,2017-08-05T19:04:50,0.43,"Rain, Overcast",Cloudy skies throughout the day with morning rain.,rain,"65213099999,DNMM,remote,65201099999,65208099999"
"Abeokuta, Ogun, Nigeria",2017-08-06,82.4,75.2,77.6,89.5,75.2,79.0,73.7,88.4,0.0,0,0.0,,0,0,24.2,15.0,258.7,1015.3,82.6,5.6,146.0,12.8,6,,2017-08-06T06:40:26,2017-08-06T19:04:34,0.46,Partially cloudy,Partly cloudy throughout the day.,partly-cloudy-day,"65210099999,DNIB,DNMM,65201099999,65100099999"
"Abeokuta, Ogun, Nigeria",2017-08-07,82.5,72.9,77.1,87.4,72.9,78.2,72.2,85.4,0.008,100,8.33,rain,0,0,13.9,14.5,250.1,1015.2,72.1,5.8,86.5,7.6,3,,2017-08-07T06:40:28,2017-08-07T19:04:17,0.5,"Rain, Partially cloudy",Partly cloudy throughout the day with afternoon rain.,rain,"65210099999,DNIB,DNMM,remote,65201099999,65100099999,65208099999"
"Abeokuta, Ogun, Nigeria",2017-08-08,82.8,73.4,77.6,89.5,73.4,79.1,73.1,86.6,0.008,100,8.33,rain,0,0,20.1,11.4,229.4,1015.0,65.8,5.7,191.8,16.6,7,,2017-08-08T06:40:30,2017-08-08T19:04:00,0.53,"Rain, Partially cloudy",Partly cloudy throughout the day with rain in the morning and afternoon.,rain,"65210099999,DNIB,65213099999,DNMM,remote,65201099999,65100099999,65208099999"
"Abeokuta, Ogun, Nigeria",2017-08-09,82.3,74.0,77.1,87.4,74.0,77.8,73.6,89.3,0.075,100,12.5,rain,0,0,18.1,12.8,228.8,1015.5,71.1,5.8,192.1,16.6,7,,2017-08-09T06:40:31,2017-08-09T19:03:42,0.56,"Rain, Partially cloudy",Partly cloudy throughout the day with rain.,rain,"65210099999,DNIB,DNMM,remote,65201099999,65100099999,65208099999"
"Abeokuta, Ogun, Nigeria",2017-08-10,83.9,75.2,78.5,90.8,75.2,80.5,74.0,86.5,0.0,0,0.0,,0,0,13.2,12.8,244.1,1015.0,66.5,5.8,174.2,15.0,6,,2017-08-10T06:40:32,2017-08-10T19:03:23,0.6,Partially cloudy,Partly cloudy throughout the day.,partly-cloudy-day,"65210099999,DNIB,DNMM,remote,65201099999,65100099999,65208099999"
"Abeokuta, Ogun, Nigeria",2017-08-11,84.2,74.4,78.2,90.9,74.4,79.7,73.4,85.4,0.0,0,0.0,,0,0,15.7,12.2,253.5,1014.9,66.9,5.3,205.9,17.9,7,,2017-08-11T06:40:32,2017-08-11T19:03:03,0.63,Partially cloudy,Partly cloudy throughout the day.,partly-cloudy-day,"DNIB,DNMM,65201099999,65100099999,65208099999"
"Abeokuta, Ogun, Nigeria",2017-08-12,82.8,73.7,78.7,89.9,73.7,80.9,73.9,85.8,0.0,0,0.0,,0,0,21.9,16.1,266.7,1014.3,60.9,5.7,184.8,15.7,8,,2017-08-12T06:40:32,2017-08-12T19:02:43,0.67,Partially cloudy,Partly cloudy throughout the day.,partly-cloudy-day,"65210099999,DNMM,65201099999"
"Abeokuta, Ogun, Nigeria",2017-08-13,82.8,76.8,79.1,90.3,76.8,81.1,74.4,86.0,0.0,0,0.0,,0,0,17.4,15.0,242.6,1013.6,61.0,6.1,154.6,13.5,6,,2017-08-13T06:40:31,2017-08-13T19:02:22,0.7,Partially cloudy,Partly cloudy throughout the day.,partly-cloudy-day,"65210099999,65213099999,DNMM,65201099999"
"Abeokuta, Ogun, Nigeria",2017-08-14,82.5,75.5,78.2,89.8,75.5,79.7,74.4,88.1,0.334,100,20.83,rain,0,0,13.4,15.0,252.9,1012.8,80.6,5.9,101.0,8.7,5,,2017-08-14T06:40:30,2017-08-14T19:02:01,0.74,"Rain, Partially cloudy",Partly cloudy throughout the day with rain.,rain,"DNMM,remote,65201099999"
"Abeokuta, Ogun, Nigeria",2017-08-15,85.2,74.6,79.1,93.7,74.6,81.4,73.7,84.1,0.068,100,54.17,rain,0,0,18.6,17.2,225.3,1013.1,95.8,5.7,161.5,14.0,6,,2017-08-15T06:40:29,2017-08-15T19:01:39,0.75,"Rain, Overcast",Cloudy skies throughout the day with a chance of rain throughout the day.,rain,"65210099999,65213099999,remote,65201099999"
"Abeokuta, Ogun, Nigeria",2017-08-16,82.4,74.0,77.5,88.3,74.0,79.0,73.8,88.5,0.064,100,16.67,rain,0,0,14.5,13.9,250.1,1013.2,83.1,4.8,105.5,9.0,5,,2017-08-16T06:40:27,2017-08-16T19:01:16,0.81,"Rain, Partially cloudy",Partly cloudy throughout the day with rain.,rain,"65210099999,65213099999,DNMM,remote,65201099999"
"Abeokuta, Ogun, Nigeria",2017-08-17,78.8,72.9,76.3,78.8,72.9,76.3,73.2,90.5,0.669,100,4.17,rain,0,0,18.1,11.8,243.5,1012.1,74.5,5.1,91.2,7.8,4,,2017-08-17T06:40:25,2017-08-17T19:00:53,0.85,"Rain, Partially cloudy",Partly cloudy throughout the day with morning rain.,rain,"65210099999,DNMM,remote,65201099999"
"Abeokuta, Ogun, Nigeria",2017-08-18,82.5,74.7,77.9,88.3,74.7,79.3,73.2,86.0,0.0,0,0.0,,0,0,22.6,12.8,230.6,1012.1,82.6,5.7,145.2,12.6,5,,2017-08-18T06:40:22,2017-08-18T19:00:29,0.88,Partially cloudy,Partly cloudy throughout the day.,partly-cloudy-day,"65210099999,65213099999,DNMM,remote,65201099999"
"Abeokuta, Ogun, Nigeria",2017-08-19,84.3,72.4,77.7,89.3,72.4,79.1,71.8,82.8,0.016,100,16.67,rain,0,0,16.1,6.9,208.6,1013.0,70.8,5.6,172.0,15.0,6,,2017-08-19T06:40:19,2017-08-19T19:00:05,0.92,"Rain, Partially cloudy",Partly cloudy throughout the day with rain in the morning and afternoon.,rain,"DNMM,remote,65201099999"
"Abeokuta, Ogun, Nigeria",2017-08-20,84.3,71.5,76.8,93.5,71.5,78.3,71.9,85.4,0.0,0,0.0,,0,0,13.2,12.8,216.6,1014.1,66.6,5.7,136.7,11.6,5,,2017-08-20T06:40:15,2017-08-20T18:59:40,0.95,Partially cloudy,Partly cloudy throughout the day.,partly-cloudy-day,"65210099999,DNMM,remote,65201099999"
"Abeokuta, Ogun, Nigeria",2017-08-21,80.6,72.2,76.3,85.3,72.2,77.2,71.9,86.5,0.08,100,37.5,rain,0,0,16.8,16.1,247.7,1013.9,72.3,6.1,107.6,9.5,5,,2017-08-21T06:40:11,2017-08-21T18:59:15,0.0,"Rain, Partially cloudy",Partly cloudy throughout the day with a chance of rain throughout the day.,rain,"65210099999,DNMM,remote,65201099999"
"Abeokuta, Ogun, Nigeria",2017-08-22,84.2,73.3,77.4,89.6,73.3,78.5,71.8,83.6,0.0,0,0.0,,0,0,23.0,13.9,255.5,1014.3,58.8,5.9,184.8,15.9,7,,2017-08-22T06:40:07,2017-08-22T18:58:49,0.02,Partially cloudy,Partly cloudy throughout the day.,partly-cloudy-day,"65210099999,DNMM,remote,65201099999"
"Abeokuta, Ogun, Nigeria",2017-08-23,84.2,73.3,77.5,89.6,73.3,78.9,72.0,84.0,0.0,0,0.0,,0,0,14.8,9.2,233.9,1013.8,60.7,6.3,182.2,15.8,8,,2017-08-23T06:40:02,2017-08-23T18:58:22,0.05,Partially cloudy,Partly cloudy throughout the day.,partly-cloudy-day,"65210099999,65213099999,DNMM,remote,65201099999"
"Abeokuta, Ogun, Nigeria",2017-08-24,86.0,73.0,78.3,95.2,73.0,80.8,72.9,84.2,0.0,0,0.0,,0,0,11.9,9.2,237.9,1013.3,59.6,5.7,228.7,19.7,8,,2017-08-24T06:39:57,2017-08-24T18:57:55,0.09,Partially cloudy,Partly cloudy throughout the day.,partly-cloudy-day,"65210099999,DNMM,65201099999"
"Abeokuta, Ogun, Nigeria",2017-08-25,77.1,71.4,74.5,77.1,71.4,74.5,72.0,91.9,1.535,100,4.17,rain,0,0,17.2,12.8,256.3,1013.0,57.6,5.6,155.0,13.2,5,,2017-08-25T06:39:51,2017-08-25T18:57:28,0.12,"Rain, Partially cloudy",Partly cloudy throughout the day with afternoon rain.,rain,"65210099999,65213099999,DNMM,65201099999"
"Abeokuta, Ogun, Nigeria",2017-08-26,82.4,71.3,76.1,88.3,71.3,77.2,72.6,89.2,0.157,100,4.17,rain,0,0,15.7,11.4,260.8,1013.8,58.1,4.5,94.1,8.3,3,,2017-08-26T06:39:46,2017-08-26T18:57:00,0.15,"Rain, Partially cloudy",Partly cloudy throughout the day with late afternoon rain.,rain,"65210099999,DNMM,remote,65201099999"
"Abeokuta, Ogun, Nigeria",2017-08-27,80.6,73.4,77.0,86.2,73.4,77.9,73.3,88.7,0.04,100,16.67,rain,0,0,12.3,13.9,256.4,1014.6,65.0,5.5,138.4,12.0,5,,2017-08-27T06:39:40,2017-08-27T18:56:31,0.18,"Rain, Partially cloudy",Partly cloudy throughout the day with rain.,rain,"DNMM,remote,65201099999"
"Abeokuta, Ogun, Nigeria",2017-08-28,84.2,73.4,77.8,92.5,73.4,79.7,73.6,87.3,0.0,0,0.0,,0,0,12.1,15.0,266.7,1014.2,56.4,6.0,161.9,14.1,7,,2017-08-28T06:39:33,2017-08-28T18:56:03,0.22,Partially cloudy,Partly cloudy throughout the day.,partly-cloudy-day,"65210099999,DNMM,65201099999"
"Abeokuta, Ogun, Nigeria",2017-08-29,80.6,75.2,77.1,86.2,75.2,77.3,73.5,88.9,0.004,100,4.17,rain,0,0,16.6,15.0,252.9,1013.3,77.8,6.0,152.9,13.1,7,,2017-08-29T06:39:26,2017-08-29T18:55:33,0.25,"Rain, Partially cloudy",Partly cloudy throughout the day with late afternoon rain.,rain,"65210099999,DNMM,remote,65201099999"
"Abeokuta, Ogun, Nigeria",2017-08-30,82.4,74.9,77.2,88.3,74.9,78.1,73.3,87.9,0.118,100,4.17,rain,0,0,26.4,17.2,248.6,1014.2,69.6,5.9,122.7,10.5,5,,2017-08-30T06:39:19,2017-08-30T18:55:04,0.28,"Rain, Partially cloudy",Partly cloudy throughout the day with late afternoon rain.,rain,"65210099999,DNMM,remote,65201099999,65208099999"
"Abeokuta, Ogun, Nigeria",2017-08-31,82.7,73.8,77.1,88.3,73.8,78.3,72.7,86.7,0.024,100,8.33,rain,0,0,20.4,16.1,249.2,1014.4,74.6,6.1,178.3,15.3,7,,2017-08-31T06:39:12,2017-08-31T18:54:34,0.31,"Rain, Partially cloudy",Partly cloudy throughout the day with afternoon rain.,rain,"DNIB,DNMM,remote,65201099999,65100099999,65208099999"
"Abeokuta, Ogun, Nigeria",2017-09-01,86.0,73.4,78.2,95.2,73.4,80.2,72.9,84.4,0.0,0,0.0,,0,0,16.3,16.1,269.5,1015.5,56.4,5.7,213.4,18.5,8,,2017-09-01T06:39:04,2017-09-01T18:54:04,0.34,Partially cloudy,Partly cloudy throughout the day.,partly-cloudy-day,"DNIB,DNMM,65201099999,65100099999,65208099999"
"Abeokuta, Ogun, Nigeria",2017-09-02,84.5,73.4,78.1,91.4,73.4,80.0,73.0,85.1,0.0,0,0.0,,0,0,16.3,12.8,260.9,1015.2,59.3,5.9,223.8,19.2,9,,2017-09-02T06:38:57,2017-09-02T18:53:33,0.38,Partially cloudy,Partly cloudy throughout the day.,partly-cloudy-day,"DNIB,DNMM,65201099999,65100099999,65208099999"
"Abeokuta, Ogun, Nigeria",2017-09-03,82.5,75.2,77.8,89.5,75.2,79.3,73.5,87.2,0.0,0,0.0,,0,0,23.0,11.4,251.6,1015.0,58.3,6.1,188.9,16.2,6,,2017-09-03T06:38:49,2017-09-03T18:53:02,0.41,Partially cloudy,Partly cloudy throughout the day.,partly-cloudy-day,"DNMM,65201099999"
"Abeokuta, Ogun, Nigeria",2017-09-04,84.2,75.2,78.2,90.9,75.2,79.5,73.1,84.6,0.0,0,0.0,,0,0,16.3,13.9,256.8,1014.8,63.5,6.3,99.1,8.7,4,,2017-09-04T06:38:40,2017-09-04T18:52:31,0.44,Partially cloudy,Partly cloudy throughout the day.,partly-cloudy-day,"65210099999,DNIB,DNMM,65201099999,65100099999,65208099999"
"Abeokuta, Ogun, Nigeria",2017-09-05,86.0,73.4,78.2,95.2,73.4,80.7,73.4,85.6,0.0,0,0.0,,0,0,12.8,12.8,257.3,1015.0,57.8,5.9,195.3,16.9,7,,2017-09-05T06:38:32,2017-09-05T18:51:59,0.47,Partially cloudy,Partly cloudy throughout the day.,partly-cloudy-day,"65210099999,DNIB,DNMM,remote,65201099999,65100099999,65208099999"
"Abeokuta, Ogun, Nigeria",2017-09-06,84.3,74.4,78.5,91.4,74.4,80.4,73.5,85.3,0.0,0,0.0,,0,0,19.0,17.2,261.3,1014.0,65.2,5.9,162.8,14.2,7,,2017-09-06T06:38:23,2017-09-06T18:51:28,0.5,Partially cloudy,Partly cloudy throughout the day.,partly-cloudy-day,"65210099999,65213099999,DNMM,remote,65201099999,65208099999"
"Abeokuta, Ogun, Nigeria",2017-09-07,78.8,73.4,75.8,78.8,73.4,75.8,73.2,92.0,0.433,100,8.33,rain,0,0,18.8,12.8,265.6,1013.5,69.0,4.6,91.1,7.9,4,,2017-09-07T06:38:14,2017-09-07T18:50:56,0.54,"Rain, Partially cloudy",Partly cloudy throughout the day with rain.,rain,"65210099999,DNMM,remote,65201099999"
"Abeokuta, Ogun, Nigeria",2017-09-08,80.6,72.9,76.1,86.2,72.9,76.4,73.6,92.1,0.984,100,8.33,rain,0,0,12.8,12.8,261.6,1013.8,81.4,4.9,158.0,13.6,7,,2017-09-08T06:38:05,2017-09-08T18:50:24,0.58,"Rain, Partially cloudy",Partly cloudy throughout the day with rain in the morning and afternoon.,rain,"DNMM,remote,65201099999"
"Abeokuta, Ogun, Nigeria",2017-09-09,84.2,75.2,78.9,94.2,75.2,82.0,74.9,88.1,0.0,0,0.0,,0,0,12.8,11.4,258.9,1013.8,58.0,5.8,150.5,13.1,5,,2017-09-09T06:37:56,2017-09-09T18:49:51,0.61,Partially cloudy,Partly cloudy throughout the day.,partly-cloudy-day,"65213099999,DNMM,65201099999"
"Abeokuta, Ogun, Nigeria",2017-09-10,86.0,74.4,79.1,95.2,74.4,81.9,74.0,84.8,0.0,0,0.0,,0,0,17.4,13.9,257.6,1013.0,52.2,5.8,195.5,17.0,7,,2017-09-10T06:37:47,2017-09-10T18:49:19,0.65,Partially cloudy,Partly cloudy throughout the day.,partly-cloudy-day,"DNMM,remote,65201099999"
"Abeokuta, Ogun, Nigeria",2017-09-11,80.6,69.8,75.9,85.3,69.8,76.7,72.6,89.8,1.142,100,4.17,rain,0,0,17.2,13.9,234.7,1013.0,82.2,5.2,132.0,11.5,5,,2017-09-11T06:37:37,2017-09-11T18:48:46,0.69,"Rain, Partially cloudy",Partly cloudy throughout the day with afternoon rain.,rain,"65210099999,DNMM,remote,65201099999"
"Abeokuta, Ogun, Nigeria",2017-09-12,82.4,74.8,77.6,88.3,74.8,78.7,74.1,89.4,0.0,0,0.0,,0,0,18.1,13.9,268.1,1013.8,61.1,6.0,161.2,13.9,7,,2017-09-12T06:37:28,2017-09-12T18:48:13,0.72,Partially cloudy,Partly cloudy throughout the day.,partly-cloudy-day,"65210099999,65213099999,DNMM,65201099999"
"Abeokuta, Ogun, Nigeria",2017-09-13,79.2,75.2,77.1,79.2,75.2,77.1,74.5,91.8,0.0,0,0.0,,0,0,16.1,13.9,265.4,1014.9,55.8,5.5,165.0,14.2,6,,2017-09-13T06:37:18,2017-09-13T18:47:40,0.75,Partially cloudy,Partly cloudy throughout the day.,partly-cloudy-day,"DNMM,65201099999"
"Abeokuta, Ogun, Nigeria",2017-09-14,86.1,73.4,79.1,95.6,73.4,81.8,74.6,86.6,0.0,0,0.0,,0,0,15.2,15.0,264.5,1014.0,65.0,5.7,179.1,15.4,6,,2017-09-14T06:37:09,2017-09-14T18:47:07,0.79,Partially cloudy,Partly cloudy throughout the day.,partly-cloudy-day,"65210099999,DNMM,65201099999"
"Abeokuta, Ogun, Nigeria",2017-09-15,85.2,76.6,79.7,92.4,76.6,82.0,74.2,84.1,0.036,100,16.67,rain,0,0,21.9,16.1,256.5,1013.3,67.2,5.6,190.9,16.7,8,,2017-09-15T06:36:59,2017-09-15T18:46:34,0.83,"Rain, Partially cloudy",Partly cloudy throughout the day with rain in the morning and afternoon.,rain,"65210099999,DNIB,DNMM,remote,65201099999,65100099999"
"Abeokuta, Ogun, Nigeria",2017-09-16,86.0,75.8,79.1,95.2,75.8,81.3,74.3,85.6,0.079,100,4.17,rain,0,0,25.3,15.0,259.7,1013.7,68.4,6.1,146.6,12.7,7,,2017-09-16T06:36:49,2017-09-16T18:46:01,0.86,"Rain, Partially cloudy",Partly cloudy throughout the day with morning rain.,rain,"65210099999,DNIB,DNMM,remote,65201099999,65100099999,65208099999"
"Abeokuta, Ogun, Nigeria",2017-09-17,86.0,74.8,79.4,93.5,74.8,82.2,73.9,84.0,0.0,0,0.0,,0,0,16.8,12.8,253.3,1015.4,59.8,6.2,221.0,19.1,8,,2017-09-17T06:36:40,2017-09-17T18:45:28,0.9,Partially cloudy,Partly cloudy throughout the day.,partly-cloudy-day,"65210099999,DNMM,remote,65201099999,65208099999"
"Abeokuta, Ogun, Nigeria",2017-09-18,87.7,74.0,79.6,96.9,74.0,82.5,74.0,83.7,0.04,100,12.5,rain,0,0,15.9,11.4,265.9,1014.5,56.4,6.1,204.6,17.8,7,,2017-09-18T06:36:30,2017-09-18T18:44:55,0.94,"Rain, Partially cloudy",Partly cloudy throughout the day with rain in the morning and afternoon.,rain,"DNMM,remote,65201099999"
"Abeokuta, Ogun, Nigeria",2017-09-19,86.0,76.0,79.8,95.2,76.0,82.8,74.8,85.4,0.024,100,12.5,rain,0,0,15.2,15.0,245.9,1013.4,72.5,6.2,172.9,15.0,7,,2017-09-19T06:36:20,2017-09-19T18:44:22,0.97,"Rain, Partially cloudy",Partly cloudy throughout the day with rain.,rain,"65210099999,DNMM,remote,65201099999,65208099999"
"Abeokuta, Ogun, Nigeria",2017-09-20,85.2,75.1,79.5,93.1,75.1,82.7,73.6,82.7,0.068,100,37.5,rain,0,0,16.3,6.7,202.2,1012.0,73.0,,179.5,15.8,7,,2017-09-20T06:36:11,2017-09-20T18:43:49,0.0,"Rain, Partially cloudy",Partly cloudy throughout the day with rain in the morning and afternoon.,rain,remote
"Abeokuta, Ogun, Nigeria",2017-09-21,86.8,74.9,78.9,94.8,74.9,80.9,73.4,84.0,0.162,100,37.5,rain,0,0,16.8,9.2,221.7,1012.1,83.6,6.2,175.5,15.2,7,,2017-09-21T06:36:01,2017-09-21T18:43:16,0.04,"Rain, Partially cloudy",Partly cloudy throughout the day with rain.,rain,"DNMM,remote,65201099999"
"Abeokuta, Ogun, Nigeria",2017-09-22,86.0,74.9,80.1,93.5,74.9,82.7,73.2,80.2,0.012,100,8.33,rain,0,0,19.9,13.9,250.6,1013.5,66.7,6.1,119.4,10.2,5,,2017-09-22T06:35:52,2017-09-22T18:42:43,0.07,"Rain, Partially cloudy",Partly cloudy throughout the day with morning rain.,rain,"65213099999,DNMM,remote,65201099999"
"Abeokuta, Ogun, Nigeria",2017-09-23,87.8,75.0,80.4,95.5,75.0,83.3,73.8,81.1,0.0,0,0.0,,0,0,13.0,13.9,247.5,1014.8,56.6,6.1,216.8,18.7,8,,2017-09-23T06:35:42,2017-09-23T18:42:10,0.1,Partially cloudy,Partly cloudy throughout the day.,partly-cloudy-day,"65210099999,DNMM,remote,65201099999"
"Abeokuta, Ogun, Nigeria",2017-09-24,84.2,71.2,77.5,90.4,71.2,78.6,73.3,87.5,1.929,100,8.33,rain,0,0,15.2,17.2,261.3,1014.5,52.4,5.7,159.3,13.7,7,,2017-09-24T06:35:33,2017-09-24T18:41:38,0.14,"Rain, Partially cloudy",Partly cloudy throughout the day with rain in the morning and afternoon.,rain,"65210099999,DNMM,65201099999"
"Abeokuta, Ogun, Nigeria",2017-09-25,87.8,73.7,80.1,97.8,73.7,83.6,75.2,85.7,0.0,0,0.0,,0,0,18.6,15.0,262.4,1013.1,60.3,5.6,184.5,15.8,8,,2017-09-25T06:35:24,2017-09-25T18:41:05,0.17,Partially cloudy,Partly cloudy throughout the day.,partly-cloudy-day,"DNMM,remote,65201099999"
"Abeokuta, Ogun, Nigeria",2017-09-26,77.1,72.7,75.3,77.1,72.7,75.3,73.8,95.1,0.157,100,4.17,rain,0,0,19.5,17.2,259.7,1012.1,52.6,4.1,167.8,14.4,7,,2017-09-26T06:35:15,2017-09-26T18:40:33,0.2,"Rain, Partially cloudy",Partly cloudy throughout the day with afternoon rain.,rain,"65210099999,DNMM,65201099999"
"Abeokuta, Ogun, Nigeria",2017-09-27,87.8,71.6,79.4,97.8,71.6,82.7,73.4,83.3,0.0,0,0.0,,0,0,16.8,15.0,268.9,1012.4,43.7,5.0,201.9,17.4,7,,2017-09-27T06:35:06,2017-09-27T18:40:01,0.23,Partially cloudy,Partly cloudy throughout the day.,partly-cloudy-day,"65210099999,65213099999,DNMM,remote,65201099999"
"Abeokuta, Ogun, Nigeria",2017-09-28,84.2,71.6,77.8,90.9,71.6,79.1,74.1,88.9,0.0,0,0.0,,0,0,14.8,12.8,264.9,1013.5,51.5,5.7,186.3,16.3,7,,2017-09-28T06:34:58,2017-09-28T18:39:29,0.25,Partially cloudy,Partly cloudy throughout the day.,partly-cloudy-day,"65210099999,DNMM,remote,65201099999"
"Abeokuta, Ogun, Nigeria",2017-09-29,84.2,75.6,79.1,92.5,75.6,81.9,75.3,88.5,0.039,100,4.17,rain,0,0,15.4,85.2,246.3,1013.2,63.6,5.4,114.0,9.8,5,,2017-09-29T06:34:49,2017-09-29T18:38:57,0.3,"Rain, Partially cloudy",Partly cloudy throughout the day with afternoon rain.,rain,"DNMM,remote,65201099999"
"Abeokuta, Ogun, Nigeria",2017-09-30,89.6,71.6,79.9,98.2,71.6,82.7,73.5,82.2,0.236,100,4.17,rain,0,0,13.2,17.2,226.1,1012.2,59.2,5.4,180.6,15.5,6,,2017-09-30T06:34:41,2017-09-30T18:38:25,0.33,"Rain, Partially cloudy",Partly cloudy throughout the day with afternoon rain.,rain,"DNIB,DNMM,remote,65201099999,65100099999,65208099999"
"Abeokuta, Ogun, Nigeria",2017-10-01,132.7,75.2,83.9,132.7,75.2,88.2,75.3,79.4,0.031,100,4.17,rain,0,0,18.6,16.1,254.6,1012.2,51.6,5.6,190.4,16.6,7,,2017-10-01T06:34:33,2017-10-01T18:37:54,0.36,"Rain, Partially cloudy",Partly cloudy throughout the day with early morning rain.,rain,"DNMM,65201099999"
"Abeokuta, Ogun, Nigeria",2017-10-02,84.2,74.9,78.9,93.8,74.9,80.7,74.1,85.5,0.197,100,4.17,rain,0,0,17.0,11.4,258.0,1011.8,55.5,6.0,234.0,20.1,8,,2017-10-02T06:34:26,2017-10-02T18:37:23,0.39,"Rain, Partially cloudy",Partly cloudy throughout the day with afternoon rain.,rain,"DNMM,remote,65201099999,65208099999"
"Abeokuta, Ogun, Nigeria",2017-10-03,88.0,71.6,79.3,99.9,71.6,83.1,73.9,84.6,0.0,0,0.0,,0,0,14.5,15.0,269.1,1011.1,43.5,5.6,165.0,14.3,7,,2017-10-03T06:34:19,2017-10-03T18:36:53,0.43,Partially cloudy,Partly cloudy throughout the day.,partly-cloudy-day,"65210099999,DNMM,remote,65201099999,65208099999"
"Abeokuta, Ogun, Nigeria",2017-10-04,86.3,73.0,79.5,97.4,73.0,83.4,75.2,87.1,0.984,100,4.17,rain,0,0,27.7,16.1,263.4,1012.3,61.0,5.6,143.2,12.2,6,,2017-10-04T06:34:12,2017-10-04T18:36:23,0.46,"Rain, Partially cloudy",Partly cloudy throughout the day with morning rain.,rain,"DNMM,remote,65201099999"
"Abeokuta, Ogun, Nigeria",2017-10-05,86.0,75.2,79.3,97.2,75.2,82.4,75.0,87.2,0.039,100,4.17,rain,0,0,14.1,16.1,249.4,1012.2,64.5,5.4,117.2,9.9,4,,2017-10-05T06:34:05,2017-10-05T18:35:53,0.5,"Rain, Partially cloudy",Partly cloudy throughout the day with late afternoon rain.,rain,"65210099999,DNMM,remote,65201099999,65208099999"
"Abeokuta, Ogun, Nigeria",2017-10-06,88.1,74.9,80.4,100.2,74.9,84.8,75.3,85.4,0.004,100,4.17,rain,0,0,17.0,16.1,260.0,1011.7,60.7,5.4,212.3,18.4,8,,2017-10-06T06:33:59,2017-10-06T18:35:24,0.52,"Rain, Partially cloudy",Partly cloudy throughout the day with afternoon rain.,rain,"DNIB,DNMM,remote,65201099999,65100099999,65208099999"
"Abeokuta, Ogun, Nigeria",2017-10-07,86.0,75.2,78.4,97.2,75.2,80.0,75.2,90.4,1.063,100,4.17,rain,0,0,16.1,13.9,265.4,1011.7,68.4,5.1,127.5,10.7,5,,2017-10-07T06:33:53,2017-10-07T18:34:55,0.56,"Rain, Partially cloudy",Partly cloudy throughout the day with late afternoon rain.,rain,"65210099999,DNMM,remote,65201099999"
"Abeokuta, Ogun, Nigeria",2017-10-08,82.4,74.6,78.4,90.9,74.6,80.6,74.9,89.3,0.0,0,0.0,,0,0,13.6,11.4,269.3,1012.5,66.8,5.5,116.9,10.0,4,,2017-10-08T06:33:47,2017-10-08T18:34:26,0.6,Partially cloudy,Partly cloudy throughout the day.,partly-cloudy-day,"DNMM,remote,65201099999"
"Abeokuta, Ogun, Nigeria",2017-10-09,89.6,76.8,81.5,102.6,76.8,86.6,76.2,84.9,0.0,0,0.0,,0,0,12.1,15.0,256.3,1011.9,53.9,5.8,193.9,16.8,6,,2017-10-09T06:33:42,2017-10-09T18:33:58,0.63,Partially cloudy,Partly cloudy throughout the day.,partly-cloudy-day,"DNMM,remote,65201099999"
"Abeokuta, Ogun, Nigeria",2017-10-10,87.8,71.4,79.7,99.9,71.4,83.8,75.2,87.0,1.378,100,4.17,rain,0,0,17.7,16.1,263.2,1011.8,64.2,5.1,184.8,15.9,6,,2017-10-10T06:33:37,2017-10-10T18:33:30,0.67,"Rain, Partially cloudy",Partly cloudy throughout the day with late afternoon rain.,rain,"DNMM,65201099999"
"Abeokuta, Ogun, Nigeria",2017-10-11,86.1,71.6,78.6,96.9,71.6,82.0,74.4,87.7,0.0,0,0.0,,0,0,18.1,15.0,258.2,1012.8,55.7,5.2,163.0,14.1,7,,2017-10-11T06:33:33,2017-10-11T18:33:03,0.7,Partially cloudy,Partly cloudy throughout the day.,partly-cloudy-day,"65210099999,DNMM,65201099999"
"Abeokuta, Ogun, Nigeria",2017-10-12,82.4,71.6,76.8,90.9,71.6,77.7,74.4,92.6,0.669,100,4.17,rain,0,0,15.9,12.8,256.4,1013.4,58.3,5.4,149.9,13.0,6,,2017-10-12T06:33:29,2017-10-12T18:32:37,0.75,"Rain, Partially cloudy",Partly cloudy throughout the day with late afternoon rain.,rain,"DNMM,remote,65201099999"
"Abeokuta, Ogun, Nigeria",2017-10-13,87.9,74.6,79.7,102.3,74.6,83.8,75.2,86.6,0.0,0,0.0,,0,0,17.7,11.4,269.8,1012.6,65.4,5.4,171.5,14.7,6,,2017-10-13T06:33:25,2017-10-13T18:32:11,0.77,Partially cloudy,Partly cloudy throughout the day.,partly-cloudy-day,"DNMM,remote,65201099999"
"Abeokuta, Ogun, Nigeria",2017-10-14,89.6,75.2,81.1,100.3,75.2,85.0,75.0,82.8,0.0,0,0.0,,0,0,16.6,13.9,242.8,1012.7,58.6,5.1,194.7,16.6,7,,2017-10-14T06:33:23,2017-10-14T18:31:45,0.81,Partially cloudy,Partly cloudy throughout the day.,partly-cloudy-day,"DNMM,remote,65201099999"
"Abeokuta, Ogun, Nigeria",2017-10-15,87.9,75.3,81.3,100.4,75.3,86.5,75.9,84.4,0.0,0,0.0,,0,0,15.2,13.9,248.5,1012.9,59.4,5.6,214.8,18.6,8,,2017-10-15T06:33:20,2017-10-15T18:31:21,0.85,Partially cloudy,Partly cloudy throughout the day.,partly-cloudy-day,"65210099999,65213099999,DNMM,remote,65201099999"
"Abeokuta, Ogun, Nigeria",2017-10-16,87.8,76.6,81.1,99.9,76.6,85.8,76.6,86.9,0.004,100,4.17,rain,0,0,16.3,12.8,267.0,1014.0,60.9,6.1,193.7,16.6,7,,2017-10-16T06:33:18,2017-10-16T18:30:56,0.88,"Rain, Partially cloudy",Partly cloudy throughout the day with afternoon rain.,rain,"DNMM,remote,65201099999"
"Abeokuta, Ogun, Nigeria",2017-10-17,89.9,77.0,82.0,105.2,77.0,88.6,77.3,86.5,0.079,100,4.17,rain,0,0,16.3,15.0,267.1,1014.2,58.1,5.4,200.3,17.3,8,,2017-10-17T06:33:17,2017-10-17T18:30:33,0.92,"Rain, Partially cloudy",Partly cloudy throughout the day with late afternoon rain.,rain,"65210099999,DNMM,65201099999"
"Abeokuta, Ogun, Nigeria",2017-10-18,82.4,77.0,80.0,91.2,77.0,83.8,77.1,90.8,0.0,0,0.0,,0,0,17.2,11.4,254.0,1014.1,64.8,4.9,172.6,14.9,6,,2017-10-18T06:33:16,2017-10-18T18:30:10,0.95,Partially cloudy,Partly cloudy throughout the day.,partly-cloudy-day,"DNMM,remote,65201099999,65208099999"
"Abeokuta, Ogun, Nigeria",2017-10-19,86.0,75.2,80.2,97.2,75.2,84.4,75.4,86.1,0.0,0,0.0,,0,0,14.8,10.3,269.1,1013.8,56.9,4.2,215.8,18.6,8,,2017-10-19T06:33:16,2017-10-19T18:29:48,0.0,Partially cloudy,Partly cloudy throughout the day.,partly-cloudy-day,"65210099999,DNMM,65201099999"
"Abeokuta, Ogun, Nigeria",2017-10-20,87.9,76.8,81.9,97.8,76.8,87.3,76.1,83.5,0.008,100,4.17,rain,0,0,16.1,12.8,260.2,1013.3,65.8,4.8,205.1,17.8,8,,2017-10-20T06:33:16,2017-10-20T18:29:26,0.02,"Rain, Partially cloudy",Partly cloudy throughout the day with morning rain.,rain,"DNMM,remote,65201099999,65208099999"
"Abeokuta, Ogun, Nigeria",2017-10-21,89.6,75.2,82.2,102.6,75.2,88.2,76.4,83.4,0.02,100,4.17,rain,0,0,15.0,13.9,257.8,1013.6,58.8,4.9,176.4,15.1,7,,2017-10-21T06:33:17,2017-10-21T18:29:05,0.05,"Rain, Partially cloudy",Partly cloudy throughout the day with afternoon rain.,rain,"65210099999,DNMM,remote,65201099999,65208099999"
"Abeokuta, Ogun, Nigeria",2017-10-22,87.4,75.2,81.1,97.4,75.2,86.2,76.6,86.6,0.433,100,4.17,rain,0,0,19.0,16.1,266.8,1013.5,57.2,5.7,165.5,14.3,5,,2017-10-22T06:33:19,2017-10-22T18:28:45,0.09,"Rain, Partially cloudy",Partly cloudy throughout the day with late afternoon rain.,rain,"65210099999,65213099999,DNMM,65201099999,65208099999"
"Abeokuta, Ogun, Nigeria",2017-10-23,87.9,76.9,81.3,101.6,76.9,86.1,76.9,87.0,0.197,100,4.17,rain,0,0,15.0,17.2,255.1,1012.5,63.4,5.5,177.9,15.2,8,,2017-10-23T06:33:21,2017-10-23T18:28:26,0.12,"Rain, Partially cloudy",Partly cloudy throughout the day with late afternoon rain.,rain,"DNMM,remote,65201099999,65208099999"
"Abeokuta, Ogun, Nigeria",2017-10-24,89.6,75.7,81.8,102.6,75.7,87.7,76.3,84.5,0.0,0,0.0,,0,0,15.7,11.4,263.5,1011.7,58.9,5.4,217.5,18.7,8,,2017-10-24T06:33:24,2017-10-24T18:28:08,0.15,Partially cloudy,Partly cloudy throughout the day.,partly-cloudy-day,"DNMM,remote,65201099999,65208099999"
"Abeokuta, Ogun, Nigeria",2017-10-25,92.4,77.0,82.9,104.0,77.0,88.8,76.4,82.1,0.0,0,0.0,,0,0,18.3,13.9,234.3,1011.8,53.6,5.3,184.1,15.9,7,,2017-10-25T06:33:27,2017-10-25T18:27:50,0.18,Partially cloudy,Partly cloudy throughout the day.,partly-cloudy-day,"DNIB,DNMM,remote,65201099999,65100099999,65208099999"
"Abeokuta, Ogun, Nigeria",2017-10-26,91.4,77.3,83.2,103.0,77.3,90.5,76.9,82.3,0.0,0,0.0,,0,0,17.9,17.2,245.6,1012.0,54.9,6.0,175.7,15.3,7,,2017-10-26T06:33:31,2017-10-26T18:27:33,0.22,Partially cloudy,Partly cloudy throughout the day.,partly-cloudy-day,"65210099999,DNIB,DNMM,65201099999,65100099999,65208099999"
"Abeokuta, Ogun, Nigeria",2017-10-27,88.6,75.2,79.6,101.7,75.2,84.3,76.8,91.6,1.26,100,8.33,rain,0,0,28.9,11.4,250.9,1011.7,55.1,5.3,172.4,14.8,7,,2017-10-27T06:33:36,2017-10-27T18:27:17,0.25,"Rain, Partially cloudy",Partly cloudy throughout the day with rain.,rain,"DNIB,DNMM,65201099999,65100099999,65208099999"
"Abeokuta, Ogun, Nigeria",2017-10-28,89.3,77.0,81.1,98.2,77.0,85.1,76.3,86.1,0.004,100,4.17,rain,0,0,18.8,12.8,254.3,1011.1,61.2,5.4,197.9,17.0,8,,2017-10-28T06:33:41,2017-10-28T18:27:01,0.28,"Rain, Partially cloudy",Partly cloudy throughout the day with afternoon rain.,rain,"65210099999,DNMM,remote,65201099999,65208099999"
"Abeokuta, Ogun, Nigeria",2017-10-29,89.9,75.2,81.9,102.7,75.2,87.9,76.0,83.5,0.0,0,0.0,,0,0,13.0,11.4,261.1,1011.2,52.8,4.6,218.8,18.9,8,,2017-10-29T06:33:47,2017-10-29T18:26:47,0.31,Partially cloudy,Partly cloudy throughout the day.,partly-cloudy-day,"65210099999,DNIB,DNMM,65201099999,65100099999,65208099999"
"Abeokuta, Ogun, Nigeria",2017-10-30,91.5,76.0,83.1,107.8,76.0,90.2,77.2,83.4,0.0,0,0.0,,0,0,16.3,15.0,250.7,1010.6,59.5,5.2,229.1,19.9,9,,2017-10-30T06:33:54,2017-10-30T18:26:34,0.35,Partially cloudy,Partly cloudy throughout the day.,partly-cloudy-day,"65210099999,DNIB,DNMM,remote,65201099999,65100099999,65208099999"
"Abeokuta, Ogun, Nigeria",2017-10-31,87.8,78.6,82.0,99.9,78.6,88.7,77.1,85.7,0.004,100,4.17,rain,0,0,17.7,12.8,246.6,1011.6,51.2,4.6,169.6,14.6,7,,2017-10-31T06:34:02,2017-10-31T18:26:21,0.38,"Rain, Partially cloudy",Partly cloudy throughout the day with morning rain.,rain,"DNIB,DNMM,65201099999,65100099999"
"Abeokuta, Ogun, Nigeria",2017-11-01,87.8,77.0,81.2,99.9,77.0,86.0,76.5,86.2,0.0,0,0.0,,0,0,17.4,11.4,198.8,1011.8,61.2,5.2,146.1,12.6,5,,2017-11-01T06:34:10,2017-11-01T18:26:09,0.41,Partially cloudy,Partly cloudy throughout the day.,partly-cloudy-day,"65210099999,DNIB,DNMM,remote,65201099999,65100099999,65208099999"
"Abeokuta, Ogun, Nigeria",2017-11-02,87.4,76.6,80.8,99.2,76.6,85.5,75.7,84.7,0.0,0,0.0,,0,0,19.5,9.2,215.1,1012.4,56.6,4.7,185.1,15.8,7,,2017-11-02T06:34:19,2017-11-02T18:25:58,0.44,Partially cloudy,Partly cloudy throughout the day.,partly-cloudy-day,"DNMM,65201099999"
"Abeokuta, Ogun, Nigeria",2017-11-03,89.6,75.2,82.0,102.6,75.2,87.7,76.0,82.8,0.0,0,0.0,,0,0,19.2,10.3,250.2,1011.6,56.2,5.3,203.6,17.6,7,,2017-11-03T06:34:29,2017-11-03T18:25:48,0.48,Partially cloudy,Partly cloudy throughout the day.,partly-cloudy-day,"DNIB,DNMM,65201099999,65100099999,65208099999"
"Abeokuta, Ogun, Nigeria",2017-11-04,89.0,73.4,80.0,99.9,73.4,83.7,76.0,88.5,0.472,100,8.33,rain,0,0,17.7,27.3,215.0,1012.4,55.9,5.3,171.0,14.8,6,,2017-11-04T06:34:39,2017-11-04T18:25:40,0.5,"Rain, Partially cloudy",Partly cloudy throughout the day with rain.,rain,"DNIB,DNMM,65201099999,65100099999,65208099999"
"Abeokuta, Ogun, Nigeria",2017-11-05,88.2,75.0,80.2,99.6,75.0,84.2,75.2,85.9,0.016,100,16.67,rain,0,0,15.0,5.8,214.2,1011.4,66.6,4.0,171.2,14.7,6,,2017-11-05T06:34:50,2017-11-05T18:25:32,0.54,"Rain, Partially cloudy",Partly cloudy throughout the day with rain in the morning and afternoon.,rain,"DNIB,DNMM,remote,65201099999,65100099999"
"Abeokuta, Ogun, Nigeria",2017-11-06,88.4,74.7,80.3,98.5,74.7,83.8,73.9,81.9,0.067,100,29.17,rain,0,0,15.4,7.2,198.0,1010.1,57.2,,210.5,18.2,8,,2017-11-06T06:35:02,2017-11-06T18:25:24,0.58,"Rain, Partially cloudy",Partly cloudy throughout the day with rain in the morning and afternoon.,rain,remote
"Abeokuta, Ogun, Nigeria",2017-11-07,91.1,74.9,81.1,99.9,74.9,84.7,74.2,81.1,0.091,100,4.17,rain,0,0,14.3,4.7,196.3,1009.5,59.8,,219.6,18.9,9,,2017-11-07T06:35:15,2017-11-07T18:25:18,0.61,"Rain, Partially cloudy",Partly cloudy throughout the day with afternoon rain.,rain,remote
"Abeokuta, Ogun, Nigeria",2017-11-08,91.5,75.3,82.0,97.6,75.3,85.9,74.1,79.0,0.008,100,8.33,rain,0,0,17.4,7.6,190.3,1009.8,47.4,,226.7,19.6,8,,2017-11-08T06:35:28,2017-11-08T18:25:13,0.65,"Rain, Partially cloudy",Clearing in the afternoon with rain in the morning and afternoon.,rain,remote
"Abeokuta, Ogun, Nigeria",2017-11-09,90.4,76.2,81.5,99.6,76.2,85.6,74.6,80.9,0.016,100,8.33,rain,0,0,16.3,7.6,196.6,1010.3,76.4,,217.9,18.6,8,,2017-11-09T06:35:42,2017-11-09T18:25:09,0.68,"Rain, Partially cloudy",Partly cloudy throughout the day with rain.,rain,remote
"Abeokuta, Ogun, Nigeria",2017-11-10,91.3,75.1,82.3,98.5,75.1,86.8,74.3,78.6,0.008,100,8.33,rain,0,0,18.8,8.9,218.7,1010.1,70.5,5.0,225.1,19.3,8,,2017-11-10T06:35:57,2017-11-10T18:25:06,0.75,"Rain, Partially cloudy",Clearing in the afternoon with morning rain.,rain,"remote,65201099999"
"Abeokuta, Ogun, Nigeria",2017-11-11,90.9,75.3,81.8,100.0,75.3,85.5,74.6,80.2,0.072,100,33.33,rain,0,0,15.9,8.5,207.6,1010.0,54.9,,213.4,18.4,8,,2017-11-11T06:36:13,2017-11-11T18:25:04,0.75,"Rain, Partially cloudy",Clearing in the afternoon with rain.,rain,remote
"Abeokuta, Ogun, Nigeria",2017-11-12,88.8,75.1,80.5,99.5,75.1,84.5,74.7,83.4,0.044,100,25.0,rain,0,0,18.6,6.7,193.6,1009.6,59.7,,200.2,17.4,7,,2017-11-12T06:36:29,2017-11-12T18:25:03,0.79,"Rain, Partially cloudy",Clearing in the afternoon with rain in the morning and afternoon.,rain,remote
"Abeokuta, Ogun, Nigeria",2017-11-13,91.7,75.5,81.4,103.1,75.5,85.9,75.0,82.3,0.012,100,12.5,rain,0,0,18.1,5.6,195.1,1009.2,68.6,,194.5,16.6,8,,2017-11-13T06:36:46,2017-11-13T18:25:03,0.82,"Rain, Partially cloudy",Partly cloudy throughout the day with rain in the morning and afternoon.,rain,remote
"Abeokuta, Ogun, Nigeria",2017-11-14,90.8,74.9,81.0,104.1,74.9,85.5,75.5,84.4,0.071,100,20.83,rain,0,0,17.7,6.3,200.0,1008.7,51.0,,192.7,16.6,7,,2017-11-14T06:37:03,2017-11-14T18:25:04,0.86,"Rain, Partially cloudy",Partly cloudy throughout the day with rain in the morning and afternoon.,rain,remote
"Abeokuta, Ogun, Nigeria",2017-11-15,89.0,76.7,81.3,99.1,76.7,85.4,75.2,82.6,0.036,100,12.5,rain,0,0,16.1,7.8,214.4,1009.0,79.4,,152.4,13.2,5,,2017-11-15T06:37:22,2017-11-15T18:25:06,0.89,"Rain, Partially cloudy",Partly cloudy throughout the day with afternoon rain.,rain,remote
"Abeokuta, Ogun, Nigeria",2017-11-16,88.2,76.9,80.5,101.0,76.9,84.2,75.5,85.2,0.079,100,25.0,rain,0,0,17.7,7.2,221.5,1009.7,99.1,,165.9,14.2,7,,2017-11-16T06:37:41,2017-11-16T18:25:08,0.93,"Rain, Overcast",Cloudy skies throughout the day with rain in the morning and afternoon.,rain,remote
"Abeokuta, Ogun, Nigeria",2017-11-17,88.1,76.2,80.9,98.5,76.2,85.4,75.2,83.6,0.044,100,20.83,rain,0,0,18.6,6.5,216.9,1009.3,77.8,,173.6,14.9,6,,2017-11-17T06:38:01,2017-11-17T18:25:12,0.96,"Rain, Partially cloudy",Partly cloudy throughout the day with rain in the morning and afternoon.,rain,remote
"Abeokuta, Ogun, Nigeria",2017-11-18,86.8,76.2,80.0,98.3,76.2,83.1,75.3,86.0,0.036,100,20.83,rain,0,0,18.8,7.2,214.9,1009.3,84.2,,170.9,14.6,6,,2017-11-18T06:38:21,2017-11-18T18:25:17,0.0,"Rain, Partially cloudy",Partly cloudy throughout the day with rain in the morning and afternoon.,rain,remote
"Abeokuta, Ogun, Nigeria",2017-11-19,87.5,76.0,79.7,100.3,76.0,82.2,75.1,86.4,0.11,100,37.5,rain,0,0,20.1,9.2,194.4,1010.0,84.9,,162.2,13.9,7,,2017-11-19T06:38:42,2017-11-19T18:25:23,0.03,"Rain, Partially cloudy",Partly cloudy throughout the day with rain in the morning and afternoon.,rain,remote
"Abeokuta, Ogun, Nigeria",2017-11-20,87.5,75.1,80.1,95.8,75.1,83.7,74.1,83.1,0.055,100,25.0,rain,0,0,15.0,6.9,178.8,1010.6,87.5,,160.0,14.0,6,,2017-11-20T06:39:04,2017-11-20T18:25:30,0.06,"Rain, Partially cloudy",Partly cloudy throughout the day with rain in the morning and afternoon.,rain,remote
"Abeokuta, Ogun, Nigeria",2017-11-21,87.5,73.7,79.7,97.5,73.7,83.9,74.6,85.4,0.02,100,16.67,rain,0,0,17.0,8.3,204.1,1010.1,81.0,,182.0,15.8,7,,2017-11-21T06:39:26,2017-11-21T18:25:38,0.1,"Rain, Partially cloudy",Partly cloudy throughout the day with afternoon rain.,rain,remote
"Abeokuta, Ogun, Nigeria",2017-11-22,87.0,75.3,79.4,96.9,75.3,82.5,74.9,86.6,0.043,100,16.67,rain,0,0,19.9,7.2,202.5,1010.0,72.8,,179.3,15.4,7,,2017-11-22T06:39:49,2017-11-22T18:25:47,0.13,"Rain, Partially cloudy",Partly cloudy throughout the day with rain in the morning and afternoon.,rain,remote
"Abeokuta, Ogun, Nigeria",2017-11-23,89.0,76.0,80.1,101.3,76.0,83.4,74.9,84.8,0.076,100,33.33,rain,0,0,19.0,8.1,203.9,1010.7,72.1,,191.2,16.3,8,,2017-11-23T06:40:13,2017-11-23T18:25:57,0.16,"Rain, Partially cloudy",Partly cloudy throughout the day with rain in the morning and afternoon.,rain,remote
"Abeokuta, Ogun, Nigeria",2017-11-24,90.1,75.1,80.3,102.0,75.1,83.8,74.0,82.4,0.036,100,16.67,rain,0,0,17.0,6.9,203.6,1011.1,70.8,6.2,211.5,18.3,8,,2017-11-24T06:40:37,2017-11-24T18:26:08,0.2,"Rain, Partially cloudy",Partly cloudy throughout the day with rain in the morning and afternoon.,rain,"remote,65201099999"
"Abeokuta, Ogun, Nigeria",2017-11-25,87.2,75.1,79.9,95.0,75.1,83.1,73.5,81.9,0.079,100,25.0,rain,0,0,14.8,5.4,209.3,1011.8,67.6,,174.5,15.1,6,,2017-11-25T06:41:02,2017-11-25T18:26:19,0.23,"Rain, Partially cloudy",Partly cloudy throughout the day with rain in the morning and afternoon.,rain,remote
"Abeokuta, Ogun, Nigeria",2017-11-26,89.7,73.1,80.6,95.0,73.1,83.1,71.9,77.2,0.0,0,0.0,,0,0,16.3,8.5,171.3,1011.9,34.6,,244.8,21.1,9,,2017-11-26T06:41:27,2017-11-26T18:26:32,0.25,Partially cloudy,Clearing in the afternoon.,partly-cloudy-day,remote
"Abeokuta, Ogun, Nigeria",2017-11-27,91.4,73.8,81.1,105.1,73.8,85.8,74.7,82.6,0.0,0,0.0,,0,0,12.8,9.2,221.2,1013.2,60.1,6.2,218.5,18.9,8,,2017-11-27T06:41:53,2017-11-27T18:26:46,0.3,Partially cloudy,Partly cloudy throughout the day.,partly-cloudy-day,"65210099999,DNIB,DNMM,remote,65201099999,65100099999,65208099999"
"Abeokuta, Ogun, Nigeria",2017-11-28,91.4,75.2,82.1,101.8,75.2,87.4,75.6,82.2,0.0,0,0.0,,0,0,13.2,6.9,231.4,1013.4,47.1,5.6,247.3,21.5,9,,2017-11-28T06:42:19,2017-11-28T18:27:00,0.33,Partially cloudy,Partly cloudy throughout the day.,partly-cloudy-day,"65210099999,DNMM,65201099999,65208099999"
"Abeokuta, Ogun, Nigeria",2017-11-29,92.2,75.5,82.7,102.7,75.5,87.2,74.9,79.5,0.0,0,0.0,,0,0,14.5,10.3,236.3,1013.2,48.6,4.7,234.7,20.3,9,,2017-11-29T06:42:46,2017-11-29T18:27:16,0.36,Partially cloudy,Partly cloudy throughout the day.,partly-cloudy-day,"DNIB,DNMM,remote,65201099999,65100099999,65208099999"
"Abeokuta, Ogun, Nigeria",2017-11-30,91.4,77.0,83.0,105.1,77.0,89.4,76.0,80.9,0.0,0,0.0,,0,0,17.0,9.2,238.8,1013.6,48.7,4.8,234.1,20.1,9,,2017-11-30T06:43:13,2017-11-30T18:27:32,0.39,Partially cloudy,Partly cloudy throughout the day.,partly-cloudy-day,"DNIB,DNMM,65201099999,65100099999,65208099999"
"Abeokuta, Ogun, Nigeria",2017-12-01,92.2,76.9,83.1,103.6,76.9,89.0,75.6,79.7,0.0,0,0.0,,0,0,18.8,10.3,220.0,1012.4,50.2,5.2,237.5,20.3,9,,2017-12-01T06:43:41,2017-12-01T18:27:49,0.43,Partially cloudy,Partly cloudy throughout the day.,partly-cloudy-day,"65210099999,DNIB,DNMM,remote,65201099999,65100099999,65208099999"
"Abeokuta, Ogun, Nigeria",2017-12-02,91.4,77.0,83.0,102.7,77.0,90.1,76.4,81.4,0.0,0,0.0,,0,0,14.3,6.9,221.9,1011.4,50.3,5.1,198.4,17.1,8,,2017-12-02T06:44:09,2017-12-02T18:28:08,0.46,Partially cloudy,Partly cloudy throughout the day.,partly-cloudy-day,"DNMM,remote,65201099999,65208099999"
"Abeokuta, Ogun, Nigeria",2017-12-03,93.2,76.1,83.1,105.1,76.1,89.7,76.4,81.4,0.0,0,0.0,,0,0,14.8,9.2,246.5,1011.7,50.2,5.7,218.9,18.8,8,,2017-12-03T06:44:37,2017-12-03T18:28:26,0.5,Partially cloudy,Partly cloudy throughout the day.,partly-cloudy-day,"DNIB,DNMM,65201099999,65100099999,65208099999"
"Abeokuta, Ogun, Nigeria",2017-12-04,91.1,77.5,83.8,102.7,77.5,91.5,76.8,80.5,0.0,0,0.0,,0,0,17.9,9.0,199.9,1012.2,56.3,5.1,225.6,19.3,9,,2017-12-04T06:45:06,2017-12-04T18:28:46,0.53,Partially cloudy,Partly cloudy throughout the day.,partly-cloudy-day,"DNIB,DNMM,65201099999,65100099999,65208099999"
"Abeokuta, Ogun, Nigeria",2017-12-05,92.9,78.4,83.9,107.8,78.4,91.0,76.3,79.5,0.0,0,0.0,,0,0,16.8,13.9,242.3,1011.5,43.9,5.1,211.7,18.2,8,,2017-12-05T06:45:35,2017-12-05T18:29:07,0.56,Partially cloudy,Partly cloudy throughout the day.,partly-cloudy-day,"DNIB,DNMM,remote,65201099999,65100099999,65208099999"
"Abeokuta, Ogun, Nigeria",2017-12-06,93.2,77.1,83.7,105.1,77.1,90.3,76.3,80.3,0.0,0,0.0,,0,0,19.2,11.4,223.8,1010.2,52.7,5.2,216.1,18.7,8,,2017-12-06T06:46:05,2017-12-06T18:29:28,0.6,Partially cloudy,Partly cloudy throughout the day.,partly-cloudy-day,"DNIB,DNMM,65201099999,65100099999,65208099999"
"Abeokuta, Ogun, Nigeria",2017-12-07,91.4,77.0,80.2,107.8,77.0,84.2,76.3,88.1,0.0,0,0.0,,0,0,15.9,13.9,237.8,1010.3,56.1,5.1,191.3,16.5,8,,2017-12-07T06:46:34,2017-12-07T18:29:50,0.63,Partially cloudy,Partly cloudy throughout the day.,partly-cloudy-day,"DNMM,65201099999"
"Abeokuta, Ogun, Nigeria",2017-12-08,87.8,76.6,80.8,99.9,76.6,86.6,76.4,86.9,0.709,100,4.17,rain,0,0,17.4,9.2,233.9,1010.7,45.0,4.9,172.9,14.9,7,,2017-12-08T06:47:04,2017-12-08T18:30:13,0.66,"Rain, Partially cloudy",Partly cloudy throughout the day with early morning rain.,rain,"DNMM,65201099999,65208099999"
"Abeokuta, Ogun, Nigeria",2017-12-09,86.8,75.2,78.0,93.2,75.2,79.4,74.8,90.6,0.039,100,4.17,rain,0,0,17.9,7.5,284.8,1011.6,63.7,3.7,185.3,16.0,7,,2017-12-09T06:47:34,2017-12-09T18:30:36,0.7,"Rain, Partially cloudy",Partly cloudy throughout the day with late afternoon rain.,rain,"DNIB,DNMM,remote,65201099999,65100099999"
"Abeokuta, Ogun, Nigeria",2017-12-10,87.9,75.0,80.2,95.9,75.0,82.7,72.5,79.2,0.0,0,0.0,,0,0,13.6,8.1,345.9,1011.8,33.3,1.6,197.1,17.0,8,,2017-12-10T06:48:05,2017-12-10T18:31:00,0.75,Partially cloudy,Partly cloudy throughout the day.,partly-cloudy-day,"DNIB,DNMM,65201099999,65100099999"
"Abeokuta, Ogun, Nigeria",2017-12-11,90.4,76.6,82.0,95.7,76.6,84.5,71.8,73.8,0.0,0,0.0,,0,0,10.5,9.2,205.4,1011.8,36.2,1.5,216.6,18.6,8,,2017-12-11T06:48:35,2017-12-11T18:31:25,0.77,Partially cloudy,Partly cloudy throughout the day.,partly-cloudy-day,"DNIB,DNMM,remote,65201099999,65100099999,65208099999"
"Abeokuta, Ogun, Nigeria",2017-12-12,89.6,77.1,82.6,105.2,77.1,89.0,76.4,82.3,0.0,0,0.0,,0,0,15.4,5.8,166.9,1012.3,29.5,1.5,221.7,19.0,8,,2017-12-12T06:49:06,2017-12-12T18:31:51,0.8,Partially cloudy,Partly cloudy throughout the day.,partly-cloudy-day,"DNMM,65201099999"
"Abeokuta, Ogun, Nigeria",2017-12-13,93.3,78.0,83.6,103.3,78.0,88.6,74.0,74.9,0.0,0,0.0,,0,0,18.3,5.8,159.4,1012.1,36.1,1.0,245.7,21.2,9,,2017-12-13T06:49:36,2017-12-13T18:32:17,0.84,Partially cloudy,Partly cloudy throughout the day.,partly-cloudy-day,"DNIB,DNMM,remote,65201099999,65100099999,65208099999"
"Abeokuta, Ogun, Nigeria",2017-12-14,91.4,75.3,82.3,102.7,75.3,87.5,75.6,81.7,0.0,0,0.0,,0,0,16.8,9.0,213.6,1012.2,37.9,1.3,226.6,19.8,8,,2017-12-14T06:50:07,2017-12-14T18:32:43,0.87,Partially cloudy,Partly cloudy throughout the day.,partly-cloudy-day,"DNIB,DNMM,65201099999,65100099999,65208099999"
"Abeokuta, Ogun, Nigeria",2017-12-15,94.0,76.4,83.3,101.6,76.4,88.6,75.2,78.9,0.0,0,0.0,,0,0,14.8,10.0,250.4,1011.8,31.8,3.2,212.8,18.3,8,,2017-12-15T06:50:38,2017-12-15T18:33:10,0.9,Partially cloudy,Partly cloudy throughout the day.,partly-cloudy-day,"DNIB,DNMM,remote,65201099999,65100099999,65208099999"
"Abeokuta, Ogun, Nigeria",2017-12-16,94.0,78.4,83.9,102.6,78.4,90.8,76.6,80.7,0.0,0,0.0,,0,0,19.2,11.4,202.2,1011.4,47.0,4.1,190.4,16.2,8,,2017-12-16T06:51:08,2017-12-16T18:33:38,0.94,Partially cloudy,Partly cloudy throughout the day.,partly-cloudy-day,"DNIB,DNMM,65201099999,65100099999,65208099999"
"Abeokuta, Ogun, Nigeria",2017-12-17,91.4,78.8,83.8,104.6,78.8,93.0,77.9,83.5,0.0,0,0.0,,0,0,16.8,8.1,209.8,1011.7,50.9,4.6,199.0,17.2,8,,2017-12-17T06:51:39,2017-12-17T18:34:06,0.97,Partially cloudy,Partly cloudy throughout the day.,partly-cloudy-day,"DNMM,65201099999,65208099999"
"Abeokuta, Ogun, Nigeria",2017-12-18,91.4,80.1,84.1,105.1,86.3,93.3,76.3,81.1,0.0,0,0.0,,0,0,20.1,10.8,192.0,1011.6,61.9,4.8,196.4,16.9,7,,2017-12-18T06:52:09,2017-12-18T18:34:34,0.0,Partially cloudy,Partly cloudy throughout the day.,partly-cloudy-day,"DNIB,DNMM,65201099999,65100099999,65208099999"
"Abeokuta, Ogun, Nigeria",2017-12-19,88.3,78.8,82.4,99.9,78.8,89.9,77.5,85.9,0.197,100,4.17,rain,0,0,20.6,9.2,208.9,1011.3,54.8,4.8,167.6,14.5,6,,2017-12-19T06:52:40,2017-12-19T18:35:03,0.04,"Rain, Partially cloudy",Partly cloudy throughout the day with late afternoon rain.,rain,"DNIB,DNMM,65201099999,65100099999,65208099999"
"Abeokuta, Ogun, Nigeria",2017-12-20,89.6,77.3,82.5,102.6,77.3,89.3,77.3,85.2,0.157,100,4.17,rain,0,0,16.3,8.1,210.7,1011.4,51.1,5.1,186.4,16.0,7,,2017-12-20T06:53:10,2017-12-20T18:35:33,0.07,"Rain, Partially cloudy",Partly cloudy throughout the day with late afternoon rain.,rain,"DNIB,DNMM,65201099999,65100099999,65208099999"
"Abeokuta, Ogun, Nigeria",2017-12-21,91.1,78.4,82.9,102.6,78.4,88.9,76.8,83.1,0.0,0,0.0,,0,0,17.2,8.5,228.0,1011.7,51.7,5.2,173.3,14.9,6,,2017-12-21T06:53:40,2017-12-21T18:36:02,0.11,Partially cloudy,Partly cloudy throughout the day.,partly-cloudy-day,"DNIB,DNMM,65201099999,65100099999,65208099999"
"Abeokuta, Ogun, Nigeria",2017-12-22,89.6,76.8,82.2,98.2,76.8,86.2,73.9,77.9,0.0,0,0.0,,0,0,18.6,9.2,232.7,1012.3,47.5,5.3,208.8,18.0,8,,2017-12-22T06:54:09,2017-12-22T18:36:32,0.14,Partially cloudy,Partly cloudy throughout the day.,partly-cloudy-day,"DNMM,remote,65201099999"
"Abeokuta, Ogun, Nigeria",2017-12-23,89.6,71.6,79.6,88.5,71.6,79.6,66.3,68.1,0.0,0,0.0,,0,0,15.9,7.4,244.6,1012.1,35.7,4.1,223.4,19.3,8,,2017-12-23T06:54:39,2017-12-23T18:37:02,0.17,Partially cloudy,Partly cloudy throughout the day.,partly-cloudy-day,"DNMM,remote,65201099999,65208099999"
"Abeokuta, Ogun, Nigeria",2017-12-24,91.4,68.4,78.6,94.3,68.4,79.4,65.1,65.2,0.0,0,0.0,,0,0,17.9,9.2,165.0,1011.7,28.8,3.1,243.2,21.3,9,,2017-12-24T06:55:08,2017-12-24T18:37:33,0.21,Partially cloudy,Partly cloudy throughout the day.,partly-cloudy-day,"DNMM,65201099999"
"Abeokuta, Ogun, Nigeria",2017-12-25,91.4,69.4,79.7,95.6,69.4,81.0,66.6,66.3,0.0,0,0.0,,0,0,15.7,8.7,66.7,1011.9,29.2,3.1,244.9,21.2,9,,2017-12-25T06:55:37,2017-12-25T18:38:03,0.24,Partially cloudy,Partly cloudy throughout the day.,partly-cloudy-day,"DNIB,DNMM,65201099999,65100099999,65208099999"
"Abeokuta, Ogun, Nigeria",2017-12-26,92.2,69.8,80.2,91.3,69.8,80.6,65.7,65.1,0.0,0,0.0,,0,0,11.6,10.3,36.5,1011.8,21.7,2.4,251.4,21.8,9,,2017-12-26T06:56:06,2017-12-26T18:38:34,0.25,Partially cloudy,Partly cloudy throughout the day.,partly-cloudy-day,"DNIB,DNMM,65201099999,65100099999,65208099999"
"Abeokuta, Ogun, Nigeria",2017-12-27,95.4,71.2,80.1,92.6,71.2,79.9,63.4,61.6,0.0,0,0.0,,0,0,13.6,8.1,40.0,1011.3,27.0,1.3,256.0,22.1,9,,2017-12-27T06:56:34,2017-12-27T18:39:05,0.31,Partially cloudy,Partly cloudy throughout the day.,partly-cloudy-day,"DNMM,remote,65201099999,65208099999"
"Abeokuta, Ogun, Nigeria",2017-12-28,91.4,70.9,79.8,94.9,70.9,81.4,68.1,69.4,0.0,0,0.0,,0,0,17.9,5.8,252.2,1011.5,25.2,0.8,254.4,22.0,9,,2017-12-28T06:57:01,2017-12-28T18:39:36,0.34,Partially cloudy,Partly cloudy throughout the day.,partly-cloudy-day,"DNIB,DNMM,65201099999,65100099999,65208099999"
"Abeokuta, Ogun, Nigeria",2017-12-29,91.4,75.2,81.4,97.0,75.2,84.0,72.3,76.2,0.0,0,0.0,,0,0,17.7,8.3,186.9,1012.3,25.6,1.5,242.6,21.1,9,,2017-12-29T06:57:29,2017-12-29T18:40:07,0.38,Partially cloudy,Partly cloudy throughout the day.,partly-cloudy-day,"DNIB,DNMM,65201099999,65100099999,65208099999"
"Abeokuta, Ogun, Nigeria",2017-12-30,91.4,77.0,82.5,100.5,77.0,86.7,74.7,78.8,0.0,0,0.0,,0,0,13.6,8.3,220.5,1013.1,28.1,2.1,242.7,20.9,9,,2017-12-30T06:57:55,2017-12-30T18:40:38,0.41,Partially cloudy,Partly cloudy throughout the day.,partly-cloudy-day,"DNIB,DNMM,65201099999,65100099999,65208099999"
"Abeokuta, Ogun, Nigeria",2017-12-31,92.8,76.8,83.0,90.5,76.8,82.6,65.6,64.9,0.0,0,0.0,,0,0,15.0,10.3,47.1,1012.8,32.4,3.4,251.9,21.7,9,,2017-12-31T06:58:22,2017-12-31T18:41:10,0.44,Partially cloudy,Partly cloudy throughout the day.,partly-cloudy-day,"DNIB,DNMM,remote,65201099999,65100099999,65208099999"
